timestamp,x,y,z
2265119000000,-6.769486228086861,-4.588577528306079,-2.7792832347864884
2265119000016,-6.62491748481889,-4.171763233209526,-2.880199376074066
2265119000033,-6.41200009585779,-3.9981200648909896,-3.0048186673433785
2265119000050,-6.72619366329034,-3.8573080125902823,-2.9509110660025146
2265119000066,-6.6500557165954675,-3.926544644353018,-2.932291967762914
2265119000083,-6.666324925866686,-4.117652865764028,-3.0025864638505935
2265119000100,-6.778852838068578,-4.091737787651478,-3.058671331078763
2265119000116,-7.074377969834243,-4.386344746976639,-3.371480622263997
2265119000133,-6.999687690090566,-4.6869198646409895,-3.6214057601509317
2265119000150,-6.866951079829764,-4.900271334608242,-3.755602605909302
2265119000166,-7.26328999547605,-5.336489769146258,-3.5700808966660778
2265119000183,-7.368906309871649,-4.863201124484256,-3.88921814625077
2265119000200,-7.581028516674539,-3.816179859491,-3.6690427023376917
2265119000216,-7.605971577242899,-3.686195552928462,-3.70470867545889
2265119000233,-7.582049349516889,-3.318231143470338,-3.610784340719686
2265119000250,-7.453868392944152,-3.9589029290191564,-3.5922235459145924
2265119000266,-7.358045513654453,-3.6587487733407587,-3.410934493635116
2265119000283,-7.450027129673882,-4.146537803838143,-3.6927424857142808
2265119000300,-7.744195566804843,-4.016602083029724,-3.2499146208302614
2265119000316,-7.55728456290706,-3.650426217050262,-3.4129194626542048
2265119000333,-7.492077061098636,-3.2366118055642006,-3.254282195268303
2265119000350,-7.49644683049608,-3.614904170265639,-3.6474800470290356
2265119000366,-7.281801163744261,-3.1510557762619493,-3.4819940781370127
2265119000383,-6.951522452711627,-2.7507345207666276,-3.3072362678831873
2265119000400,-6.87540421335185,-2.177159991678351,-2.9977659848154343
2265119000416,-7.321011843029977,-2.661758735488145,-3.014860740586307
2265119000433,-7.69828755312637,-2.893840710240172,-3.2471106250451456
2265119000450,-7.4578101695506085,-2.8272333895918003,-3.267693205136866
2265119000466,-7.798759395153355,-2.3525519987685377,-3.4564162233721376
2265119000483,-7.339489533352747,-2.228145116469935,-3.375742100810989
2265119000500,-6.903559386588432,-2.2383044310187703,-2.7468142504040705
2265119000516,-7.156128446709728,-2.2769310706059027,-2.60612178637691
2265119000533,-7.461018051767169,-2.2686803876797295,-2.7488481764511628
2265119000550,-7.196823940412402,-2.343454672125239,-2.7745056084846764
2265119000566,-7.3513864825739,-2.402243661711655,-2.933478193748977
2265119000583,-7.098895492714598,-2.081106767705355,-2.9054167180776114
2265119000600,-7.13439467935495,-2.6304776831901107,-3.020632235130325
2265119000616,-7.311448140474495,-2.47116342503767,-2.781415514904047
2265119000633,-7.134022508232688,-2.401549601173349,-2.7320277599140055
2265119000650,-7.168517580338705,-2.225669215858736,-2.8941605816857243
2265119000666,-7.2099498623489655,-1.843543204767049,-2.7523716798866134
2265119000683,-7.554188072169998,-2.393677592073932,-2.6557493735882853
2265119000700,-6.928033425549962,-2.495071736917561,-2.6840842103975953
2265119000716,-7.103986680447448,-2.743963663065969,-2.440988680224584
2265119000733,-7.193207719942789,-3.560069423001726,-2.4148005399832644
2265119000750,-7.3112138954426245,-3.164930595225213,-2.5299790522169725
2265119000766,-7.230687241430812,-3.316550084322908,-2.201372031318404
2265119000783,-6.913940246413125,-4.123472245655079,-2.486663010684798
2265119000800,-6.640234822300669,-3.815697604377546,-2.1177956701769762
2265119000816,-7.1774295903592815,-4.302209489061205,-2.142627609181087
2265119000833,-6.587226306125299,-4.192580752665043,-2.239006459097883
2265119000850,-6.871616464352766,-3.7554558090335846,-2.407909345117862
2265119000866,-7.634636488160974,-3.6974027963667466,-2.2287663460107487
2265119000883,-7.250820838579858,-3.377162016245586,-2.3065354277728094
2265119000900,-6.694403363813649,-2.909278633874627,-2.2166224804107757
2265119000916,-6.85412065826416,-2.589333837789343,-2.2082007332107016
2265119000933,-7.0693096632239705,-2.557525237709114,-2.557095286903579
2265119000950,-7.181973953209132,-3.0304102095900523,-2.5256413724761924
2265119000966,-7.503875949409296,-3.477908189417706,-2.8576502692262165
2265119000983,-7.309524201227666,-3.279571897022769,-3.1135775757027817
2265119001000,-7.521686074253438,-3.2650965110164614,-3.044085772697734
2265119001016,-8.05194624629333,-3.580706397738019,-2.8312237054558715
2265119001033,-7.835926538810092,-2.908707837406799,-2.72556579412902
2265119001050,-7.567000031254661,-2.2079383392597425,-3.032854163043765
2265119001066,-7.935858884097911,-2.0574834584038406,-2.7876857440662635
2265119001083,-7.597630784080361,-2.1367623944088745,-2.855646285878377
2265119001100,-7.8944577509730856,-2.38114696656682,-2.896650256884089
2265119001116,-7.698803275851963,-2.347131161007605,-3.2539552953788804
2265119001133,-7.612666552144519,-2.9201435635021022,-3.592891208700099
2265119001150,-7.509756868935003,-2.6998975849018096,-3.440288275041671
2265119001166,-7.606675228725905,-2.8269904189826667,-3.541519903546167
2265119001183,-7.606424924306333,-2.6378825518324143,-3.7918518719698944
2265119001200,-7.706330244092321,-2.9748841613861368,-3.7551759286234883
2265119001216,-7.468703167267824,-2.768235234631559,-3.4924520914188006
2265119001233,-7.499580477111386,-2.8647221599428234,-3.438725455152256
2265119001250,-8.035197127424691,-2.99351156242489,-3.1706866136937872
2265119001266,-8.301577457714675,-2.876006993406641,-3.1453922260190352
2265119001283,-8.170387243002406,-2.827413531302443,-3.4263608133861085
2265119001300,-8.267135053188014,-2.727623285309022,-3.232324987972947
2265119001316,-7.764798674083754,-2.168268701138664,-3.1651265578339465
2265119001333,-7.472383432492936,-2.237059105786474,-2.979816487456846
2265119001350,-7.39754229457998,-2.5774387100590896,-2.781979979354045
2265119001366,-7.021590984175163,-1.9450047437196702,-3.1621806026671937
2265119001383,-7.060325528646404,-1.9219600922846056,-2.6622186037117017
2265119001400,-7.4239400850655946,-2.162376286152587,-2.4203526367299295
2265119001416,-7.3831271156920035,-2.6256774046954354,-2.276577544571712
2265119001433,-7.076553718046975,-2.976263143169451,-2.187663032503428
2265119001450,-6.468249884830778,-2.35911059431153,-2.0709776646069034
2265119001466,-6.736693216087173,-2.356337329363353,-1.811871455645099
2265119001483,-6.550784497938852,-2.125791195741891,-2.000541689301465
2265119001500,-6.651747757353226,-1.9243240096842351,-2.186250512944903
2265119001516,-6.784743326778707,-2.1344312088907706,-2.1347615876763983
2265119001533,-7.218060224358336,-2.5353184454466025,-2.263321175559048
2265119001550,-6.948629557379092,-2.8854170637244363,-2.2869722208931114
2265119001566,-7.435410038628248,-3.2227374894325576,-1.948447769805157
2265119001583,-7.247992787779275,-2.9423637445985116,-2.17339586428057
2265119001600,-7.013480443134275,-3.141582648775997,-2.4562548421972017
2265119001616,-7.29016647188267,-2.917160030908376,-2.045442786977697
2265119001633,-7.199029354428433,-3.3757282200770815,-2.341571254866236
2265119001650,-6.608674716138928,-3.3931640115927415,-2.32287620882848
2265119001666,-6.4890220655513975,-3.1040432395235573,-2.4999455769916787
2265119001683,-6.778803522685449,-2.8511477291798446,-2.827917825336238
2265119001700,-6.265674608309051,-3.0636499941640754,-2.738333699514477
2265119001716,-6.224627022751161,-3.554749776516575,-2.842118254580611
2265119001733,-6.307449995541916,-3.359808134040298,-2.7881593134746723
2265119001750,-6.055217160740998,-3.8679630383963923,-2.921651490234919
2265119001766,-5.936208593312215,-4.00713553315572,-2.902313452230492
2265119001783,-5.248388050567818,-4.427306475907649,-3.0411731193082554
2265119001800,-5.0085822258199855,-4.31434777428011,-2.7735917580493856
2265119001816,-5.053872198519352,-4.457636951741657,-2.815229073315467
2265119001833,-5.218581038959602,-4.34098335252707,-2.692684473719547
2265119001850,-5.1586393036426115,-4.197325537999323,-2.8032583357361474
2265119001866,-5.02340123505645,-4.231466015206397,-2.8540899145513787
2265119001883,-5.299531982361381,-4.067075897577375,-2.460334148030112
2265119001900,-5.488513486271982,-4.041362066047235,-2.5228142016469484
2265119001916,-5.391937226527113,-4.2597610241774175,-2.3917077173340786
2265119001933,-5.609522362576129,-3.8339038149467415,-2.0141592765214673
2265119001950,-5.364114507442834,-3.5279747301598134,-1.5685319321085784
2265119001966,-5.484423677492888,-3.7643819144790696,-1.6423803105777428
2265119001983,-5.643770518075119,-3.569128825898386,-1.4646931294131165
2265119002000,-5.263107907253905,-3.8725906981977594,-1.5976113984378066
2265119002016,-5.0510692158790205,-4.272024899465833,-1.6243508071044486
2265119002033,-5.232667916095122,-4.478324765076858,-1.6096927496066036
2265119002050,-5.034643700783314,-4.493909713020093,-1.3862392817896267
2265119002066,-5.131402528127634,-5.218120563415899,-1.2743131375093857
2265119002083,-5.1586960107587325,-5.523180279115991,-1.0463196158127637
2265119002100,-5.3307526198472654,-5.31194970624979,-1.3721919333160262
2265119002116,-5.395686518218896,-5.3933429726549384,-1.3619820218956333
2265119002133,-5.252529490686177,-5.359330881402919,-1.3934068518846068
2265119002150,-5.586300778123691,-5.5637498955150075,-1.5737972416338004
2265119002166,-5.508866659742094,-5.759392358021603,-1.721648358699082
2265119002183,-5.640941776596762,-5.520669604417634,-1.6157941152501236
2265119002200,-6.1040159210655425,-5.831717181802158,-1.7667120220559906
2265119002216,-6.192833485037758,-6.238136682652589,-1.7884669502274753
2265119002233,-6.321142767366606,-6.519553192137239,-1.9036513791581786
2265119002250,-6.264682643239366,-7.090489261972156,-1.8991031198405806
2265119002266,-5.885266952661317,-6.76742550162784,-2.08484711123521
2265119002283,-5.544994230940647,-7.257758473537072,-1.9977710926268686
2265119002300,-5.365545389417075,-7.455666739462866,-2.281696115106195
2265119002316,-5.379658336153798,-7.209708017668181,-2.45317269571114
2265119002333,-5.638040537130714,-7.233996145941157,-2.494773492048301
2265119002350,-5.431897830276789,-7.34306061188489,-2.421683550763389
2265119002366,-5.744439543986591,-6.967564054967067,-2.019123514002735
2265119002383,-5.800098370234338,-6.708549226614371,-1.9436381946581847
2265119002400,-5.824341418954912,-6.801685150020141,-1.9798721201081473
2265119002416,-5.919372374843353,-6.660704331107778,-1.978692622994298
2265119002433,-5.872387337791715,-6.775512341784467,-1.8529751037663629
2265119002450,-5.460228130602864,-6.527981255887514,-1.8060981121549131
2265119002466,-5.455788512725227,-6.474415123423103,-1.9135427905462408
2265119002483,-5.330510055733588,-6.40939278169695,-1.8154102503173342
2265119002500,-5.410871899467884,-6.274745251323626,-1.9078249692327156
2265119002516,-5.568487580585474,-5.718291562168639,-1.7687486012834464
2265119002533,-5.710468977398964,-5.845415535849677,-1.6491931382609515
2265119002550,-5.798895847444742,-6.409243880134796,-1.9140677669403534
2265119002566,-5.415836090542623,-6.5537759859378255,-2.3206831804682415
2265119002583,-5.125455834311115,-6.838693585257647,-2.3318575782422073
2265119002600,-5.229357900728689,-6.852961713758996,-2.5596469107598767
2265119002616,-5.148113565715422,-7.029258337864155,-2.7726820108954047
2265119002633,-5.476633576611052,-6.6651204252873875,-2.778578717867882
2265119002650,-5.448248879480415,-6.7293752123715365,-2.535338530125609
2265119002666,-5.6239197248065596,-6.378831361913752,-2.691533450296389
2265119002683,-5.679634344897293,-6.400906422270929,-2.6623267631591547
2265119002700,-5.5443125215016105,-5.992651410778746,-2.2950591432339253
2265119002716,-5.409905062017929,-5.7885874279397616,-2.2996198159203334
2265119002733,-4.973575396150314,-5.819187985267237,-2.136098672245861
2265119002750,-4.855974801232793,-5.954031088572276,-2.0435795807600474
2265119002766,-4.847314710472543,-5.721662723094619,-2.093923274746161
2265119002783,-4.689241049447258,-5.552581123891923,-1.9570353478513698
2265119002800,-4.600776583649315,-6.0775400509371895,-1.8165591555456886
2265119002816,-4.934499375227151,-5.595888567052636,-1.792196556567403
2265119002833,-4.860079584169721,-5.3610480214837715,-1.7785819303638115
2265119002850,-4.9029820086309766,-4.924947989988415,-2.290041320317007
2265119002866,-4.847680231436312,-4.771827893831755,-2.049266994174855
2265119002883,-4.888566180820281,-5.08453207881702,-2.330017092783619
2265119002900,-5.267300660570394,-3.579484706292104,-1.952444776595779
2265119002916,-4.568181503915466,-3.6050510862024687,-1.6303606986447814
2265119002933,-4.6758230627028645,-3.6828679462275877,-1.8823826234863117
2265119002950,-4.76356120402215,-4.001653251717058,-1.543458681833827
2265119002966,-4.936221343521588,-4.1506833779993935,-1.5057935544052246
2265119002983,-4.84902204692711,-5.118301650599711,-1.265986505274669
2265119003000,-4.7357118153208395,-5.868635525926571,-1.227586095320901
2265119003016,-4.8739373382961935,-5.871016582833927,-1.3009366052031388
2265119003033,-4.7013746893923125,-5.720927466232782,-1.1947611571115118
2265119003050,-4.9046358981809375,-5.343145911235265,-1.0716525298738702
2265119003066,-4.726422168111454,-4.570733784308184,-1.1025347799778615
2265119003083,-4.694281237343541,-4.188496415427201,-1.0099814429538587
2265119003100,-5.10073000794789,-4.569990854709323,-1.0285450811480803
2265119003116,-5.151341311380134,-4.413168526342063,-1.1981225337467707
2265119003133,-4.939954508690647,-3.8929073544709043,-1.4319028320736344
2265119003150,-5.091308988237588,-4.049220970061031,-1.569818163602805
2265119003166,-5.24670649708238,-4.227744943067462,-2.0482004264977385
2265119003183,-5.82493335074783,-3.5616258886762338,-2.316293595856194
2265119003200,-5.629857925913926,-3.7395308894366135,-2.658570363259255
2265119003216,-5.574219919872934,-3.699033307559896,-2.599798257424697
2265119003233,-5.856932374467437,-3.6597737133448236,-2.7273648682914287
2265119003250,-5.627940367354772,-3.6679518780635196,-2.464488824749129
2265119003266,-5.641499169020938,-3.2442968035448367,-2.2124279843238233
2265119003283,-5.23812452073199,-3.409134220796775,-2.0775241008897503
2265119003300,-5.373354877501516,-3.186707497411432,-1.8490756429539106
2265119003316,-5.119552788550391,-3.502129545302214,-1.792799694412498
2265119003333,-5.531685462967531,-3.17528064948884,-2.148817307511805
2265119003350,-5.781816252437102,-3.0105076256316425,-2.0828009125606126
2265119003366,-6.138450241942215,-3.2031953220178306,-2.203914403074324
2265119003383,-6.082300076067579,-3.591709209565996,-2.49023174945919
2265119003400,-6.297903361457231,-3.3656588313991715,-2.713609906030197
2265119003416,-6.87483173818312,-3.6588242477327952,-2.891839692418531
2265119003433,-6.950964924388773,-3.382499837193126,-3.63063675696372
2265119003450,-6.417813313131415,-3.5994114642596893,-3.6893911119003477
2265119003466,-6.6060846383218745,-4.16489361048843,-3.6601624777572725
2265119003483,-6.165990320393851,-4.321045906099177,-3.688061587337882
2265119003500,-5.845737307449036,-4.261578885135197,-3.872967064082171
2265119003516,-5.718567298932588,-4.151566754599211,-3.5261123272204875
2265119003533,-5.9048684457952545,-4.074981468067084,-3.379718529196122
2265119003550,-5.655279671200626,-4.530938405274098,-3.3188984419201986
2265119003566,-5.102036585422817,-5.435464588022498,-3.3162094983403727
2265119003583,-4.666046510405395,-5.633382233102996,-3.207200090308342
2265119003600,-4.677402641209192,-5.749612994558991,-3.181565700961612
2265119003616,-4.846663709637095,-6.1052074626059785,-3.0674674903124
2265119003633,-5.072023376796065,-5.92513784018193,-3.1987871603729685
2265119003650,-5.324088182258849,-6.3829545014803255,-3.6307825182166975
2265119003666,-5.371730538847759,-7.155817604469399,-3.5413232821956115
2265119003683,-5.695769111001875,-6.794310097744635,-3.7139902364705106
2265119003700,-5.663924960100899,-7.060039407979481,-3.3139487727707135
2265119003716,-5.629081433424641,-6.733265593650664,-3.4173397273984394
2265119003733,-5.904761985381,-6.99006408403091,-3.6921454793293527
2265119003750,-5.942077720027942,-6.916494730508398,-3.552121558336014
2265119003766,-5.418023322066159,-7.366064727676457,-3.574163781823953
2265119003783,-4.942057695031065,-6.71509796466375,-3.7533553613948745
2265119003800,-4.816495360417464,-6.430148040692292,-3.510815888156664
2265119003816,-4.919470326438324,-6.798525151049718,-3.339165327087535
2265119003833,-5.167954032822229,-7.263434684796824,-3.446020563575633
2265119003850,-5.243572087271179,-7.369008880553247,-3.948463151478962
2265119003866,-5.598004759023163,-7.665190871321267,-3.9887144183628394
2265119003883,-4.8699297721141415,-7.2969100209557585,-3.9123094460665078
2265119003900,-4.802400490724394,-7.493124779383241,-3.460288108272529
2265119003916,-4.658802499779679,-7.316437390405781,-3.4691911819663193
2265119003933,-3.9388970175659397,-7.584847261775667,-3.6039012022561407
2265119003950,-3.681219386831465,-7.812580394470194,-3.9472348052141717
2265119003966,-3.6150699230932384,-7.485553747363852,-3.5774920404611192
2265119003983,-3.607223718940377,-8.010451242251671,-3.5160981238884026
2265119004000,-3.4122047598873175,-8.163137141706095,-3.355513969882959
2265119004016,-2.937706308697752,-8.24205711785931,-3.3416844971866695
2265119004033,-3.2159910900449304,-7.977754849470703,-3.260737662658537
2265119004050,-3.368796220785167,-8.206825281366202,-3.5226726842239
2265119004066,-3.5180185985608254,-8.38440076398936,-3.67716346708317
2265119004083,-3.645645325366419,-8.166045888870956,-3.8574422095839305
2265119004100,-3.734187715724797,-8.851091785328073,-3.5316305225006213
2265119004116,-4.248352259461217,-9.338267119704714,-3.6895004451561273
2265119004133,-4.708446760161281,-9.873707681619326,-3.5079599048721164
2265119004150,-4.7407408254992385,-9.783374424432822,-3.8320613686420386
2265119004166,-4.367707136894101,-10.135575243822435,-4.015449250338795
2265119004183,-4.3701110575777395,-10.451449553267484,-4.066045429092619
2265119004200,-4.8642659808907,-10.682950281535831,-4.113271762198197
2265119004216,-4.763818542404283,-10.742280377884867,-3.97744262464441
2265119004233,-4.485676458754026,-10.65515199634336,-3.9427991884850035
2265119004250,-4.347363408684451,-10.644427582459844,-3.8223526902868814
2265119004266,-4.332576454041591,-10.624340219334908,-3.852819419827468
2265119004283,-4.257533931161928,-10.865357241539524,-3.9579805570346624
2265119004300,-4.061797295749804,-10.500646494347816,-3.7731693840649383
2265119004316,-4.02797400005313,-10.301483342011759,-3.600966496614531
2265119004333,-4.2147098632514215,-10.819416609151908,-3.52860536088342
2265119004350,-4.05316218541209,-10.186136167908295,-3.5758837809948734
2265119004366,-3.5625664051813275,-10.813979030849689,-3.697266870392573
2265119004383,-3.399594150329821,-11.026783283377753,-3.6736265074484864
2265119004400,-3.5308381231877446,-11.316811606727782,-3.5889384143271075
2265119004416,-3.7241536261604176,-10.99998116452302,-3.3835367764595325
2265119004433,-3.832479508592657,-11.583748273207537,-3.3217413580625186
2265119004450,-3.746060724429428,-11.281412857847364,-3.4683592864575257
2265119004466,-3.871328868869093,-11.082870670078936,-3.2857383969175498
2265119004483,-3.785701452700045,-11.01072340612421,-3.0284839011949685
2265119004500,-3.5012993308517872,-11.177329956227869,-2.562491486976743
2265119004516,-3.687625619967103,-11.494156287072041,-2.7410448838641184
2265119004533,-4.323989159093121,-11.5332489377783,-2.7178283883447367
2265119004550,-4.320016843612416,-11.320424950391892,-2.7116091814649708
2265119004566,-4.27053442334636,-11.569912981861759,-2.7559838346721213
2265119004583,-4.615617847755722,-11.480155360358228,-2.9810925480562696
2265119004600,-4.81324478088404,-11.125794190816963,-3.173234035098305
2265119004616,-4.473439945447907,-11.015713549756155,-3.5090978904681847
2265119004633,-4.563581316590041,-11.244461329474154,-3.29386656437011
2265119004650,-4.732327761184271,-11.473984191765755,-3.353269854209808
2265119004666,-5.173873504417844,-11.990943185950826,-3.4937113522742504
2265119004683,-5.020290123792932,-11.92127523674889,-2.9924474623248445
2265119004700,-4.874515437520218,-12.15224560487378,-2.5757763367302795
2265119004716,-4.305477731353795,-11.838247720439572,-2.6550987212825112
2265119004733,-4.154281398587743,-11.273973578668166,-2.879168000605399
2265119004750,-4.517522651761692,-10.82729617659324,-3.041592839242696
2265119004766,-4.521768035134346,-11.277966792787836,-2.7872852926368843
2265119004783,-4.649212006154579,-10.93245891009518,-2.879772485703595
2265119004800,-4.3764551889415015,-11.047906944852524,-2.850350805696228
2265119004816,-4.5963173045119605,-11.072748055910566,-2.7510776799775574
2265119004833,-4.921745549124208,-11.19864918558923,-3.06556127117572
2265119004850,-5.046813866610181,-11.53916718915098,-3.3413667510441343
2265119004866,-5.195736818774268,-11.583479556228856,-3.2808244710180485
2265119004883,-5.443049913367887,-11.985377049451648,-3.008837947751147
2265119004900,-5.254923168430307,-12.594864050001632,-3.2471034100967313
2265119004916,-4.820645734455488,-12.874000805973877,-3.4119833988837227
2265119004933,-4.416666285459365,-13.54309453350002,-3.6479405661846998
2265119004950,-4.311257166689503,-13.317415711055443,-3.4644117730301156
2265119004966,-4.088367590015769,-13.485702828413594,-3.3215351737032264
2265119004983,-4.0818423018384316,-13.223970792737212,-3.1488932028048615
2265119005000,-4.294414956797585,-12.625995781757986,-3.1056477122819124
2265119005016,-4.697282059480605,-12.331634959225212,-3.1534049180656223
2265119005033,-4.350608811132733,-11.568516536913638,-3.4255686478634164
2265119005050,-4.090665103329425,-11.380654595411492,-3.1146590168381345
2265119005066,-3.8892624141398837,-11.424274301502908,-2.9203147300166394
2265119005083,-3.4576845814390147,-11.02227776126838,-2.457879493542363
2265119005100,-3.603980717010522,-10.59596769559283,-2.2930059584321554
2265119005116,-3.6928632756352098,-9.704511654120644,-2.349525970481801
2265119005133,-3.007827462004484,-9.678699990665692,-2.2233718980978776
2265119005150,-3.145979015409135,-10.03235525523143,-2.181737680401855
2265119005166,-3.3868128534075277,-10.242862416184433,-2.615865195202975
2265119005183,-3.7107517116224056,-10.259397229937498,-2.812806238325975
2265119005200,-3.4936436407653018,-10.48198810931628,-2.8489150752479935
2265119005216,-3.758503238391289,-11.259853136966145,-2.6201780030124486
2265119005233,-3.566010545783984,-11.355469553360592,-2.5014688542751125
2265119005250,-3.547375650295404,-11.207868336546742,-2.7016436839607447
2265119005266,-3.9306271499642644,-11.283807499532388,-2.718415622207941
2265119005283,-4.088914664425925,-11.375840656741884,-2.6759532952157636
2265119005300,-4.421728377687556,-10.984102371039782,-2.4854627107352685
2265119005316,-4.106504436557556,-10.06044441835957,-2.4902541993650025
2265119005333,-4.106753142990108,-10.033565498929214,-2.9094815668630725
2265119005350,-3.9865347091099372,-10.361582800372904,-3.2989386266259686
2265119005366,-4.346652543907023,-9.986819298665994,-3.6115798339415357
2265119005383,-4.491196863794231,-10.603245547719037,-3.7439454064713256
2265119005400,-4.686495178817586,-10.10252669714831,-3.920472449982879
2265119005416,-4.680775167878866,-10.668769351787496,-3.7847209072576122
2265119005433,-5.026106735307836,-10.214159243147698,-4.2906443898903515
2265119005450,-5.214077244619135,-10.727519522194106,-4.37048466890034
2265119005466,-5.245602966789848,-10.751793480458801,-4.413392619670367
2265119005483,-5.04924322782237,-10.786242659834947,-4.56156257086923
2265119005500,-4.869505611602846,-10.728408047254442,-4.360087396128738
2265119005516,-4.800305825406858,-10.914575935641377,-4.442845031905146
2265119005533,-5.020004676921133,-11.122848404259855,-4.6017304424134045
2265119005550,-5.074197353955988,-11.424938667485824,-4.906964917993983
2265119005566,-4.750107842742599,-11.139445396991093,-4.876743247062608
2265119005583,-4.965150170673863,-11.112824240615307,-5.295626471467862
2265119005600,-4.987352013886122,-11.105419838567098,-4.979719410887876
2265119005616,-4.506575640895253,-11.403386094238787,-4.505397249574441
2265119005633,-4.051220295410155,-11.816102870094996,-4.108884970177825
2265119005650,-4.257529817195936,-11.964025843731555,-3.9851704779758306
2265119005666,-4.261224564132942,-12.039903768667877,-3.9074217228696626
2265119005683,-4.376545600490528,-12.320130980590873,-4.338760233569188
2265119005700,-4.489395137458629,-12.616935624648555,-4.273177981872318
2265119005716,-4.636463028396314,-12.017905982505503,-4.475490006928807
2265119005733,-4.477046701642927,-11.515795406654384,-4.112447881616768
2265119005750,-3.9395382724524755,-11.692411286482397,-4.000982281034503
2265119005766,-4.001438883345269,-11.944813554125965,-4.270642319211193
2265119005783,-4.13368188117144,-11.599195828966014,-4.506166837081503
2265119005800,-4.310573510879252,-11.714857865865639,-4.6041186579278826
2265119005816,-4.291584070544644,-11.36505469087367,-4.39061094298982
2265119005833,-4.572812096711685,-10.626732455886827,-4.6175970224192575
2265119005850,-4.844678011135356,-10.007636412474024,-4.375764713195634
2265119005866,-5.062219172752344,-10.565840783157842,-4.709830820241422
2265119005883,-5.082316884415532,-10.353605601323926,-4.761382244576526
2265119005900,-5.507396525618569,-10.65227765436202,-4.892479133192759
2265119005916,-5.124202586028765,-10.126600581199963,-4.934013625793581
2265119005933,-5.003274192933745,-10.246319319285071,-5.30245061006409
2265119005950,-5.106383626684662,-9.973391948583943,-5.236550469112165
2265119005966,-5.276160400471056,-10.083333674189578,-5.132271620130689
2265119005983,-5.560253716591723,-9.911424241985209,-4.707743641709976
2265119006000,-5.626040124087789,-10.114430506402908,-4.685741226103106
2265119006016,-5.901321736578453,-9.304735942640496,-5.106664789070943
2265119006033,-5.9794436476431425,-9.055234692283104,-5.084108786917058
2265119006050,-6.0391958194442115,-9.29217462351903,-5.393751291922678
2265119006066,-6.093663013139691,-9.399430866805446,-5.362188900291226
2265119006083,-6.2109663134699495,-9.751562898519552,-5.307543216470458
2265119006100,-6.288393602051404,-9.284682285798148,-5.0230688519783415
2265119006116,-6.708296291708388,-8.628923325956604,-5.121396744957412
2265119006133,-6.622820651142742,-8.853117569306077,-5.276048418019897
2265119006150,-6.694292546258152,-8.694609779830124,-5.0388134720967575
2265119006166,-6.751628096321184,-8.049661479304985,-5.183411422112927
2265119006183,-6.720414302259334,-8.212290907302782,-4.976647203832587
2265119006200,-6.971175500600416,-9.013925530603682,-5.171380636968333
2265119006216,-6.665652342960319,-8.576003452438409,-5.1381646432577375
2265119006233,-6.8243280812533165,-8.583389098920431,-5.0540922790388105
2265119006250,-6.398015423677847,-8.761803233148653,-4.946297396577938
2265119006266,-6.15755291335207,-8.70910019570077,-4.780049993219942
2265119006283,-6.049640274225403,-8.986056696670158,-4.572318788058676
2265119006300,-6.413360374270964,-9.257908554195486,-4.592241021959839
2265119006316,-6.379036308290739,-9.326028250114263,-4.895121606533522
2265119006333,-6.220090923180402,-9.274229005657176,-4.5783255607589854
2265119006350,-5.83492945611053,-9.305009210065963,-4.01114275100209
2265119006366,-5.751054810646678,-9.659012639894712,-4.077207168953671
2265119006383,-5.924739833682932,-9.261324669556531,-4.208671484696716
2265119006400,-6.385569240593085,-9.175390562033217,-3.999289066967467
2265119006416,-6.102020257288468,-8.969346735793433,-3.645349026217901
2265119006433,-5.713459360013306,-9.269017028799952,-4.050133513438708
2265119006450,-5.616500134412064,-8.781549904971879,-4.134434222110482
2265119006466,-5.121825651596228,-8.809083974878318,-4.134561767038493
2265119006483,-4.648930334442678,-8.603261975834934,-4.024936802075585
2265119006500,-4.506319528536196,-8.38273040925565,-4.151817677239325
2265119006516,-4.683378671110341,-8.119694526045265,-3.8989678722549357
2265119006533,-4.458994000037635,-8.272451210383924,-3.548434230130045
2265119006550,-4.290001848482877,-8.496835347651606,-3.435872024656314
2265119006566,-4.668275409860696,-8.868116237161155,-3.2691420499942927
2265119006583,-4.067992280494077,-8.886506425693446,-2.9788675679899486
2265119006600,-4.11798120193263,-8.819212594817445,-3.355537505306506
2265119006616,-3.701523807528476,-8.320128997431668,-3.5190356311688227
2265119006633,-3.465184241085467,-8.767372564610094,-3.272012955014887
2265119006650,-3.194159390952251,-8.678213788943584,-3.0702321337874117
2265119006666,-3.502414664019681,-9.15287844596926,-2.7380606554718
2265119006683,-3.632049807982291,-8.99779899744949,-2.9368686458138082
2265119006700,-4.206940969424652,-8.584311914995935,-2.815185582127021
2265119006716,-4.311286505164592,-7.859858553987965,-2.792660309341478
2265119006733,-4.340290301058408,-7.316609894190826,-2.799264562451233
2265119006750,-4.214179815107779,-7.193479849418583,-2.9053419157561726
2265119006766,-4.289208167772138,-7.749628676614714,-3.077763963857004
2265119006783,-3.8815254633642775,-7.485747048986972,-3.1047547913343845
2265119006800,-3.7097994982740774,-7.477515494836783,-3.3311870069452185
2265119006816,-3.828207103100434,-7.003301734714742,-3.4377814491742216
2265119006833,-3.9256134028152854,-6.965318640169188,-3.3214166137012744
2265119006850,-4.389888460346539,-7.002379417551707,-3.4952322249989938
2265119006866,-4.85214162197237,-6.509298656674401,-3.6899216619666317
2265119006883,-4.603715089979457,-6.811640325253231,-3.40527353161617
2265119006900,-4.878719659983398,-6.7844091606934676,-3.215732798341762
2265119006916,-5.169964602970625,-6.524949926606429,-3.1674677689064623
2265119006933,-5.409075791511852,-6.548955489789656,-3.3355528147209306
2265119006950,-5.497127985254145,-6.706264476816874,-3.426317682673609
2265119006966,-5.989537304297841,-6.364608358018212,-3.358612649186243
2265119006983,-6.26503221003265,-5.706088600383331,-3.508222142421536
2265119007000,-6.390369831288329,-6.376958105907825,-3.8837133513550244
2265119007016,-6.653139003194432,-6.205266186254616,-3.709989089982281
2265119007033,-6.667835160920001,-6.5054985036624595,-3.921017072181889
2265119007050,-6.382716327017064,-6.523541844369225,-3.835918554781086
2265119007066,-6.137411885649377,-6.389060833205497,-3.7199732274161375
2265119007083,-6.3125534823079175,-6.705978053996808,-3.936781416474707
2265119007100,-6.144560128084922,-6.6383415518403694,-4.20776422712034
2265119007116,-6.185223777271934,-6.181550103696238,-4.541108347473191
2265119007133,-6.372454250671867,-5.967418199821739,-4.408463720543897
2265119007150,-6.40792362968952,-5.881162317177018,-4.5956887808249505
2265119007166,-6.429378711999567,-5.486043038598997,-4.262943172701167
2265119007183,-6.541253741812483,-4.741566879080944,-4.353754842701788
2265119007200,-6.901255491389649,-5.346361996676279,-4.802624463642664
2265119007216,-7.297438277128267,-5.923708015899374,-4.843453926996281
2265119007233,-7.312575851257485,-5.750969384984709,-4.8227745457505335
2265119007250,-7.359883989813715,-5.847185562472769,-5.139245545716746
2265119007266,-7.525394520584905,-5.306533802799904,-4.9502020426227995
2265119007283,-7.573723476085791,-5.417624870726719,-4.919454693846969
2265119007300,-7.722863517708719,-5.4286315060495145,-4.87052588456846
2265119007316,-7.7108046158321395,-5.136995671889056,-4.724001525504818
2265119007333,-7.6737251245795,-6.249156355874058,-4.841490422789667
2265119007350,-7.837717842437116,-6.574089974214014,-5.1343399597559
2265119007366,-7.614998231516252,-6.788039656490471,-5.1561981247531925
2265119007383,-7.727217018113503,-6.5018148326836736,-5.107817865474242
2265119007400,-7.445382161731582,-6.136850743518376,-5.095573559127093
2265119007416,-7.466990427180566,-5.717873260968758,-5.157179601825279
2265119007433,-7.567121597312691,-5.707476953853513,-4.916751302368155
2265119007450,-7.088956130106992,-5.559376243101308,-4.770206843767947
2265119007466,-7.295853312874891,-5.807028352685705,-4.582826909001234
2265119007483,-7.698872546627159,-6.180005558066499,-4.267026946635939
2265119007500,-8.187668909501745,-5.921483608645962,-4.360718670689935
2265119007516,-8.447336593963417,-6.075153138664501,-4.343053454006606
2265119007533,-8.904764719156969,-5.716115611772783,-4.15418048710793
2265119007550,-8.734625681127689,-6.205976907592961,-4.208931399299403
2265119007566,-9.03260839228928,-6.252698674843707,-3.7603294360543598
2265119007583,-9.27228076779997,-6.22992731027334,-3.9195813480713717
2265119007600,-8.91256496360638,-6.335155320374574,-3.9435487056653415
2265119007616,-8.505367852479594,-6.052851457647249,-3.8645832890549077
2265119007633,-8.01005609615574,-5.9630775889065095,-3.883745753187574
2265119007650,-8.26597362275824,-5.801588766225052,-4.264888782602894
2265119007666,-8.229161818519515,-5.4572304579716056,-4.489150172701974
2265119007683,-7.919935254533392,-5.411039754407279,-4.259930977490124
2265119007700,-7.732303532223614,-5.39357336991208,-4.326879694395538
2265119007716,-7.362200611730772,-5.676921330872949,-4.329768045080341
2265119007733,-8.042660683296704,-5.636294773290274,-4.304755073878189
2265119007750,-8.22066997856702,-6.059042402015862,-4.217494271099784
2265119007766,-8.304191767522198,-5.6795598654277555,-4.079132392842165
2265119007783,-8.605497281345766,-6.374419559493447,-4.214579576808909
2265119007800,-8.59550239500879,-7.379848418304198,-4.284835190441738
2265119007816,-8.16019140628619,-6.880222726545424,-4.050361058575419
2265119007833,-8.042933107680296,-6.572840401876896,-3.949661214520876
2265119007850,-7.685756423115163,-6.187157416754948,-3.646289921210376
2265119007866,-7.483174316446036,-6.912049821540103,-3.553661073914995
2265119007883,-6.997896077405089,-7.210969653427936,-3.7143377654753165
2265119007900,-6.743624342681426,-7.0258085233558045,-3.6267717432602744
2265119007916,-6.528661651060267,-6.453297724862051,-3.386592365783165
2265119007933,-6.613583476029433,-6.584735438308241,-3.1868509743274753
2265119007950,-6.475219211207095,-6.487400873853345,-3.286392790701394
2265119007966,-6.3452105936265895,-6.3324154931262955,-3.2336261302533575
2265119007983,-6.136226154138721,-6.139600827418103,-3.331273817725604
2265119008000,-6.219881423180797,-6.093566985227303,-3.1034026605662604
2265119008016,-6.540189176762347,-6.358945918516595,-3.076686029987481
2265119008033,-6.991774577248137,-6.060574847181941,-3.3874076226494565
2265119008050,-6.572537485988758,-5.112473767206717,-3.6450829352059895
2265119008066,-6.317661661088285,-4.771927226683748,-3.9176444443425034
2265119008083,-6.392191695307106,-5.063531176721286,-4.015299734651945
2265119008100,-6.237539863570233,-5.16692772783045,-4.216301919441914
2265119008116,-5.742665848301954,-5.150920732381007,-4.717740824022911
2265119008133,-5.688967853665711,-4.877125373114156,-4.430328032769749
2265119008150,-5.74915490127462,-5.079656388791018,-4.432570955980318
2265119008166,-6.01403296526824,-4.872072986297421,-4.243085168824191
2265119008183,-6.300474377289429,-5.770067682775349,-4.443011454929678
2265119008200,-6.442988572641606,-6.071762010720354,-4.375917292521141
2265119008216,-6.697958276208293,-6.588549027182887,-4.3884051364309276
2265119008233,-6.161704698631871,-7.268808899647619,-4.414157116425935
2265119008250,-6.181009998330315,-7.402515177340799,-4.327308219014552
2265119008266,-6.366472418819754,-7.520360080695289,-4.428868802758348
2265119008283,-6.039691689939268,-7.246518742038095,-4.279905563423209
2265119008300,-5.99074514464132,-6.762821181690633,-4.178299659715167
2265119008316,-6.026779021088022,-6.681103846069692,-4.405348232230292
2265119008333,-5.880305459109913,-6.157596471236465,-4.339318067401944
2265119008350,-5.806451252053167,-6.486363858757491,-3.7538534086818407
2265119008366,-5.453428282028311,-6.298753090969152,-3.611820311826401
2265119008383,-5.43850095829143,-6.454083716333578,-3.799111599187933
2265119008400,-5.4633165984908265,-6.9621969199440965,-3.6695301412687855
2265119008416,-5.580674083838324,-6.739803392570936,-3.5879834699047732
2265119008433,-5.415577235203894,-7.233253416644088,-3.5682761496901483
2265119008450,-5.117758447046989,-7.506457085565122,-3.214770750323149
2265119008466,-4.502724566697063,-7.105739085283188,-3.0650237986198112
2265119008483,-4.543646711600781,-7.203044627269895,-3.3088701257583013
2265119008500,-4.451050238622969,-7.512796977835749,-3.2546531497161504
2265119008516,-4.353528243972181,-7.142964177090757,-3.43028908235359
2265119008533,-4.34778100015692,-7.392263790165808,-3.7172506843225945
2265119008550,-4.183205920432501,-7.497374131119926,-3.9265873727052467
2265119008566,-3.981236352015753,-7.31000251162518,-4.228812325632008
2265119008583,-4.079750540783371,-7.545194265017626,-4.13488813488938
2265119008600,-4.028733374175554,-8.136492113979507,-4.185682959233301
2265119008616,-4.1354890025689315,-8.028329375027361,-4.132631739316858
2265119008633,-4.339900672513862,-7.651727715088837,-3.92972996871769
2265119008650,-4.518081703497677,-7.599605157650147,-3.398120973196206
2265119008666,-4.71642706307765,-7.532538837599987,-3.6413084514456386
2265119008683,-4.642517233145604,-7.757550427411901,-3.746142721251552
2265119008700,-4.624986331271225,-7.357629487536182,-3.8166269283607392
2265119008716,-4.669728235138848,-7.46222434595315,-3.704669426269678
2265119008733,-4.8625890737571895,-6.994627482017137,-3.907171076226976
2265119008750,-4.887307190220962,-6.134230623165208,-3.9745391494547153
2265119008766,-4.879687499325129,-6.078005775294964,-3.8858184125493462
2265119008783,-5.549345225895848,-5.585956945663124,-4.094320462194567
2265119008800,-6.002094503858552,-5.656148206836401,-4.364191731201837
2265119008816,-6.10979085718683,-5.449723580026443,-4.31249767357725
2265119008833,-6.221693567762818,-5.107937530842912,-4.49768901134954
2265119008850,-6.493317887750245,-5.729916654218065,-4.294760505756858
2265119008866,-6.4993503154903784,-5.846216162597749,-4.457117576066965
2265119008883,-6.234281243876472,-5.743326394773187,-4.282958087775596
2265119008900,-6.2351867216476204,-6.1825601422323775,-4.324339397903802
2265119008916,-6.504269593284926,-5.938855853888186,-4.2025324402935285
2265119008933,-6.829275282845347,-6.444853719216586,-4.1620787060818785
2265119008950,-6.766799165601588,-6.088284681416865,-4.176008132987861
2265119008966,-6.49435322123646,-6.280359097871546,-4.633167380626722
2265119008983,-6.60679231883727,-6.495793213368084,-4.735613520767858
2265119009000,-7.066633652017661,-6.143640942013883,-4.824297871611086
2265119009016,-6.71559643633485,-5.777906751766008,-4.797398287429729
2265119009033,-6.559518272887232,-6.252039672474842,-4.6558296180855985
2265119009050,-6.211235140351823,-6.272133258492711,-4.402353270028109
2265119009066,-6.223645410936022,-6.584701110546431,-4.6364497763490125
2265119009083,-6.15048244662711,-6.462481068851627,-4.826467921752231
2265119009100,-6.4131702267960815,-6.275589076457958,-4.845994498513402
2265119009116,-5.934390050400458,-6.24088146464459,-4.845519919078255
2265119009133,-6.031923718312713,-6.893070662808212,-4.452460106944777
2265119009150,-5.8974846705053485,-5.99008145683423,-4.378730811885346
2265119009166,-5.801818433993328,-5.69228040979766,-3.8455133138478645
2265119009183,-6.076558891206227,-5.364735895011484,-4.117771657647561
2265119009200,-6.000290710780077,-6.355848693795696,-3.6485159237945193
2265119009216,-6.165656953351145,-6.273377148438569,-3.6852136036021066
2265119009233,-6.42154463349304,-6.288537616814603,-4.084437322636592
2265119009250,-6.205420023404763,-6.627574858792652,-4.013882289421671
2265119009266,-6.387278382538858,-6.620097517152907,-4.215771241125182
2265119009283,-6.399165808607403,-6.484908654823936,-4.206171711157311
2265119009300,-6.334851052824518,-6.738848756426201,-4.501797690118062
2265119009316,-6.280224800661209,-6.69803343093602,-4.6766676265632166
2265119009333,-5.7163465144942025,-7.026238080222987,-4.461737254152089
2265119009350,-5.7045864644207835,-6.696171345699752,-4.2480763905558065
2265119009366,-5.676801622975237,-7.411034209809587,-4.267619536083864
2265119009383,-5.706627708393645,-8.010258377543684,-4.496009224752259
2265119009400,-5.647256558305907,-8.459429821776837,-4.376569887808066
2265119009416,-5.490315617047437,-8.197729226865011,-4.27874195249187
2265119009433,-5.906053639470597,-8.024300878146228,-3.7657244938706924
2265119009450,-5.717336181452298,-7.4767679359544905,-4.0049947641331105
2265119009466,-5.208468196643816,-7.726701050699413,-4.139208519490257
2265119009483,-5.234017001541036,-7.158292887984696,-4.3942917172960945
2265119009500,-5.242903433265373,-7.275236095157871,-4.57085606725557
2265119009516,-5.116907009590325,-6.92365000069155,-4.531907317047759
2265119009533,-4.743233884208256,-6.935886107241876,-4.290726745954317
2265119009550,-4.652903490166946,-7.06778746639725,-4.102696284395633
2265119009566,-5.043393854646794,-7.349262010624517,-4.3980099952248635
2265119009583,-5.207194364983863,-6.824691838516367,-4.5903759858309545
2265119009600,-5.619077599931428,-7.262738764313416,-5.186359202630188
2265119009616,-5.6632320423471025,-7.376550500527554,-4.8116051950921594
2265119009633,-5.774707168803769,-7.495303409836464,-5.054607041744332
2265119009650,-5.561664963131181,-6.8963228653720705,-5.261429435801427
2265119009666,-5.380367289155057,-7.0410546747914,-5.322844634309584
2265119009683,-5.062268291027167,-6.914346164441177,-5.38525971591783
2265119009700,-4.975405065106181,-6.98360946482361,-5.389648434171004
2265119009716,-4.793433251139187,-6.853681909797153,-5.1158712338972006
2265119009733,-4.849753424011925,-6.858228334189921,-5.061484141981738
2265119009750,-4.477813292515073,-6.5191275262675505,-4.558165532023244
2265119009766,-4.053457607337049,-6.231692495880461,-4.157275897536858
2265119009783,-4.0640819797867485,-5.765232465187541,-4.050698961849772
2265119009800,-4.052317076606827,-5.7840450063771085,-3.966615715702301
2265119009816,-4.298569745816987,-5.844364174796018,-3.664019097468913
2265119009833,-4.219316118204666,-5.586216077810139,-3.802278226382044
2265119009850,-4.452237017913676,-5.145194645405983,-3.9250085495870968
2265119009866,-4.340777190209011,-5.935709398275956,-3.926017942934843
2265119009883,-4.473735661844437,-6.250521837798823,-3.8813775182829175
2265119009900,-4.393200888021292,-6.020754934692432,-3.6829592345694158
2265119009916,-3.964646300244447,-6.591658437075312,-3.4658826209872657
2265119009933,-3.828349516817627,-6.37489531188748,-3.48753709039255
2265119009950,-4.0930045563980855,-5.965731679083961,-3.50680686583847
2265119009966,-4.209342392622273,-6.412861986513709,-3.702074611342034
2265119009983,-4.008126615046606,-6.634791268200333,-3.955699982870384
2265119010000,-4.590029006376094,-6.3906806147714645,-3.642204260848687
2265119010016,-4.6223097977669,-6.767772206825287,-3.965048275425086
2265119010033,-5.015173586641592,-7.070015944199169,-3.452386793715988
2265119010050,-4.639707040322342,-7.549649169102682,-3.402063966528977
2265119010066,-4.405364309909481,-7.778256707596295,-3.4181685807309594
2265119010083,-3.8934733370142154,-8.060370201372997,-3.2461073540792458
2265119010100,-3.915414236515997,-7.810190926536898,-3.3333488950523247
2265119010116,-4.372019160641285,-7.886113823975149,-3.163284016940282
2265119010133,-5.144367285101158,-8.24815041265495,-3.065300429714423
2265119010150,-5.295375530475822,-7.708947202100541,-3.1334282435552714
2265119010166,-5.2585757920211,-7.579938542483269,-2.819976093528983
2265119010183,-5.048389338170892,-7.171275046534923,-3.060894262495652
2265119010200,-4.953872397111515,-6.83368195888528,-2.946905291363643
2265119010216,-4.986131302196407,-6.773850122881779,-2.966752820279075
2265119010233,-5.471842262292141,-6.808168080930445,-2.7874270200655396
2265119010250,-5.970491366222166,-6.464289761600785,-2.904956000975663
2265119010266,-6.111302836674039,-6.21049253020729,-2.925442570198227
2265119010283,-6.126468204924955,-5.90965486918774,-3.2511665504077296
2265119010300,-5.9518064414434475,-5.717646364628189,-3.5031213595201196
2265119010316,-5.6556401769579585,-6.2647186737825145,-3.6090284311399046
2265119010333,-5.3973972909183185,-6.143200922893659,-3.452437410749626
2265119010350,-5.186920967505227,-5.739854566823091,-3.131682899789582
2265119010366,-5.195672858040873,-5.446177916028221,-3.5151526271588063
2265119010383,-4.853717544804999,-5.189927735317004,-3.251551134200994
2265119010400,-4.612025004310368,-5.473530305303035,-3.44829187721061
2265119010416,-4.690172371015505,-5.246925497599874,-3.4340183144946113
2265119010433,-5.256455110895043,-5.6850409165387035,-3.5815194651315685
2265119010450,-5.175371912417892,-5.516414678263527,-3.110504840374168
2265119010466,-5.054932302062322,-5.825417010901428,-3.172350452405068
2265119010483,-5.097884482463858,-5.376530563801605,-3.1895730546871506
2265119010500,-4.628272891653477,-5.663047841557786,-2.917062276311441
2265119010516,-4.726511082124274,-5.22514455688276,-2.895765570902191
2265119010533,-4.580561636770347,-5.418877989665277,-3.195184900211801
2265119010550,-4.3276252946451805,-4.694781044638642,-3.2739061570653423
2265119010566,-4.509683734015164,-4.2281279391764715,-2.9650584060043155
2265119010583,-4.285452467470388,-3.7868027438793432,-3.2041475338603527
2265119010600,-4.12028853396135,-3.8734102793300105,-3.0993140577622285
2265119010616,-3.650867578491776,-3.850053635109672,-3.232405399932728
2265119010633,-3.7515815087872944,-4.181321897674223,-3.2199062833527177
2265119010650,-4.0225848970025115,-3.9039555290948122,-3.0632324450527566
2265119010666,-3.742304614560515,-3.939421985859689,-2.881928441468726
2265119010683,-3.4904205441407647,-4.01782270590334,-2.5124161018547553
2265119010700,-4.304344014479249,-4.380824089760925,-3.226882746946675
2265119010716,-3.968971041812295,-4.759094618529582,-3.1601946971026367
2265119010733,-3.8525688489310994,-5.422309808103411,-3.0904715574646486
2265119010750,-3.7367220888016703,-6.094203734835415,-3.274171446278534
2265119010766,-3.332569213736678,-6.248533148352103,-3.0257286052252743
2265119010783,-3.2855799566736565,-6.439532558604862,-3.339353731291222
2265119010800,-2.7092031646026493,-6.589344431024026,-3.52455952793927
2265119010816,-2.8610174068522802,-6.62423516429636,-3.503543074913398
2265119010833,-2.3817956702411758,-6.0594364732533315,-3.621288509647797
2265119010850,-2.920112377243303,-5.607179853726664,-3.67106101844999
2265119010866,-3.287162375792903,-5.81266799574433,-3.2227275412528127
2265119010883,-3.2226250594059827,-6.210994582178431,-3.308024821918569
2265119010900,-2.8268247215536206,-5.7440368451934996,-3.4424153115390976
2265119010916,-2.7671466905065043,-5.805487636095097,-3.5068004268642623
2265119010933,-2.8503220580513315,-6.015046713799584,-3.3495387558968255
2265119010950,-2.9192756851338446,-6.953286354070375,-3.4094102227201706
2265119010966,-3.4140219533232745,-7.176456679743222,-3.5868616943538782
2265119010983,-3.139492860876439,-7.251289154102086,-3.524902960993246
2265119011000,-3.183438015098693,-7.6577731296459115,-3.2773072640694156
2265119011016,-3.3177184032985845,-7.89033492057559,-3.0724112704680966
2265119011033,-3.443303436859554,-8.146072807194574,-2.969967827655685
2265119011050,-3.7381458145224498,-7.498650582504468,-2.5800638314671143
2265119011066,-3.4735754759504687,-7.258071494643547,-2.582942276847021
2265119011083,-3.5776692901496867,-7.055561570074728,-2.8115284839223205
2265119011100,-3.520280557215644,-7.4361501063618745,-2.6908221507963526
2265119011116,-3.60973444444036,-6.856139814328665,-2.5289590970247047
2265119011133,-4.060602962253538,-6.269435109670265,-2.882654081776912
2265119011150,-4.315420561930862,-6.77895705907557,-3.197653515977306
2265119011166,-3.5667355437244144,-6.4479663258022955,-3.0526158536451633
2265119011183,-3.8401464044897953,-6.435497442576895,-3.516788489642874
2265119011200,-4.041527475975365,-6.232237926586803,-3.721039271870822
2265119011216,-4.263558727346731,-6.661927283819715,-3.457586991651177
2265119011233,-4.091830089164828,-6.6749271239568415,-3.60388547795093
2265119011250,-4.262070454643135,-6.238167016425208,-3.5830437167781968
2265119011266,-3.780312011277508,-5.770934833813989,-3.5632407241675743
2265119011283,-3.9306975664511556,-6.242655331817797,-3.2419002764904183
2265119011300,-3.9493826711989968,-6.666899613457987,-3.2162656886420047
2265119011316,-3.8882063982213326,-6.214273812617796,-2.852051566266838
2265119011333,-3.871828402833386,-6.7099587795385185,-2.5833035957330632
2265119011350,-4.276436813564049,-6.600399019938833,-2.5803639206335482
2265119011366,-4.125854036779056,-6.438978082954197,-2.608459721644642
2265119011383,-3.8966493921760694,-6.715040015912923,-2.5374269466011645
2265119011400,-3.9177497919422244,-6.888675163034218,-2.6193196609073683
2265119011416,-3.6613360372875134,-6.770035949660666,-2.534004006479098
2265119011433,-3.4972891091658367,-7.063303299106408,-2.058195472583288
2265119011450,-3.2785673374221176,-8.044239967531603,-2.2567172163284965
2265119011466,-3.200340272712288,-8.538859630985563,-2.082954068209281
2265119011483,-3.3760575851009618,-8.456668584474436,-2.201535285696335
2265119011500,-3.2192944370446823,-8.372952115419793,-2.1958912026626476
2265119011516,-3.10744711117829,-8.202515388911152,-2.3638342074385292
2265119011533,-3.137329187004325,-7.864888866874706,-2.043626029605609
2265119011550,-3.4560076302407783,-8.518908051066408,-2.117008305913571
2265119011566,-2.7835569591268086,-8.981182046387207,-2.048556090510921
2265119011583,-2.0926892258717666,-8.876798315880723,-2.563244435265172
2265119011600,-2.703619076021077,-8.578775232194873,-2.6971188944351923
2265119011616,-2.76692683790364,-9.308249436089977,-2.7415479015397732
2265119011633,-3.380934037706794,-9.602419960764937,-2.9259015450438124
2265119011650,-3.595846431453536,-9.212087997851844,-2.5255880218830615
2265119011666,-4.088711821155102,-9.403828484172001,-2.6299516809413728
2265119011683,-4.116646161895799,-9.127440514867654,-2.923059582721241
2265119011700,-4.2189292581345645,-9.030695986367215,-2.994554861338886
2265119011716,-3.869168431453476,-8.69974380225085,-3.4932287785689677
2265119011733,-3.7438291641812955,-8.199241524574724,-3.7205596714534606
2265119011750,-3.0863012793745925,-7.857994304510219,-3.7033239081408924
2265119011766,-3.326067574972618,-7.6255992405040445,-3.552688445230399
2265119011783,-3.094899883908747,-7.433266154897627,-3.4632491844516964
2265119011800,-3.0739641569332115,-7.139409609660996,-3.2110220219637684
2265119011816,-3.0217379397814375,-7.468206539781799,-3.024899002964881
2265119011833,-3.3100546651012044,-7.110156186606108,-3.0442569727307665
2265119011850,-2.9347541858361046,-7.003112782633874,-3.092572545205489
2265119011866,-2.9871629598873897,-6.792479951197544,-2.6705912451253457
2265119011883,-2.857026248913329,-6.8453287835075844,-2.371824407925787
2265119011900,-2.872472411704484,-6.6944937153188775,-2.2563433454001385
2265119011916,-3.0304621770474287,-6.347074337861595,-2.459238431592614
2265119011933,-2.7908886861959923,-7.278497356693884,-2.744126292702712
2265119011950,-3.093944166425878,-7.275121163187123,-2.5492008478445847
2265119011966,-2.904198817823705,-7.500597689173053,-2.6988639277395086
2265119011983,-2.932896591773546,-7.722255577041084,-2.6757385356005576
2265119012000,-3.1174493134145917,-7.971766245163062,-2.84784132283514
2265119012016,-2.98848417797059,-8.036892468799344,-2.63955330337824
2265119012033,-2.9677783277789365,-7.732559951039951,-2.6539349857874046
2265119012050,-3.08731621435833,-8.049505332867215,-2.5185813061896916
2265119012066,-2.970738488297137,-8.150960169795635,-2.1341865464895022
2265119012083,-3.1128755132058448,-8.10960721460709,-2.1923957637478813
2265119012100,-2.901179930513127,-7.379964201086121,-1.9067510570644117
2265119012116,-2.833727376849792,-7.38124428595421,-1.9439956673468157
2265119012133,-2.9110180426788945,-7.331040066033646,-1.9328101028847033
2265119012150,-3.048433839169205,-7.5369256765860895,-1.8528302450718097
2265119012166,-3.192927788378232,-7.536632405578899,-2.3638759352740077
2265119012183,-3.1319029089476222,-7.756552500459943,-2.1639844133990653
2265119012200,-2.898815414055071,-8.215933774899343,-1.9681172415630248
2265119012216,-2.627796788668045,-8.005443718362939,-1.8255511351756535
2265119012233,-2.3450044715349905,-8.083445457741659,-1.9209027813400523
2265119012250,-2.352957044637112,-8.491351252826352,-1.6846637655823153
2265119012266,-2.3895079957817025,-8.209208123924162,-1.5250644697237201
2265119012283,-2.26485786197965,-8.03042987070464,-1.404188215131619
2265119012300,-1.7546609465104837,-8.152080977297144,-1.2929128671336731
2265119012316,-1.9728793522142256,-7.887948037885956,-1.1368075360606635
2265119012333,-1.8356003667929892,-8.23485887860613,-1.1191407495653867
2265119012350,-1.5711977076813075,-8.84295380981844,-0.842655975264373
2265119012366,-1.2248565270961942,-8.830314771512247,-1.0411395038841396
2265119012383,-1.470369045625251,-8.713250287018319,-1.299783555924787
2265119012400,-1.1871893414461003,-8.620960114904205,-1.2329025879998778
2265119012416,-0.8593244672201923,-7.85090937745301,-1.2064621014855117
2265119012433,-1.1141189154224862,-8.158053613059373,-1.2218167356723029
2265119012450,-1.0788334446984273,-8.143478613695756,-1.0198859277181913
2265119012466,-1.1606942171245365,-8.524196027118935,-0.8652923717284253
2265119012483,-1.0151955531427364,-8.86859746967254,-0.9129020453923999
2265119012500,-0.9552594013970044,-9.621655902821242,-0.7202669704665632
2265119012516,-0.7751353483446755,-9.368925825797024,-0.8562007120438788
2265119012533,-0.9278698551873479,-8.70574418923775,-1.160816762375669
2265119012550,-0.6106124713006027,-8.595735328097959,-0.9295653859139585
2265119012566,-0.3806700493802966,-8.288458171739322,-0.7037234019311858
2265119012583,-0.17274598190457358,-8.23320608184863,-0.4919318036120295
2265119012600,0.07141813987059376,-8.668587788957534,-0.46860309135478895
2265119012616,-0.00418114901313249,-8.837667689911942,-0.669079100702592
2265119012633,0.48812509532670134,-8.798154999311892,-1.0771502224566096
2265119012650,0.29668993303349467,-8.47147685703164,-0.9767116130920912
2265119012666,0.10646302318359702,-8.320988175955367,-1.0760089946953506
2265119012683,-0.09796223888549704,-8.297036269547355,-1.3142524904548227
2265119012700,-0.37468920922419535,-7.577321000282191,-1.2644451535135406
2265119012716,-0.39281693610071233,-7.843146386709874,-1.307232208524484
2265119012733,-0.768383755596636,-7.804533655653941,-1.4232250199971643
2265119012750,-0.5385582087752718,-7.777211110525066,-1.371720437579005
2265119012766,-0.8572456246467741,-7.898719741823244,-1.6982711306534772
2265119012783,-0.636174604941325,-8.164080440071945,-1.708473060623728
2265119012800,-0.8111912914944943,-8.4174497429881,-2.109443674691854
2265119012816,-0.8966833145449851,-9.099423387188185,-2.036445010823244
2265119012833,-1.0197478366090698,-9.581238227545283,-1.9868699141732282
2265119012850,-1.546188075369189,-9.304243726503062,-2.326641182604512
2265119012866,-1.5668181998016921,-9.232914624007094,-2.115574555105778
2265119012883,-1.8028501213307253,-8.804163448663882,-2.25025798177057
2265119012900,-1.919461639517802,-8.834870634404279,-2.4108423289880534
2265119012916,-1.863069733349632,-8.79839943101571,-2.4352553624770183
2265119012933,-2.0587001362725066,-8.695006274732187,-2.369227984538472
2265119012950,-1.94080414238671,-8.228864550177903,-2.6125961534115074
2265119012966,-2.4840786077870467,-8.945532225984197,-2.585116781903137
2265119012983,-2.7537251249893906,-9.137425144592955,-2.7350559741489664
2265119013000,-2.859681482468428,-9.248827019313744,-2.8806275588216113
2265119013016,-2.377379985351326,-10.130701996103948,-2.4872264471951073
2265119013033,-2.2732626887490164,-10.034793703503304,-2.386052073326068
2265119013050,-2.446905173170195,-10.236483090508674,-2.650169374040389
2265119013066,-2.5388801924838704,-9.928157674678221,-2.583243960156315
2265119013083,-2.433866068447977,-9.95457270270158,-2.8533921584938957
2265119013100,-2.4152904611413737,-9.559049489319552,-2.784722362594747
2265119013116,-2.5217972830997293,-9.254430380499842,-2.503292990230331
2265119013133,-3.0838800091482006,-9.096943987159861,-2.514641224248805
2265119013150,-3.084629371815085,-9.087483131047913,-2.448619982420316
2265119013166,-2.7516677794987294,-8.17263581118001,-2.5031049730169026
2265119013183,-2.578021387698836,-8.093145125267856,-2.4965443160086904
2265119013200,-2.6187346404745755,-7.753520693664311,-2.6817633622341637
2265119013216,-2.69093764875906,-7.5568253055042955,-3.071046232685344
2265119013233,-2.7193526023516763,-7.555550561604398,-3.1861107759625593
2265119013250,-3.41566220213893,-8.080365299438313,-2.986532263082808
2265119013266,-3.7388586074356724,-7.54693754822654,-2.7160222926774575
2265119013283,-3.8844337526760766,-8.09013925860853,-2.9293158860371054
2265119013300,-3.7186997768487142,-7.05448044121715,-3.169519736524026
2265119013316,-3.751358710081041,-6.7480001679766275,-3.6364643576204765
2265119013333,-3.7820888735869236,-6.758516537717418,-3.6886505135096317
2265119013350,-4.006186125691105,-6.57484586557722,-3.8151619037302287
2265119013366,-3.9788126144633162,-6.231715472957496,-4.175934256766202
2265119013383,-3.643098712397234,-5.983482924142605,-3.991993461817456
2265119013400,-4.236392788125418,-6.1571117732589675,-3.8733223038675435
2265119013416,-4.3547918806841714,-6.48156430675912,-3.8296758198024223
2265119013433,-4.40084097792745,-6.707681436654361,-3.703126371063836
2265119013450,-4.579945236668975,-6.922502947217118,-3.685836706344836
2265119013466,-4.521088865608377,-6.507464423808416,-3.490687770099982
2265119013483,-4.5496813394273365,-6.279359665748927,-3.9109087005214236
2265119013500,-4.337138273491184,-6.583530468293302,-4.056022545047809
2265119013516,-4.036398442282518,-6.763951700223529,-4.128153177399053
2265119013533,-3.7087644997673896,-6.5634343591356865,-4.2599588926055665
2265119013550,-3.4380554636145026,-6.157364089756459,-4.261583067772336
2265119013566,-3.647709719792286,-5.652558895732735,-4.031560233624505
2265119013583,-3.862983801805383,-5.783086715684709,-4.002311554695198
2265119013600,-3.619485187660771,-4.907599596308795,-3.540568805876743
2265119013616,-3.961477110501509,-5.163239289534769,-3.9307490825996143
2265119013633,-4.3905762767137695,-5.189825254953087,-4.144464455513497
2265119013650,-4.682206158378418,-5.390679964622467,-4.203094470299043
2265119013666,-4.35531916140966,-5.5346684102449935,-4.0884991548818395
2265119013683,-3.9881624727111973,-5.493660254979076,-3.7419245221661166
2265119013700,-3.9702162354155415,-4.722436626840446,-3.939459076893171
2265119013716,-4.022916987500567,-4.550419824599757,-3.8314901466381173
2265119013733,-4.004640235820488,-4.075952885436033,-3.9922835130718104
2265119013750,-3.7534230876827257,-3.2157464613165425,-3.6955585810493745
2265119013766,-3.4482809680827344,-3.2005168613079653,-3.651448771819729
2265119013783,-3.4844301337437154,-3.1062043933928067,-3.671414802394713
2265119013800,-3.6739555610293015,-3.5350203457356297,-3.741548124862714
2265119013816,-3.5719537626665305,-3.721299962655329,-3.2481551112891927
2265119013833,-3.088972280110452,-4.022221973853237,-2.9911217969317523
2265119013850,-2.832222705862049,-4.095716478188375,-3.3097674782431326
2265119013866,-2.659027613023003,-3.0730709178225437,-3.439180490513525
2265119013883,-2.403128507909369,-3.2277591316725114,-3.4685494559184655
2265119013900,-2.5592837408252214,-3.259096735672602,-3.4888485864082104
2265119013916,-2.8250833092581416,-3.3628406452896287,-3.6860474025791516
2265119013933,-2.6839453295266216,-3.5701903222825555,-3.7814573559143376
2265119013950,-2.769116711655525,-3.3902056280145434,-3.936736924076393
2265119013966,-2.5497482403648193,-3.2727386075678595,-3.933173541030217
2265119013983,-2.406305951710193,-3.50788884875101,-3.8850062240207865
2265119014000,-2.5530029781559804,-3.6710750971817525,-4.021919903653108
2265119014016,-2.3695529123118737,-4.0320822808941825,-4.219497221985666
2265119014033,-2.325920964535138,-4.43606137458514,-4.198323415911544
2265119014050,-2.4133262017269783,-4.787841923100316,-4.286263944231061
2265119014066,-2.148162948947758,-4.063554384066769,-4.465165989307501
2265119014083,-2.383344774114469,-4.887307309401545,-4.088579067419093
2265119014100,-2.1207892139051667,-4.8820956752093165,-4.168898184215608
2265119014116,-2.241310085893001,-5.608604858114859,-4.184103138095987
2265119014133,-2.222679593040441,-5.371051766922625,-3.590194465148559
2265119014150,-1.9357589356864247,-5.598249110487941,-3.5750259190445566
2265119014166,-1.7316184497413878,-5.629443413677593,-3.3777643256282004
2265119014183,-1.5624707967476557,-5.485471367839957,-3.0233699948946713
2265119014200,-1.6240868094687269,-5.191014258023925,-2.5343730505781425
2265119014216,-1.8558318822837743,-5.424035129368425,-2.826461407595144
2265119014233,-1.6730429973723133,-5.232451014215009,-3.0514234561584717
2265119014250,-1.9938145725184295,-5.301661091390344,-3.34898738410803
2265119014266,-2.306862243216035,-5.739096265176403,-3.5642783499703166
2265119014283,-1.8252230906780396,-5.534332368857027,-3.566527263262131
2265119014300,-1.953319553928778,-5.213796734126616,-3.0514504749633162
2265119014316,-2.305365645136867,-5.10860936363651,-2.9383748269016574
2265119014333,-2.7584709849629183,-5.1095337909132805,-2.8381929165167468
2265119014350,-2.6454555652522775,-4.729566051231791,-3.1210729637082153
2265119014366,-2.9232579115626387,-4.028708929781208,-3.1982946580551257
2265119014383,-2.8297793390594568,-4.5496381565417465,-3.107774174397626
2265119014400,-2.960841230855912,-5.378293204597998,-3.129504572461368
2265119014416,-2.8972938383598663,-5.146783641690085,-3.2094076534120246
2265119014433,-3.1404640089775087,-4.74823299874485,-3.390400405943729
2265119014450,-3.1895643444909747,-4.737607930852848,-3.642290456378856
2265119014466,-3.204306639909758,-5.185119909409096,-3.4803859761113425
2265119014483,-2.862760981653667,-5.067065488972242,-3.5329553340329665
2265119014500,-2.7070670925411147,-4.6786100354696085,-3.9275674512716963
2265119014516,-3.0358497660517862,-3.919956349335222,-3.8361783085446937
2265119014533,-3.1485610866057616,-4.636862066574697,-4.161954949268678
2265119014550,-3.481877640503253,-5.109674153225971,-4.03248204026535
2265119014566,-3.371815448576837,-4.69826617790918,-3.961041003530788
2265119014583,-3.4760569023754204,-4.734418396837866,-4.104292343881478
2265119014600,-3.5207387866847464,-4.983825391036927,-3.7599035368023364
2265119014616,-3.9813102343991362,-5.229375875064557,-4.238523335736675
2265119014633,-3.927920418461597,-5.173876888003525,-4.334328106542992
2265119014650,-3.6182271890141395,-5.487393246820553,-4.124693371812453
2265119014666,-3.685407345211865,-5.501790929013051,-4.172438193084703
2265119014683,-4.151236914091654,-5.20686437712162,-4.120380892279748
2265119014700,-4.168813229361411,-4.811203085486524,-4.000177006724702
2265119014716,-4.31191103206052,-4.5848819872173685,-3.67593531993816
2265119014733,-4.108221744116845,-4.93407678818758,-3.927975469893806
2265119014750,-4.830090791828545,-4.717040700104934,-3.937639251141028
2265119014766,-4.285228282704992,-5.017564985074078,-3.9321341641863894
2265119014783,-3.861467223206813,-5.169288722668206,-4.503660772995661
2265119014800,-3.753255750740049,-5.3463974973702975,-4.557032369564677
2265119014816,-3.5651793348665555,-5.460669368437026,-4.6889286258715295
2265119014833,-3.534741391642,-5.314682073402239,-4.449723990239071
2265119014850,-3.8151454221799943,-5.858924426867517,-4.433787349766571
2265119014866,-4.094518690592129,-5.783372940685228,-4.151752535026862
2265119014883,-4.227034307141333,-5.716386794036523,-4.040102324122044
2265119014900,-4.21030597288509,-6.046768813474924,-4.2792548142319
2265119014916,-3.7922450323989083,-5.880181563981345,-4.205431740122345
2265119014933,-3.610550116404423,-6.109049658300969,-4.092501420315106
2265119014950,-3.6677197945023696,-6.285198535132147,-3.9503693888814704
2265119014966,-3.6875372028248825,-5.411312733429098,-3.8033481780440797
2265119014983,-3.5740390908468704,-5.313474382474185,-3.7124436971693537
2265119015000,-3.3054606290309216,-5.210049162369456,-3.519800387267223
2265119015016,-3.5375702660015484,-4.939125049289854,-3.3672003658015495
2265119015033,-3.3844649021484754,-4.338800856641836,-3.309540089784007
2265119015050,-3.1414776244675275,-4.107324110670461,-3.0172965509697205
2265119015066,-2.6497694348237464,-4.7601653754222815,-3.1016134545144665
2265119015083,-1.8990757168755836,-4.829307809150017,-3.093013166743009
2265119015100,-2.249260226614628,-5.132440778656606,-3.031971995640534
2265119015116,-2.321990672265601,-4.947402727585898,-3.2704051269443077
2265119015133,-2.4917608721637796,-5.326890201231269,-3.231641249772348
2265119015150,-2.4488188498260475,-5.384364963534849,-3.1157768036955957
2265119015166,-2.807511766891541,-5.736571157681123,-2.9442419987244492
2265119015183,-2.226957504160485,-5.89079262170957,-2.841383350774883
2265119015200,-2.752181233045204,-6.161407470454738,-3.0608471869501575
2265119015216,-2.4856915826333434,-6.27081238295169,-3.008797946571377
2265119015233,-2.7681597388154526,-6.112557173021927,-3.2481993319496305
2265119015250,-3.1237359425046916,-5.78827604207576,-2.89598231070008
2265119015266,-3.278565122754182,-5.739271706940703,-2.9248859681289945
2265119015283,-3.440222957436682,-6.284449290125281,-3.0064208096086595
2265119015300,-3.3120253835979314,-6.084386024853345,-3.0766622631190375
2265119015316,-3.037646204258597,-6.481514745329944,-3.215977068240898
2265119015333,-2.8299578682343003,-6.042436986771706,-3.1779349263495877
2265119015350,-2.886457174917014,-5.809020242745711,-2.9841505685515406
2265119015366,-3.0584773012903392,-6.267867410064741,-2.857204738521489
2265119015383,-2.808521619194391,-5.953382375213603,-3.1917317530663265
2265119015400,-3.0791453750496878,-6.091557015032221,-3.329365763667163
2265119015416,-3.536196309272854,-5.680437679817949,-3.127515047190253
2265119015433,-3.013570675892285,-5.412336011332069,-3.1321442759781215
2265119015450,-3.1649385025279506,-5.423132707186335,-2.976106589839537
2265119015466,-3.083092830153494,-5.269069307052325,-2.7187609537992983
2265119015483,-2.8928041423806645,-5.094240200192521,-2.682936438749112
2265119015500,-2.767306938152752,-4.598443548723877,-2.8200002159168593
2265119015516,-2.110506115284995,-4.67936571510454,-2.8559006177977015
2265119015533,-2.569352553895881,-4.256705660786137,-2.8974918903010725
2265119015550,-2.0260830924692517,-4.10752382854119,-2.803331168614983
2265119015566,-2.0694743991593394,-3.3702004425504026,-2.833528729750995
2265119015583,-2.026559508964879,-3.9638956305488566,-3.016777702086994
2265119015600,-2.327595116241665,-4.1646718101356,-3.10045606081498
2265119015616,-2.3672679007556208,-4.411497925324989,-2.8106817136320563
2265119015633,-2.6103235908313542,-4.655034200200624,-2.829574722260483
2265119015650,-2.3352099156422708,-4.9326825882690954,-3.302161730239339
2265119015666,-2.208245480659835,-4.569596453021819,-3.257815348362582
2265119015683,-2.30674514129298,-4.822919783314878,-3.54425650043805
2265119015700,-1.6074809521462172,-4.826543577082935,-3.151729678622738
2265119015716,-1.6376376723216093,-5.701417870997961,-3.3120793406543036
2265119015733,-1.8503076577236244,-5.585779881725941,-3.486526730893511
2265119015750,-1.4629589739018134,-6.1450325749861605,-3.547860513504476
2265119015766,-1.638955700437268,-6.584796555508539,-3.696316452487468
2265119015783,-1.6233264867353192,-6.925218114322482,-3.826841801289696
2265119015800,-1.727536300112352,-6.557270785793998,-3.85642106209098
2265119015816,-1.5304915205036167,-5.920849782501964,-3.836493832955422
2265119015833,-1.287730158986641,-5.250897010231505,-3.8598095399327774
2265119015850,-1.7692651795491674,-5.658775779363181,-3.9754779842903325
2265119015866,-2.2397304583218243,-5.148539679532532,-3.637150635254062
2265119015883,-1.8447385806799232,-4.932557048930563,-3.8613452172182
2265119015900,-1.8347967186994585,-4.947237668039298,-3.65107312517896
2265119015916,-1.408365981157373,-4.332379832198728,-3.381006751909866
2265119015933,-1.6976653765075729,-3.492094139881449,-3.233684260220091
2265119015950,-1.219182117469027,-4.063056022378418,-3.2751267662196915
2265119015966,-0.4963640279056589,-3.8647594618317456,-3.2891256960379884
2265119015983,-0.23154918061657348,-4.213203220052517,-3.197886810885098
2265119016000,-0.47640540856918356,-4.265177129255576,-2.9174603178580374
2265119016016,-0.15368934539267443,-4.883440908749051,-2.4624863719362255
2265119016033,-0.19202180556970383,-5.441292569780414,-2.5908543682063194
2265119016050,-0.28832865243485895,-5.286528740809839,-2.736710000638489
2265119016066,-0.2527228469829019,-4.941986489123566,-3.095317023508314
2265119016083,0.01560708294821378,-4.1601227205680384,-2.926773163764842
2265119016100,-0.1351506874010413,-4.194392488370263,-2.6779055024915603
2265119016116,-0.2394112901190546,-3.825971076894702,-2.579107894777459
2265119016133,-0.6605446792587992,-3.616872819622537,-2.4036880795216966
2265119016150,-0.9645094014587148,-4.2176206783222066,-2.6197656139634775
2265119016166,-0.8626583095384008,-4.491486754487222,-2.787201969029861
2265119016183,-0.7853840695538539,-4.619148744709926,-2.9786720025110607
2265119016200,-0.9583745383317428,-4.23512051015361,-2.8348225154615405
2265119016216,-1.3232328959623612,-4.544481216828198,-3.155630570923887
2265119016233,-0.9196689061772707,-4.484989591923099,-3.052549359839189
2265119016250,-0.5827543022158244,-4.449600477165833,-3.080135953383678
2265119016266,-0.6250279128360035,-4.4379553940718175,-3.2817261580541146
2265119016283,-0.7241662925896746,-3.552875946797697,-3.2655547475093685
2265119016300,-0.6506515788503355,-3.4868165826145963,-2.901569586022254
2265119016316,-0.34539378728901227,-3.6891943543004846,-3.218949718630349
2265119016333,-0.647512924067386,-3.4397052051280443,-3.3059127553779
2265119016350,-0.8853169802976497,-4.589002122795948,-3.6157439598122703
2265119016366,-0.6862627729457929,-4.79898999686093,-3.5356737143658736
2265119016383,-0.15769787457334772,-5.050725804569694,-3.3283473085495388
2265119016400,-0.11806337729610572,-4.777356784211168,-3.5435229050728023
2265119016416,0.07510690800706943,-4.131977246163334,-3.142451873941141
2265119016433,0.3909268535279802,-4.471170319741962,-3.0959355793265626
2265119016450,0.0836919249931265,-4.315353217561882,-2.815547121764887
2265119016466,0.24780565780670294,-4.2630687724433765,-2.719729027625949
2265119016483,0.22826552815396894,-4.081830606177102,-2.628024046722554
2265119016500,-0.3935510367704609,-3.654793006144303,-2.8580729983346917
2265119016516,-0.5929474230158531,-4.0383147344688055,-2.751367918641235
2265119016533,-0.7972102613589831,-3.779337002342857,-2.4340937965793503
2265119016550,-1.1568036652112585,-3.4430460510265983,-2.4842068778665642
2265119016566,-1.0747122536185136,-3.5028954788259443,-2.701990826573676
2265119016583,-0.8612796952015875,-3.348272719030992,-2.9345968920995036
2265119016600,-0.8536146878682089,-3.510775256036676,-2.7666615770811642
2265119016616,-0.5833309690897837,-3.2908947243076927,-2.859843801489565
2265119016633,-0.7271073264863297,-3.796213566438944,-2.948424052748297
2265119016650,-0.9554324807911723,-3.8891667500696716,-3.159499855792267
2265119016666,-1.1502789840655154,-3.837450566823476,-3.151698106132906
2265119016683,-1.8287961416747835,-3.960653336345578,-3.029608950716121
2265119016700,-1.5987189852520598,-4.668858676529045,-3.107682440028703
2265119016716,-1.3329735047054072,-4.722821283969058,-3.2844408944442316
2265119016733,-1.0163058902061506,-4.538924869301126,-3.139464731393949
2265119016750,-1.058454710884328,-4.254613445604469,-3.205552901321505
2265119016766,-1.7346679693171612,-4.532776283076021,-3.3859202433607365
2265119016783,-1.36253087160713,-4.915191842237344,-3.2418121347109907
2265119016800,-1.4848198624667237,-4.8160746567971096,-3.2127341878741205
2265119016816,-1.6307800633250902,-4.463153846048473,-2.848841747940041
2265119016833,-1.7975501273386705,-4.270210007028596,-3.1401645387486186
2265119016850,-1.1824985233238356,-3.83859297528704,-2.9928711305811646
2265119016866,-1.2564383326476243,-3.5026239060388678,-3.228395109222706
2265119016883,-1.0149620614493688,-3.2734479757822323,-3.422473263628099
2265119016900,-1.0054292714427993,-2.8501648556462102,-3.5916786975842485
2265119016916,-0.8526029011446719,-3.14951660858401,-3.7809562438514774
2265119016933,-0.90318592183307,-3.694421672603557,-3.86594721165756
2265119016950,-0.6208710218561757,-3.653589421120709,-3.936199025063245
2265119016966,-0.307441619752268,-3.3005662773184135,-3.7447589609743788
2265119016983,-0.836691301550724,-3.6424749332012913,-3.814992400778223
2265119017000,-0.9642100855280646,-3.52578728868328,-3.5390414291422916
2265119017016,-1.0231831845533352,-3.874645188130052,-3.858991037638349
2265119017033,-0.911795839579586,-4.045614575547088,-4.006155935182133
2265119017050,-1.1152584221288842,-4.146321623754223,-3.9363966330395197
2265119017066,-1.1746017395520392,-3.951857797966941,-3.865663183672893
2265119017083,-1.5974291528305633,-3.9042290848037693,-3.8360985172780984
2265119017100,-1.7633101762741035,-3.63799311938565,-3.846629344964473
2265119017116,-1.3980032578065957,-3.4433098425608,-3.712499635557674
2265119017133,-0.994951645174929,-3.168078646069327,-3.52341900643591
2265119017150,-1.0613984726765753,-2.858382206435279,-3.2334873318827086
2265119017166,-1.2074969760766607,-2.7295547020617756,-3.5001265933892443
2265119017183,-0.7031125922216956,-2.981115235067782,-3.6345305433101087
2265119017200,-0.8490304856103057,-3.275416441113424,-3.614680873990282
2265119017216,-1.4618728526754827,-3.1826464117375175,-3.6111890372681503
2265119017233,-1.7579071073956487,-2.9027068674675545,-3.500660737190471
2265119017250,-1.8282454915507143,-2.755749935119633,-3.131271242296738
2265119017266,-2.231582310498767,-2.7429544569489726,-3.171871510107917
2265119017283,-2.5905623719376987,-2.304021257241966,-3.357108748128497
2265119017300,-2.710120556847811,-2.401450037459837,-3.3944151280435033
2265119017316,-2.5061253069363647,-1.5812357838546571,-3.243764897604759
2265119017333,-2.550261059159993,-2.05896785604065,-3.408233652787572
2265119017350,-2.41910517449417,-2.184114912621657,-3.46604818257701
2265119017366,-2.410414893696235,-2.511580683030401,-3.4677787041204264
2265119017383,-3.152490491306846,-3.378959094719242,-3.7136240003068557
2265119017400,-3.1479493491762494,-3.0046545339519763,-3.875080139968042
2265119017416,-2.9178790493882794,-2.0805936216854977,-3.9989364913775813
2265119017433,-2.518788509047792,-2.5877960964097477,-3.6490546514347475
2265119017450,-2.868424305264107,-2.4402682467054255,-3.360317264595734
2265119017466,-2.9222654241934247,-1.6997073672868788,-3.373080778097926
2265119017483,-2.744169545045431,-2.118236936674518,-3.3275269753176673
2265119017500,-3.164002898751245,-1.9493661672385367,-3.0373107243527606
2265119017516,-3.4409748776638414,-1.929395626978987,-3.183469090720563
2265119017533,-3.575730293811886,-1.9622087497361553,-3.634429979591988
2265119017550,-3.8372284785829183,-2.514058883397501,-4.002091954069357
2265119017566,-3.9980942749046315,-3.3829661568430383,-3.940703482825041
2265119017583,-3.9293552965498573,-3.42104316594821,-4.053978268788677
2265119017600,-3.6883049386110267,-3.598172696119972,-4.317264438462716
2265119017616,-3.8781482979916264,-4.105531768252972,-4.0934276595555525
2265119017633,-4.205218443797389,-3.378976017563141,-4.347007224094673
2265119017650,-4.095466509200984,-4.276253398628564,-4.137189098656611
2265119017666,-4.062764152209629,-4.302525398505311,-4.396091281732836
2265119017683,-4.298848844586636,-4.3331357034431415,-4.572526012511826
2265119017700,-4.291504666141865,-4.69236270397757,-4.77434568627857
2265119017716,-4.682562875984506,-4.426464733153031,-4.546103210740408
2265119017733,-4.551500199058893,-4.649410521658712,-4.905497679835939
2265119017750,-4.116933884115005,-4.439477417541799,-4.999302609344609
2265119017766,-4.202911983813629,-4.9002628771379735,-5.036085468681456
2265119017783,-4.440472790658412,-5.051454062134766,-4.99181921991889
2265119017800,-4.109494228720529,-4.787237180249594,-5.232203447734321
2265119017816,-4.190895775845319,-4.976802526671123,-5.227483604949358
2265119017833,-4.22533546024125,-3.551044337432733,-5.252435792921802
2265119017850,-4.134540935187139,-3.3661843028360683,-4.882742968579194
2265119017866,-3.7404265398891825,-3.4351876409701365,-4.884581182694014
2265119017883,-3.131021734664099,-3.2351779131178855,-4.911972574852232
2265119017900,-3.1784363983357453,-2.6767217710890168,-4.459403484344497
2265119017916,-3.3288092538349368,-2.1885422481414953,-4.516768071241224
2265119017933,-3.2201424089330137,-2.158259561882149,-4.512907194393155
2265119017950,-2.8498170612073834,-1.8073702731081167,-4.513321308436519
2265119017966,-2.804612137069883,-2.6972979817991236,-4.16689389682361
2265119017983,-2.684762511134502,-2.8876326711209384,-4.207644997651136
2265119018000,-2.679202028894511,-3.3703560767549177,-4.379302559187666
2265119018016,-2.584741561257091,-3.8103478244098445,-4.290390818025364
2265119018033,-2.776065467950127,-4.110867491590627,-4.18467116479343
2265119018050,-2.9439378090984194,-4.093085957676227,-3.9533197923081995
2265119018066,-2.6711985476242854,-3.7071966234969578,-3.8902003112015966
2265119018083,-2.640029633482218,-3.7666225301925396,-4.169948355609444
2265119018100,-2.635027871534896,-3.439100928487276,-4.432431137790855
2265119018116,-2.182667639333931,-3.9426815299534694,-4.656907288993763
2265119018133,-1.9458920951543508,-3.911938867042507,-4.623297108775004
2265119018150,-2.0194697837462705,-3.595974688476012,-4.38893816941044
2265119018166,-1.425458205087458,-3.4433229845002855,-4.124878492432047
2265119018183,-1.6846622502053106,-3.7233423674684247,-4.1398132576257325
2265119018200,-1.431615227250283,-3.974037536547554,-3.902548809237703
2265119018216,-0.7897756050617053,-4.0693032761876715,-3.9543644986682063
2265119018233,-0.5299429720020088,-3.9849652295713573,-3.773240820275465
2265119018250,-0.6086729937944648,-4.420510281127305,-3.444363545138733
2265119018266,-0.46189741597772915,-5.2808237375668545,-3.4881305344011766
2265119018283,-0.36839703895399367,-5.035168717941163,-3.601440755487557
2265119018300,-0.11621088096480037,-4.649985400618941,-3.552273230417969
2265119018316,0.05392939844055178,-4.55783888954999,-3.7754221526275558
2265119018333,-0.1765656065015575,-3.971888760007076,-3.702478643364472
2265119018350,-0.3708058522946649,-3.9651034513434142,-3.3624832667706626
2265119018366,-0.35821688210468494,-3.43725048502091,-2.933998151171278
2265119018383,-0.7301595806144476,-3.3621080222942608,-3.1332004757258693
2265119018400,-0.529309126066523,-3.8089985812571046,-3.0339973841531243
2265119018416,-0.6104826096916147,-3.914751375682483,-2.732498011018233
2265119018433,-0.5920342866192341,-3.999523160008973,-2.952263898654062
2265119018450,-0.6499502988882409,-3.82213280867287,-3.0433846571658822
2265119018466,-0.6504184829620332,-3.2157832166781763,-2.874654485298276
2265119018483,-0.8505413036737535,-3.037133177150039,-2.8840206953726786
2265119018500,-1.1458088706829428,-3.2063196233764186,-3.14210763254391
2265119018516,-0.9231686091720648,-3.1780602712725883,-3.471159932244335
2265119018533,-0.9917986696229786,-3.312194524966384,-3.316428478033805
2265119018550,-0.7648097768248272,-3.1976807354806445,-3.1031132896789706
2265119018566,-0.20850071029272055,-2.670477275755907,-2.938241159919306
2265119018583,-0.4076944310779371,-2.7743066136995447,-2.8905215538396445
2265119018600,-0.22783257195517148,-2.324932778293658,-2.879614685934138
2265119018616,-0.2082457774947235,-2.0163522960566667,-2.5788450953457214
2265119018633,-0.05439773651386304,-2.3797815244558995,-2.580271981466694
2265119018650,0.09797359970225994,-3.18998896860659,-3.0079992287861295
2265119018666,0.2731109492341366,-3.1893239634375687,-3.029570266764679
2265119018683,0.647816350979971,-3.3221464581781057,-3.2292887790787703
2265119018700,0.6733333921120428,-3.4970711469591866,-2.939534183434178
2265119018716,0.611839832360304,-3.6568810577986577,-2.6532813724770867
2265119018733,1.0259676411251046,-3.6268274388819735,-2.983525103570056
2265119018750,0.8825012710722024,-3.5520993789107966,-3.101306302638517
2265119018766,1.4111856684640545,-3.463005274226149,-3.0564530543575135
2265119018783,1.6506797089673695,-3.179372624455937,-3.060086128196397
2265119018800,1.7208947747621268,-3.7754983564350475,-2.9858548926599444
2265119018816,1.6387186946796506,-3.597608791442916,-3.0336614827844492
2265119018833,1.8407757285875395,-3.3419986309263674,-2.9735691137591487
2265119018850,2.0650735134153653,-3.375588977288273,-2.6794896447807854
2265119018866,1.706431231658227,-3.4458776617503304,-2.8817442946824334
2265119018883,1.2826050370034654,-3.3074553782552933,-2.7206667566163274
2265119018900,1.0842438922809245,-3.4535938878774646,-2.4708637903973725
2265119018916,0.7073510399999119,-3.490303000258476,-2.4521679072629343
2265119018933,1.237536800370174,-3.3484437688282482,-2.3428100515296872
2265119018950,0.4380229168789054,-4.02695601895026,-2.1372503960410363
2265119018966,0.44012002224585345,-3.7006834754350466,-2.019712161227781
2265119018983,0.6359596036306883,-3.1189246710618743,-2.101130053000121
2265119019000,0.31507436118411913,-4.058920303600662,-2.1726488906845005
2265119019016,0.17527442192240716,-3.69047141201822,-2.3573959796133077
2265119019033,0.013022276746047723,-3.6526108367786643,-2.5407700205849824
2265119019050,-0.013119256114910272,-3.386545566689976,-2.5367435611132456
2265119019066,0.08087944279960801,-3.7998762081766317,-2.3432630148625915
2265119019083,0.08593807297646361,-3.1594258485413267,-2.220380112253891
2265119019100,0.0749973073431347,-3.352946893603239,-2.413827672915271
2265119019116,0.21284946660567172,-3.0072002469189445,-2.5162811266278253
2265119019133,0.17825588539535264,-2.6260850077548006,-2.2491626167123764
2265119019150,0.15268792950727494,-2.9985853918812975,-2.437409193430281
2265119019166,-0.20370987439368626,-3.004555591343276,-2.6192132288024417
2265119019183,-0.13653079738371598,-2.7729836813334154,-2.677067246990115
2265119019200,-0.6169560258227325,-2.915130159754104,-2.638737096181528
2265119019216,-0.5008824405381347,-3.8501347072812635,-2.472242187380025
2265119019233,-0.5778392548635782,-4.393429475455621,-2.4345302579349815
2265119019250,-0.7151088630914728,-4.408968367917315,-2.7274705128164185
2265119019266,-0.7539248727391277,-4.429603885240368,-2.9235880396345513
2265119019283,-0.9807225985655128,-5.12197121940448,-2.8656055721761486
2265119019300,-0.936490733614936,-5.452665704123853,-3.2222705591593326
2265119019316,-1.167129767012772,-4.971293869935333,-3.2154283049448136
2265119019333,-0.9601824592036081,-5.061104655697809,-3.432816845670643
2265119019350,-1.0777210715997492,-5.411697244876214,-3.262809858297769
2265119019366,-1.1540118195652194,-5.521096008491301,-2.9606694057426477
2265119019383,-1.3509562410813767,-5.3692463532458,-2.8737509471105365
2265119019400,-0.7568370427537623,-5.080629284985542,-2.5028953804017373
2265119019416,-0.9229164191114458,-4.911753654091453,-2.2730754340514414
2265119019433,-0.669704559390806,-5.47234178438166,-2.4498046383791414
2265119019450,-0.49698218062051325,-5.407983357416545,-2.211268125168901
2265119019466,-0.8510504322706867,-4.925127795594857,-2.66963961405039
2265119019483,-0.9664772333449858,-4.905889628692406,-2.7461376992652866
2265119019500,-1.2226183945459117,-4.9771257126223665,-3.022534867291299
2265119019516,-0.9045869692484958,-4.922755604865899,-2.954913011037745
2265119019533,-1.3752779307545357,-5.500059384814095,-3.2352278823750455
2265119019550,-1.813632620894332,-5.367323975668392,-3.129367014865203
2265119019566,-1.2916678046712664,-4.9334244849863635,-2.8798735980813173
2265119019583,-1.3702714929998563,-4.845380467849015,-3.274225879000374
2265119019600,-1.3862187191265098,-4.974051940782665,-3.323337385881012
2265119019616,-1.0499877336272547,-5.102496072896312,-3.4524877590985055
2265119019633,-1.017737585199877,-5.836573769743419,-3.4828948404141022
2265119019650,-1.9925068852181154,-5.845768146187075,-3.8792770119779814
2265119019666,-2.094204995765659,-6.0231603737207475,-3.954960012002911
2265119019683,-2.158082066432146,-5.749618140488754,-3.5124555434803306
2265119019700,-2.4761343033925063,-5.85325513495289,-3.3139506830841388
2265119019716,-2.8608531423716337,-5.996415362422169,-3.289205469566982
2265119019733,-2.9684785306644486,-6.472228108382171,-3.276847268104848
2265119019750,-3.2217810268032987,-5.859617012278039,-2.97475744651381
2265119019766,-2.8766304069567554,-5.878958336835903,-2.9080975752630116
2265119019783,-2.896581937072514,-5.7924344337210005,-2.738037538600944
2265119019800,-3.118054781451133,-6.755487646243811,-3.246698850943578
2265119019816,-2.9364527291461484,-6.420430523340216,-3.116208843327988
2265119019833,-2.2657944895118365,-6.67996393253062,-3.0495198770126835
2265119019850,-2.3820673943116044,-6.949504287503979,-3.137227184981684
2265119019866,-2.7371716839043425,-7.660276325637362,-2.9050095893412875
2265119019883,-2.7923289215455185,-7.794284370796582,-2.7498039188298464
2265119019900,-2.94679002580887,-8.071770573289204,-2.8815146924020785
2265119019916,-3.100525549640544,-8.427472175840787,-3.066400148486996
2265119019933,-3.1874540887372538,-8.385420238533108,-2.949180396731817
2265119019950,-2.635096254911841,-8.466547014279989,-2.898769386149946
2265119019966,-2.887435280193074,-7.8926559254703506,-3.0713962516402495
2265119019983,-2.3421212976119135,-7.4926715241012145,-3.1329363760745204
2265119020000,-2.398666393983644,-7.725224332892214,-3.0512517923652367
2265119020016,-2.32092889083469,-7.606193751798066,-2.985878253804368
2265119020033,-2.2633292561316587,-7.636980591075355,-3.174854597637104
2265119020050,-2.3312556741710164,-7.434022958168695,-2.5565209144326824
2265119020066,-2.089235225886676,-8.225969616462068,-2.3868254341437685
2265119020083,-2.2513814989981142,-8.266344357826227,-2.404239085292545
2265119020100,-2.01646136139061,-8.427365637977193,-2.357172896883037
2265119020116,-2.701923026616559,-7.86929047137874,-2.7021981612592105
2265119020133,-2.465350804247561,-7.745146417740384,-2.7457808255689966
2265119020150,-3.0167884455964273,-7.508319436881504,-2.717152031688543
2265119020166,-3.2213005946688305,-6.6614946367993335,-2.731177570513026
2265119020183,-3.35668713685045,-6.24983423308868,-2.570055651771901
2265119020200,-3.0030239634352895,-6.72535762380968,-2.8365543823360015
2265119020216,-3.127996692017313,-7.0644961861790225,-2.717014898111969
2265119020233,-3.522687425938063,-6.953240225211966,-2.4540576720481395
2265119020250,-3.6988190847902964,-6.783285843472502,-2.214217758097978
2265119020266,-3.876178844274204,-6.30989041952013,-2.1828651868782414
2265119020283,-4.229354951866067,-6.84343095088574,-2.228445847183573
2265119020300,-4.016092240892138,-6.944797834499752,-2.024441530494696
2265119020316,-3.979701888733079,-6.782582947629623,-1.8720129615902845
2265119020333,-4.384694951599963,-6.399279318885556,-1.8378803330630646
2265119020350,-4.203285108270053,-6.73268706773085,-1.891989495660349
2265119020366,-4.396173100755497,-6.338752852619777,-2.111219119415033
2265119020383,-4.009159502600999,-6.30524390151487,-1.9036359492329566
2265119020400,-3.8530124994896826,-6.3064593797783415,-2.2843814276857897
2265119020416,-3.8030895505490023,-5.641841305069178,-2.471120235333804
2265119020433,-3.6506576396723,-5.555309060074821,-2.2364741692514576
2265119020450,-3.341675488621304,-5.925707917572829,-2.279338702251594
2265119020466,-3.3686279901009826,-6.018229969742772,-2.18629249928585
2265119020483,-3.3972471105113087,-6.702829521599129,-2.0791249829953493
2265119020500,-2.999944828866491,-7.137785938271268,-2.394125030138151
2265119020516,-2.6303911979264623,-6.833535573628578,-2.0541410241049234
2265119020533,-2.3764870886658374,-6.020228014302938,-1.667858753388537
2265119020550,-2.284660429443266,-6.143233083711134,-1.579064157960161
2265119020566,-2.6861730656063436,-5.648007154661691,-1.5270100617647102
2265119020583,-2.7867784757697454,-5.412525635207225,-1.312176059181542
2265119020600,-2.814816855779465,-5.391046666598751,-1.4713196786365923
2265119020616,-3.0650591625237857,-5.12691205105954,-1.6758703443500542
2265119020633,-3.228817295895567,-5.181612307918328,-1.7499717685772465
2265119020650,-3.5278101556818724,-5.604138238594054,-1.723882519960101
2265119020666,-3.4107477003804547,-5.534530129102106,-1.7064086812428008
2265119020683,-3.603964514588375,-5.101521429769274,-1.7756964934176336
2265119020700,-2.945140937094455,-5.305806017496474,-1.66238069115008
2265119020716,-2.581090927350639,-4.916503958349994,-2.029634313134048
2265119020733,-2.59398162688616,-4.349821277224997,-2.081920338406004
2265119020750,-2.648786277027636,-4.453408706710059,-1.871132957613121
2265119020766,-2.8964836993598464,-4.535800905847624,-2.008590359067481
2265119020783,-3.0082170744322063,-4.578139439412898,-1.7435007428828322
2265119020800,-3.1826542027150935,-5.10295119756461,-1.6451227567629543
2265119020816,-3.6141904189279646,-4.526461775488729,-1.6562858286140942
2265119020833,-3.4726461783415337,-4.664844754882181,-1.4861009137127839
2265119020850,-3.827481311548917,-5.117609782684088,-1.216188178391184
2265119020866,-3.6511588780897837,-4.855941485758487,-1.258218958941237
2265119020883,-4.144397915614506,-4.325880528488408,-1.3902839737085662
2265119020900,-4.9182729920282435,-4.41061437356469,-1.5085715993988966
2265119020916,-5.010090311539366,-4.010744050222614,-1.7543207822281393
2265119020933,-5.3803837626124125,-3.679702010134009,-1.898950840936477
2265119020950,-5.461036739260014,-3.5871608006902074,-2.054414516498863
2265119020966,-5.906001088680789,-4.179593898799214,-2.283245967570986
2265119020983,-5.8831517391692865,-4.501498407389372,-2.0329245982999327
2265119021000,-5.85371109538142,-4.384016971643524,-1.762396073565726
2265119021016,-5.96681839237034,-4.429812672166524,-1.7039843860508812
2265119021033,-5.7700504338123135,-3.7563204938106787,-2.181078055673696
2265119021050,-5.370613152458595,-3.957389703768568,-2.2519791504475073
2265119021066,-5.064848375271076,-4.0829086518792685,-2.3590791616385425
2265119021083,-5.291051619741752,-4.324952601496725,-2.348720792879783
2265119021100,-5.292605284473825,-5.076133699110202,-1.893999349144483
2265119021116,-4.965414024826331,-4.999381544572377,-1.4616784719057527
2265119021133,-5.314337156838416,-4.909180665716489,-1.5576244867358195
2265119021150,-5.489813327569417,-4.467262599040918,-1.503351298435222
2265119021166,-4.885984827056462,-4.572500809064104,-1.4579035382104508
2265119021183,-4.822796536110298,-4.835826432206307,-1.123920122657017
2265119021200,-4.708539741137224,-4.569190638086939,-1.120738844645132
2265119021216,-4.350194709142904,-4.504647950730633,-0.9629433431375034
2265119021233,-5.020336647314748,-4.809068501100737,-0.8654987229131741
2265119021250,-4.8469914401967875,-5.088230791278757,-0.545216365397498
2265119021266,-4.6844361205401395,-4.930761066668408,-0.7114340012907143
2265119021283,-4.222761197865783,-4.600488546496397,-0.7642724560181722
2265119021300,-4.1177041034267186,-5.1097121749876155,-0.858618699933344
2265119021316,-3.842646261364073,-5.205759924591327,-1.1312946450501264
2265119021333,-3.7073179976218973,-4.229685423459743,-1.2225884561134448
2265119021350,-3.81736879922021,-3.991159931772987,-1.4352522666733012
2265119021366,-3.4069486146197665,-3.9425177766637605,-1.4667503251044234
2265119021383,-3.1649480462242154,-4.258999290055288,-1.162971691427826
2265119021400,-3.116605917844906,-4.589548063127447,-1.460666423886418
2265119021416,-3.0390715107626933,-3.965204001633395,-1.207771857636502
2265119021433,-3.012670410432591,-3.4991901925008437,-1.2178725611271273
2265119021450,-2.5960787813944273,-3.8469984828901573,-1.251676150372684
2265119021466,-2.627019296253646,-3.834230307583016,-1.2680999124071157
2265119021483,-2.657528797707598,-4.001330103084702,-1.4357468996858678
2265119021500,-2.802351709808567,-4.252666984815363,-1.2801677505624076
2265119021516,-3.0495089545681155,-4.500183840755588,-1.6639335544362581
2265119021533,-3.3267957784060456,-4.129390306561201,-1.8087206305206858
2265119021550,-3.6228194963494618,-4.165935698749235,-1.5009416840943943
2265119021566,-3.81256368230832,-4.397000628540192,-1.6173077637924635
2265119021583,-3.5585788783870314,-4.9668593578680875,-1.7122520033727149
2265119021600,-3.3939072771652277,-4.929822763857424,-1.9874685756975699
2265119021616,-3.68252710068917,-4.571033673729723,-1.9789022493004678
2265119021633,-3.2017386024868904,-4.335127820284638,-2.0541175563814806
2265119021650,-3.188323416792633,-4.291682257385996,-2.154887859854608
2265119021666,-3.6524355745317543,-4.3403008961471805,-2.5683526268310573
2265119021683,-3.6660553091154386,-3.947616246884727,-2.804674729198072
2265119021700,-3.588657232216632,-4.060490392095982,-2.995733607225177
2265119021716,-3.5803699323023856,-3.65158656824384,-3.2257644647940884
2265119021733,-3.1403453736176843,-3.8246116595422155,-3.152417551508025
2265119021750,-3.037601974136993,-4.570059955697827,-2.8102200943105884
2265119021766,-2.630163325709859,-4.481493219357773,-2.5923762590225694
2265119021783,-1.9592623326743546,-4.836059000598651,-2.3610063891626707
2265119021800,-2.213412604950095,-4.403311633920997,-2.201917836364433
2265119021816,-1.9543168761614744,-4.9206614976037075,-2.1333852097897843
2265119021833,-2.458538048535463,-4.977154223339403,-2.1952860117837223
2265119021850,-2.0977760610553915,-4.960967179613324,-2.040232527349012
2265119021866,-2.004908317071436,-5.018005360233798,-1.960490018644586
2265119021883,-1.9385507402491502,-4.779274263123511,-2.295986360506335
2265119021900,-2.4268367873918684,-4.881240017786123,-2.464195048645487
2265119021916,-1.825202516227904,-4.625133373578377,-2.2261524679811786
2265119021933,-1.6362997081006112,-4.493732946562319,-2.2366300040598546
2265119021950,-1.3561284197694454,-4.0271987679616705,-2.3059684200250876
2265119021966,-2.255359949233931,-4.119163958774145,-2.5387139561021494
2265119021983,-2.5282681308838924,-4.213679481958142,-2.0022089487514894
2265119022000,-2.3926201684027792,-4.501351541169113,-2.088738998865912
2265119022016,-2.4115441070881762,-5.449089620894228,-2.0384374615021783
2265119022033,-2.12352442781345,-5.646759142566948,-1.900172839920135
2265119022050,-2.0657087475479123,-5.1953023515350045,-1.6816566220819997
2265119022066,-2.3605189721955537,-5.0243462338449465,-1.7969835501323919
2265119022083,-2.534566725056939,-5.36134079784749,-1.3542471371866827
2265119022100,-2.356743261882103,-5.418395953407408,-1.4596845953097684
2265119022116,-2.507550341212978,-5.080363425076298,-1.6841916984587593
2265119022133,-2.1579955751484645,-5.556341255972437,-1.285049163082707
2265119022150,-2.6618561121289646,-5.4700209919395375,-1.5619719197853081
2265119022166,-2.5980951322417516,-5.496199477638784,-1.442988335116734
2265119022183,-2.2563581420227314,-5.783732856645787,-1.1422855360294533
2265119022200,-2.2136220161168687,-5.7375229154662675,-1.1380019297743522
2265119022216,-2.495096257100074,-6.792180056294752,-1.1090961196925682
2265119022233,-2.315869841797375,-7.134451969371506,-1.309405133656232
2265119022250,-2.5221665046691006,-7.780193673965839,-1.191387585287741
2265119022266,-2.8129887291034334,-7.618448607622561,-1.0901873296540603
2265119022283,-2.902068762359094,-7.757145238828254,-1.0427277710574987
2265119022300,-3.1901760387289455,-7.577103696128286,-0.7315828698004658
2265119022316,-3.2656478131830173,-7.777009327661887,-0.7155652835057831
2265119022333,-3.4828902657406022,-7.7087319205741505,-0.5537343550206062
2265119022350,-3.3235260228699097,-7.438223834179702,-0.6155823117250407
2265119022366,-3.6091670689080213,-7.167223746216638,-0.8950703861352776
2265119022383,-3.5843712817985534,-7.547553274667128,-0.8776979012459176
2265119022400,-3.198157478086162,-8.17793899563166,-0.6304632381563864
2265119022416,-2.9053894788498074,-7.96521458722186,-0.7832683408253898
2265119022433,-3.0131790944466688,-8.14256332552863,-0.5082344276372974
2265119022450,-3.016232567248079,-8.042075202659934,-0.733284434839033
2265119022466,-2.686226638994138,-7.5138949904858485,-0.7736816899549819
2265119022483,-2.2369978230766803,-6.729897847444762,-0.7152095240604135
2265119022500,-2.1844015733498963,-6.963478822658267,-0.7666810818553316
2265119022516,-2.4819170305180682,-6.859226166617489,-0.8905223018214534
2265119022533,-2.6665325984511035,-6.930437905793557,-0.9059902241974287
2265119022550,-2.7591668609958564,-7.005910977778054,-1.2066378469927705
2265119022566,-2.5910806056386457,-6.8447042838686,-1.5971019098573116
2265119022583,-2.4741301007529373,-7.339276663571256,-1.6248764070720614
2265119022600,-3.0234711823509213,-6.650620175545467,-1.594467634039759
2265119022616,-3.0105582611945625,-6.539042831692872,-1.7792150974966927
2265119022633,-3.6000882571993054,-6.938226456856592,-1.6637724792157849
2265119022650,-3.6569989901985918,-6.942178092161002,-1.6310359927729274
2265119022666,-3.4240699367210965,-7.578426838475211,-1.5342604351612985
2265119022683,-3.38988416154503,-7.4710966071793425,-1.6264318174687686
2265119022700,-3.2047335160910126,-7.583830420504908,-1.7309005299286706
2265119022716,-2.959171906577444,-8.342160717124635,-1.6603781606433945
2265119022733,-2.8382650867425823,-7.885362154932778,-1.367463331193712
2265119022750,-2.9194232108571256,-7.209204007671262,-1.1145969455009925
2265119022766,-3.02736380193367,-7.726019686765287,-0.9196518977699297
2265119022783,-3.103901862070873,-7.841940915915821,-1.2745474247382558
2265119022800,-3.090798698665312,-7.705670698230556,-1.390150419455611
2265119022816,-3.426930621918463,-8.128545437084373,-1.3471432415553615
2265119022833,-3.251986724502916,-7.8448575025910205,-1.3135251462994821
2265119022850,-3.620318733523057,-7.830145331034528,-1.2897242496112336
2265119022866,-3.2856507173877474,-8.466657705755143,-0.7320928532578281
2265119022883,-3.6055232816785185,-8.680124578099669,-1.1028431236104925
2265119022900,-3.587857338466402,-8.747539267044797,-1.1446434373784413
2265119022916,-3.267529053960892,-9.210470671560389,-1.317932549202109
2265119022933,-3.629138241790475,-9.095209126208058,-1.3083490746992377
2265119022950,-3.755588405821027,-9.934754782896679,-1.6768890011416608
2265119022966,-3.7966315851610473,-10.023409344863534,-1.701272019639826
2265119022983,-4.655124758803713,-10.04854770234519,-1.7302182786074687
2265119023000,-4.439065115201659,-10.373181989997788,-1.7283473488761856
2265119023016,-4.874360311152766,-10.191052745933252,-1.9805808857963298
2265119023033,-4.7715654303033554,-9.9415949669777,-2.1590897335111254
2265119023050,-4.829904207525675,-9.980499671566832,-2.1332313986120983
2265119023066,-4.446618495179412,-9.581376474454315,-1.9957557048798926
2265119023083,-4.644644808674705,-9.768431840840151,-2.0251868323277984
2265119023100,-4.597125738489696,-9.944885203575641,-2.1984219464443644
2265119023116,-4.477292406675044,-9.26570561838825,-2.411582486173939
2265119023133,-4.534402654739158,-9.145100531354451,-2.447817621221557
2265119023150,-4.320240608323159,-8.651212352990003,-2.2511412460686846
2265119023166,-4.457485098084792,-9.412288958711938,-2.366020762767463
2265119023183,-4.688164447124541,-9.161102580976088,-2.436422861893798
2265119023200,-4.437879880310556,-9.580634745026858,-2.496953184939164
2265119023216,-4.442349440792296,-8.940333135114948,-2.473715582401033
2265119023233,-4.421574291718268,-8.943830448580043,-2.704645702661399
2265119023250,-4.28579997867238,-8.882560387805189,-2.986787642632273
2265119023266,-4.091431459270744,-8.655203500725786,-3.169386504518512
2265119023283,-4.226806889086624,-8.885553250023657,-3.2333938384062817
2265119023300,-4.8335962465256115,-8.369046054377005,-2.964395300058343
2265119023316,-4.993290597251117,-8.11856618258153,-3.0023328124056605
2265119023333,-4.652629469638758,-7.8371077276884185,-3.2233883496544813
2265119023350,-4.310668532263628,-7.595880157906099,-2.964318345342209
2265119023366,-4.430476736986656,-7.5515479331991004,-3.1750421999679515
2265119023383,-4.973846320268334,-7.335073059962532,-3.221401291100532
2265119023400,-4.973317628145675,-7.46739627489308,-2.883154921959758
2265119023416,-5.282884820272579,-7.363073409335885,-2.619782631638848
2265119023433,-4.916796316892845,-7.251789364724061,-2.344586446233558
2265119023450,-5.134243131929626,-7.247391192545471,-2.42387152881564
2265119023466,-5.5274320013558444,-7.021920548367309,-2.3280547858006653
2265119023483,-5.887685788847845,-6.477604402244714,-2.21211970280117
2265119023500,-5.955286721964086,-5.942886689723846,-2.311731667696825
2265119023516,-6.068490219674161,-5.6369693977776505,-2.380166738888533
2265119023533,-5.902366046885653,-5.861479540161381,-2.4999657837713016
2265119023550,-5.273630225292914,-5.553477701333754,-2.136729984342068
2265119023566,-5.074466948154548,-5.462125747283573,-2.507841166540767
2265119023583,-5.04614003024553,-5.439288468479579,-2.5838143412888646
2265119023600,-5.455626522401451,-5.6397978588882065,-2.826124726161463
2265119023616,-5.392236760258576,-5.654073961184834,-2.947093313583898
2265119023633,-5.316547860523713,-5.455923860674437,-2.977821498219858
2265119023650,-5.250216797480519,-5.401321202995278,-2.97776448679753
2265119023666,-4.603397923311344,-5.244251288391261,-2.9576102720370345
2265119023683,-4.376700624511346,-4.667465794612542,-2.8112259279133562
2265119023700,-4.388758056896519,-4.648172577438888,-2.221667476620352
2265119023716,-4.238846426801185,-4.788245024804572,-2.1382641134916174
2265119023733,-4.0190185380027375,-5.014060350357947,-2.31097866530276
2265119023750,-3.3105341193728286,-5.12638921865734,-2.169747228931859
2265119023766,-3.3134528485466306,-5.18780433390211,-2.0507890605752452
2265119023783,-3.1375326042340257,-5.89893793991965,-1.745236328907302
2265119023800,-3.037444708751563,-5.222719642918481,-1.769910713653197
2265119023816,-3.2721417966387882,-4.56567226418721,-1.6437184824259365
2265119023833,-3.552437390760208,-5.285185961646051,-2.0277322841879366
2265119023850,-4.024108946463232,-5.848848440012775,-1.8888617155312548
2265119023866,-3.7282831590060193,-5.749182845291584,-1.7707927336247107
2265119023883,-3.605661466266298,-6.090620488744821,-1.7792340990176578
2265119023900,-3.948718195900533,-5.867496465357358,-1.608839349424891
2265119023916,-3.6037380754989865,-5.916978814702792,-1.495717731094616
2265119023933,-3.9869541334247693,-6.281917590652924,-1.5359806437680095
2265119023950,-4.044526685638524,-6.338871066951059,-1.6507665636384032
2265119023966,-4.587881611415611,-7.0104346897985454,-1.8559668572239678
2265119023983,-4.3725717528115435,-6.861498457135866,-1.47742097180118
2265119024000,-4.567635388524415,-6.497235266382672,-1.3260082639293203
2265119024016,-4.774753807980058,-6.552693096526616,-1.3052144099231515
2265119024033,-5.370685499924673,-6.418039513471398,-1.5562649332449614
2265119024050,-5.878270617442244,-6.378003592478641,-1.541512590495221
2265119024066,-5.769474226059297,-6.093001315930318,-1.3399355084342934
2265119024083,-5.322946660496604,-6.147022019283396,-1.333542976715112
2265119024100,-5.657681786924247,-6.6936975192571655,-1.4103656308809198
2265119024116,-5.79577133537402,-6.49146517642037,-1.2123276193652794
2265119024133,-5.790574803147147,-6.277892658191954,-1.3120112907220998
2265119024150,-6.051745340074893,-6.146671660371007,-1.0742559235958573
2265119024166,-5.709481451690098,-6.807009861600063,-1.0689075264207568
2265119024183,-6.1320491150277965,-7.324701251938275,-0.9863792852521096
2265119024200,-5.693897521962823,-7.7227078998109,-0.9092547132710718
2265119024216,-5.985414277042713,-6.915543252501876,-0.9218747711616655
2265119024233,-5.86717647394683,-7.299867636785865,-1.2007693604887217
2265119024250,-5.637292095481433,-7.636649331048921,-0.9982100569727224
2265119024266,-5.4950006788597925,-8.098316053745128,-1.4352461866570285
2265119024283,-5.614814251379601,-8.350976787520471,-1.784469637443249
2265119024300,-5.400227066637639,-9.109914804485843,-1.799392372099851
2265119024316,-5.320490598343592,-9.232854890080977,-1.7086394725997893
2265119024333,-5.220841131427855,-9.51974978413488,-1.4156624904468114
2265119024350,-5.441844974412205,-9.013799789555026,-1.9408612555066453
2265119024366,-5.430032190705389,-8.630542025183916,-1.8953975213640781
2265119024383,-5.236404046179227,-8.690577660758866,-1.6763982489950826
2265119024400,-5.795331234799966,-9.48639485874085,-2.073168480127327
2265119024416,-5.576179139760069,-9.805991556394236,-1.6930317407299087
2265119024433,-5.44287843798384,-9.709041225436376,-1.8219725761974586
2265119024450,-5.6424097527015675,-9.475133288739558,-1.798046893162397
2265119024466,-5.651863674051419,-9.07573187319955,-1.941861344815057
2265119024483,-5.530508726948318,-9.137844743565005,-1.705065806874128
2265119024500,-5.30150347943882,-9.082740738230886,-1.7612106551067825
2265119024516,-5.824001222814543,-8.988612203442935,-2.1086687672391604
2265119024533,-6.109686471432138,-8.629852532056177,-2.084224203921904
2265119024550,-5.808722977648161,-8.477533474181575,-2.0951595695623455
2265119024566,-5.983308870373534,-8.21754794964228,-2.22169442456885
2265119024583,-5.77246164375053,-7.783588148986302,-2.3111514234593065
2265119024600,-6.051583339083709,-7.220160451647823,-2.713518655840496
2265119024616,-5.922108963796367,-7.082257231891512,-2.826185770046646
2265119024633,-5.504120376770016,-6.974170360546328,-2.66985612739736
2265119024650,-5.469303826931444,-6.40965668182955,-2.416483490678498
2265119024666,-5.696252097505271,-6.3148229345492775,-2.4240882018631336
2265119024683,-5.428080152964485,-6.490862540469138,-2.4287299826256996
2265119024700,-5.566108376123624,-5.887253956932943,-2.588635041428877
2265119024716,-6.098561950171272,-6.261112478028529,-2.7717125326454717
2265119024733,-6.322410166658153,-5.58470426520845,-2.873436696789535
2265119024750,-6.257416746032832,-5.553476291714098,-2.978671228994032
2265119024766,-6.39752149742017,-5.882177942689144,-2.612476924179673
2265119024783,-6.793436294286423,-6.140900878801375,-3.040417132114179
2265119024800,-7.037942982058417,-6.546533256295687,-2.9701170126857273
2265119024816,-6.843223390937261,-6.8436302275004826,-2.9996483930961046
2265119024833,-6.732140818524295,-6.465643572785747,-3.399467750789993
2265119024850,-6.33512672015002,-6.036383321315412,-3.2273207168890052
2265119024866,-5.726603627817443,-6.709333222075098,-2.7912301990864163
2265119024883,-5.969642629902032,-6.498620441831148,-3.005485097833098
2265119024900,-6.186510225024843,-6.918300877558723,-3.083178102130177
2265119024916,-6.08185091358316,-7.438722494874639,-3.0782650587397455
2265119024933,-5.845892957213765,-7.500733044482572,-3.3165824298045323
2265119024950,-5.956792302100536,-7.584614376154347,-3.343371385353813
2265119024966,-6.056351268952637,-7.741210835016158,-3.2124209817984455
2265119024983,-5.840990754771304,-7.248417868930908,-3.1410544291728986
2265119025000,-6.242245562062434,-8.033317932103952,-3.2402357953634118
2265119025016,-6.20052096423486,-8.157969038739656,-3.0893200804791197
2265119025033,-6.119985772757396,-7.5909663206729565,-3.6235399449575656
2265119025050,-6.560938394263054,-7.602143851426455,-3.784262446797196
2265119025066,-6.2688206160737066,-7.724675075035478,-3.6642522945221945
2265119025083,-6.494661137949896,-7.425297073166263,-3.724262065177347
2265119025100,-6.3738157132428555,-7.291848278814186,-3.821755849961147
2265119025116,-6.494813889813326,-6.978356496337639,-3.802225288406988
2265119025133,-6.688468941384547,-6.717373358095815,-3.8387651715762843
2265119025150,-6.491930652054678,-6.913327301982292,-3.8667787011157007
2265119025166,-7.015175221179169,-7.50965285980174,-3.8062806069190014
2265119025183,-6.5453465615945525,-7.9174965122084995,-3.732590523218831
2265119025200,-6.492401285922487,-8.275526937648337,-3.6019421997973398
2265119025216,-6.4120653603378095,-7.730141262398559,-3.6064155714398307
2265119025233,-6.537685873494238,-7.959844988249313,-4.045790188284608
2265119025250,-6.9259939131240476,-8.477332409138079,-4.014267655004662
2265119025266,-6.713637482867378,-8.05634713245506,-3.4799060442798857
2265119025283,-7.049557551195006,-7.3729152097695625,-3.6340316401556767
2265119025300,-6.31294509746882,-7.2102871159156265,-3.0495504642891285
2265119025316,-5.95182777242857,-6.616647390194441,-2.904937665308612
2265119025333,-5.970656420433143,-6.612934624318809,-3.1900610648762595
2265119025350,-5.896076400500783,-6.17943753065745,-3.0312719862694726
2265119025366,-5.954077124309167,-5.983381479844496,-3.313985488427939
2265119025383,-5.724090467706199,-5.301422467088781,-3.212087439566708
2265119025400,-6.004479824481743,-5.242617257444404,-3.0981080904217784
2265119025416,-6.56245962714823,-5.223038932346668,-3.402196302903444
2265119025433,-6.860813681613841,-5.452994678527579,-3.2784024553851747
2265119025450,-7.228013137473566,-4.943114483185798,-3.131014736877946
2265119025466,-6.973165571188121,-4.713842304519884,-2.9313583101353524
2265119025483,-6.423614673107644,-5.233321027915263,-2.876024167220116
2265119025500,-6.336638744185601,-5.238140562354169,-3.2781547868974212
2265119025516,-6.332428049473335,-5.523363108616558,-3.3878332522812458
2265119025533,-6.534631936499785,-5.250025792009428,-3.5697656771698387
2265119025550,-6.132126965263418,-5.114580173805595,-3.426288796877546
2265119025566,-6.0918718818469895,-4.808517641718447,-3.5309004369026207
2265119025583,-5.738107103084845,-4.7364545397131765,-3.1116209706302613
2265119025600,-5.403209533735869,-4.373340903140302,-3.1234310070559133
2265119025616,-5.405368551655184,-4.294522549843657,-3.240385315865402
2265119025633,-5.312932559298489,-4.645077601655326,-3.408307267270527
2265119025650,-5.515442034193272,-4.858041442065963,-3.239371690859271
2265119025666,-5.356321923938517,-4.905805442260039,-3.337130538225851
2265119025683,-5.1382152574277855,-5.090476354400727,-3.5796257248293557
2265119025700,-5.234830316375647,-4.953673417643075,-3.4136237478257145
2265119025716,-5.003331552804596,-4.278696180255894,-3.5653085893426257
2265119025733,-4.798679253900096,-4.553405450922104,-3.604056532805348
2265119025750,-4.858207205416587,-4.764307706815483,-3.749591024353425
2265119025766,-5.080533400917884,-4.284843924296608,-3.3933120222536455
2265119025783,-5.251925704854505,-3.513415821028445,-3.508727013778679
2265119025800,-5.448383571940174,-3.4347589682773907,-3.7811188347719296
2265119025816,-5.556328661118979,-3.733514914375193,-3.649091443270828
2265119025833,-5.539777070863728,-4.385919398190902,-3.795817234593594
2265119025850,-5.909903014182458,-4.3156494832732415,-3.8008021174839874
2265119025866,-5.701945566184194,-4.157038886208383,-4.073009946206534
2265119025883,-5.796042036286474,-4.413467491844592,-4.241908164627655
2265119025900,-5.755835401505841,-4.746177725720466,-4.349605813766655
2265119025916,-6.215361554818683,-4.739481124907279,-4.128320956830305
2265119025933,-6.368736737262537,-4.39804886633034,-3.854101021141851
2265119025950,-6.120597536216387,-4.226139478070201,-3.762599857259753
2265119025966,-6.234618956388024,-3.945817928389266,-3.8524592361846146
2265119025983,-5.981464603828693,-4.603260920018874,-3.932300417289628
2265119026000,-6.311777976939151,-5.104023026925507,-3.8992913487644625
2265119026016,-6.823699957182676,-5.3680400979647604,-3.5824824179427037
2265119026033,-7.028024379510974,-5.725741550837542,-3.5981055082414843
2265119026050,-6.693675775832258,-6.193376644865255,-3.795364618672811
2265119026066,-6.313355940496023,-5.9537978637040165,-3.766966334944838
2265119026083,-6.573181932085585,-5.777844201400371,-4.005614633139129
2265119026100,-6.867499570390247,-5.332802590328625,-3.8467791994670844
2265119026116,-6.903383675180697,-4.882207827364982,-4.198102039019371
2265119026133,-6.934817759226775,-4.9629971788128735,-4.172344271319486
2265119026150,-6.862181681169095,-5.0711223452977565,-4.314667004963473
2265119026166,-6.878629228284325,-5.2610141552681755,-4.868702762512179
2265119026183,-7.410105308439025,-4.538941200392125,-4.913313204227091
2265119026200,-7.352229886424375,-4.852864092515433,-5.193199122025282
2265119026216,-7.25326132635467,-4.723022241672175,-5.100619401040197
2265119026233,-7.602512793485787,-4.8712549219931445,-5.0625655690748985
2265119026250,-7.809646749427366,-5.138745358491852,-5.044248249980759
2265119026266,-8.142658258983632,-5.415220959176627,-4.917350335948015
2265119026283,-8.240682830570693,-5.143672065169469,-5.050160217086195
2265119026300,-7.938831868670791,-5.835219446171607,-5.017491950974073
2265119026316,-7.895584022718694,-5.943431894978183,-4.689359326577009
2265119026333,-8.110835583807564,-5.353936862949681,-4.658826211067941
2265119026350,-7.698531713670299,-5.0971776298310925,-4.108178679157727
2265119026366,-7.910641238266761,-5.245562256974127,-3.926049669347888
2265119026383,-8.065726398666577,-4.74482985970879,-3.570015022807514
2265119026400,-8.145129292356962,-4.768018476432809,-3.47248636632022
2265119026416,-7.89043502614967,-4.844981320556287,-3.2878096931705487
2265119026433,-7.741218298626757,-4.848704313604511,-3.6960002301409665
2265119026450,-7.349977433241962,-4.520305708441695,-3.4857424245085973
2265119026466,-7.395129582815402,-4.3225882864295215,-3.5604037650978713
2265119026483,-6.908731701704094,-4.800593538454599,-3.4232272671443624
2265119026500,-7.28949209930372,-5.2199031430503116,-3.529785495017925
2265119026516,-7.519654029643406,-5.680477405957697,-3.825315026268322
2265119026533,-7.728088354776676,-5.990206389162189,-3.794621401864854
2265119026550,-7.294012772750753,-6.583555597748873,-3.587881346641435
2265119026566,-7.674033298796161,-6.480562745309549,-3.340296842970132
2265119026583,-7.433401837104345,-6.915851342386517,-3.1059003616455376
2265119026600,-6.993258775731014,-6.816514080468548,-2.9204138877946275
2265119026616,-7.211980784499499,-7.33234219561686,-3.0829708755145395
2265119026633,-6.886055064915231,-7.532426306442911,-2.8548038078572575
2265119026650,-6.543434263150393,-7.495588975684093,-2.9788831273610055
2265119026666,-6.710096626884035,-8.14368240315234,-2.980176844901299
2265119026683,-6.4200408666776125,-7.654436028174843,-2.7801481998222854
2265119026700,-6.766825808780105,-8.043901021069358,-2.7217718774662605
2265119026716,-6.901237187424712,-7.557890594420424,-2.790283113036311
2265119026733,-6.730236518607485,-8.533428652822412,-3.1848663131186563
2265119026750,-6.662826405802595,-9.172882402494892,-3.076111604838225
2265119026766,-6.974406435783752,-9.457312022609448,-3.2087550691417395
2265119026783,-7.241045872380866,-9.386590443972173,-3.3523625033183593
2265119026800,-7.111329290393337,-9.82585755108813,-3.438263725248835
2265119026816,-6.653092538603257,-9.505946550130222,-3.5590973841137585
2265119026833,-6.557454076803229,-9.184935028988864,-3.3603055705390057
2265119026850,-6.433978486628971,-8.97595308948016,-3.3295236361207836
2265119026866,-6.643041888117429,-8.423806483649296,-3.1823774073667765
2265119026883,-7.105337188113082,-8.840806894801865,-3.1726775891467214
2265119026900,-7.067013019420029,-8.38209186397184,-3.3207667335866877
2265119026916,-6.448192767806058,-7.356756715513676,-3.341566413055318
2265119026933,-6.035020782048379,-6.9668148233159215,-3.578196226814368
2265119026950,-6.234719328841297,-7.678008630624815,-3.466394667052014
2265119026966,-5.760961008792831,-7.965808717447942,-3.2979941020737886
2265119026983,-6.038666212804824,-8.409340618638858,-3.2248712731953213
2265119027000,-5.786233743890822,-8.094174055210905,-3.1080966568021133
2265119027016,-5.718807722880323,-8.365721459844776,-3.0126256328857033
2265119027033,-6.001107858109766,-7.924530154975516,-3.167923514116886
2265119027050,-5.850372426519278,-8.102005751281357,-3.3192098884379684
2265119027066,-5.64548547976606,-8.170642187543137,-3.39445201990998
2265119027083,-5.544644294084813,-8.077777377726973,-3.4373920819790764
2265119027100,-5.222349258963671,-7.547496460056667,-3.3667041161555322
2265119027116,-5.016215807288786,-7.257676188053214,-3.1280934666616407
2265119027133,-4.679882087657112,-6.87947090508577,-3.1703718770380283
2265119027150,-5.293291599755892,-6.881675334491837,-3.31170111997454
2265119027166,-5.024438727795516,-6.367655009313529,-3.265208184883042
2265119027183,-4.890369033300938,-6.359522973187021,-3.3643553447162216
2265119027200,-4.784381163305443,-5.8517542110626675,-3.4495971475176797
2265119027216,-4.59442695127014,-5.47746441553492,-3.2259069417594333
2265119027233,-5.038472071769912,-5.646343889123651,-3.3239787596624555
2265119027250,-5.246175776354657,-5.2529782634606965,-3.6226964823691827
2265119027266,-5.286894651281719,-5.141503932132406,-3.367447299879866
2265119027283,-4.794451282273521,-5.810662503096034,-3.407503425723151
2265119027300,-4.518701170870927,-6.038721684320853,-3.429045646240852
2265119027316,-4.267192817015034,-5.646306870444376,-3.614894158221344
2265119027333,-4.15138519902575,-5.497234923505293,-3.4537968109836097
2265119027350,-4.2554404272522275,-5.7525319234955425,-3.166719540529647
2265119027366,-3.684805434658954,-6.338533549740383,-3.662788978212456
2265119027383,-3.8897342146279996,-6.1605102283096285,-3.430459374525658
2265119027400,-3.852140605161938,-6.95135349368417,-3.590795692260422
2265119027416,-3.6660316875373398,-7.74380909522592,-3.266850353185507
2265119027433,-3.8362773308848515,-8.045921421230965,-3.3022560264128944
2265119027450,-3.737633286469352,-8.432522672381285,-3.027497282017928
2265119027466,-3.4262776708680276,-7.942334502623374,-3.009772945801271
2265119027483,-3.355906085052969,-7.561605939789616,-2.8087789396090153
2265119027500,-3.3283390724362416,-7.250738290643751,-3.011725065811285
2265119027516,-3.586719318288506,-7.074246595305002,-2.976753842072487
2265119027533,-3.2380191035108203,-6.554994504360683,-2.9798174070760326
2265119027550,-3.130933344778353,-6.673232550486276,-2.9610099075924223
2265119027566,-2.737015309591131,-6.482472422266073,-2.8841905522244518
2265119027583,-2.957826206168562,-6.608414234924474,-2.9145484819465812
2265119027600,-2.9360151586547154,-6.786823039925485,-3.012444901637185
2265119027616,-3.5407691288710006,-6.438194482848726,-3.188168790790573
2265119027633,-3.836365237063752,-6.569142083724287,-3.288120328673097
2265119027650,-3.680071523363721,-6.346272350207794,-3.1275774296183965
2265119027666,-3.835364710711922,-6.556251895621995,-3.308087080554769
2265119027683,-4.0231429819550595,-6.072466362915044,-3.192240034598493
2265119027700,-3.796831964412964,-5.5920804226858385,-2.9037375466122985
2265119027716,-3.8556430361920393,-5.461462608733845,-2.4247751492237386
2265119027733,-3.8502288253016466,-5.449765967436008,-2.429908935101774
2265119027750,-4.103064196175431,-5.941396114527512,-2.7172917885010297
2265119027766,-3.9960391786002325,-5.977187803793233,-2.596413992849117
2265119027783,-3.8802832617822913,-5.08280754994632,-2.2127387617077394
2265119027800,-4.026821405873175,-4.78042361691242,-2.2272655240646286
2265119027816,-4.625007037960168,-5.442080320171476,-2.2669473579772177
2265119027833,-4.707003015960635,-5.746706488821113,-2.096389760057385
2265119027850,-4.804190547723904,-5.360191986185702,-2.080604867322011
2265119027866,-4.739759890782647,-4.907576199936398,-2.3210801358695896
2265119027883,-4.635282897215379,-4.655780601887699,-1.970417597367696
2265119027900,-4.394918748487649,-4.068916483381993,-2.08625470852939
2265119027916,-4.486447856977448,-3.800953901410362,-2.1582601736274794
2265119027933,-4.68696119887486,-3.424630318813897,-2.3003669698858564
2265119027950,-4.2594422260234825,-3.6332561870555278,-2.3390027675297604
2265119027966,-4.591655193193402,-3.295286556238117,-2.0935122793320535
2265119027983,-4.890973820658624,-3.2423795881395696,-2.20443763210859
2265119028000,-4.928356424495757,-3.3948324877519247,-1.9933962543958064
2265119028016,-4.579411647796199,-3.5110095248138107,-2.169477836331535
2265119028033,-3.7760638487103946,-3.4042791974772064,-2.6042097511425086
2265119028050,-3.4086592779637943,-3.4591018831428753,-2.4918761388128687
2265119028066,-3.596469043590768,-3.53171412023196,-2.7211386784915756
2265119028083,-3.8432496075632736,-3.9352591130980743,-3.0248305710094563
2265119028100,-4.489174321436053,-4.015192745653668,-3.0672275961934514
2265119028116,-4.515986580366685,-4.110046332531281,-3.2198855950206138
2265119028133,-4.901242528770436,-4.002868946170773,-3.4671158361594783
2265119028150,-5.08229136187725,-4.861589815187248,-3.414623499922938
2265119028166,-5.441709954598583,-4.720418134787355,-3.5508576039910897
2265119028183,-5.292916755495719,-4.4295997427075955,-3.615102785802341
2265119028200,-5.555820810972185,-3.6586636726956447,-3.70053323105601
2265119028216,-5.634673840712011,-3.7688767271067913,-3.6669557375629624
2265119028233,-5.594802300497238,-3.2217840523800443,-4.168459228692267
2265119028250,-6.1045234568498055,-3.128119656787531,-4.126324322936212
2265119028266,-6.394431899550782,-3.0143437046800745,-4.179692587638249
2265119028283,-6.379882394379554,-3.0486222880036133,-4.649011143050552
2265119028300,-5.970627938731177,-3.07890796049444,-4.547566329161114
2265119028316,-5.503767027044177,-3.288021171205406,-4.447450091540497
2265119028333,-5.257008340097122,-2.6608981338320645,-4.546477988218061
2265119028350,-5.375450989909572,-2.1528453436228374,-4.185363558324704
2265119028366,-5.810285542623769,-1.9489374328130968,-4.238194108312547
2265119028383,-5.831989418957911,-1.7463284606253668,-4.50252285967499
2265119028400,-5.937666443143516,-1.7212310130023645,-4.375283530089179
2265119028416,-5.8653809953004075,-2.4768949347913947,-4.872090265573657
2265119028433,-5.863286052254541,-2.478310257434489,-4.793809699639212
2265119028450,-5.961297565498105,-2.720197547662865,-4.938813502651056
2265119028466,-6.40296090243713,-2.748847895056975,-4.724319209544496
2265119028483,-6.576585524210762,-2.6837217361383434,-5.082061686731125
2265119028500,-6.7333733840739765,-3.0040671288479994,-5.0180597624134435
2265119028516,-7.182294822286226,-2.906558000137819,-5.045603553498087
2265119028533,-6.784195906555278,-3.052953972927651,-4.516969622866828
2265119028550,-6.90858388112032,-3.0683934769775614,-4.219935181709271
2265119028566,-6.697158839509487,-2.8100943180087095,-4.144624560864352
2265119028583,-6.925404601399454,-2.5728359763195177,-4.485308690167788
2265119028600,-6.89217743281615,-2.372382544180761,-4.587563432710228
2265119028616,-6.805992042124943,-2.6049289320116302,-4.301753641247953
2265119028633,-7.091344637239873,-2.6742057458269493,-4.038848563684434
2265119028650,-7.783461566045321,-2.7044480803278526,-3.860790591812086
2265119028666,-8.1252889005794,-2.4090777178656477,-3.6652643026849376
2265119028683,-8.016432187693425,-2.5749113443416634,-3.5742342117235273
2265119028700,-7.772312517204959,-2.6591540442590365,-3.7125945935009095
2265119028716,-7.615603836273295,-2.2136254440464826,-3.685386760456239
2265119028733,-7.50441929341232,-2.199177092292215,-3.3365271183022913
2265119028750,-7.377824084582368,-2.0713392583784462,-3.237137939568185
2265119028766,-7.586978452298672,-1.4752596359678654,-3.43560606883663
2265119028783,-7.307258617665918,-1.2958360275024354,-3.4563794659465863
2265119028800,-6.936376818499308,-1.055599201314954,-3.500063491838344
2265119028816,-6.3809586338889845,-1.5558630088552663,-3.5204235531393158
2265119028833,-6.238544261711521,-1.1663985678692521,-3.5662851049576316
2265119028850,-6.316890793006245,-0.7276069172277548,-3.2256100708378423
2265119028866,-6.152204505359989,-0.6833210729604984,-3.405660885176345
2265119028883,-6.29647179263841,-0.712774863281326,-3.2751706854362057
2265119028900,-6.102660658862049,-1.1556480368948723,-3.2606250746690293
2265119028916,-6.169793362421408,-1.2322929063055357,-3.3440551644169534
2265119028933,-6.01276897524413,-1.4191534551919878,-2.9762115329285495
2265119028950,-5.7039860447013,-1.40478929902424,-3.0491369467100546
2265119028966,-5.561643609773371,-0.8409124441994242,-3.2704116517128856
2265119028983,-5.451721686151727,-0.8930929681401905,-3.0534550963726823
2265119029000,-4.862730055657401,-0.9055372526230263,-3.028025499938283
2265119029016,-4.727174373933476,-1.5828573073996006,-3.0270121130958585
2265119029033,-4.879882847028689,-2.140423687034007,-2.8738022998495327
2265119029050,-4.730951495633951,-1.837479568682776,-2.893251040941369
2265119029066,-5.230428170848999,-2.025601370731432,-2.673823270212844
2265119029083,-5.325215228354965,-1.1395897699839947,-2.531109906826678
2265119029100,-4.914330209313193,-1.319359224831378,-2.2445228483119353
2265119029116,-4.865769712448821,-1.6424189697116756,-1.8166917228848276
2265119029133,-5.026223101339579,-1.1926246008159689,-1.77850959909768
2265119029150,-4.810379632517269,-1.185362266363974,-1.5142716379028556
2265119029166,-4.5086923468821185,-1.7841316412838601,-1.4502501078735
2265119029183,-4.169365155137184,-1.3818799473085353,-1.3027760344628632
2265119029200,-4.443833814418002,-0.9614077770352019,-1.367055834919158
2265119029216,-4.468448465093337,-0.2849844622731039,-1.5526254257335375
2265119029233,-3.909485373122892,-0.6234770070052758,-1.4740015455623745
2265119029250,-3.523276470780577,0.1200785068536705,-2.0840400486126582
2265119029266,-3.8600838955361256,0.5706008284176383,-1.9293953689540755
2265119029283,-3.8627528491960605,0.8060287564228616,-1.889634294371288
2265119029300,-3.835394833199393,0.5425358429973457,-1.6551950475453812
2265119029316,-3.5907625601649213,1.0431930868325496,-1.743001304517755
2265119029333,-3.631468082786098,0.5560171472992073,-1.648822236287217
2265119029350,-3.3421038141374266,0.8129663151052675,-1.7164223940744117
2265119029366,-3.3516620523853335,0.8612348557531222,-1.6786090891723917
2265119029383,-3.734604810658187,1.3286534812444604,-1.3594055188438776
2265119029400,-3.6705825705571193,1.4365449488776934,-1.1111878265362138
2265119029416,-3.527383054363032,0.9718448572306704,-0.9524913220385642
2265119029433,-3.6940941861769043,0.08498851691595188,-1.3221363145199752
2265119029450,-3.7857869128836823,-0.1846631294721961,-1.4611862975358023
2265119029466,-4.066364948985372,-0.41077104141929244,-1.7628370033494107
2265119029483,-4.470808870332552,0.38320275249719593,-1.8332201758281221
2265119029500,-4.28747997927319,0.48549983757063675,-1.683498999867265
2265119029516,-4.078274507039062,1.1102269828128621,-1.6344656573313776
2265119029533,-3.8687693760964112,1.8760925233727352,-1.5228855464439552
2265119029550,-3.538662365299529,1.8303357177660162,-1.6953888371867127
2265119029566,-3.752095480644116,1.9139372801797556,-1.8874384394055732
2265119029583,-3.9832197166478887,1.2708940263137611,-1.9706499159292972
2265119029600,-3.7398698731337356,0.9840875752298004,-2.1333728381749473
2265119029616,-3.844660346457241,0.799848625148682,-1.8810947684789985
2265119029633,-3.5700716734568085,-0.09586782402578997,-1.9781520768985434
2265119029650,-3.597462523633935,0.10120760520424188,-1.6658180315108926
2265119029666,-3.5424932118601697,0.22935918736108274,-1.4787025961489517
2265119029683,-3.636836081843424,0.6038528068265085,-1.2265086941681216
2265119029700,-3.8521548867897817,0.7393348882200597,-1.3221909482073584
2265119029716,-3.964464164500295,0.42257444887173,-1.2624692743264705
2265119029733,-3.9673285046836124,-0.11677436292648391,-1.7480257724983899
2265119029750,-3.915601646673701,0.1929743747891921,-1.7362098380519115
2265119029766,-4.206816071474991,0.2053230126444303,-1.7647989302896214
2265119029783,-4.105749447179123,0.31510758043243925,-1.8112307956398022
2265119029800,-4.4139140325393855,0.5691450618243481,-1.971765265945573
2265119029816,-4.132773485054942,1.2448846169479584,-2.200924059664075
2265119029833,-4.410178798487981,1.350180960237748,-1.8516535134362417
2265119029850,-4.697340663905998,1.6551764967638247,-1.5714771459628454
2265119029866,-5.050874620105841,1.7046941152797128,-2.12341564012724
2265119029883,-4.949006718452676,1.4930315138965664,-2.16927715745035
2265119029900,-5.219435607506567,2.087817346822395,-2.0109236080112156
2265119029916,-5.163529419562898,1.7728039623584877,-1.887245986468728
2265119029933,-5.587134470214098,1.736019622411595,-1.9261900013093272
2265119029950,-4.984092660553196,1.6254470579909563,-1.9164705671800353
2265119029966,-5.061480837816124,1.2305492452408888,-1.893247218408541
2265119029983,-5.0027175005049145,1.5313138659785563,-1.9952261697886022
2265119030000,-5.184996297367891,1.3473418032921787,-1.6327348277408025
2265119030016,-5.384585735514587,1.2094045560982831,-1.8184077259355442
2265119030033,-5.745613329225744,1.3426737249352678,-2.036580708622953
2265119030050,-5.7867215650489445,1.3431807974436287,-2.0424785676617128
2265119030066,-5.416828152657314,1.4406939943803305,-1.8049903187161593
2265119030083,-5.0784371658944885,0.8277898344114192,-2.0311022887764043
2265119030100,-5.379081581583627,0.9953713805723599,-1.7341104218495822
2265119030116,-5.083732270503394,1.0281510742043656,-1.8383918781273314
2265119030133,-5.720710187706014,1.5712309817086414,-1.7832030837561186
2265119030150,-5.6213436970587,1.8851135539910846,-1.619602581815924
2265119030166,-5.346638481727664,1.2565946641327637,-1.6640510402221824
2265119030183,-5.900155413294641,1.4521878022039534,-1.4170049220186043
2265119030200,-5.404584756131613,1.5429565441470814,-1.3789735789938218
2265119030216,-5.1159106587186045,1.1124797429997377,-1.3290668905139784
2265119030233,-4.554050872366907,1.2231859762956931,-1.363604357436447
2265119030250,-4.888036270572279,1.5903292546699372,-1.265678044734628
2265119030266,-5.085365638119072,1.9733228957694129,-1.480866217977215
2265119030283,-5.191339377074863,2.0632106782198667,-1.1815341581871512
2265119030300,-5.141025346485801,2.0259109915435003,-0.9929805890427457
2265119030316,-5.164982912248674,1.9020976603725606,-1.0226001261976825
2265119030333,-5.603568889037739,1.4683495098435078,-1.0527565222734843
2265119030350,-5.151412140996865,1.410998949489473,-0.9960890149683332
2265119030366,-5.471034496955923,1.9025586674454722,-1.1554032944005876
2265119030383,-5.634776271497061,1.8927547946352634,-1.1386267150394103
2265119030400,-5.694611604570461,1.538282731427385,-1.561639092150964
2265119030416,-5.824985217216743,1.9258377673864695,-1.615623486733896
2265119030433,-5.82267607673052,1.9217744993790333,-1.876451044660344
2265119030450,-5.770744952757765,1.6393015995475029,-1.6122039770299041
2265119030466,-5.644303678602675,1.7821277406196234,-2.092724114283066
2265119030483,-5.334016167515574,1.9049610992556696,-2.3370622635227747
2265119030500,-5.193639849620682,1.6890754399210932,-2.4479447757898893
2265119030516,-5.222985410675229,0.8087846383231581,-2.5185273257678773
2265119030533,-4.834840651622485,0.45082076704881047,-2.3445124166089393
2265119030550,-4.606385634384513,0.8698221553315628,-2.0025566641845485
2265119030566,-4.585747949148324,0.42938297641665546,-2.033696979761903
2265119030583,-4.60228990971577,0.48451971018930795,-2.059792750752078
2265119030600,-4.456709154493255,0.7423769434517711,-2.043459878472385
2265119030616,-4.388053932957223,0.6652976480986101,-2.25582405396878
2265119030633,-4.557142912184071,0.5487217480369351,-2.3402789106695856
2265119030650,-4.395231829862025,1.2763643211028395,-2.5255406477410904
2265119030666,-4.444234908348866,1.254414017947881,-2.5894933986608253
2265119030683,-4.503240210185736,1.989690619818914,-2.549201079818465
2265119030700,-4.166928440902096,1.8238396591489119,-2.614428379161732
2265119030716,-3.967586926826321,1.8079222017540673,-2.547758481389685
2265119030733,-4.1455864770745485,1.805724919067858,-2.5227033454839516
2265119030750,-4.133853291206311,2.0832589867300184,-2.7945205123439965
2265119030766,-4.189655999340868,1.6250313078611747,-3.023319692938365
2265119030783,-3.813620729318335,1.8283407110588357,-2.817289899971865
2265119030800,-4.246450611476974,1.2630567518430311,-2.907824155234556
2265119030816,-4.046920168873598,1.0637249175383277,-2.4630611052264886
2265119030833,-3.9075546483665287,0.593979463847738,-2.894223106920165
2265119030850,-3.3454032731669363,-0.3782528779498957,-2.875190575278467
2265119030866,-3.6050180029383587,-0.49623215316471647,-3.0255446252972384
2265119030883,-3.6076388703575915,-0.29625387339296605,-3.154472570566818
2265119030900,-3.472631658769959,-0.30433073913127817,-3.025209702523679
2265119030916,-3.2197144732553844,-0.293544189292672,-2.9803395809858326
2265119030933,-3.4815458192951323,0.1525120785752243,-2.852360924510623
2265119030950,-3.426694870527977,-0.35103947196650775,-2.8103004036473394
2265119030966,-3.4777146722002534,0.07963436847651995,-3.0035038949792465
2265119030983,-3.436962477473629,0.1891195761815503,-3.0363507542621804
2265119031000,-3.0039166088314024,-0.12441955199053645,-3.2834217723628236
2265119031016,-2.4294920994309517,0.40229140157173227,-3.1733459441656393
2265119031033,-2.4745757272578714,-0.24237436416113045,-3.016736955755445
2265119031050,-2.540720998166097,-0.781191154479318,-3.1674935198139225
2265119031066,-2.3230086666067025,-0.9000439378987899,-3.3356933257868038
2265119031083,-2.483560830676813,-1.2037012588729477,-3.2720864171077197
2265119031100,-2.6035291464784165,-0.8190656455853143,-2.7932452361849305
2265119031116,-2.5310530805370424,-0.6730527569960998,-2.5895770620144867
2265119031133,-2.7084740007134944,-1.2598933888361605,-2.2505294311653277
2265119031150,-2.5186732226677546,-1.7296434053605108,-2.074162808246275
2265119031166,-2.6775994935257517,-2.226334673687195,-2.1096436320017027
2265119031183,-2.8171399016449143,-2.3087934592430015,-2.003784629857691
2265119031200,-3.073610700794319,-2.4963876471771105,-2.1602367028507
2265119031216,-3.3737416791307817,-2.3952813741203873,-2.1789775536136755
2265119031233,-3.291122738689901,-2.236813111909299,-2.3425808133846857
2265119031250,-3.6402013256997616,-2.820802827054231,-2.182261700086273
2265119031266,-3.9792459478165867,-2.9299966500776615,-2.0492865863701537
2265119031283,-4.247530282828614,-3.6455731276911436,-1.9671154536370747
2265119031300,-4.356878572293462,-4.2433054584925864,-1.7295162490213618
2265119031316,-4.904645243249041,-4.4551958989912235,-1.653838939976012
2265119031333,-5.231678632896629,-4.155811311802215,-1.3689921800260616
2265119031350,-5.5538465491013955,-5.072243929106106,-1.3335465469831362
2265119031366,-5.692081152671416,-4.60845635436805,-1.2555667724134862
2265119031383,-5.667067473902549,-4.758902727322706,-1.5861954317756546
2265119031400,-5.622883489771558,-4.729960644464103,-1.4369438125226381
2265119031416,-5.667509350860271,-4.701408277068771,-1.6687895008577986
2265119031433,-5.472515834506327,-4.9365280335684805,-1.7080694174510966
2265119031450,-5.347792594952369,-5.257721503156569,-2.2754201230306994
2265119031466,-5.189594683818285,-5.252428187991212,-2.3464857766253826
2265119031483,-5.34207140428515,-5.285427748611989,-2.634793732547574
2265119031500,-5.293031827495308,-5.231364836388252,-3.0168429577962503
2265119031516,-5.150427194957769,-5.312618877906528,-2.9213590638491613
2265119031533,-5.196706364417229,-5.10692124821128,-2.8374764793665874
2265119031550,-4.927202635866322,-4.672927827619439,-2.8098951789208524
2265119031566,-4.856910722186129,-4.143624268488411,-2.9323742991298296
2265119031583,-4.8565104138574355,-3.742134274058067,-3.0236986941731026
2265119031600,-5.151573497304648,-3.7148389365839645,-2.8724371699935203
2265119031616,-5.473268227338783,-3.7836544975280946,-2.3271171127420485
2265119031633,-5.423204465812997,-4.412566696598532,-2.350676206746132
2265119031650,-5.799316001806659,-4.904715075111412,-2.229132510835077
2265119031666,-6.171792012950704,-4.2249104304260765,-2.1710619281020263
2265119031683,-5.883056865075705,-4.268317749773199,-2.1550985080353553
2265119031700,-6.154328058390921,-4.032632996685343,-2.023342747776152
2265119031716,-6.774728171321741,-4.39246351979328,-1.9822443309923958
2265119031733,-6.722612741783861,-4.60411670491266,-1.9672172187892085
2265119031750,-6.571737091433959,-4.4237967164853,-1.9779043363679272
2265119031766,-6.777757097422095,-4.768774047916507,-1.768690026444829
2265119031783,-6.892486200736092,-4.681650674333786,-2.1684080150562877
2265119031800,-6.704063611910621,-4.652167205157351,-2.3718465129460653
2265119031816,-6.641831676270212,-4.843249517455394,-2.2737834050669177
2265119031833,-6.849293581415031,-5.098410980764717,-2.1397085223071177
2265119031850,-7.025279802033572,-5.453182034495878,-1.8862900450908073
2265119031866,-7.186857003222244,-5.102500024643435,-1.8456200877262245
2265119031883,-7.317752758466569,-4.861336052753611,-2.0804492041876532
2265119031900,-7.16248445577175,-5.099028992676312,-1.9710475683752753
2265119031916,-7.706087924955844,-5.208934542837476,-1.9742340416957616
2265119031933,-7.340423301377903,-5.501862329793996,-1.7513539123001514
2265119031950,-7.944772658146719,-5.476495214772963,-1.6697452205268486
2265119031966,-7.704898459963425,-5.66527166689343,-1.9726888044442803
2265119031983,-7.832093160465685,-4.895727737462495,-1.9499804327015853
2265119032000,-7.48224437173484,-4.1768325371155,-1.6983999576817852
2265119032016,-7.634838224934722,-4.286224176573996,-1.5676756362149353
2265119032033,-7.463785587165518,-4.829484794425096,-1.4815125206098199
2265119032050,-7.865075969001049,-4.179701301216497,-1.1649612600472579
2265119032066,-8.17133523024998,-4.005196920099753,-1.3545399102240208
2265119032083,-8.049572812851082,-3.0150958019645295,-1.408222268903186
2265119032100,-7.602897959722835,-3.0625989832333373,-1.5895199139133163
2265119032116,-7.4055555127378625,-3.2485993161653535,-1.6351876037216606
2265119032133,-7.450047983906814,-3.3919544296244735,-1.7539875838192402
2265119032150,-7.652326537621359,-2.833556177528278,-1.7663224134523217
2265119032166,-7.737906204744411,-3.0878435845944017,-1.6826544688820917
2265119032183,-7.052498312868968,-3.0245945574989657,-1.6073273807165804
2265119032200,-7.320124892410924,-2.6738221935031627,-1.902345810191667
2265119032216,-7.3671251391357,-2.4853360285876605,-1.8548312555256814
2265119032233,-7.09274945711007,-2.3966485294710425,-1.9212174195157412
2265119032250,-7.344114545289558,-2.9749960713773542,-2.0306611702244717
2265119032266,-7.393001734357856,-2.737390597810101,-2.211683787205359
2265119032283,-7.510373546267458,-2.7688376504381296,-2.521736443702494
2265119032300,-7.321711196696725,-2.5466380290874735,-2.8410027702479654
2265119032316,-7.174285551325331,-2.5871347665312623,-2.7358814597627994
2265119032333,-7.507228866672909,-2.5811368192285076,-2.483035714841164
2265119032350,-7.7678090330508605,-2.139707764245079,-2.4397257835693464
2265119032366,-7.832147362749108,-1.9787761873090126,-2.337067921521581
2265119032383,-7.554501832753892,-1.7320138338302815,-2.011404807393772
2265119032400,-7.8524291958789,-2.218450189888625,-1.9263702595240333
2265119032416,-8.393033033495584,-1.6705814762968192,-1.9806447786126862
2265119032433,-8.73062000436791,-0.9186326953521533,-2.016523915358894
2265119032450,-8.987550650599434,-0.6394021661322276,-2.3241185975684564
2265119032466,-8.836181590634581,-1.1113405818586646,-2.218564473235697
2265119032483,-8.74335214106944,-2.0007171678601443,-1.9646213212194537
2265119032500,-8.627864814671454,-1.9036864736589743,-1.8267937176071363
2265119032516,-8.355128148775327,-1.814926624943968,-1.665464879373782
2265119032533,-8.328781465905669,-1.6739617573905918,-1.7429223945706362
2265119032550,-8.30647403773261,-1.5665172376306629,-1.5931128715334515
2265119032566,-8.100737879806154,-1.6720459005247017,-1.7657901069552746
2265119032583,-7.790159506725248,-1.637072670609356,-1.6128131392083778
2265119032600,-7.933552893632081,-1.984119351751918,-1.9153676543967262
2265119032616,-8.516172447018619,-1.8992506578781105,-2.0117316768906544
2265119032633,-8.321074163189289,-1.7281026383177736,-1.7762924206619293
2265119032650,-8.071096889304712,-1.8814354969254636,-1.4867321940008835
2265119032666,-8.292880750873202,-1.172114404209581,-1.2706437251612674
2265119032683,-8.64349072312976,-2.322171296094187,-1.4524426420827237
2265119032700,-8.84591211017505,-2.660303296667871,-1.4660793676381487
2265119032716,-9.058868413460313,-3.0447844689368733,-1.307505641565549
2265119032733,-9.109643961982606,-3.235507237747119,-1.413649336262745
2265119032750,-8.880424145165092,-2.891762227099894,-1.647487693746235
2265119032766,-9.364304689788892,-2.557131412261245,-1.8476949138271392
2265119032783,-9.322445395887655,-2.4776435646845694,-1.9434837002131657
2265119032800,-8.851645140338668,-1.6528892656576533,-1.870718969304469
2265119032816,-9.154997900419964,-1.5478727007263808,-1.8328730310670736
2265119032833,-9.391356658650555,-1.8854287299557986,-1.6386139972800802
2265119032850,-9.07907280720383,-1.3698847927615967,-1.8119774539303417
2265119032866,-9.028030660438745,-1.3861692170192592,-1.4444282142293048
2265119032883,-9.134130476155297,-1.741529165658883,-1.4510579139056383
2265119032900,-9.645471272489004,-1.9008517293433411,-1.807061440187256
2265119032916,-9.986156428223298,-2.5586322994976096,-1.8860488265459021
2265119032933,-10.068696322981395,-2.7953842445899957,-1.6197711904222305
2265119032950,-10.284259657405084,-2.6774815221445185,-1.7650160141596813
2265119032966,-10.281340007947868,-2.59846758752595,-1.524098207490819
2265119032983,-10.32873665307776,-2.263802146646497,-1.7914864612467987
2265119033000,-10.521297664977268,-1.968487630227958,-2.010281374840821
2265119033016,-10.275941191682337,-2.2951571463732927,-2.0249786222504658
2265119033033,-10.252886258129745,-2.262029096068381,-2.237972741122109
2265119033050,-10.511602709612838,-2.106279426980426,-2.4705324729212093
2265119033066,-10.383092793525131,-1.969804856868512,-2.1981793810392185
2265119033083,-10.484044745073192,-2.1768392358904496,-2.135531191535126
2265119033100,-10.56757028695318,-1.9989632207341823,-2.0754301887194995
2265119033116,-10.87281189541434,-2.0849950518174025,-1.6061669980499118
2265119033133,-11.388161130485763,-1.913603551568646,-1.5059942601697787
2265119033150,-11.301682757580153,-2.4427764376822756,-1.6248010965973043
2265119033166,-10.799804759966488,-2.150275998184418,-1.561309569629594
2265119033183,-10.776827396093784,-1.7124672942582788,-1.4230686731954076
2265119033200,-10.847210518619015,-1.6641566888386405,-1.456991428960464
2265119033216,-10.792658967193356,-1.3584616144520423,-1.365923348916515
2265119033233,-10.660420935316523,-1.6740532400261423,-1.1810091577600885
2265119033250,-10.312675423490093,-2.2436543318074333,-1.1850903388789598
2265119033266,-9.997025146707966,-2.7812083096880014,-0.8119964915561209
2265119033283,-9.629103090572016,-3.356176012476595,-0.7306998585179976
2265119033300,-9.475999264506942,-3.712397800723834,-0.495583367513464
2265119033316,-9.629250865212125,-3.7144085504502264,-0.7047305735629275
2265119033333,-9.621987776229643,-3.5418565628958096,-0.8753083585143728
2265119033350,-9.463859441622684,-3.1417761972875797,-0.6325608080762462
2265119033366,-9.659654373163502,-3.6326064249256356,-0.3978277830419046
2265119033383,-9.617660651680975,-4.362412366324343,-0.5161983553484286
2265119033400,-9.44731378009033,-4.0024212187612065,-0.8591208812269004
2265119033416,-9.287983236168541,-3.8783324988939465,-0.6756574244437479
2265119033433,-9.355118120130616,-4.046471608915281,-0.7339522611442617
2265119033450,-9.26020322762632,-3.487591318038768,-0.7431651818999532
2265119033466,-9.393974978394443,-2.8073868433567988,-0.5900770266532605
2265119033483,-8.980279674580256,-2.4755185912200766,-0.6459781581613124
2265119033500,-9.142938731199571,-2.4368474027172455,-0.8765726360450408
2265119033516,-9.322635908895966,-2.0259476158145207,-0.9572129582380391
2265119033533,-9.221633936347079,-2.2210327387074846,-0.8400159783535774
2265119033550,-9.793859115871712,-2.145987991696523,-0.7221062349187601
2265119033566,-9.687318497664872,-2.2380048107820323,-0.9630720770715864
2265119033583,-9.65238320951435,-2.307631657794062,-0.9603001629497383
2265119033600,-10.061268753109761,-2.5357781443902847,-0.7219049455744422
2265119033616,-10.33856438924824,-2.5523689613144063,-0.5940849835971092
2265119033633,-10.41092459265386,-2.992677057780241,-0.8187645451508558
2265119033650,-10.55205941306738,-2.7213297871342124,-0.9023993593700756
2265119033666,-10.606173615975763,-2.8658992846902396,-0.8009567683748235
2265119033683,-10.786060018470144,-2.777210100636588,-0.7773408937530188
2265119033700,-11.24638557444015,-2.5391076820765757,-0.9031048707366789
2265119033716,-10.627751676237425,-2.832838011141215,-0.7823917640378131
2265119033733,-10.934486152328832,-2.6402249793536496,-1.1208062186358714
2265119033750,-10.420667857136003,-2.814859929050009,-1.1345311849178403
2265119033766,-10.219523649962653,-2.7715957028458704,-1.4472110113511565
2265119033783,-10.0843723067584,-2.9186966199834474,-1.6962458586864095
2265119033800,-9.979848456579942,-3.1875525566689267,-1.3893941764762672
2265119033816,-9.706976326187933,-3.2981264588334547,-1.322827364049703
2265119033833,-9.543449115352495,-3.5995850972346797,-1.3167339476413853
2265119033850,-9.634757177053888,-3.8706424265423527,-1.3137368509506056
2265119033866,-9.58035743853059,-4.112204675638903,-1.5600954856665417
2265119033883,-9.695090889220838,-4.750693707355146,-1.1764330505809937
2265119033900,-9.42616942876536,-4.404165860953215,-1.7373165761628524
2265119033916,-9.543025126105416,-5.009627683873373,-2.0520489118255014
2265119033933,-9.298178771590543,-5.613213890868514,-1.830461992036269
2265119033950,-9.650994151401488,-5.767010103827643,-2.019379508207514
2265119033966,-9.565172966319349,-6.3115972134891,-1.8021393983122174
2265119033983,-9.762775870943848,-6.733518337499761,-1.6749993885704786
2265119034000,-9.734223534180671,-6.805200357078669,-1.4673487109644068
2265119034016,-9.5074077197533,-6.8385221949644395,-1.320149048455708
2265119034033,-9.651155712426988,-6.818568148199251,-1.5327249776584306
2265119034050,-9.534296963572842,-7.013905440298914,-1.466422920731445
2265119034066,-9.27538720375692,-6.959416427479529,-1.5295375237041489
2265119034083,-9.409546863952844,-6.9776686609272085,-1.3389881589214374
2265119034100,-9.746963826443091,-7.168291337907408,-1.6305761270446555
2265119034116,-9.837656924076551,-7.685853951405324,-1.653092326979321
2265119034133,-9.240359542639958,-7.723133216449348,-1.7369726836199104
2265119034150,-9.280109158849852,-7.717651092681712,-1.6392340641995042
2265119034166,-9.361223618695355,-7.563653907226443,-1.307119481235297
2265119034183,-9.445383929531069,-6.959972964932977,-1.2814716599338276
2265119034200,-9.38218426358588,-6.960323642375487,-1.0671857501585267
2265119034216,-9.442493951124085,-6.846621126145234,-1.132277158555918
2265119034233,-9.23124856942832,-6.259444926883734,-0.9609545578826324
2265119034250,-9.220017992646696,-6.50744573767728,-1.0019706907385577
2265119034266,-8.876119780443544,-6.349957267296978,-0.8055990074629311
2265119034283,-8.844535532208342,-6.941414442878335,-0.7215947707827497
2265119034300,-8.657648839600522,-7.261489194769787,-1.0317197042569102
2265119034316,-8.835995706688664,-6.3948161701080455,-1.054296090069281
2265119034333,-8.874065105935994,-5.916056644921182,-0.7230483982587694
2265119034350,-8.40263905524552,-5.930897804451207,-0.8603624740356308
2265119034366,-8.81084439941272,-5.989294812431338,-0.6437114576608707
2265119034383,-9.20479358456338,-6.00156726294015,-0.7004787351277124
2265119034400,-9.108462623095363,-5.701240984945304,-0.801362553152869
2265119034416,-8.90579899215315,-5.50387641474644,-0.9169813725967393
2265119034433,-8.6844555504154,-5.573784006210315,-1.1794695924252214
2265119034450,-8.67212158507277,-5.643142881470255,-1.369415713611168
2265119034466,-8.980116950481019,-5.671379116023997,-1.4355001824833662
2265119034483,-9.179021264533631,-5.3031628721694455,-1.0914149112507026
2265119034500,-9.486617634504961,-6.0601711246502585,-0.9001446288574688
2265119034516,-9.713548141915515,-6.469410648073944,-1.0064871031311151
2265119034533,-9.7757472522546,-7.007423239170048,-1.0235664993639788
2265119034550,-9.227469087084573,-6.8279022005052745,-1.2005213475376966
2265119034566,-9.58301715616646,-7.52250028056474,-1.3551336380050014
2265119034583,-9.663132815954656,-7.74759255956886,-1.6507497420842128
2265119034600,-9.638453466693303,-7.037765832896543,-1.6423224698443415
2265119034616,-9.323987905203424,-6.959399991647776,-1.8102931179708959
2265119034633,-9.368292111177853,-6.867612842208344,-1.6046589754160137
2265119034650,-9.754055616577283,-7.159484874192527,-1.589156200344172
2265119034666,-9.66568189134168,-7.5738948079568456,-1.67779603150253
2265119034683,-9.466561576075351,-7.672711180965797,-1.905708551224256
2265119034700,-9.606869621811793,-7.600971050655398,-1.8618684062121011
2265119034716,-9.549668594993506,-7.216224511466541,-1.765953764872177
2265119034733,-9.271282856975937,-7.916648827305464,-1.8013547965466081
2265119034750,-9.269011758625235,-7.6238357481304595,-1.8749428377748318
2265119034766,-9.229500630712288,-7.42614968837678,-1.805141087000802
2265119034783,-9.281147265592697,-7.651555820310659,-1.7540675881740084
2265119034800,-9.042853571218018,-7.428205863600123,-1.8566917354990378
2265119034816,-9.176377216238397,-7.004869161946509,-1.8200253656367693
2265119034833,-8.90052943378779,-7.417814959136516,-1.8626963556335419
2265119034850,-9.204467078028902,-7.867699735509117,-2.071501369510109
2265119034866,-9.027720920103864,-7.77007203973092,-2.1740010478590066
2265119034883,-9.271074582253435,-7.3647054471385776,-2.0285044700766175
2265119034900,-9.235800779195426,-6.978047756520065,-2.4427156977431785
2265119034916,-9.565489470039047,-7.2360148060625065,-2.486728296356209
2265119034933,-9.489631935333772,-7.255317322433369,-2.735287140694244
2265119034950,-9.78526022046016,-6.810348047491116,-2.6600223051922227
2265119034966,-10.025066662698752,-6.83156607141674,-2.750662447238469
2265119034983,-10.028803959764105,-6.86620883618115,-2.829486987509143
2265119035000,-9.830630645525279,-6.64304479481529,-2.762661244487495
2265119035016,-9.209127380937073,-6.640994658757959,-2.431149951492438
2265119035033,-9.28855588417472,-6.74908296194815,-2.4728847928979647
2265119035050,-8.945764106120954,-6.4869111676705895,-2.3385348936230144
2265119035066,-9.514978669915351,-6.153283529492873,-2.3122327565099683
2265119035083,-9.63697378054544,-6.463480188681561,-2.23996284586257
2265119035100,-9.802007663593283,-6.575855287867908,-1.9620572618569183
2265119035116,-9.223732238873517,-6.495342390061796,-1.9228113851963156
2265119035133,-9.151487770394763,-6.497877925344343,-1.945486431799603
2265119035150,-8.824323021367082,-6.623820676545123,-1.7145590308681833
2265119035166,-9.158607589387241,-6.699794162652284,-1.6376905048820936
2265119035183,-9.484451331348179,-6.534100816868493,-1.5967260367246805
2265119035200,-9.489555756415886,-7.201403314932103,-1.6315665316702177
2265119035216,-9.347216914286381,-7.257982723977134,-1.7916203842493101
2265119035233,-9.252105811007699,-7.071365939552855,-1.8552182975962592
2265119035250,-9.5608887777617,-7.148926246528351,-1.9262647181799086
2265119035266,-9.550194387968597,-7.108376712150667,-1.8166778818361404
2265119035283,-9.7360564427516,-7.087641701560603,-1.8065743879970861
2265119035300,-9.683856855443508,-6.7248288879244065,-1.3886393427663597
2265119035316,-9.991804487886522,-7.108522315569606,-1.1231903534842744
2265119035333,-10.020564682065833,-7.497290917385209,-1.2397269331445813
2265119035350,-9.584986480152768,-7.272665702572947,-0.9847268901257855
2265119035366,-9.386705394573106,-7.2513338669081975,-0.9867924812370146
2265119035383,-9.605775861631216,-7.075471036481097,-0.8396043003596323
2265119035400,-9.607737506576484,-6.905107495916464,-1.0048586347026183
2265119035416,-9.16319417006328,-7.7979974837477215,-1.1513985959525221
2265119035433,-9.038309303108687,-7.982773784974583,-1.1781497903752347
2265119035450,-8.916799993970287,-8.339234844039009,-1.2508953953119915
2265119035466,-8.514703167336634,-8.269683745462038,-1.0758799454660888
2265119035483,-8.720653818241965,-9.280869548093163,-1.1565284909680258
2265119035500,-8.807483123013435,-8.763829892063205,-1.4845942637241571
2265119035516,-8.930129494151895,-9.076297991345033,-1.5266691324335762
2265119035533,-8.800321080005252,-8.954323548958008,-1.4621899016451403
2265119035550,-8.465944460546652,-8.32572261811162,-1.358985773586661
2265119035566,-8.71103861720235,-8.793519442790185,-1.3351835516093205
2265119035583,-8.723014836315636,-9.369233879985487,-1.5485427204439923
2265119035600,-7.95041066331048,-9.432568623471429,-1.6918410554535142
2265119035616,-7.825857520876557,-9.632204604688265,-1.8169047988405311
2265119035633,-7.906354818447387,-9.468083422730766,-1.7867495392131016
2265119035650,-7.76277916979551,-9.429822044300003,-2.0381424212598125
2265119035666,-7.390543249262729,-9.818081414199956,-2.060738202136549
2265119035683,-7.2486348696282175,-9.232330599794567,-2.2712051989242785
2265119035700,-7.2276195144906445,-9.469159553958159,-2.2751953287261353
2265119035716,-7.280493593647757,-9.97104855384951,-2.5257836545843975
2265119035733,-7.173271336818303,-10.439895727296431,-2.532045267229593
2265119035750,-6.783520455581065,-10.676105636921474,-2.229454464029989
2265119035766,-6.879115401386878,-10.270070271420316,-2.322311254534284
2265119035783,-6.573617416158827,-10.630803669528712,-2.2302496601113924
2265119035800,-6.477525365815431,-10.226171042110572,-2.5212833123501066
2265119035816,-6.50593033715019,-9.96919377809229,-2.39724167784427
2265119035833,-6.563228028246621,-10.30124347840848,-2.1856152502150628
2265119035850,-6.435944427102159,-10.711485828626074,-1.9712090006755898
2265119035866,-5.956491587238566,-11.431994041203192,-1.8973286119429056
2265119035883,-6.2313066593144875,-11.28761751055565,-2.0417869131770794
2265119035900,-5.918838220842603,-11.148680343354973,-1.8829746537417664
2265119035916,-6.104797395811759,-10.728584020354363,-2.1713246033164437
2265119035933,-5.983466225185267,-10.72179728826821,-2.179393309521625
2265119035950,-6.4492889616284845,-11.331446598144423,-2.2458894033372228
2265119035966,-6.420307486849431,-11.457637492979877,-2.283840114942402
2265119035983,-6.494605592788555,-10.901799223775242,-2.4305846284956263
2265119036000,-5.834211178768499,-10.566748848930413,-2.4158458305389146
2265119036016,-5.242655184260281,-11.000411634853538,-2.473727243882703
2265119036033,-5.1763502894317135,-10.93143879496779,-2.498540915811193
2265119036050,-5.1866756453800935,-10.93673156317941,-2.5324776506685023
2265119036066,-5.410881990871468,-10.970907496593195,-2.818662651568396
2265119036083,-5.429988434443038,-10.699357137314202,-2.5989573633020724
2265119036100,-5.626203904432156,-10.696893182522775,-2.659623633630965
2265119036116,-5.778315481497927,-11.455878813614122,-2.5574411956960352
2265119036133,-5.859636613547494,-11.669729369377809,-2.5615810412050033
2265119036150,-5.635221639343369,-11.658505587089504,-2.78484521172153
2265119036166,-5.831269506426711,-12.387992647620731,-2.960528691485418
2265119036183,-6.012114542087452,-12.625079165594375,-3.1476178904503653
2265119036200,-6.028735747485368,-12.728663882998806,-2.982866657902252
2265119036216,-6.2011069942275645,-12.060932321742829,-3.207184408800444
2265119036233,-6.624102561786533,-11.306287433827693,-3.2454851024954543
2265119036250,-6.677302909447764,-11.03007875420313,-3.340356005849492
2265119036266,-6.42378376308954,-10.470111397959315,-3.554557298833118
2265119036283,-6.241089371781648,-10.77102277223845,-3.5933563637712957
2265119036300,-6.457237373040881,-10.992796923862647,-3.575956040227415
2265119036316,-6.558750615849137,-10.231331225208809,-3.7790696604865945
2265119036333,-6.917314456804494,-10.04441818222603,-4.015015119018155
2265119036350,-6.963016099316943,-9.598475370607213,-3.9959933941719137
2265119036366,-7.051953603730915,-8.714450700852186,-4.262007307999239
2265119036383,-7.312172944977539,-8.942848517643665,-4.038957668637853
2265119036400,-7.2543764551942775,-9.260211167805465,-3.8010100834072604
2265119036416,-7.221664001439466,-9.69594911101288,-3.328710645807838
2265119036433,-7.328776940552423,-9.612620070673506,-3.584201413862048
2265119036450,-7.176378761952412,-10.316091900883556,-3.815043043180312
2265119036466,-6.984144246850731,-10.09655451747709,-3.6540181528315285
2265119036483,-6.821902537158143,-10.192362841270448,-3.860919575169009
2265119036500,-6.7228346813887025,-10.55068821581085,-3.5602181744885604
2265119036516,-6.414278215451173,-11.103478255367488,-3.436178881524502
2265119036533,-6.909421803298184,-10.846576203817666,-3.5657573174508563
2265119036550,-7.117289838816916,-10.553979078202433,-3.8545035453031753
2265119036566,-7.163984171364154,-10.766596911626161,-3.7585827150500712
2265119036583,-7.659971575626017,-9.68109995394065,-3.4319098815498394
2265119036600,-7.391514450740447,-9.851503485585873,-3.518103702436177
2265119036616,-7.686168400896545,-9.69695558948763,-3.627140671032854
2265119036633,-7.706193690574183,-8.90578704821807,-3.9711856730120942
2265119036650,-7.497635411943813,-8.9949205478088,-4.282200371984143
2265119036666,-7.834764574330252,-8.966831202851344,-4.405614960511762
2265119036683,-7.909416181404493,-9.45862899403874,-4.200325037364452
2265119036700,-8.234210301339147,-9.472823492962151,-4.364936551105261
2265119036716,-8.45109205252142,-9.74941877121774,-4.649662425167115
2265119036733,-8.203970690452893,-9.432880572913744,-4.5764583122414315
2265119036750,-8.255573384644626,-8.903893053891341,-4.254961096832474
