timestamp,x,y,z
1961723000000,-5.61684576646009,-5.015722653507934,-1.0350536925474398
1961723000016,-5.583444209388928,-4.599580418576754,-1.4049238747944008
1961723000033,-5.583771925811661,-4.103865682347108,-1.4649647122187457
1961723000050,-5.73965700594863,-4.25651785208847,-1.6660508606442421
1961723000066,-5.563916613586501,-5.161467494395897,-2.114762726667368
1961723000083,-5.226755962360924,-5.594893505989764,-1.8416966924662985
1961723000100,-4.942829498297495,-5.365802701655834,-1.5127445654322733
1961723000116,-4.8912312413900985,-5.39519132428542,-1.0359100477663794
1961723000133,-5.13569081630947,-5.461866791905573,-0.9448385223640776
1961723000150,-5.017362881928773,-5.675056654692676,-0.9034622731809656
1961723000166,-5.082000210152783,-5.703707131757561,-0.9154335118319081
1961723000183,-4.922704805876384,-6.230646697297675,-0.5714344895075317
1961723000200,-4.739384040658113,-6.140635698033772,-0.4554260206695234
1961723000216,-4.751618798453102,-5.936125953021454,0.0782782859090414
1961723000233,-4.833381980526123,-6.149557604084789,-0.11271198390866521
1961723000250,-5.060006242488008,-6.215147241061216,-0.09638125727172198
1961723000266,-5.362766902423249,-5.936425766889179,-0.30652943205096606
1961723000283,-5.434377529894776,-5.662068999591149,-0.16964351843949688
1961723000300,-5.315258144432178,-5.355942059055022,-0.30883212823297546
1961723000316,-5.330173678995454,-6.191399298879372,-0.5836735722806887
1961723000333,-5.364707673185498,-6.046986590836003,-0.6376553651055751
1961723000350,-5.4563437756663085,-5.8259778325206675,-0.3958973560911907
1961723000366,-5.311244000275979,-5.607849140670356,-0.12724588788689672
1961723000383,-5.3641989591322226,-6.003332753803934,-0.3841082970104447
1961723000400,-5.23827926248442,-6.133941333064469,-0.5239140354338849
1961723000416,-5.458993960604359,-6.9020033964203655,-0.6910794330887758
1961723000433,-5.3927457331696935,-7.089655114108659,-0.868882529137279
1961723000450,-5.4215189390387994,-6.82616024743226,-1.0963952814292077
1961723000466,-5.3752305717792455,-7.581174471859132,-1.1465552995804318
1961723000483,-5.735379019327527,-7.660597196240531,-0.79383917594812
1961723000500,-5.505456916578526,-7.751170404104833,-0.8211315801845476
1961723000516,-5.483310450684307,-7.848402736707772,-0.833861507265332
1961723000533,-5.609387461309655,-8.068553020266524,-0.8566709695621475
1961723000550,-5.734557155761806,-8.15632087533008,-0.7507571234416761
1961723000566,-5.7775106804915755,-8.201279720473774,-0.5070174627464158
1961723000583,-5.46934022131018,-8.53932744139872,-0.7987099001677942
1961723000600,-5.487354070629168,-8.400758196079515,-0.7525836286897278
1961723000616,-5.298658902460166,-8.509463086504846,-0.9277069311389814
1961723000633,-5.261352876418298,-8.242543635351065,-0.910516958921757
1961723000650,-5.333291588857497,-8.076684342398124,-1.3033771319202117
1961723000666,-5.424327623328502,-8.69650823398111,-0.9313221959780505
1961723000683,-5.461354809377677,-8.29541122758979,-0.7497432464628228
1961723000700,-5.250288020826225,-8.695578955792135,-0.7103992434077699
1961723000716,-5.202866400861438,-8.789661473505848,-0.6010777493120131
1961723000733,-5.474233299281422,-8.606235316717443,-0.3334261516755487
1961723000750,-5.23715525454483,-8.527622137488207,-0.6875521296062581
1961723000766,-5.0617444504343725,-8.446919986210656,-0.6203895173745705
1961723000783,-5.167387553518916,-8.276493869322493,-0.8345421331985501
1961723000800,-5.152118603377969,-8.741783019972575,-0.8346894430434125
1961723000816,-5.146378702299881,-9.187397611443346,-1.0336808667949353
1961723000833,-5.149282332314499,-9.018364663603652,-1.3473244356991827
1961723000850,-5.1120332338759065,-8.951159320174542,-1.8682144447354105
1961723000866,-5.0775229258253605,-9.30527779346713,-1.735503815008454
1961723000883,-5.096320903221542,-9.538700800720001,-1.4180905704379982
1961723000900,-5.143230881259479,-9.763319214099939,-1.9741308395017807
1961723000916,-5.085106802640678,-10.409250647702216,-2.2332150442304446
1961723000933,-5.068103025463023,-9.96225995160812,-1.7293586888115409
1961723000950,-5.14010370664265,-9.515955738504873,-1.584316599171455
1961723000966,-5.013432200113473,-8.831969472830561,-1.4440493495284201
1961723000983,-4.818620618111678,-8.955431900639342,-1.8039579438654372
1961723001000,-4.686800631898281,-8.81083906207202,-1.8314791178986694
1961723001016,-4.8112696957426495,-9.062813380220561,-1.8379884478285127
1961723001033,-4.502386710791898,-8.468260882032896,-1.9685602282116714
1961723001050,-4.564520376787307,-8.37159909971242,-1.7137917466314008
1961723001066,-4.6022406964029585,-8.578274736474036,-1.5320581593761946
1961723001083,-4.487546053830761,-9.307155278138138,-2.037320829917028
1961723001100,-4.6616808702050765,-9.623144979295741,-1.9455012168151586
1961723001116,-4.548264533055019,-9.764647101215202,-1.8981244305268712
1961723001133,-4.4288057363752005,-10.078368845878412,-2.1228836225573113
1961723001150,-4.498684441807276,-10.327793503185736,-1.8220552601988924
1961723001166,-4.434296803998619,-10.25039478547487,-2.232701182592203
1961723001183,-4.557844129769213,-10.380791531522355,-2.3238557020867248
1961723001200,-4.7592329675201475,-10.491731364808533,-2.272194276250522
1961723001216,-4.807758888123326,-9.857205439111267,-2.4386872902356735
1961723001233,-4.810840669359832,-9.700624870645967,-2.132031330501203
1961723001250,-4.757314466487674,-9.707824802291704,-1.7610988637915186
1961723001266,-4.433447227912991,-9.629000190706083,-1.9845020800416981
1961723001283,-4.3684560705347835,-8.854331834372704,-1.932071922281865
1961723001300,-4.279097481856883,-9.352282705567355,-1.9400403018033474
1961723001316,-4.151503613376745,-9.892477215234972,-2.061647266944728
1961723001333,-4.317655181245145,-10.658451573909577,-2.15593956703677
1961723001350,-4.543454097752615,-10.763482417722507,-2.2332586435788686
1961723001366,-4.83960304326223,-10.579870069173118,-2.237865929451387
1961723001383,-4.959272930620234,-10.021671773121422,-2.0564087281499717
1961723001400,-4.8630156647391765,-10.03689323481006,-1.9669921837847428
1961723001416,-4.699917422262907,-10.132121667216033,-2.558425381949175
1961723001433,-4.595299349828251,-9.654564584046923,-2.235972478477459
1961723001450,-4.656360498966678,-9.522001512456072,-2.34377962635287
1961723001466,-4.652757666741526,-9.690077061290548,-2.6950815156559482
1961723001483,-4.831751031868503,-10.314261197832053,-3.1164674467339237
1961723001500,-4.910733641249107,-10.542891176928531,-3.142571647867565
1961723001516,-4.912368758130188,-10.290072251040748,-3.373870102539618
1961723001533,-4.656958654336353,-10.276077883850014,-3.3958557515710455
1961723001550,-4.829242064675804,-10.660757444201376,-3.0444789236863086
1961723001566,-4.995379495454659,-10.963952937354048,-3.2269082278396324
1961723001583,-4.995222269240337,-10.737875900375766,-2.59515657655594
1961723001600,-5.302519999651453,-11.207284169693157,-2.8047411605183545
1961723001616,-5.283043902169305,-11.174127942834797,-2.840441505175625
1961723001633,-5.542528133909895,-11.546783579320088,-2.453592496646716
1961723001650,-5.538381174690915,-11.590192616722941,-2.3505537764021183
1961723001666,-5.578626669944403,-11.78332661438628,-2.583235239488303
1961723001683,-5.571520105965595,-11.760205043408535,-2.8778747433339493
1961723001700,-5.508064750125223,-11.67468888597677,-2.8737241321404317
1961723001716,-5.540613050285525,-11.20994188438937,-2.8811673568850136
1961723001733,-5.549240816542759,-11.163459637902989,-2.9993985338441362
1961723001750,-5.633279812491769,-11.216753786918446,-3.167283549588629
1961723001766,-5.576385322919108,-11.271703488231733,-2.901869508821373
1961723001783,-5.71418207085061,-11.441974777191646,-3.2779084705364276
1961723001800,-5.506922664990561,-11.48400247629976,-3.9302686278076138
1961723001816,-5.590612105223738,-11.521478221890678,-3.4367235531290303
1961723001833,-5.653766831111568,-11.580734028826583,-3.7600950410784817
1961723001850,-5.6736397301299055,-11.034858517642416,-3.8582458266128032
1961723001866,-5.425987407958841,-10.893378722509834,-3.613720029394048
1961723001883,-5.4578565689699605,-10.492945678777906,-3.2095455722529653
1961723001900,-5.25601045065754,-10.71272264734167,-3.231551260956219
1961723001916,-5.243706640773656,-10.686776914739138,-2.9429732674395215
1961723001933,-5.350952835365398,-9.989722209934122,-3.209939078364293
1961723001950,-5.35992967361538,-10.117573675801928,-2.9898760377485774
1961723001966,-5.459177596579689,-10.315068423745426,-2.920387782486678
1961723001983,-5.300655000379306,-10.48596715096659,-2.931305312617264
1961723002000,-5.360954460236235,-9.925352449069983,-2.45841568671724
1961723002016,-5.13807861853205,-9.444270212300625,-2.0367186523849923
1961723002033,-5.138910871650437,-9.71513253203607,-1.7554322936361981
1961723002050,-5.000112599108508,-9.84425856346729,-1.986748787747401
1961723002066,-4.944158540283717,-10.251974194102647,-2.2334893287057227
1961723002083,-4.978456354588294,-10.18210976005357,-2.367725105682954
1961723002100,-4.980984836685929,-10.548134820058195,-2.1996636341677016
1961723002116,-5.233941203480437,-10.594965671380987,-1.8860594324137345
1961723002133,-5.416165729897226,-10.407928053624214,-1.7425655913514246
1961723002150,-5.728115063979051,-10.351697765872814,-1.8958607593618257
1961723002166,-6.1893018449533415,-10.245589628838264,-2.1848370451768573
1961723002183,-6.404240416812822,-9.903870081045625,-2.09075091469067
1961723002200,-6.27279873836801,-9.583942792243352,-2.6029847207804053
1961723002216,-6.17933733081097,-9.415366859783687,-2.8180671071938774
1961723002233,-6.278805948614045,-9.178776107061548,-2.5713999554505884
1961723002250,-6.531053515007062,-8.995586910167098,-2.5635409154701803
1961723002266,-6.681726251763032,-8.76379513979116,-2.6724884150320447
1961723002283,-6.78992425222991,-8.790883625142031,-2.915642330517901
1961723002300,-6.79189954717927,-8.682166302029524,-3.066764632306097
1961723002316,-6.615525981989642,-9.14695570683051,-3.189923393638157
1961723002333,-6.572206077323016,-9.425883662725319,-3.2561243280766297
1961723002350,-6.686108157654314,-10.058894198324325,-3.1999918200225688
1961723002366,-6.985470012744365,-10.520095026996557,-2.8360674196795865
1961723002383,-6.838298298280792,-10.802850413561536,-2.9516051694681735
1961723002400,-6.7190811475555625,-10.338600466645882,-2.7125383456268377
1961723002416,-6.713241677589795,-10.767844601934051,-3.1644397780259625
1961723002433,-6.727775947154515,-11.2652556973537,-3.0254122338603437
1961723002450,-6.819941404884054,-11.044506261785822,-3.2830432333738786
1961723002466,-6.643517395253593,-11.791890637010821,-3.1064562198627144
1961723002483,-6.496045400997504,-11.897038665479212,-2.995507515031047
1961723002500,-6.366842228977397,-12.0708053781511,-3.130783396185376
1961723002516,-6.33746628730955,-11.872376186524876,-3.481203106599269
1961723002533,-6.401317505201517,-11.559929304389513,-2.8024912840183367
1961723002550,-6.7277997321453435,-11.152763088034508,-2.8962619796418974
1961723002566,-6.8043005936579934,-10.592333540448255,-2.7958560809197124
1961723002583,-6.768391210941484,-10.815654080312655,-2.5403781611028777
1961723002600,-6.951468694980976,-10.925537967527085,-2.760512877740985
1961723002616,-7.023288151878713,-10.992256425064802,-2.6629982300522834
1961723002633,-7.044188455769831,-10.94445272685028,-1.9763865051901943
1961723002650,-6.9703128374316545,-11.72531557294814,-1.7180985661179764
1961723002666,-6.912781573929245,-11.473780865221443,-1.95992789043662
1961723002683,-6.8306668321609445,-11.819689405124546,-1.72284079174465
1961723002700,-6.66036712457107,-12.112307680103317,-1.6009144402855922
1961723002716,-6.706618649636998,-12.408165607971027,-1.4229795887634198
1961723002733,-6.743793347874606,-12.382852039747952,-1.1063858805704863
1961723002750,-6.825559579126972,-11.853002439435585,-1.411927034713028
1961723002766,-7.035987993238869,-11.68379788771375,-1.8790432192165667
1961723002783,-6.937275061011599,-11.87414630981037,-2.0619803464159023
1961723002800,-7.109771423136366,-11.946850079081642,-1.8725662760943957
1961723002816,-6.883161371836032,-12.545119820428551,-2.2940507475513763
1961723002833,-7.066211612632683,-11.950391439278404,-2.800210266028547
1961723002850,-7.26526515186848,-11.626711273517852,-2.760377496246014
1961723002866,-7.357989704161016,-11.904823824270988,-2.9821971521743538
1961723002883,-7.625916365678355,-12.38347202862629,-2.9297416139489076
1961723002900,-7.6272622455349,-12.362572216708664,-2.762350286982435
1961723002916,-7.344784881466908,-12.402985656609648,-2.8938150158674034
1961723002933,-7.02519033647741,-12.652338502808947,-3.023239254688348
1961723002950,-6.984547841580632,-12.531227271656515,-3.3279677211916256
1961723002966,-7.006851709678498,-12.63841131196268,-2.7107029020642037
1961723002983,-7.216855268024652,-12.366176501293957,-2.9245566106713534
1961723003000,-7.203926733435064,-11.545842275378252,-2.925017820471487
1961723003016,-7.267893535186223,-12.173918557901583,-3.0307184128323894
1961723003033,-7.507887380584069,-12.225157195691871,-2.878899829295981
1961723003050,-7.508895381408134,-12.029973734916233,-2.9569891720100703
1961723003066,-7.405401658481976,-12.172182088014607,-2.8873022380522917
1961723003083,-7.27841140993995,-12.608685994184889,-2.5454813999865804
1961723003100,-7.477461505500841,-12.626433640911316,-2.4858102442788668
1961723003116,-7.655584658784008,-12.340022936664102,-2.3563441238043374
1961723003133,-7.490845012831082,-13.36908661730104,-1.8263485040353027
1961723003150,-7.265538460372498,-12.941781835564857,-1.8279942781777592
1961723003166,-7.172701557557984,-13.046662882247713,-1.885378079083869
1961723003183,-7.099689900934431,-12.861799272279992,-1.5529931041565557
1961723003200,-7.023858028228681,-12.468450660570792,-1.366629464566332
1961723003216,-7.206215396353883,-12.227862197866585,-1.459640554201859
1961723003233,-7.1439396735080285,-11.946877550344439,-1.4347955953595672
1961723003250,-7.119507756960004,-11.499347182892837,-1.8353278823037282
1961723003266,-7.206327624641705,-10.988434245404548,-1.7888245446888917
1961723003283,-7.454020267762086,-11.36266974067596,-1.5831296404922166
1961723003300,-7.53905533019161,-10.692378658320374,-1.4677357202355186
1961723003316,-7.307545521555606,-10.227371468470004,-1.4832515743049144
1961723003333,-7.542632239883982,-10.601324300150004,-1.265361686726631
1961723003350,-7.6763601872625244,-10.639145387323927,-1.2761125060687433
1961723003366,-7.584642488957852,-9.970397790329987,-1.406865963707514
1961723003383,-7.519252270006725,-10.092535395169136,-0.8239312279570636
1961723003400,-7.41682160883534,-10.411310020242151,-0.38050262056866846
1961723003416,-7.265568627163497,-10.565741167269712,-0.5914817206047279
1961723003433,-7.446747459115888,-11.04333857755691,-0.5236360201029385
1961723003450,-7.673520342415351,-11.39175890589685,-0.22310136964081706
1961723003466,-7.5649149733685865,-11.85009599674331,-0.301536174815096
1961723003483,-7.565940851321107,-12.044103750689601,-0.37071803957674876
1961723003500,-7.339627388445367,-11.873122811073978,-0.19927341098394047
1961723003516,-7.632129202660199,-11.706738292957326,-0.22737069170933244
1961723003533,-7.6400193859821925,-11.652170589804914,-0.7397303337988179
1961723003550,-7.592270114174105,-11.681854486763985,-1.11892814866503
1961723003566,-7.570019509157764,-11.498066011852213,-1.1626317830977326
1961723003583,-7.280328516734638,-11.907075237648682,-0.9313942880241465
1961723003600,-7.073802597664457,-12.084391338924473,-0.643274834390483
1961723003616,-7.26052083498186,-11.937940141861391,-0.3504457598799703
1961723003633,-7.435705495724143,-11.954312596479493,-0.9006128723463724
1961723003650,-7.1625090883611175,-12.09452009175748,-1.4465523500452035
1961723003666,-6.977604161855111,-11.80740597183604,-1.4069867534650096
1961723003683,-7.203902487175255,-11.821179292032326,-1.431725023056143
1961723003700,-6.9830843852266575,-11.786076269640372,-1.3633706518962163
1961723003716,-6.847499101051417,-11.627324114128232,-0.9539492101562382
1961723003733,-6.939221320222906,-11.640121531269337,-1.228086656247846
1961723003750,-6.75745449957099,-11.679478363112388,-0.9819474512127535
1961723003766,-6.9555170906895905,-11.912399449609108,-1.1706966718999066
1961723003783,-7.302315665361289,-11.574359673277474,-1.493971947813388
1961723003800,-7.595664580824997,-11.403014644320486,-1.7716457316778298
1961723003816,-7.285909248267822,-11.56003112801979,-1.756238279224764
1961723003833,-7.355032313079753,-12.188934849350082,-1.6831302900921594
1961723003850,-7.48524515396475,-11.507670637040015,-1.9434953883473358
1961723003866,-7.283653579471305,-11.20138276842767,-2.2320529972408423
1961723003883,-7.255142168812078,-11.937156438504484,-2.4280587431678926
1961723003900,-7.107107962112086,-12.065553013607138,-2.4891337503554887
1961723003916,-6.835338736043586,-11.839625377823626,-1.9501071200339717
1961723003933,-6.977060707293047,-11.311951504066737,-1.5818214307253688
1961723003950,-6.898891273856794,-11.108259400139854,-1.7935452860650019
1961723003966,-6.981339259346173,-10.68722938790588,-2.34330092913438
1961723003983,-6.920497238454771,-10.720064480307652,-2.2874738375339545
1961723004000,-6.775670651593428,-10.421232668033426,-2.317314973223009
1961723004016,-6.89737196067548,-10.860023150072017,-2.451080908157751
1961723004033,-6.900499409166941,-10.724614371040952,-2.5471118123180547
1961723004050,-6.7993362749746,-10.294411421368928,-2.225441888188122
1961723004066,-6.796801189499024,-10.314202525026374,-2.2604059252422815
1961723004083,-6.734442986811677,-10.676075756270183,-1.7065885756467678
1961723004100,-6.976118502371171,-10.439294274430342,-2.296491818142679
1961723004116,-6.901355299777464,-10.340794799507405,-2.393981846497671
1961723004133,-6.872388766201859,-10.511057139927459,-2.4143057294457733
1961723004150,-6.918050825939023,-10.862259870662726,-1.9955991719773278
1961723004166,-6.854756589356434,-11.157683855452722,-2.0627573185183845
1961723004183,-7.039549210657475,-11.034229130470965,-1.6486899265382704
1961723004200,-7.176623321472176,-11.482666763510203,-1.6445141694905783
1961723004216,-7.409227555209192,-10.837978873927781,-1.5335263652170779
1961723004233,-7.120609932895866,-10.896492245923698,-1.82251646924324
1961723004250,-7.3461633162929605,-10.52476836232934,-2.0560320454387164
1961723004266,-7.166249977302976,-10.345147883639989,-2.074149716141812
1961723004283,-7.400050674871159,-10.23340243919516,-2.3816239408298996
1961723004300,-7.063418351873381,-9.959705298639955,-2.2551968669881317
1961723004316,-7.009096150349748,-10.88790527347303,-2.5611343685068944
1961723004333,-7.083292449259449,-10.955136894552087,-2.571966861105236
1961723004350,-7.001831661390053,-10.96768398867263,-2.1454244213816085
1961723004366,-7.105957192332983,-11.072964302909234,-2.2761070998738924
1961723004383,-7.305567202955233,-10.754486550504334,-2.625754925195927
1961723004400,-7.367883466109868,-10.61480786852376,-2.711375102024352
1961723004416,-7.4018714413003135,-10.353400168367006,-2.6003351121643803
1961723004433,-7.245881532821079,-10.297822882745582,-3.0806645153251164
1961723004450,-7.58137040565614,-10.934307643346507,-2.9146137038421234
1961723004466,-7.981195524666543,-10.906235754710135,-2.9615173129459063
1961723004483,-8.124194731583685,-11.162460577377754,-2.938770109692776
1961723004500,-8.076125399559912,-11.279317289062543,-3.35650890651619
1961723004516,-7.983020673044061,-11.024651731031636,-3.4411567187473775
1961723004533,-7.734923586566992,-10.880457895029757,-3.1062451562814686
1961723004550,-7.581050529426875,-10.673128780956281,-3.024642195689805
1961723004566,-7.713095540820016,-10.317752259814565,-2.875790117240447
1961723004583,-7.971952828813048,-10.253001142310922,-2.958647488181368
1961723004600,-8.01291124126766,-10.52155382056268,-3.4460224119625398
1961723004616,-7.988073895812357,-9.905501951548356,-3.400886623428658
1961723004633,-8.05810037176104,-9.564154365915705,-3.435140757528395
1961723004650,-8.059493043818492,-9.164713571886077,-3.915476553759425
1961723004666,-8.137086795581189,-8.814237112012064,-3.55661572367939
1961723004683,-7.898330158871322,-8.588600312339723,-3.019433009076793
1961723004700,-7.928008692105109,-9.159182608673223,-2.8420968123518207
1961723004716,-7.896611173983395,-8.788979588561832,-3.0428585554040337
1961723004733,-8.057903644174063,-9.011840139987548,-2.90797884465376
1961723004750,-8.07726792055248,-8.325004151299325,-3.1229216553224033
1961723004766,-7.940964228566297,-8.147385271293974,-2.695885294943163
1961723004783,-7.70625265545474,-8.330226065854433,-3.014880739700481
1961723004800,-7.564830876014193,-8.64618234205052,-2.5321708862057073
1961723004816,-7.542340154449435,-8.64600465194853,-2.5249690442433064
1961723004833,-7.744473358304177,-8.523568249913126,-2.4058492229015727
1961723004850,-7.689154241877525,-8.883458933109665,-2.146409444387651
1961723004866,-7.646829337189589,-9.36532809653912,-2.137999127138487
1961723004883,-7.443179573398119,-8.918040928239176,-2.2998407927103326
1961723004900,-7.856814023667516,-9.085481756170664,-2.3513495411459786
1961723004916,-7.801745146928514,-8.883123755544908,-2.3400068491078265
1961723004933,-7.690314354812463,-9.350971144006099,-2.022088627380311
1961723004950,-7.618325480150857,-8.484748774500309,-1.8860635507192982
1961723004966,-7.529698539663781,-8.259136711245457,-1.696823821027368
1961723004983,-7.440801513977567,-7.620090688931532,-1.2923173721083836
1961723005000,-7.587628630659694,-7.59115201735603,-1.152712021563567
1961723005016,-7.387273467825556,-7.745707482696995,-1.0480165089483269
1961723005033,-7.537940312041545,-8.207463535649055,-1.3024117197280731
1961723005050,-7.8031443166106635,-8.017582618544722,-1.7036298784853172
1961723005066,-7.6196891185717215,-7.5348777482464095,-2.236008513153222
1961723005083,-7.725959628244174,-7.896645846971721,-2.5575503800724597
1961723005100,-7.703174437830681,-7.872410628372268,-2.5339388208512243
1961723005116,-7.63696160481088,-7.350988513669174,-2.2735676965239326
1961723005133,-7.495180663413795,-6.972352996163003,-2.4670472244997823
1961723005150,-7.356036453735356,-6.41829352243083,-2.7309870572153185
1961723005166,-7.200460041199066,-6.05870280033852,-2.513432663028323
1961723005183,-7.4071887772618865,-5.793309259468881,-2.070870518304362
1961723005200,-7.477233736058446,-5.916403276842432,-2.3150756260634853
1961723005216,-7.873711835634751,-6.17500953964032,-2.122029445808039
1961723005233,-8.024711588828337,-6.399676480886828,-2.1749410383147056
1961723005250,-7.921510376830554,-6.647800265266626,-2.3625637790836627
1961723005266,-7.925969843726703,-6.666926444745557,-2.0453179820322642
1961723005283,-7.753614048585623,-6.175999406883772,-2.379585890389351
1961723005300,-7.749380774592183,-5.943534849313334,-2.463086332350625
1961723005316,-7.773390804403094,-5.539529492696772,-2.053795956214448
1961723005333,-7.590915640030676,-5.153883185470703,-1.936871774316348
1961723005350,-7.415129518448111,-4.116193199903233,-1.9653030431548255
1961723005366,-7.441168323886528,-3.8571258667914936,-1.5175466758567768
1961723005383,-7.190226888412101,-3.674928251322716,-1.6867293375437444
1961723005400,-7.4461131729650605,-3.1209994422022995,-1.6622343901048253
1961723005416,-7.545041294576197,-2.638672976406774,-1.7964371297846164
1961723005433,-7.570491367508335,-2.614318906920419,-1.9149170337920172
1961723005450,-7.620210162904682,-2.928599456650914,-2.0135868710125666
1961723005466,-7.54135729789426,-2.4980311045258023,-2.19455759072709
1961723005483,-7.719064777145299,-2.520916789102814,-2.427013570288387
1961723005500,-7.638155919566107,-2.6777783349599806,-2.584037957337719
1961723005516,-7.7050469863506095,-2.6913814927181705,-2.959652316378212
1961723005533,-8.108498390948416,-2.779904686726494,-2.804428192223398
1961723005550,-8.104813898034124,-3.6643655125490757,-2.888436593288387
1961723005566,-7.966684297246141,-3.722303225199166,-2.839393178448094
1961723005583,-7.8931592888214475,-3.703367898314021,-2.4782924444744747
1961723005600,-7.913854161834892,-3.270154578097182,-2.193241591111491
1961723005616,-8.038995221874112,-2.8835544530796096,-2.1363386902749983
1961723005633,-8.078774041945355,-3.0946968378357433,-2.452934323728523
1961723005650,-8.47204151332674,-4.402471769394953,-2.2003325822801143
1961723005666,-8.294300060858026,-4.481116928958663,-2.7217409557709473
1961723005683,-8.083157497143828,-4.072786134760472,-2.411398002498862
1961723005700,-8.250281228414357,-3.9849046858124932,-2.5202397071476135
1961723005716,-8.215785050753013,-4.633925042816915,-2.855959633101181
1961723005733,-8.151858695000364,-4.561470722173813,-3.0296384450716904
1961723005750,-7.980697930942579,-4.307668632751767,-2.8157715580549647
1961723005766,-8.350449045983794,-4.134391595462043,-2.590613209223799
1961723005783,-8.345838689325154,-4.255067125888819,-2.7920855283381485
1961723005800,-8.146870627658028,-4.288510003492083,-2.497055114111209
1961723005816,-8.340999963234356,-4.35112607265791,-2.190797348758325
1961723005833,-8.329464545803544,-3.934787262514173,-2.286424638935925
1961723005850,-7.989875985261022,-4.19565000559031,-2.1642539696448595
1961723005866,-7.966354223019564,-3.983196795767546,-1.7926649022436363
1961723005883,-8.080638425862297,-4.2130839519853565,-1.5768804969321986
1961723005900,-8.232835052319304,-4.388870924616333,-1.7730882706699505
1961723005916,-7.978869513462071,-4.540010142354609,-1.8485276541935776
1961723005933,-8.3400727438646,-4.54231731204392,-1.3810374680114579
1961723005950,-8.198760531244087,-4.733064422087254,-1.0981294158527772
1961723005966,-8.424634944658443,-5.137823102236,-1.0117048680227887
1961723005983,-8.483729888750064,-4.920876982653526,-1.6662887241723499
1961723006000,-8.439685621914332,-4.393751172298899,-1.9974224561457499
1961723006016,-8.407398938867177,-4.787990836089671,-1.7763296459750002
1961723006033,-8.579350538678204,-4.265415462860332,-1.4427978122586567
1961723006050,-8.762933129560984,-5.406557759069855,-1.5896810750500643
1961723006066,-8.668029714176528,-5.822217595601305,-1.6184813810698782
1961723006083,-8.764810709142736,-5.835484455063807,-1.646684538681505
1961723006100,-8.547660523010045,-6.135637197175795,-2.020186606352329
1961723006116,-8.538313488545416,-5.994997772999312,-2.193727592908112
1961723006133,-8.324527503863406,-6.848679396582563,-2.3189473573471666
1961723006150,-8.296755551178146,-6.6332931314589425,-2.6191621886238097
1961723006166,-8.385719958018916,-6.5102966123293795,-2.5646566119971013
1961723006183,-8.216821398721965,-6.440124412892861,-2.8196688401053183
1961723006200,-8.01136531959321,-6.1446917812387465,-2.8726629483213233
1961723006216,-7.921941580099677,-6.524182332599507,-3.3555384189360735
1961723006233,-7.711248292887528,-6.709874134650231,-3.1117469284848074
1961723006250,-7.82518149062691,-7.618559715645291,-3.20645800677892
1961723006266,-7.856111452631971,-7.374228796311651,-3.158980076163737
1961723006283,-7.908455793677764,-7.272586548436385,-3.223225101760667
1961723006300,-7.7799713876590175,-7.94855528262374,-3.0224995902950837
1961723006316,-7.884681933552558,-8.15608080589138,-3.1537862079164447
1961723006333,-7.571676916555224,-8.064333699858835,-3.3262573139221825
1961723006350,-7.665478034255697,-8.468854351860283,-3.522325709426048
1961723006366,-7.771373051495072,-8.514357604567273,-3.951447934709611
1961723006383,-7.6760874961830154,-8.393338829273967,-4.041869565102006
1961723006400,-7.521550395742027,-7.9525556073616395,-3.7971314400649083
1961723006416,-7.416928805620242,-7.977683419063423,-3.984551296829351
1961723006433,-7.475721777331017,-7.985481562444544,-3.7597441880216858
1961723006450,-7.423753203619613,-7.697854769546334,-3.3246694265434957
1961723006466,-7.317644424968208,-7.898635801558813,-3.2819316376536314
1961723006483,-7.685186497317036,-7.8793126944019765,-3.0466214701244407
1961723006500,-7.532569335846963,-7.444998570219894,-2.657931022480361
1961723006516,-7.643350800625542,-7.439640307007231,-2.6976838491735355
1961723006533,-7.578842567977645,-6.910951198709476,-3.0823434285153204
1961723006550,-7.550320940404549,-6.444070384457875,-3.0908432511976693
1961723006566,-7.515532778641477,-6.892499494809488,-2.8495005533355586
1961723006583,-7.402883377710014,-7.513883817431436,-2.8320392020546388
1961723006600,-7.381183375775892,-7.633889322407229,-2.5538114777101883
1961723006616,-7.38683091265125,-7.5900702153669,-2.6994203329527817
1961723006633,-7.548248761694113,-6.7698426971462204,-2.5703171340727478
1961723006650,-7.563657868404226,-7.245695178461194,-3.0274719505174748
1961723006666,-7.152352620876863,-7.4772502114412775,-2.6025301029357264
1961723006683,-7.067253149131595,-7.454207084541388,-2.579167076879753
1961723006700,-6.96766387200035,-7.895559873815456,-2.162531109081599
1961723006716,-7.215869139302049,-7.541795620731048,-2.5519438853920784
1961723006733,-7.316857518171281,-7.451835549533949,-2.5477829044166755
1961723006750,-7.11295627428622,-7.204073886895127,-3.1486970085282238
1961723006766,-6.828527894241691,-7.130620113987954,-2.91508540659852
1961723006783,-6.572137551043849,-6.734271564690024,-2.6833822972476096
1961723006800,-6.5877012855129236,-6.7315977194780245,-2.843386467067372
1961723006816,-6.579577138174619,-6.6864896645434735,-2.5987846430583663
1961723006833,-6.345312948222034,-6.600684936738517,-2.7224776557936776
1961723006850,-6.023253838584229,-7.759556202924679,-3.0556610386882017
1961723006866,-6.06040826599407,-7.442639361534983,-2.6820292093323452
1961723006883,-6.040720052448863,-7.501418094753409,-2.3433149326665754
1961723006900,-6.153395206493481,-7.782499515012408,-2.1680822965214332
1961723006916,-6.127037953240209,-8.148747791948633,-2.062646700061142
1961723006933,-5.995578457988425,-8.052591508006957,-2.2891915756182444
1961723006950,-6.280646548777004,-7.906503892373657,-2.1854332985058473
1961723006966,-6.1796847585728125,-7.292181812299815,-1.6873366056302688
1961723006983,-6.097568614280621,-7.525740980019933,-1.6244106790516877
1961723007000,-6.079483031679382,-7.862341228362165,-1.8410237191704402
1961723007016,-5.90715687683212,-8.168819956905814,-1.8176362015165242
1961723007033,-6.0628205500388335,-8.678832210133223,-1.7292561670921518
1961723007050,-6.018484708830132,-8.79296895815806,-2.1476612324994404
1961723007066,-5.966774930290107,-8.293004906284597,-2.0193369685401716
1961723007083,-6.037505751737524,-8.036865645998937,-2.1120632130660786
1961723007100,-6.029818255581482,-8.313393816164877,-2.2747376184630133
1961723007116,-6.0746529277086525,-8.110264303607027,-2.0267451473863085
1961723007133,-5.860510583030015,-8.521432116929823,-2.1488080380161594
1961723007150,-5.952928398307345,-8.230950589114816,-2.254834530278522
1961723007166,-5.797507395479029,-8.545274736228997,-1.884684990765386
1961723007183,-5.570155209750575,-8.810383490614011,-1.6982857039903339
1961723007200,-5.840978349511828,-8.536283447905992,-1.436608182923309
1961723007216,-6.037619766404579,-9.283957438769978,-1.2479682793979348
1961723007233,-5.80740285133336,-8.272724621279945,-0.9044147344952286
1961723007250,-5.641768570714286,-8.442208892873214,-1.0667863703617122
1961723007266,-5.776890909834325,-8.655933607420948,-0.8626656020587996
1961723007283,-5.455244415417654,-9.038644671313843,-0.5257529541221613
1961723007300,-5.417449845464411,-8.593907320029789,-0.5774930128568946
1961723007316,-5.239278122023255,-7.9832129767680176,-0.24110726935633986
1961723007333,-5.446668493119151,-7.384456614874315,-0.21435022473463006
1961723007350,-5.730133749996878,-7.034835491491728,-0.2690520628598707
1961723007366,-5.841020263912954,-7.596486864912963,-0.28997014948983013
1961723007383,-5.871711652109814,-8.469935586731879,-0.004790305570167908
1961723007400,-6.0234369410060555,-7.807910447509237,0.16981232609988628
1961723007416,-6.0989120566781985,-7.712984795114107,0.5648016328126961
1961723007433,-6.165252809584148,-8.523102139740775,0.3864344689675361
1961723007450,-6.41142275112579,-8.9148466836183,0.3335482873312723
1961723007466,-6.116297567463995,-8.849026493401965,0.5982767726213465
1961723007483,-5.912571888630031,-8.765064059000867,0.24076879012813923
1961723007500,-5.532742384077132,-8.77508243839235,0.5527732490324806
1961723007516,-5.472365349176997,-8.505829410166141,0.5112918237202515
1961723007533,-5.563300026114545,-8.636361609772012,0.37358071664112447
1961723007550,-5.5863463891865885,-8.495575162289455,0.7232340772506911
1961723007566,-5.353037540106076,-8.225033393775163,0.5641473333502014
1961723007583,-5.2367247575899585,-7.560966709512146,0.6780991444102209
1961723007600,-5.039761646713673,-7.462261073459713,0.8921726793434896
1961723007616,-5.128204457335324,-7.800940606551521,1.041496320625426
1961723007633,-5.109216879948601,-7.634705607919562,0.7405348918309878
1961723007650,-5.108349759662008,-7.481597889976568,0.5529708558087725
1961723007666,-5.286214065123646,-7.67565710944716,0.5965485767526242
1961723007683,-5.398327627793469,-7.862153111063014,0.5718212742849955
1961723007700,-5.24132124834657,-7.730979520751648,0.40710088354554785
1961723007716,-5.090796202956402,-8.189954344101924,0.6504570804285505
1961723007733,-5.005078811284904,-8.259264849083188,0.4680964109969936
1961723007750,-5.1526172066195475,-8.261757518817724,0.4902330128169521
1961723007766,-5.277773707020485,-7.504192730938762,0.3153015674208943
1961723007783,-5.106870707412076,-7.6102161242202575,-0.08032224200818328
1961723007800,-4.842254841181001,-7.951601467892216,0.32515145599956363
1961723007816,-4.806555340895762,-7.671456398818272,0.21188682755245547
1961723007833,-4.633641302992354,-7.580972138928452,0.056367399193801404
1961723007850,-4.689290068813161,-8.292687196226204,-0.22313361569525036
1961723007866,-4.786946241875373,-8.312382036731863,-0.5917279688871085
1961723007883,-4.881670438707019,-8.360170495049534,-0.1979250397045651
1961723007900,-4.932706439063995,-8.938926049545916,0.4082385218797986
1961723007916,-4.927465969953603,-8.713694566063808,0.2979482795283508
1961723007933,-4.9821077736995685,-8.489192039330705,0.11874044252353899
1961723007950,-4.99545218244701,-8.788361760898002,0.313312506743495
1961723007966,-5.177798009564893,-9.189404460592279,0.4115532468513172
1961723007983,-5.156708623683568,-8.949314099330412,0.14819137611601385
1961723008000,-5.146368820067409,-8.324727665063396,-0.010471856156336168
1961723008016,-5.2576990159052155,-8.640626759162672,-0.45180022602043346
1961723008033,-5.310985833190547,-8.374264053567108,-0.5396189483981931
1961723008050,-5.223790336837964,-7.823218803437089,-0.8004629629867751
1961723008066,-5.273406902323506,-7.472381630174139,-0.6282086185707823
1961723008083,-5.488773881643549,-6.950431724626452,-0.46395342103494397
1961723008100,-5.5337281820197,-6.707487306834366,-0.6965290641982259
1961723008116,-5.673000836541968,-6.95140762943319,-0.5004752312116718
1961723008133,-5.389124037318572,-7.228980229342542,-1.1152361229988759
1961723008150,-5.26650564443862,-6.808338313005432,-0.8066784237192666
1961723008166,-5.130878256314132,-7.008782065823475,-0.5641513763429721
1961723008183,-5.266256497879206,-7.532492659844379,-1.0145821094022527
1961723008200,-5.231899285772535,-7.997347936041557,-0.9910976144605967
1961723008216,-5.192728096866665,-7.738396045443093,-0.9821171413812413
1961723008233,-5.238825443959341,-8.332056082712613,-0.8580403099180588
1961723008250,-5.3413368865678335,-8.901736132964626,-0.8181416406477163
1961723008266,-5.43647589526507,-8.70457344232129,-0.8250783696758498
1961723008283,-5.302928665618536,-9.097791653081226,-0.88539314829947
1961723008300,-5.139642267896031,-8.870893733473277,-0.6929207491684259
1961723008316,-5.271643946433796,-8.954004937727541,-0.6005340819295607
1961723008333,-5.411946883396162,-8.938610779913688,-0.45186306904440665
1961723008350,-5.439697210674255,-8.962849053557797,-0.4004486800976561
1961723008366,-5.520493446575767,-8.691704096995892,-0.3960446568580305
1961723008383,-5.619742141394372,-8.924554632216523,-0.27000411515069733
1961723008400,-5.655894125949764,-8.580139597627095,-0.6263088117995598
1961723008416,-5.68309092594039,-8.531118220837945,-0.3869627534582456
1961723008433,-5.592452918061215,-8.413014964725495,-0.563071058703225
1961723008450,-5.4931884532451205,-8.392182307326436,-0.6281116516684562
1961723008466,-5.355506363921658,-8.022305738527123,-0.6473506798911686
1961723008483,-5.614375096488571,-8.711939426851432,-0.09035670295350662
1961723008500,-5.879503952923518,-8.956032430389651,-0.1589242439628118
1961723008516,-5.815372847612698,-8.487692376716478,0.2805271188789882
1961723008533,-5.504549818979011,-8.649115218806863,0.4433319311694395
1961723008550,-5.5027769863477545,-8.461546119096289,0.47148907670602735
1961723008566,-5.560588140104504,-8.77602414116457,0.6057715701840178
1961723008583,-5.57362043033082,-9.41107621117996,-0.13535216014353013
1961723008600,-5.740340684480178,-9.699934533159745,-0.2967254833207761
1961723008616,-5.979265753273897,-9.56853568893315,-0.5227099640466746
1961723008633,-5.955390350727816,-9.310782136311026,-0.5275504569560032
1961723008650,-5.914064722203982,-9.575211264279307,-0.25831625154466475
1961723008666,-5.918148623931509,-9.180767628382494,-0.5872916508947755
1961723008683,-6.13323090382323,-9.09861209277291,-0.3052818401873866
1961723008700,-6.204812297693751,-8.980535079178848,-0.12364354599802962
1961723008716,-6.121025458898547,-8.983408607994809,-0.49098784383243543
1961723008733,-6.153235344243394,-8.849554729623408,-0.8193656831505404
1961723008750,-6.125838856651765,-9.301132362607655,-1.0075111683313431
1961723008766,-6.255104645891849,-9.590417483546865,-0.8016298067294232
1961723008783,-6.279387454076767,-9.873905329849775,-0.6857145083876808
1961723008800,-6.2636679292253605,-9.746752108201271,-0.19324407280251243
1961723008816,-6.198723978352453,-10.017956501868749,0.04647462052617635
1961723008833,-6.105460526164131,-9.826423100010556,0.3085262563177984
1961723008850,-6.328055358745135,-9.577181172844195,0.06272721416321958
1961723008866,-6.2255889410115675,-9.29021799980967,-0.2635943894079259
1961723008883,-6.013667523520207,-8.57517544062312,-0.2423127162184875
1961723008900,-5.716915796438592,-8.456235773065082,-0.13537589123609717
1961723008916,-5.509588742709678,-8.562384609018558,-0.10641044786817466
1961723008933,-5.437798541822426,-8.992951825115824,-0.06787903111477234
1961723008950,-5.563311529953622,-8.363160284366225,-0.17192246276833567
1961723008966,-5.788092752480679,-8.961275129430527,-0.37211495619542445
1961723008983,-5.807759039133081,-8.527481000840043,-0.6060843246773776
1961723009000,-5.592461124485924,-8.293774149177096,-0.6068215805862768
1961723009016,-5.77676981491122,-8.38222902138287,-0.323332566049053
1961723009033,-5.553736890383607,-8.404094182549972,-0.7143855001819248
1961723009050,-5.5395945497138115,-8.722566003610149,-0.38371074533654825
1961723009066,-5.493204099791106,-8.45965574423192,-0.03777216522612137
1961723009083,-5.578783667287589,-7.982213324748379,-0.1407837355723207
1961723009100,-5.4871676515990675,-8.638528045913874,-0.4824990074099097
1961723009116,-5.455729257015448,-9.449567794155932,-0.3233643666056959
1961723009133,-5.620447369462552,-9.488549518015112,-0.36031555971376483
1961723009150,-5.600742753480335,-9.46005425776838,-0.047448755757768746
1961723009166,-5.625338642769667,-9.07109333847948,-0.11751515951971747
1961723009183,-5.506932379026709,-9.186985981963044,0.21605979392594188
1961723009200,-5.589750932086832,-8.942483082839036,0.14684023391436707
1961723009216,-5.696837426737826,-9.170299566972007,0.2610891087844087
1961723009233,-5.7765633140675465,-9.473415223584045,0.029633959853038405
1961723009250,-5.591356880479783,-9.120694991049437,-0.08719213373147738
1961723009266,-5.536448787209035,-8.950254015762182,0.15429918244214913
1961723009283,-5.691163903778497,-8.498226084598107,0.24786920020241787
1961723009300,-5.553763334534779,-7.934715970385013,0.3512457252703649
1961723009316,-5.430108064292777,-8.280685745154816,0.03562324139188444
1961723009333,-5.339803875255207,-8.152927354818926,0.10356080466085071
1961723009350,-5.309720618803969,-8.75060587525311,-0.07563193487404529
1961723009366,-5.399546600179178,-8.487631134370556,-0.3660260325199084
1961723009383,-5.534539790768029,-8.243452990789248,-0.21216061473044934
1961723009400,-5.831148876367934,-7.780875865453262,-0.6448321649804176
1961723009416,-5.814055092374473,-7.811195040924049,-0.6141342588685396
1961723009433,-5.926492918372065,-7.364635494683815,-0.5280991950208008
1961723009450,-5.907261241870916,-7.8999431449278115,-0.8163119148643649
1961723009466,-6.018882693320017,-7.350661346452622,-0.7519227438819642
1961723009483,-5.825967623060924,-7.3773579501720405,-0.4516089550752843
1961723009500,-5.679031804254551,-7.763294195171181,-0.7287742956850805
1961723009516,-5.649651139264678,-7.2045706551066,-0.5118280418338941
1961723009533,-5.724877254104891,-8.354172632992153,-1.4198597564596862
1961723009550,-5.758954853118581,-7.722384753107908,-1.1175103448575248
1961723009566,-5.744189979042618,-7.777990418673931,-1.135496803177002
1961723009583,-5.744995690357876,-7.476121370927222,-1.2522525035419152
1961723009600,-5.873284946288142,-7.1810136658328485,-1.3083731666739824
1961723009616,-6.09692329737807,-7.126867777545292,-1.1203562695815044
1961723009633,-6.177053486870989,-6.666251043021782,-1.1129836036782519
1961723009650,-6.174345005726112,-6.5423948537910075,-0.959500774745705
1961723009666,-6.177842836372032,-6.545713255184575,-0.8581529407600441
1961723009683,-6.065448638259085,-6.8636097573232195,-0.5951168264437279
1961723009700,-5.77154293431065,-6.682810915656987,-0.9360179664688871
1961723009716,-5.712264320327117,-6.40391442589428,-1.2481165149016091
1961723009733,-5.874008240435503,-6.647848932167509,-1.2413410913149603
1961723009750,-5.928466011704903,-6.8604778548953504,-1.4923197782909106
1961723009766,-5.837581778657356,-7.07789215383575,-2.127135454757834
1961723009783,-5.831793846448125,-7.371850731618574,-2.38442195253255
1961723009800,-6.028475020448153,-7.5572612884183314,-1.9968462073317301
1961723009816,-6.40920089689572,-7.489270727889889,-2.172784304266857
1961723009833,-6.155763087692584,-7.409614927150498,-1.9111737436014722
1961723009850,-6.15570039880453,-7.6171209485478375,-2.0398418844170756
1961723009866,-6.070445670985645,-7.481095112523316,-2.111417393113871
1961723009883,-5.865024332286963,-7.6955901730948675,-2.3495548137785898
1961723009900,-5.393024334948794,-7.453252599972355,-2.32419259194719
1961723009916,-5.258185390939219,-7.352543319663846,-2.3825419098270597
1961723009933,-5.52330397545746,-7.90401415859184,-2.4207145654426894
1961723009950,-5.731880344275083,-7.839744187929589,-2.507006582024628
1961723009966,-5.696333209903543,-7.7453766782554485,-2.7035354958060136
1961723009983,-5.628326081325522,-8.125180421050766,-2.4947379857560152
1961723010000,-5.848829875555567,-8.360941172737629,-2.562638196849117
1961723010016,-5.513423088340775,-8.084002535593601,-2.388717776278493
1961723010033,-5.362437076475586,-7.958610702996721,-2.608370185749471
1961723010050,-5.423134396952733,-7.552862197338482,-2.2900340386728413
1961723010066,-5.423567410076497,-7.480089549239091,-2.212208005754413
1961723010083,-5.387041451263478,-7.527411420773985,-1.875650192345697
1961723010100,-5.313082262677279,-7.462499452275563,-1.7070292268357905
1961723010116,-5.158396274121127,-8.200173355223292,-1.4836598183828131
1961723010133,-5.133939149597368,-8.216759886681288,-1.4893227672045817
1961723010150,-5.134668011929812,-8.577201960391232,-1.368639532829982
1961723010166,-5.267217976678408,-9.191344174613384,-1.6162345261977658
1961723010183,-5.255653156395461,-8.882526213505187,-1.7554420137707938
1961723010200,-5.300637764051459,-8.494857715020125,-2.1206298455332453
1961723010216,-5.384260275874103,-8.45241670957481,-2.35790575063227
1961723010233,-5.018826970660939,-8.462609228407715,-2.697528843019948
1961723010250,-4.996478477839668,-8.738614497212343,-2.46730882748808
1961723010266,-4.850731961807644,-8.797892551926642,-2.594042232265765
1961723010283,-4.767944692578563,-8.342350279785414,-2.3197648833203095
1961723010300,-4.812367589033981,-8.556024199909423,-2.014740128706769
1961723010316,-4.5536669552103275,-8.541704492684257,-2.0919762326192393
1961723010333,-4.6204983378961515,-8.212329357303902,-2.369772197521031
1961723010350,-4.862905395071064,-7.542926924924789,-2.2371624130296794
1961723010366,-4.885786627051372,-7.0139781262128125,-1.986084769403206
1961723010383,-4.749238361641695,-6.2035919622728555,-1.9748611945596903
1961723010400,-4.959179725087657,-6.325418180014007,-2.1500179388112595
1961723010416,-5.035053557595736,-6.06765846851154,-2.5144717275529995
1961723010433,-5.174207804842816,-6.375374943336857,-2.4887797006778083
1961723010450,-5.574474574696662,-6.758759520082252,-2.5071485967293503
1961723010466,-5.341488764047601,-7.059841693157951,-2.3581664816786843
1961723010483,-5.377613487386991,-6.758531545099987,-2.180466027266802
1961723010500,-5.558481004214308,-7.553955575799849,-2.4680854821021336
1961723010516,-5.931919244261314,-7.4703143252838835,-2.6861083689732763
1961723010533,-5.79168473317142,-7.845635505410151,-2.671585770610678
1961723010550,-5.746917308144379,-7.878062399963557,-2.6088201030821008
1961723010566,-5.514477770245344,-7.361546426046019,-2.697358531657854
1961723010583,-5.374188206081392,-7.610313763058652,-2.6556858943658783
1961723010600,-5.259179227913276,-7.365206309241904,-2.4772416136942033
1961723010616,-4.998009175825667,-7.980627103189622,-2.2744817957642214
1961723010633,-4.930340800118262,-7.313142463327342,-2.1288161101148027
1961723010650,-5.2234336410985875,-7.535989969563885,-2.2306164927790597
1961723010666,-5.109223188225393,-7.436814451856984,-2.642062916765486
1961723010683,-4.830788713467103,-7.610821280284704,-2.3254040881485736
1961723010700,-4.753399786646414,-7.556612774252562,-2.6453578780527023
1961723010716,-4.5938131120249475,-8.01006659308778,-3.0187233102280473
1961723010733,-4.633731500933305,-8.431219459782614,-2.73068292456367
1961723010750,-4.705532635427017,-7.992987704052375,-2.7416688111650354
1961723010766,-4.773607280860938,-7.407588918735957,-2.8541232496057645
1961723010783,-4.965415000290836,-7.273532440929633,-2.4826343174498264
1961723010800,-4.9871523805544395,-7.2587060248570685,-2.2446442076115147
1961723010816,-4.877525877817566,-7.520119856672537,-1.8904353681520263
1961723010833,-4.849298244153807,-7.839821210644109,-1.9679344374583123
1961723010850,-4.844866263551053,-7.3367601962954225,-1.9724222810903487
1961723010866,-5.005447017811652,-7.259575372900812,-1.7117365501194155
1961723010883,-5.100690061637926,-7.125325322412505,-2.1294959773943267
1961723010900,-5.0324747058380614,-7.169803487077612,-1.8170810713085799
1961723010916,-4.801852959536232,-7.121386785679249,-1.8563353021381983
1961723010933,-4.636251794628789,-6.883425324536782,-1.5469092166258305
1961723010950,-4.715875927610208,-6.697572955363206,-1.2966313409404904
1961723010966,-4.629697424035202,-6.838482718000385,-1.9782533758490883
1961723010983,-4.893364859112062,-7.2436912746923126,-1.812895371693406
1961723011000,-4.921353751701241,-6.877322938667283,-1.9740259387778054
1961723011016,-4.998506535522661,-7.035061470571487,-2.0390097468803248
1961723011033,-5.226560767855875,-7.195178372138584,-2.0411871094566836
1961723011050,-5.300323205954626,-7.34241177969092,-1.7544876311751323
1961723011066,-5.183065957750213,-7.21054493470407,-1.5709332704944248
1961723011083,-5.058792466727175,-7.056682247992425,-2.199785294939014
1961723011100,-5.037143950705773,-7.002288812454656,-2.4611444744616424
1961723011116,-4.802706761282744,-7.304430592441084,-2.1041021638140327
1961723011133,-4.9109966451410205,-6.994310132762063,-1.9028921970611052
1961723011150,-4.878665400985177,-7.191553786052634,-1.6290142300904618
1961723011166,-4.792842924151408,-6.80536457657126,-1.4024616185499363
1961723011183,-4.91660157257981,-6.84166625711152,-1.4588345782900018
1961723011200,-4.952527479914123,-6.813016243193377,-1.2570894330593751
1961723011216,-4.776028687342485,-6.460732031161488,-1.2798326674265876
1961723011233,-4.764087371383344,-6.448450059575441,-1.4316427944048
1961723011250,-4.690502409696025,-6.07482643037882,-1.438472770576874
1961723011266,-4.656328380731848,-6.220837552164346,-1.3283819961073666
1961723011283,-4.625083645100737,-6.123265298386274,-1.6245694393512211
1961723011300,-4.479592407934357,-5.694061285707201,-1.4939639195154824
1961723011316,-4.477769604027465,-6.0439848870318595,-1.5499211943194298
1961723011333,-4.632123468086124,-5.558956393918346,-1.2518080642494218
1961723011350,-4.611209088476816,-5.273601843487782,-1.1622882122708058
1961723011366,-4.6261100443697085,-5.460005335167624,-0.8890158974162018
1961723011383,-4.53041043285096,-5.508738734835084,-1.021082203863752
1961723011400,-4.443394702025139,-5.437017413077687,-1.406462177918575
1961723011416,-4.18695201266918,-5.718503641641017,-1.5724194366811208
1961723011433,-4.249627441023671,-5.938152654721628,-1.9293476334449173
1961723011450,-4.270809214044288,-5.734037335009281,-1.7592098813803094
1961723011466,-4.260887787796847,-5.532272956085596,-1.597021775548944
1961723011483,-4.230266500129858,-5.0614327995065045,-1.8079165218930844
1961723011500,-4.1743950145495035,-5.187505503088914,-1.8736475588089108
1961723011516,-4.140673809906,-5.412068928273824,-2.0962617779379817
1961723011533,-4.308094372166241,-5.870362336225583,-1.8048327110870845
1961723011550,-4.093584867149988,-5.922285540025357,-1.623287654015335
1961723011566,-4.169865947716821,-6.126400898340499,-1.7779601732483907
1961723011583,-4.361992980430115,-6.4048257226877086,-1.8187844397521675
1961723011600,-4.400093739698011,-6.061498612249054,-1.9633498383240964
1961723011616,-4.246744699264881,-5.715729697881516,-1.5298268465180218
1961723011633,-4.352855720860265,-6.016212690559234,-1.4916156032996064
1961723011650,-4.066686477749587,-6.104817000054112,-1.5102341414900322
1961723011666,-4.040691252154043,-6.475277631680664,-0.9967030002728998
1961723011683,-4.029855611536118,-6.289272850041123,-1.1717519976147999
1961723011700,-3.9222697536185764,-6.621532494149679,-1.1595935333009797
1961723011716,-4.262249366431826,-6.505667266176249,-0.9990063769148594
1961723011733,-4.441331747390343,-5.863002919604059,-1.1316006737708109
1961723011750,-4.316720946549514,-5.7303441290664745,-1.2317196514107256
1961723011766,-4.399644397026442,-5.160424915194767,-0.9106536898029391
1961723011783,-4.3316005189435085,-5.476967382584178,-0.3216460919062195
1961723011800,-4.495922486121543,-5.797265516404384,-0.04250416463031281
1961723011816,-4.157735317126587,-5.634819703312894,-0.13622866225201347
1961723011833,-4.160874849803902,-4.993653490672303,-0.319145120367051
1961723011850,-4.007950449925548,-5.434864638847344,-0.27467120120300403
1961723011866,-4.002215487747138,-5.224165541666054,-0.3164115501009349
1961723011883,-4.016762146273223,-5.047668129531335,-0.7059473198557953
1961723011900,-4.219891816988119,-4.901056646451009,-0.8136594665494563
1961723011916,-4.212209415838569,-4.3638888793115775,-0.8978671892290522
1961723011933,-4.204536185071496,-4.239873777620739,-1.1464648980812633
1961723011950,-4.223491028391139,-4.4774689552589075,-1.3230255686959416
1961723011966,-4.084668225821412,-4.0215273031743255,-1.4400154085167005
1961723011983,-4.0757494255003195,-4.3188931209884895,-1.3311345707671234
1961723012000,-4.177718728214328,-3.7037224798263666,-1.1939922783484935
1961723012016,-4.343215037319009,-3.1430464062475565,-1.2921267600614321
1961723012033,-4.413640931401431,-3.267972884582947,-1.4642419916150609
1961723012050,-4.550685274707128,-3.2736879575837867,-1.726324807135597
1961723012066,-4.558369345205254,-2.9914791737174236,-1.6752798943439409
1961723012083,-4.421878049689479,-3.0371419420089407,-2.080699831566827
1961723012100,-4.720040371602831,-2.729633187957148,-2.213515899630837
1961723012116,-4.867266768266349,-2.8177745666503196,-2.70999433472584
1961723012133,-4.821530995833092,-2.4208444573841987,-2.8391203405891794
1961723012150,-4.89785202432135,-2.4195512342653713,-2.8587156403592306
1961723012166,-4.932435022199764,-1.9395196040611928,-2.433865726834182
1961723012183,-4.881795107908628,-1.8947827468554728,-2.370619421289665
1961723012200,-5.043637332646455,-1.8569736571641045,-2.6343483473553384
1961723012216,-4.790770798936549,-1.5557354788341646,-2.7448490755082355
1961723012233,-4.93929538480672,-1.291712637611523,-3.176117502557193
1961723012250,-5.331698762305908,-1.6353762408276573,-3.517522232696341
1961723012266,-5.384590184222131,-0.8895135341636395,-3.2695721965725495
1961723012283,-5.4936183956467675,-1.0265262529346035,-3.45169502548925
1961723012300,-5.477372742158292,-1.0253804915638511,-3.3297032331562013
1961723012316,-5.610093802904272,-1.777007175587019,-2.9054910767687865
1961723012333,-5.731994405355844,-1.590927157052957,-2.7405254163320105
1961723012350,-5.7442749318912,-0.6951332755178541,-2.425442565483895
1961723012366,-5.767071848109993,-1.0118210255565243,-2.3661684379104195
1961723012383,-5.766280603092246,-0.9533189227019951,-1.8573781996002237
1961723012400,-5.888460955879212,-1.199991568067385,-1.8692604145448732
1961723012416,-5.836127845695448,-1.4511250592569898,-1.829907236909751
1961723012433,-5.752314472794707,-2.0503688706623793,-0.9666816568261956
1961723012450,-5.900714637439407,-2.59268621046647,-0.6138941636840762
1961723012466,-5.810385595084204,-2.8752344659282763,-0.585989882219141
1961723012483,-5.981711896166705,-3.596322651024921,-0.41469458941438375
1961723012500,-6.20089254174973,-3.3257797034628593,-0.3282945945421074
1961723012516,-6.377247528912569,-3.3858689180530317,-0.3522878374057713
1961723012533,-6.461654984333084,-4.054329644177252,-0.20247042661981762
1961723012550,-6.5662314411557885,-3.8803241259828485,-0.7596708699440321
1961723012566,-6.419192923715444,-3.5786790299216005,-0.8347527486572048
1961723012583,-6.276006670701129,-3.1547887120590707,-0.6830092094997826
1961723012600,-6.385490382441884,-3.017878453598246,-0.3672867039332718
1961723012616,-6.4675738889081344,-3.0272994837376763,-0.42500992599776777
1961723012633,-6.434248747470455,-3.1627104356869093,-0.11349508140330444
1961723012650,-6.333251594979236,-3.365201082970331,-0.4849286153412483
1961723012666,-6.266092344804516,-3.3684862448507173,-0.5882714868941985
1961723012683,-6.352018989280641,-3.3232640478123887,-0.8553611676505569
1961723012700,-6.437185442310634,-4.27114472404302,-0.9103343693605499
1961723012716,-6.2402918676585575,-4.302233408438652,-0.9864357310393455
1961723012733,-6.213789688507714,-3.7546309389699593,-1.021505006149238
1961723012750,-6.242044415746254,-3.843062886689775,-1.25168253568756
1961723012766,-6.353809977998291,-4.297693877285022,-1.3915919546871234
1961723012783,-6.549272754652794,-4.433431273122593,-1.6235091883114225
1961723012800,-6.746714333406246,-4.07854182518701,-1.6744523712264392
1961723012816,-6.458345051917264,-3.5389181806346333,-1.9621383418588776
1961723012833,-6.292053447702504,-3.6116353861194614,-1.76657820087099
1961723012850,-6.281985966857735,-4.053873962707979,-1.9102057403668748
1961723012866,-6.3786746551678295,-4.186383776596664,-2.4577852198068166
1961723012883,-6.3725146327161095,-4.339201011124236,-2.5215977433310024
1961723012900,-6.460301667962954,-3.8771589006690386,-2.3668967717623244
1961723012916,-6.641883654980697,-4.7625672545069575,-2.253326992468766
1961723012933,-6.338852043568633,-5.028126969021698,-2.4414887068656754
1961723012950,-6.087535726110342,-5.662440364505083,-2.6549410487782086
1961723012966,-5.991209119926928,-5.215377385001232,-3.0858818530058354
1961723012983,-6.075277658296261,-5.513576426732204,-3.1226723047301967
1961723013000,-5.897978227145398,-5.496425715985768,-2.7649353005424038
1961723013016,-6.036221473353439,-4.9760761344343925,-2.7203207965554905
1961723013033,-5.916156534359928,-4.625039605212724,-3.059685116994875
1961723013050,-6.286739633976138,-4.752536700785584,-3.346843989882644
1961723013066,-6.330007261740241,-4.708857643723469,-3.673811643181357
1961723013083,-6.517536868019618,-4.507150078944642,-4.148839779223793
1961723013100,-6.918780497557728,-4.498848440590343,-3.9206940099236114
1961723013116,-6.960619452776177,-4.7744595936028125,-4.028804473109594
1961723013133,-6.682479969433972,-5.30840878509764,-4.056679435937137
1961723013150,-6.686464405767397,-6.473584961356996,-3.883031450419251
1961723013166,-6.689658473413801,-6.339782645891325,-3.7602455472968286
1961723013183,-6.777160365775811,-6.087033448605446,-4.09422649185012
1961723013200,-6.74858365293308,-6.413266672868757,-3.9983332778364264
1961723013216,-6.460587495822768,-7.081795771832892,-3.780882085311358
1961723013233,-6.219492397564428,-7.7474863351810015,-3.2533215705056717
1961723013250,-6.0414696895712465,-8.672974691950152,-2.9841940539470295
1961723013266,-6.426200772030121,-7.856621351290693,-3.42443375416134
1961723013283,-6.551492402421508,-7.988394220201963,-3.4187235284529693
1961723013300,-6.580954719954228,-8.154220040928184,-3.658732465767951
1961723013316,-6.599418409026469,-8.200017355687944,-3.8761347462194626
1961723013333,-6.488058084731074,-8.144088270846925,-3.5500359517028945
1961723013350,-6.790626127604903,-8.160462930759952,-3.2044629244280767
1961723013366,-7.042264604412004,-7.624730651158334,-3.3970099439525248
1961723013383,-6.85064885704627,-8.001730230371603,-3.161632394839536
1961723013400,-6.855316026714783,-7.656826545276083,-3.6310087012723224
1961723013416,-6.811562455107001,-8.701183960362616,-3.5591783975072326
1961723013433,-6.992679746118492,-8.746186502009056,-3.4955136587158098
1961723013450,-6.9605770095088335,-9.210894286802358,-3.5899159444169184
1961723013466,-6.877588132548734,-8.68730357723417,-3.425419336344021
1961723013483,-6.725029552918544,-9.166803085935769,-4.125101158022707
1961723013500,-6.760553432985522,-9.831402159115978,-3.662023496575263
1961723013516,-6.540305397040948,-9.54882058686758,-3.7508470948635555
1961723013533,-6.649416624234201,-9.57750043089649,-3.8336605943452273
1961723013550,-6.660007845416735,-9.517620967742019,-3.854504490056037
1961723013566,-6.244482743362509,-9.423971610124184,-3.758390346966836
1961723013583,-6.062930139434757,-9.43480377484321,-3.530110421881247
1961723013600,-6.265867937020971,-9.49832134175551,-3.846482396666614
1961723013616,-6.399292151688083,-8.788133830015438,-4.152433682103381
1961723013633,-6.58703497874929,-9.38797712722102,-3.8108941996756682
1961723013650,-6.662217591977986,-9.990149820609144,-3.483721134431619
1961723013666,-6.776538275746966,-9.952447285790326,-3.1732823343348064
1961723013683,-6.43940577082373,-10.080608320360204,-3.056234448531308
1961723013700,-6.476205055479529,-9.566601832380346,-3.1778018656831186
1961723013716,-6.34717753208524,-9.769261027101955,-2.9630467459088
1961723013733,-6.455454283057846,-9.521204967645634,-2.4072809390334604
1961723013750,-6.620629832450929,-9.361266932038198,-2.2075662484578435
1961723013766,-6.676736061064642,-9.301989410071412,-2.7848086748731067
1961723013783,-6.717866670508064,-9.49149922935823,-2.7661507096663818
1961723013800,-6.5707558737117795,-9.897524017663045,-2.923706723012733
1961723013816,-6.548232346167873,-9.493821374834965,-2.5584953296428465
1961723013833,-6.352928469829922,-9.040395488570171,-2.467209183290917
1961723013850,-6.311075768369161,-8.569080361097011,-2.0678919828285385
1961723013866,-6.261159950571441,-8.024577302152592,-1.6601189474138591
1961723013883,-6.289168015920837,-8.766394927648879,-1.0580545171999902
1961723013900,-5.911552167166693,-8.2235375167552,-0.5180465820487267
1961723013916,-5.613566330183547,-8.719766194939659,-0.29346319555775435
1961723013933,-5.837968328925195,-8.773902265082167,-0.40470946718952683
1961723013950,-5.6140034529047,-8.392054106496518,-0.5526875751970393
1961723013966,-5.683872062941574,-8.013802194915502,-0.6667012603784856
1961723013983,-5.726976504310729,-8.714850570481456,-0.5538986595560856
1961723014000,-5.422590311231707,-9.005010161273226,-0.5092097167009663
1961723014016,-5.365334348865451,-9.154138193721359,0.0033643099490712203
1961723014033,-5.581833255231016,-9.302390602974263,0.02714355558449033
1961723014050,-5.708831536825345,-9.387063552504777,0.38226435542599413
1961723014066,-5.7192303704757865,-9.043310120929373,0.12680310234770786
1961723014083,-6.001391919245066,-9.09260756502034,-0.05593445008053721
1961723014100,-5.866399442490543,-8.592092100253797,-0.08927551131096445
1961723014116,-6.059209654952962,-8.152157161454623,-0.07330058941285067
1961723014133,-6.069655287521239,-7.774462999508692,-0.08958094256699423
1961723014150,-6.2092699781551115,-7.235090997565186,-0.3488075401024623
1961723014166,-6.225152901383305,-6.985067925368184,-0.19141808488815826
1961723014183,-6.201504949353266,-6.915146987464337,0.07450978988043855
1961723014200,-6.331662256796761,-6.622664732369773,-0.30495949799300137
1961723014216,-6.353108753174823,-6.245887134303493,-0.10568108231196205
1961723014233,-6.190773327880945,-6.187793960512576,-0.17799948110226615
1961723014250,-6.321393763807871,-6.594616352072061,-0.29189511363675413
1961723014266,-6.104918959679684,-6.377220069468158,-0.08330324357905994
1961723014283,-6.171090388961396,-6.474668029825417,-0.3875864992865823
1961723014300,-6.508662575264563,-6.475985152792978,-0.6090421767373796
1961723014316,-6.50401729237659,-6.147464213337862,-0.7775297287740799
1961723014333,-6.392423623618896,-6.586503003920682,-0.5398454892156989
1961723014350,-6.332905964501487,-6.138021843100076,-0.5790611592333994
1961723014366,-6.708852490557045,-6.396626423961118,-0.7026474780601424
1961723014383,-6.96115342299758,-6.43098669413544,-1.0285951931689339
1961723014400,-6.995125460248877,-6.945562123303725,-0.8357068496308153
1961723014416,-6.985006803265138,-7.15121043528557,-0.6804620637040149
1961723014433,-6.936052390146258,-7.241164897505962,-0.45234765173387426
1961723014450,-6.638078690719738,-7.118283309646727,-0.7767966172631433
1961723014466,-6.596401485633474,-7.283456434706168,-0.9061041747781939
1961723014483,-6.506156017604666,-7.1234199776848435,-1.1536260609716147
1961723014500,-6.39179601436452,-6.728520270278817,-1.045500085202149
1961723014516,-6.5212293829317005,-7.561783654447266,-0.970054448947959
1961723014533,-6.653518988439393,-7.678173156656532,-1.1509000446992155
1961723014550,-6.636752521555624,-7.002817304217636,-0.7078851539588413
1961723014566,-6.397925368936625,-6.452227860684166,-0.6632844710377276
1961723014583,-6.316184131072603,-5.784135854445265,-0.7868022298206989
1961723014600,-6.370925083488543,-5.6280787469358415,-0.7509426080050281
1961723014616,-6.4369238494777035,-5.763840130477905,-0.9031880334176479
1961723014633,-6.516854825445273,-6.193890814345753,-1.1731903033324402
1961723014650,-6.5038258788267544,-5.5542077952013384,-0.8395293662866274
1961723014666,-6.417103539855605,-5.336548842459028,-0.8122177606390953
1961723014683,-6.397722311764521,-4.741901631490329,-0.7848717421963247
1961723014700,-6.125846124033182,-4.35542845413575,-0.8771925474492683
1961723014716,-6.054224155865889,-4.023842868087355,-0.941230142892021
1961723014733,-6.122831962875881,-3.867221929776284,-0.9535573916895675
1961723014750,-6.110531812560244,-3.2988562111375304,-0.9726966713772485
1961723014766,-6.194021027231032,-4.217381323293104,-1.3229711718969523
1961723014783,-6.474522847367643,-4.232348000575293,-1.3310898479491016
1961723014800,-6.6702597614276335,-4.493251223964344,-1.4690599127133563
1961723014816,-6.7625326895296505,-4.440112221430547,-1.0748297482137057
1961723014833,-6.896513036420165,-3.9328608418318547,-0.949963201885687
1961723014850,-6.926918774528672,-3.6747044109171623,-1.339213141956066
1961723014866,-6.80299888396088,-3.4193115182032394,-1.1395156101425472
1961723014883,-6.825227969782336,-3.0613373620766526,-1.1546664036363372
1961723014900,-6.78352869561063,-3.029258330143819,-0.7651927638634988
1961723014916,-6.791557796058904,-3.456432855236753,-0.5619014099009635
1961723014933,-6.857914869302217,-3.522856138508559,-0.5395276773420631
1961723014950,-6.590642193619262,-3.2220021986489185,-0.32786266409170695
1961723014966,-6.43815456891762,-3.5472099143262787,-0.20700754236231578
1961723014983,-6.387703567611776,-3.5325984603560294,-0.46875595923725566
1961723015000,-6.393977118846937,-3.668331161294441,-0.6217478111211996
1961723015016,-6.303196121516853,-3.0925089644804693,-0.5978734683663005
1961723015033,-6.5129963130899,-3.0240655541092605,-0.3741669446727601
1961723015050,-6.55532638880782,-3.3995661425416834,-0.5664494663695063
1961723015066,-6.7250298308188565,-3.4094983183725054,-0.5505910537950572
1961723015083,-6.98197946813703,-3.1559349923613085,-0.3534962069470151
1961723015100,-6.67010178835075,-2.9490680249174743,0.07933714912643008
1961723015116,-6.666153781813812,-3.470315294122728,-0.3342325505016991
1961723015133,-6.492563707017997,-3.6927098479535574,-0.008635050230991537
1961723015150,-6.50720123614789,-4.057058314442913,0.07731791300945523
1961723015166,-6.556089415446618,-4.129332792208097,-0.0641350859654013
1961723015183,-6.632442594708143,-4.203942763056695,0.16661895990810693
1961723015200,-6.4230706325303535,-4.11386445524982,0.20521226222562938
1961723015216,-6.319232763554962,-3.7633506369282057,0.3686296108034428
1961723015233,-6.396222575910985,-3.1248308906676403,0.7458000286577184
1961723015250,-6.485882609481936,-3.1262496248105607,1.11943333596872
1961723015266,-6.479579993344444,-3.246621932799834,0.9675500078321624
1961723015283,-6.432492506366558,-3.426176351420978,1.1149152352814056
1961723015300,-6.75174927700425,-3.2220889570248064,0.9503284032244934
1961723015316,-6.7678467284558845,-3.369159331872652,0.6959287319721081
1961723015333,-6.87139339394055,-3.584441567184042,0.8196096668153015
1961723015350,-6.6158917189619455,-3.607960691723335,0.6893693369558287
1961723015366,-6.701593799235907,-3.122956336246263,0.8900105790843791
1961723015383,-6.735950064976674,-2.877171660981148,1.4136295792868674
1961723015400,-6.3756646299319675,-3.5484770270645103,1.4310415973066515
1961723015416,-6.167032890084834,-2.875603282596324,1.1980190469912848
1961723015433,-6.184871941496896,-3.1496884861841026,0.9571102274194916
1961723015450,-6.352049884074943,-3.491467300156229,1.0637953786228482
1961723015466,-6.32654590855692,-3.65527917448783,0.9957290261496612
1961723015483,-6.195796480968582,-3.547667505250617,0.49369760822925035
1961723015500,-6.284028277499982,-3.3442849356502755,0.5587612910762354
1961723015516,-6.2058361132562325,-3.6174944392262485,0.2217649351037172
1961723015533,-6.140362298268537,-3.8501746327029047,-0.13837212444503
1961723015550,-6.310367968215699,-4.485343186328802,-0.5328750716788533
1961723015566,-6.287982546540687,-4.303677688105195,-0.43147635082006275
1961723015583,-6.014559421535437,-3.988003980353459,-0.2792743494247164
1961723015600,-6.171131469859913,-4.18173351310271,-0.13419982049932533
1961723015616,-6.02940872295507,-3.955656523662528,-0.2512709422040692
1961723015633,-6.162938193465405,-3.9609548589696066,-0.7296105814323184
1961723015650,-5.9405147193912144,-4.195473356103383,-0.6115686918737473
1961723015666,-6.003486585609295,-4.115792465780836,-0.41097756119709594
1961723015683,-6.2070422866262485,-3.7756583820280567,-0.42360728755099597
1961723015700,-6.008709389241389,-4.0452665575841396,-0.38823293349635846
1961723015716,-6.266950653053105,-4.801690547937291,-0.2859419729993352
1961723015733,-6.229053403068044,-4.636411928376971,0.03008209344338808
1961723015750,-6.261883464074569,-4.684191499792276,0.4335979789921527
1961723015766,-6.326360790078031,-4.8590500733464825,0.6576030619599278
1961723015783,-6.407333087774383,-4.15107535094555,0.7898412469620841
1961723015800,-6.42658596598916,-4.2369579859914595,0.5039176988252818
1961723015816,-6.257525273818684,-4.7003666963597475,-0.0441815570830717
1961723015833,-6.43110348080812,-5.276664106463875,-0.2327124715024167
1961723015850,-6.271996948744153,-4.562363766382823,-0.4670718760761484
1961723015866,-6.20475035676852,-4.513656209458125,-1.0772550506719596
1961723015883,-6.069719770379415,-4.595919947135063,-0.9918442182467183
1961723015900,-6.091472175472608,-5.380232860123192,-1.072923200970172
1961723015916,-6.2939697535235855,-4.98530173984747,-0.9309954214703642
1961723015933,-6.164414100407977,-5.5503545474228595,-0.9482129909851116
1961723015950,-6.096700927010981,-5.808858150336399,-0.6616732682828284
1961723015966,-6.214261982405126,-5.790101649391558,-0.7326115873736323
1961723015983,-6.209566074449598,-5.65915268904839,-0.6098185958813582
1961723016000,-6.254706422299668,-5.491642537108688,-0.6662125775494583
1961723016016,-6.13242768632564,-5.897860857010364,-0.8079037430604666
1961723016033,-5.883805591840915,-5.532613363596425,-0.6175641618623025
1961723016050,-5.886497374774479,-5.7958338500852795,-0.6971891460676856
1961723016066,-5.848051357579037,-5.850616421441494,-1.0167026373726933
1961723016083,-5.881516059659072,-5.812560360784607,-0.9105940939807738
1961723016100,-6.0077215599089655,-6.402431323981602,-1.0219324608155744
1961723016116,-5.80354349344048,-6.51129093841628,-1.322863874839014
1961723016133,-5.785995591472822,-6.974134020989929,-1.3670216093365262
1961723016150,-5.932921164917214,-7.453807752980153,-1.6530278560602485
1961723016166,-6.244890604396288,-7.616879832109456,-1.5456314014254642
1961723016183,-6.169789823780712,-7.21623302628085,-1.5469287953710062
1961723016200,-5.9258230623628165,-6.653974716059238,-1.4921777515125805
1961723016216,-6.057402253870136,-6.576400152718628,-1.5193861651244336
1961723016233,-6.040456726933685,-5.789303880325569,-1.4466774801319389
1961723016250,-5.757822014657425,-5.497769272034845,-1.3996251127968313
1961723016266,-6.026609401220333,-6.340468938286215,-1.432894243587395
1961723016283,-6.086498007321332,-6.311084498084494,-1.2683700598912693
1961723016300,-6.429237258828593,-6.606964864416163,-1.0286591259890405
1961723016316,-6.422112765619131,-5.859161859159402,-0.822748289208098
1961723016333,-6.4441923905230905,-5.549486655859786,-0.2416551637897938
1961723016350,-6.333132665273498,-4.897260301083818,-0.2652256466267693
1961723016366,-6.446805715961126,-5.382140189321585,-0.056439152795039194
1961723016383,-6.291680979926683,-5.769030741652176,0.0492846179077564
1961723016400,-6.287984030823078,-5.863861856829755,-0.3811117973398951
1961723016416,-6.410066324313183,-5.9804175488669395,-0.055500521958730786
1961723016433,-6.85978219462379,-5.743204190577621,-0.40940625567203814
1961723016450,-6.685582165633055,-5.795767414265973,-0.44237585355908204
1961723016466,-6.683348682708575,-5.520600235449175,-0.49635493138416553
1961723016483,-6.574231462532782,-5.5130090683577215,-0.6889767618547136
1961723016500,-6.370873354456365,-5.347158488997071,-0.542262183270303
1961723016516,-6.573530786470368,-4.975224439064778,-0.2462199861646972
1961723016533,-6.498437863389805,-5.064693070584054,0.103806464458009
1961723016550,-6.140216822654035,-4.599484640719663,0.13204322135865
1961723016566,-6.4046533098308975,-4.670057403612386,0.09214169113521109
1961723016583,-6.544095842382054,-4.591498963626828,0.050070584459226186
1961723016600,-6.196634361437945,-5.172898907743748,-0.32070220813879435
1961723016616,-6.05046423897477,-5.049344195534662,-0.6215946368840022
1961723016633,-6.062007210243268,-5.1623554852285976,-0.47525234241125247
1961723016650,-5.754274336876397,-5.316583170087898,-0.4679938026625555
1961723016666,-5.661040517877329,-5.31864214425408,-0.641095798002772
1961723016683,-5.4807613545354785,-5.112935380879924,-0.8376647928924137
1961723016700,-5.043338986701297,-5.634682632465633,-0.5711394211621762
1961723016716,-5.046399726464166,-5.415349355806805,-0.5020041273965757
1961723016733,-4.962444370691693,-5.416565961342387,-0.3050442161442468
1961723016750,-4.909796463026371,-5.9123392673050885,-0.3390801325178058
1961723016766,-4.958887349464313,-5.3592719499606245,-0.911309918382671
1961723016783,-5.242062193235358,-5.42742918537536,-0.40694516245076995
1961723016800,-5.49028008616818,-5.239750685191886,-0.48269635015112855
1961723016816,-5.9282861743737145,-5.188327624369578,-0.3005759829060417
1961723016833,-5.7697175318293485,-5.000730991514303,-0.1345310868053855
1961723016850,-5.517984981297731,-5.391296107068266,-0.033338302366406225
1961723016866,-5.358385316142966,-5.24484981847964,-0.4371438738348814
1961723016883,-5.377273931143495,-4.518756420242868,-0.2728430302978915
1961723016900,-5.520613634207344,-4.416082557766256,-0.23100421086024148
1961723016916,-5.563803283081038,-4.717271168738803,0.17425933484943323
1961723016933,-5.661107031639323,-4.701138984951775,0.36100073425129175
1961723016950,-5.686175486544593,-4.148204354566824,0.22881468511826997
1961723016966,-5.4060112988573,-3.3503715734464374,-0.17169099899263573
1961723016983,-5.092841868782061,-4.008148737371512,0.08191689274951908
1961723017000,-5.170815321995548,-4.22042147491844,0.7968261635424558
1961723017016,-5.0204562035745735,-3.841306031599908,0.28945712877185614
1961723017033,-4.905724229836474,-3.569594683989709,0.16261072832003576
1961723017050,-4.85943974966052,-3.201814003411254,0.698631703697685
1961723017066,-4.811242970351034,-3.579380026869297,0.7537464902208515
1961723017083,-4.780409319836526,-3.353286759317801,0.7852162673033156
1961723017100,-4.667022085579241,-2.6141898090999067,0.6184548786717796
1961723017116,-4.431091733433673,-2.9169245913766004,0.8174913856130763
1961723017133,-4.588470969802449,-2.5151184425595763,0.8224459523117147
1961723017150,-4.57180228635099,-1.975870504177517,0.7274191498598961
1961723017166,-4.5778944933800165,-1.5258510242720256,1.2969434447808077
1961723017183,-4.43535759305535,-1.5388909620632925,1.5432612344813281
1961723017200,-4.5815205585045,-1.2593630835959013,1.8645821678619756
1961723017216,-4.721970674141005,-1.6807244589712829,1.5019541859174919
1961723017233,-4.9152565458652875,-1.4835206048546041,1.274467854689764
1961723017250,-5.2706367444877005,-1.4401999920758053,0.9555711863336074
1961723017266,-5.386887560561654,-1.7380865028337782,1.4775534063569407
1961723017283,-5.573099862088844,-1.9114652838296582,1.7245554736898383
1961723017300,-5.634799011168879,-2.230796315492618,1.761879830196624
1961723017316,-5.372848031201225,-2.5566127202270854,1.8877542888453507
1961723017333,-5.357803744684408,-2.119843473275796,1.662090079559572
1961723017350,-5.520075765124395,-1.8132725321571153,1.5068504322162422
1961723017366,-5.68272814037805,-1.4291930265756738,1.2234737195516738
1961723017383,-5.531041804083502,-1.6532699405100884,0.9530834580303573
1961723017400,-5.727085359897247,-1.7158008353922316,1.1680509317075087
1961723017416,-5.557293222414524,-1.6402126960612877,1.0311904562072753
1961723017433,-5.504253177605977,-2.101204606288211,1.0807298792340496
1961723017450,-5.511568770583913,-1.9010627614147362,0.8158652484060895
1961723017466,-5.3009381069597525,-2.017623273032939,0.9227101008825207
1961723017483,-5.063500154458102,-2.251424167790723,0.6981452804007553
1961723017500,-4.981619935114778,-1.8388799488203027,0.6241749280377613
1961723017516,-4.867918004694913,-1.964438761325911,0.8430531642119428
1961723017533,-4.885671751952156,-2.9824498159754453,0.7445537635969406
1961723017550,-4.841622802455501,-3.4988487883294646,0.6884523903863708
1961723017566,-4.8775307139520425,-3.4019012962342625,0.5838312133155805
1961723017583,-4.912582348850521,-3.478086560067752,0.2800112015118521
1961723017600,-5.0903994398430585,-3.600696451509379,0.6421638673474748
1961723017616,-5.04711537442755,-3.1005535124870325,0.8709464265014033
1961723017633,-5.048886301701726,-3.5065161490782524,1.1149164580959885
1961723017650,-5.1193352456376,-2.8571780149100667,1.3434344636389464
1961723017666,-5.0036514184238845,-2.546111423575238,1.516950681896186
1961723017683,-4.7435687935743,-2.2577213322297793,1.790761168724856
1961723017700,-4.448514806545903,-1.9324944747288235,1.6665006791521495
1961723017716,-4.532770862231724,-1.9075004078952484,1.8628010185406192
1961723017733,-4.830694515792611,-2.0451962018530327,1.705115837461397
1961723017750,-4.841959952556681,-2.4052028402750887,2.038587403243981
1961723017766,-4.806485661884674,-1.8694625875407782,1.9756860185721472
1961723017783,-5.007941836949112,-2.7105076374528707,1.8775540672698303
1961723017800,-4.913578134279537,-2.525448187825855,1.8255076550195926
1961723017816,-5.0332006523972215,-2.3163334825900774,1.6557803940016325
1961723017833,-5.072750591357975,-2.605134164733607,2.3444247488938377
1961723017850,-5.159424197083042,-2.9055569673904733,2.070985325491777
1961723017866,-5.179337380057381,-2.575966633500538,1.9847438041466667
1961723017883,-4.787113039866098,-3.1382273874130364,1.68486424522904
1961723017900,-4.928926715452827,-3.9189623452370217,1.5286152624464429
1961723017916,-4.7545133961924515,-3.7558986771920084,1.4874285201384774
1961723017933,-4.77793637811258,-2.9876522524768605,1.5830457263653333
1961723017950,-4.864466586878866,-3.540652366410676,1.6804330299944812
1961723017966,-4.755982276463788,-3.264115821113253,1.5782838310120895
1961723017983,-4.715776411984473,-2.5774797928072744,1.5902569949235767
1961723018000,-4.822340971633756,-2.1709972500402817,1.166094492256524
1961723018016,-4.767806042247907,-1.9744945541536083,1.5091778361498973
1961723018033,-4.71424992205676,-2.515661075377142,1.6432717227552238
1961723018050,-4.672860474874385,-2.227346701946899,1.3854557147941724
1961723018066,-4.890088511451948,-2.466741498662913,1.3629589439274994
1961723018083,-4.741094851804925,-2.176119821859506,1.1916186707976706
1961723018100,-4.586397812823968,-2.54045523990271,1.2186933626663132
1961723018116,-4.501020950333191,-3.151503628537767,1.2860763647570803
1961723018133,-4.445702118103911,-3.4524913331757237,0.9929284960880287
1961723018150,-4.605321061092452,-3.558148159064496,0.9805303311661413
1961723018166,-4.698548182185563,-4.046233238104907,0.7596352663027899
1961723018183,-4.673156265505655,-3.952724630746917,0.6829340102567405
1961723018200,-4.706940435314918,-3.923409262937458,0.3845656740486356
1961723018216,-4.765956314625549,-3.8363149243452637,0.38719422534825165
1961723018233,-4.914620000520774,-3.442698832108723,0.5090727396019747
1961723018250,-5.089199002329805,-3.5985224893715406,0.23760826931216994
1961723018266,-5.1041443341811314,-4.060654719689905,0.1764046011271494
1961723018283,-5.014528747233122,-3.69614414433535,0.11568061598238133
1961723018300,-4.881294325603066,-3.968272693325624,0.01712241261793168
1961723018316,-4.724983557526104,-3.901778775793164,-0.1517589135246593
1961723018333,-4.850641172574468,-4.288137000031773,-0.2181530302233804
1961723018350,-4.862649257012216,-4.229137911223464,-0.06031659030033576
1961723018366,-4.993635486184397,-4.092076185716516,0.18381836973543475
1961723018383,-5.077018592635673,-3.837100566908032,0.5324632533952647
1961723018400,-4.881312786805243,-4.024345581074384,0.9366491614127244
1961723018416,-4.694395963719108,-3.830452963175271,0.9288850086763156
1961723018433,-4.788262823433705,-3.565386402475593,0.9421275643883031
1961723018450,-4.698998697943452,-4.519154355745726,0.5865228517987431
1961723018466,-4.7267023140678575,-4.6699929117517724,1.053676381246752
1961723018483,-4.582810795997759,-4.2873080133038695,0.9164171359246513
1961723018500,-4.463805917473591,-3.0584159035149487,1.2497311366422406
1961723018516,-4.2869311866586965,-3.505840431951559,0.9270153203478884
1961723018533,-4.136582596294074,-3.774464416646714,1.1691042594497254
1961723018550,-4.192326538433961,-4.076001830483004,0.9541406439782876
1961723018566,-4.189839840999705,-4.262172821782934,1.3404874002746479
1961723018583,-4.298180453897393,-4.030679754497554,1.1266183647897245
1961723018600,-4.0859405760476655,-3.9113670739834934,0.7106598399849469
1961723018616,-4.215088711254941,-3.9103025154121074,0.5862703732610701
1961723018633,-4.43014783483911,-3.9155621992575167,0.6948257600895771
1961723018650,-4.4916979592569275,-4.103904526944583,0.30960501236762394
1961723018666,-4.4365407539628485,-4.214075945451547,0.22585254497388174
1961723018683,-4.323478709706072,-4.659516103035305,-0.12467204864232784
1961723018700,-4.313794547531629,-4.883065926586338,-0.0356273558645841
1961723018716,-4.098338108361231,-4.634469959382614,-0.2225506067313282
1961723018733,-4.2138755961083225,-4.481609686995481,-0.13941665674220682
1961723018750,-4.2776105480155575,-4.602939495159592,-0.6863450053589017
1961723018766,-3.997431642846559,-4.139003180272188,-0.6123339840803469
1961723018783,-4.190504160606084,-3.9258285754172118,-0.3139806152036536
1961723018800,-4.064884190763027,-3.9568831288460915,-0.5500875875321652
1961723018816,-4.001464150796027,-4.404558549281987,-0.48318821962694547
1961723018833,-4.026801745843359,-4.168882110251787,-0.3551705942433314
1961723018850,-4.050269114123637,-4.03467833087447,-0.4197037650558827
1961723018866,-4.3026082381739075,-4.329603121582307,-0.510516199649169
1961723018883,-4.1332754706955095,-4.449710156181245,-0.7222783745118504
1961723018900,-4.157785528372761,-4.107671320888596,-0.8594993598625447
1961723018916,-4.149269149335582,-4.016104654174667,-1.2127408526206849
1961723018933,-3.8745227570045238,-4.107089821713788,-0.9957463570571602
1961723018950,-4.070132766702203,-4.786260874369728,-0.7725695785554998
1961723018966,-4.145758972334911,-4.262737398666683,-0.5621177138559883
1961723018983,-4.51491543531514,-4.358822935964062,-0.9251789778490734
1961723019000,-4.416992427122588,-4.4234219196655395,-1.3964074108483773
1961723019016,-4.339654017072885,-4.815513137975869,-1.3247618295477623
1961723019033,-4.064615482383808,-5.0119900908767825,-1.224896028461077
1961723019050,-4.039141240544682,-4.161487273103949,-1.6987377467113147
1961723019066,-4.042429665419051,-3.999612182916016,-1.2502601527503643
1961723019083,-4.282725441345692,-3.7879962961631115,-1.0246685225727186
1961723019100,-4.340047854698851,-3.837837282618956,-0.934154278186247
1961723019116,-4.028472263081651,-3.4554646173042127,-1.0577813131713416
1961723019133,-4.111073979045185,-3.4130290083015438,-1.07084296096445
1961723019150,-3.994081596631324,-3.411474619861633,-1.1193961347906107
1961723019166,-4.131701376668408,-2.9430155263039297,-1.2170090516337904
1961723019183,-4.168638774982079,-2.9684213084784754,-1.0778680907325155
1961723019200,-4.068662147611728,-3.6998688497877383,-1.0284187112138439
1961723019216,-4.023734333556403,-3.9112245547486904,-0.7456336741417685
1961723019233,-4.118199491479517,-4.008794013879232,-1.2011611081175873
1961723019250,-4.06818134938122,-4.127664509184017,-0.8750671746928465
1961723019266,-4.0172886421392935,-4.008921160576646,-1.1388009058513524
1961723019283,-3.9046401276421734,-3.7021368152413037,-1.2765402177277902
1961723019300,-4.308992928315873,-3.346917471242048,-1.0646573569718514
1961723019316,-4.264504668649657,-3.4652791270580074,-1.2146478681120647
1961723019333,-4.449375691335984,-3.3209472391623867,-0.8667212052191515
1961723019350,-4.499958845422962,-3.322143877392749,-0.8479195520330898
1961723019366,-4.259646552700403,-3.4995395311206536,-0.730164887162754
1961723019383,-3.835604590416855,-3.490065952246618,-0.3840689346764117
1961723019400,-3.604456823497666,-3.4293415990583953,-0.3320251049927787
1961723019416,-3.5854483056051,-3.7965305041528716,-0.516347121892179
1961723019433,-3.815927084030595,-3.536131088380676,-0.20089079654329067
1961723019450,-3.9251153802582497,-3.939544010860306,0.2326098967436887
1961723019466,-3.8842231913929455,-4.033697513042611,0.12640169932875733
1961723019483,-3.883284451088179,-3.8133455929426816,0.13138714141296481
1961723019500,-3.9996516219925393,-4.077819700146252,0.13701458325894578
1961723019516,-3.844787955394098,-4.90630580173558,0.5454537923042575
1961723019533,-3.9865057773899846,-5.157585841188102,0.7247045348807823
1961723019550,-3.8322757249735786,-5.4958103023995815,0.9488051529110437
1961723019566,-4.082820800965442,-5.183064767489547,0.7007599069996397
1961723019583,-4.140342600121894,-4.895286131000681,0.6423239544490809
1961723019600,-4.131929101095027,-4.979652436567495,0.7275583896802369
1961723019616,-4.19306592001483,-5.169372566565147,0.34499083575756706
1961723019633,-4.331716392173396,-5.1550975018981875,0.09207860353865693
1961723019650,-4.347298289356569,-5.549633048884621,0.23812730492903156
1961723019666,-4.306827509450225,-5.813499568221184,0.5748083935356592
1961723019683,-4.418557797766754,-5.88658820504341,0.47051352406510594
1961723019700,-4.385127051541165,-6.180207635556572,0.3784181277039067
1961723019716,-4.017985124793373,-6.906630582530376,0.603480540074044
1961723019733,-3.921912626967922,-7.097826090409258,0.4685337249029946
1961723019750,-3.964178661858951,-7.228284600658622,0.1381509293611305
1961723019766,-3.93191630604061,-7.598583511657712,0.21588214625763502
1961723019783,-4.0037446780986965,-8.234520704850341,0.06527468972829253
1961723019800,-4.107906579114524,-8.360241953622607,0.25173855646056364
1961723019816,-3.9786381102329704,-8.307664430978424,0.19198613333843517
1961723019833,-3.8067616044639356,-8.46822410785631,0.7009903307928607
1961723019850,-3.695402375824234,-8.841693172584794,0.5655735781070121
1961723019866,-3.4688975510161475,-8.940147184589556,0.7379545258292148
1961723019883,-3.89998367420681,-8.567089085874834,0.8742181095306021
1961723019900,-4.000831932432025,-8.15185595614342,0.7843842031498351
1961723019916,-4.032411694927969,-7.384088596408534,0.11757916717523575
1961723019933,-4.409047347822557,-7.543561868367814,-0.3629535987626413
1961723019950,-4.456893478595292,-8.06701977770632,-0.20604777236056826
1961723019966,-4.651696730714601,-8.059972199954272,0.0349537688868673
1961723019983,-4.590219731720725,-7.8766646447809325,0.07137085693543699
1961723020000,-4.769164659129695,-7.338073652521396,0.6138826891553089
1961723020016,-4.665814673150903,-7.472475702702197,0.5775379039547508
1961723020033,-4.75564068332366,-7.682905943011077,0.4572495296163419
1961723020050,-4.658631293024596,-7.429702792101363,0.6964228847581886
1961723020066,-4.573000306030892,-7.924465907752298,0.3315806874100935
1961723020083,-4.455495450297259,-7.815474464738992,0.5543861489217974
1961723020100,-4.435823415710144,-8.23645133644276,0.909609886191473
1961723020116,-4.217215910003304,-8.540062569155019,0.696081145934115
1961723020133,-4.099000279943402,-8.11173745065388,0.45686819389720723
1961723020150,-4.045120628034191,-7.892330681954758,0.8163115572212338
1961723020166,-3.894387705103526,-7.478807258624085,0.7811295019928208
1961723020183,-3.746540029914729,-7.122507469847589,0.4808819504850692
1961723020200,-3.9653769958780103,-7.4507145945582005,0.8120623789121921
1961723020216,-4.035494777646646,-7.464792582423466,0.29246181024668205
1961723020233,-3.832294172302351,-7.9509593276080865,0.46159011163849484
1961723020250,-3.590582953395199,-8.29091078727074,0.04164398711623418
1961723020266,-3.407762481650396,-8.461953900051856,-0.3893085196645606
1961723020283,-3.5561552758998713,-8.25015668768599,-0.6551980716944947
1961723020300,-3.6524559505141996,-8.085483646674344,-0.6794904414632021
1961723020316,-3.722479113974768,-7.957314077544465,-0.5693697210271539
1961723020333,-4.016058559308343,-8.134083502813732,-0.5285919568473729
1961723020350,-4.276742255082574,-8.548419982493561,-0.20343668112208613
1961723020366,-4.1105840341585,-7.551873166423449,-0.15056787436317665
1961723020383,-4.437134159847477,-7.006131142772452,-0.5353143715081048
1961723020400,-4.472025379848926,-6.581088526945314,-0.8795985752653166
1961723020416,-4.679742855263732,-6.620429125365717,-0.9334310552263771
1961723020433,-4.559470846785775,-6.869109596657982,-1.0106347410744434
1961723020450,-4.724314797465254,-7.685024826608566,-1.1518678210047915
1961723020466,-4.519578271247427,-7.150836895810086,-1.3772658924621641
1961723020483,-4.424222375164699,-6.76658795330674,-1.1099016018884114
1961723020500,-4.481542512787304,-6.960465523049673,-0.6658371313457585
1961723020516,-4.5959035613437695,-7.173062619765556,-0.2492728951713844
1961723020533,-4.669248031428116,-7.336841290590229,-0.5479326049207728
1961723020550,-4.434866463417087,-7.621584972967137,-0.749871886437157
1961723020566,-4.490034868202253,-8.029579192918497,-1.1643093549432544
1961723020583,-4.6124501825700195,-7.984329217859693,-1.0097847568415999
1961723020600,-4.551847288486024,-7.703792360895047,-1.3175391942962948
1961723020616,-4.39043016190407,-7.644053645482729,-1.1339681119882574
1961723020633,-4.27372937294361,-7.732673952415041,-1.3487132917357114
1961723020650,-4.6041801919568845,-7.367017934060197,-1.6521379238790035
1961723020666,-4.608176001849667,-6.987794571747898,-1.3749770424591437
1961723020683,-4.654164807518683,-7.070421431982273,-1.7795719135165524
1961723020700,-4.708654529591352,-7.082648197966927,-2.0530791873453347
1961723020716,-4.686816222961706,-7.668958868073961,-1.937902715819016
1961723020733,-4.364026976329301,-7.849732558844716,-2.025164250719232
1961723020750,-4.066367852094936,-7.1403639561301535,-1.998971853673213
1961723020766,-4.402538420048148,-6.815141427785652,-1.8907137721686404
1961723020783,-4.3619794393746885,-6.346771766086207,-1.5680867960300735
1961723020800,-4.345700761668808,-6.163231692369795,-1.4552035849078049
1961723020816,-4.380851267168737,-5.547126793274783,-0.9032575427194995
1961723020833,-4.308608114206493,-5.57071027207424,-1.3053474926407682
1961723020850,-4.119939011852997,-5.120327562281838,-1.088878652751105
1961723020866,-4.183253409303527,-5.339528745264631,-1.4555317941123014
1961723020883,-4.0455873016482675,-5.764730554210093,-1.6756944673271548
1961723020900,-4.054980514790431,-6.081745235723292,-1.3832715367051385
1961723020916,-3.893481722047489,-5.785755122571164,-0.8666272299474465
1961723020933,-3.7329677974800957,-5.992949684202144,-1.2527234741867168
1961723020950,-3.555063608660259,-6.51995366716838,-1.7939081101188201
1961723020966,-3.5768898268508407,-6.749483073696323,-1.5907595741958893
1961723020983,-3.6240713175946815,-6.168179337173062,-1.6468869394252383
1961723021000,-3.335415097417291,-6.448574431042056,-1.5656533483945814
1961723021016,-3.4631378512880837,-6.270092067241352,-1.3068863384136165
1961723021033,-3.573925097878054,-6.078898507851411,-1.1974618124073837
1961723021050,-3.7139634284487615,-5.757819310498356,-0.7415277701018741
1961723021066,-3.768078826694969,-5.445457575019168,-0.5580557072522564
1961723021083,-4.140669221435154,-5.566950138759012,-0.7116604574804413
1961723021100,-4.359069777427281,-5.376097099856924,-0.7428255555877116
1961723021116,-4.371848554006226,-5.352893478406804,-0.8880207264785492
1961723021133,-4.056536293266485,-5.746925272781381,-0.9298576457996564
1961723021150,-4.037906083106789,-5.720188448464364,-1.215313034239603
1961723021166,-4.022063684628189,-5.858994559166273,-0.621494812201733
1961723021183,-4.08920793134627,-6.172197781183505,-1.2424346993132172
1961723021200,-4.178209302798244,-6.018849999679524,-1.831031240330368
1961723021216,-4.029829198557493,-6.523950094773083,-1.6604437014238738
1961723021233,-4.168054119981042,-6.286196521941726,-1.5194694866731324
1961723021250,-4.453415196945384,-5.863101202025537,-1.4482161243355467
1961723021266,-4.445924244661547,-5.908937500523928,-1.1705501775056497
1961723021283,-4.365647612216077,-6.351199924886159,-1.430311175422768
1961723021300,-4.648389457196933,-6.2211823048451,-1.7275464475720406
1961723021316,-4.6522735855987465,-6.63390369903368,-1.6499105763595432
1961723021333,-4.940083282852282,-6.49914069789761,-1.632052201105655
1961723021350,-4.916000513715181,-6.8126491533667854,-1.9179109051143368
1961723021366,-4.870689488257517,-6.664730173887209,-1.6085329089582534
1961723021383,-4.904501480108187,-6.954503087916334,-1.7599119497993254
1961723021400,-4.9604092289893975,-6.6073517494091725,-1.620187756260588
1961723021416,-4.89584182151712,-6.834009327181091,-1.7167159970617547
1961723021433,-4.762001739243702,-6.49991223804232,-1.497068312131753
1961723021450,-4.596189135942323,-6.946254432030562,-1.8698308336003278
1961723021466,-4.756029396043402,-6.927271411190514,-1.7099939353818225
1961723021483,-4.728953185803633,-6.738711108312321,-1.8663962885302912
1961723021500,-4.811912484505302,-6.336619114372489,-2.0148743624460312
1961723021516,-4.834339613463015,-6.798265286753351,-2.4970278614567825
1961723021533,-4.8103631343150886,-7.060384509336458,-2.3879623538504307
1961723021550,-4.6574844723269795,-7.228009059942244,-2.4332870623855145
1961723021566,-4.548336500543082,-6.574567292503325,-2.6169748831915007
1961723021583,-4.552091835862855,-7.071634461464287,-3.002790851791864
1961723021600,-4.4343595999692615,-7.696324207722459,-2.5364704210070936
1961723021616,-4.389327237920702,-7.43409136287675,-2.1315986906701503
1961723021633,-4.09694735358566,-7.53450662774461,-1.5149954192100263
1961723021650,-4.005975373349322,-7.502748138527702,-1.6547603790943344
1961723021666,-3.89966721067284,-7.362033071569333,-1.5033022431471126
1961723021683,-3.9217749317788826,-7.506900675041741,-1.3284698137333095
1961723021700,-3.836528038303062,-8.071863547430379,-1.0772815333625125
1961723021716,-3.7942596844799126,-8.267116726092858,-1.126268734498822
1961723021733,-3.78222538128077,-8.133710353223792,-0.9701850445502815
1961723021750,-3.8843907359438563,-7.871465655720573,-0.6966182562387537
1961723021766,-3.8286947306669687,-7.3146566903292545,-0.7589396625840301
1961723021783,-3.831156133245404,-7.246145479418134,-0.5896120463059409
1961723021800,-3.7658843675819775,-7.45507346283696,-0.3437828456140736
1961723021816,-3.917910802315153,-7.581807775647147,0.06439858341366067
1961723021833,-3.990162560324878,-7.849110853197744,0.3102240864864434
1961723021850,-3.9592150120416045,-8.364424907251244,0.17223464220765594
1961723021866,-4.0876179637105094,-8.26919062474331,0.7552426676894752
1961723021883,-4.548571128805875,-8.572391863524867,0.5083542736693367
1961723021900,-4.575155618731423,-8.984901652374202,0.044199795162181754
1961723021916,-4.337814380587567,-9.209665187870359,-0.33610822630756043
1961723021933,-4.2447463632278515,-9.07331609167228,-0.42384091008636093
1961723021950,-4.541452804039473,-9.126358956324266,-0.3482368090538128
1961723021966,-4.55471494686808,-9.32991283530492,-0.09245736823802897
1961723021983,-4.230660656382766,-8.847065749699203,0.009136774200683151
1961723022000,-4.367690046484548,-8.215454324386851,-0.02496360646672624
1961723022016,-4.298144567185075,-7.478322379518852,-0.3265740504166469
1961723022033,-4.167338308122424,-7.02076350570348,-0.4402870358488833
1961723022050,-4.07888741583773,-6.209683917299421,-0.5620860440441428
1961723022066,-4.389847651597938,-5.417596103933449,-0.7478508787760814
1961723022083,-4.312097628406887,-4.710115702624444,-0.5969998315950781
1961723022100,-4.4924224017146,-4.794152227049978,-0.3410602202870342
1961723022116,-4.648037234866424,-4.100306061545443,-0.15742381261390803
1961723022133,-4.630323682551792,-4.116291376979502,-0.09035265127307235
1961723022150,-4.442773397964126,-3.614869566175701,-0.04004335353511346
1961723022166,-4.690193850782788,-3.597072902892694,0.8311558357001687
1961723022183,-4.739637605657284,-3.3369165675628962,0.5077037691791602
1961723022200,-4.5928212208963854,-3.249925239002982,0.4288437014177371
1961723022216,-4.7146836784081705,-3.3106101377744888,0.574061877617366
1961723022233,-4.694165740035337,-3.072872702164194,0.4187637970131708
1961723022250,-4.761444625889448,-2.948331801998676,0.2695239963222711
1961723022266,-4.92178142244982,-2.943698854306302,-0.08137433930079618
1961723022283,-4.7585698597984365,-3.084265040637284,-0.532724751456457
1961723022300,-4.624468010404894,-2.946377021820971,-0.673520575872376
1961723022316,-4.7380128720388734,-3.458151713209322,-0.8090347394680051
1961723022333,-4.908632795139293,-3.478311590562697,-0.6291009103877435
1961723022350,-5.036011688326423,-3.814996310227852,-0.6633363021210223
1961723022366,-5.172791673610679,-3.5898418576852165,-0.9262880351159475
1961723022383,-5.31205551091837,-3.521684703349301,-1.0791853265276101
1961723022400,-5.155392616438296,-3.850834870178694,-0.9834100988656127
1961723022416,-5.4152630168863265,-3.4886509309138267,-0.6378913529850506
1961723022433,-5.370635659584918,-3.7603411750215097,-0.5825593611248937
1961723022450,-5.293559639657768,-3.9056381547349472,-0.6775321302125962
1961723022466,-5.531936343547028,-3.152325202740996,-0.3626247711860384
1961723022483,-5.4637637316685765,-3.0662353135173266,-0.14015537178121673
1961723022500,-5.1706895060512,-3.1464799143053095,-0.1386272936191899
1961723022516,-4.8224618255741385,-2.321049664448767,0.01901830606482613
1961723022533,-4.87322781190456,-2.4539733977354428,0.4298991841755595
1961723022550,-4.985798663066953,-3.12839971783366,0.5687975980788118
1961723022566,-4.995077778820943,-3.648271925204175,0.7708560584475967
1961723022583,-4.991860199305964,-3.8407924265164266,1.057565043923846
1961723022600,-4.949910482867921,-3.7160149040576718,1.0500360351873443
1961723022616,-5.138044129579682,-3.1268450016944644,0.8258474589370584
1961723022633,-4.8352157767961845,-3.653906535380228,1.076989672766038
1961723022650,-4.530560384672114,-3.616275860829559,0.7136161547451747
1961723022666,-4.4866014061057635,-3.545588693742396,0.36208895634138116
1961723022683,-4.554624155821176,-4.0697805918988745,0.6462550915872911
1961723022700,-4.738768303298258,-3.776589091501778,0.861519692522654
1961723022716,-4.6319863829374865,-4.019870340080021,0.6744476388033809
1961723022733,-4.484110993696472,-3.405310583373541,0.4352506693002802
1961723022750,-4.6629922952191265,-3.899841231887156,1.0595694566969918
1961723022766,-4.741234081475376,-3.2354539328116836,1.3925250780871352
1961723022783,-4.594344679276452,-3.3625016100117984,1.124826866526455
1961723022800,-4.558434911982742,-3.664178604437698,0.9403879215274114
1961723022816,-4.68941331553649,-3.937686276001207,0.8209197630693992
1961723022833,-4.821671861249613,-3.8464991155348955,0.9929686843107659
1961723022850,-4.8606125306180825,-3.7530586626709614,0.969225102796843
1961723022866,-4.791475825464632,-4.079284873756407,0.8679107375751498
1961723022883,-4.703748992473016,-3.504711605269556,1.290199332121566
1961723022900,-5.058386999266198,-4.146678357429562,1.3818455839960968
1961723022916,-5.0199312931134745,-5.057482389459341,1.0870976422747984
1961723022933,-4.809309833304396,-5.488645336090995,0.7021495003126199
1961723022950,-4.970759904922214,-5.310801058282005,0.8377979160406499
1961723022966,-5.040444456721805,-5.0535572331729135,1.010746080377453
1961723022983,-5.034320006560764,-5.912584453948953,0.9712856283681599
1961723023000,-5.00531965841959,-5.936595613541855,0.8526827048386882
1961723023016,-5.311773900036189,-6.510015429110602,0.4989402327461063
1961723023033,-5.447950688854025,-5.862911045450987,0.3995787478161512
1961723023050,-5.503063303348568,-5.362129263537549,0.14946857863981666
1961723023066,-5.576100070759877,-5.509799123181699,0.10277127650466378
1961723023083,-5.63803725071027,-5.321189392246503,0.4173127355812536
1961723023100,-5.6139601091985325,-5.15694920135046,0.20602536953105743
1961723023116,-5.614306973310882,-4.804432265443843,0.33532404866734566
1961723023133,-5.592695256191394,-3.8383126427611214,0.4363216607443221
1961723023150,-5.650384508812611,-4.122873041901556,0.19119185785557735
1961723023166,-5.507943918900561,-3.4917956555813374,0.0002836024004648774
1961723023183,-5.618831074268132,-3.4855631744269906,-0.388480100415343
1961723023200,-5.371743694988258,-4.155931677584803,-0.2470396257008527
1961723023216,-5.0884515761488425,-3.795330625720353,-0.09519177572990145
1961723023233,-5.2359085892373765,-3.913726579608756,0.06793048171088989
1961723023250,-5.171637204778854,-3.384485091434506,0.14617266211592783
1961723023266,-5.125081102144702,-3.121063610164796,0.218579878445065
1961723023283,-5.346442723806064,-2.889344181563341,-0.15537099813535749
1961723023300,-5.388462964147074,-2.323097895747123,0.010286956655060964
1961723023316,-5.270341647659305,-1.8274429542542867,0.0986164477403193
1961723023333,-4.989919764211891,-1.5691634220049417,-0.044410844225649004
1961723023350,-5.093049564278683,-1.4380136226869915,-0.3870606176062684
1961723023366,-5.004187208796362,-1.7153616657067072,-0.9146086473579929
1961723023383,-4.878639772812513,-1.433456155074758,-0.45759812779873044
1961723023400,-4.818003675567125,-1.6689757357660637,-0.5668714746549173
1961723023416,-5.007497965885504,-2.3224023875953588,-0.4861299099133999
1961723023433,-4.997366296709403,-2.655507059442051,-0.2461670125815526
1961723023450,-4.8824743363595795,-2.73298175983614,-0.36504381665919017
1961723023466,-5.041907022509793,-3.196225845186175,-0.8631832314016725
1961723023483,-5.021010947911389,-3.289072397817855,-0.973671088204846
1961723023500,-5.437768059421464,-2.997561400061734,-1.2278152598560876
1961723023516,-5.436258629361699,-3.167116413043284,-1.1270926285521037
1961723023533,-5.429264763095832,-2.811316544370127,-1.3657042337467353
1961723023550,-5.810058017120432,-2.5102983702771904,-0.9961804774214937
1961723023566,-5.757768998754055,-2.3704127483780852,-0.654597049698948
1961723023583,-5.808663643659859,-2.555066299144043,-0.665786824447648
1961723023600,-5.643005299040259,-2.6489748329843317,-0.8720132803708321
1961723023616,-5.696420568478454,-2.2168297302501503,-0.5752123027391437
1961723023633,-5.814501289100344,-1.896214636943819,-0.800044369607348
1961723023650,-5.630103339278961,-2.128674913756881,-0.9203628977368561
1961723023666,-5.772263207999705,-1.7232195191258564,-0.5107551146351671
1961723023683,-5.804257155979829,-2.9623385610326327,-0.4552139391391091
1961723023700,-5.851955487214107,-3.3044957377669437,-0.6097498793733149
1961723023716,-5.903708372774141,-3.5932784941111997,-0.7069169886285583
1961723023733,-5.985827086703542,-3.3738226050241686,-0.8365391648214453
1961723023750,-5.935123737397927,-3.3566100924538422,-1.1423818425456411
1961723023766,-5.903044202777317,-3.2660213023677667,-0.9694030509817869
1961723023783,-5.891025088840472,-3.1280043621579807,-0.7282106173941261
1961723023800,-5.830700903733742,-3.018281744323104,-1.0387301336140324
1961723023816,-5.663568799952203,-2.333062315015147,-0.689520776503729
1961723023833,-5.481624087898248,-1.9010302440777442,-0.6242703393014801
1961723023850,-5.6050368560754915,-1.949177555497509,-0.5630965569475009
1961723023866,-5.629893244477572,-1.4371571319695793,-0.39463674682572736
1961723023883,-5.8319367721963715,-1.3340004305538447,-0.7076161868861859
1961723023900,-5.8232189093476965,-1.01340827278554,-1.046751976686981
1961723023916,-5.76936859811948,-0.8181875897509929,-1.1956448446629437
1961723023933,-5.63111887907504,-0.9853544600335677,-0.6741327437883597
1961723023950,-5.598107516612207,-1.6343401677530949,-1.091792880183296
1961723023966,-5.587123218205602,-1.7863025293548684,-1.0168248372408195
1961723023983,-5.643968556243333,-1.7020376350116413,-0.506277530833189
1961723024000,-5.400011836978328,-2.289788372892947,-0.9032529183925841
1961723024016,-5.341371897759687,-1.6908691189015022,-1.1241612154981664
1961723024033,-5.213726549750925,-1.643596219814385,-1.2370292202622943
1961723024050,-5.455405869642487,-1.1103547443509179,-1.011303765809422
1961723024066,-5.469267649521865,-1.6885663167050593,-1.1622717677552525
1961723024083,-5.465155302810324,-1.2364769442585857,-1.1283172191078763
1961723024100,-5.554253165056845,-1.6825704143145037,-0.8744280596049403
1961723024116,-5.8259197149108655,-1.667435988539614,-0.8440518563636547
1961723024133,-5.8739541548708525,-1.9468071322197966,-0.6496368699148941
1961723024150,-5.652023248272066,-1.3399561859223317,-0.24230705611079628
1961723024166,-5.813912077848754,-0.815055478051808,-0.7988945453616838
1961723024183,-5.473496655664086,-0.9664206547616612,-0.5325497879157554
1961723024200,-5.482419528532579,-1.126385415405072,-0.018529148564552234
1961723024216,-5.492262188336121,-1.093885400421458,-0.11656066733666459
1961723024233,-5.455937986835992,-1.1853491797942555,0.02304451336332991
1961723024250,-5.445985167068256,-1.7035545156880962,0.060743402686052494
1961723024266,-5.51512453561598,-1.7458304245565381,0.4101898606885155
1961723024283,-5.6461321471058925,-1.9474738301591792,0.3258569744556141
1961723024300,-5.574983547911531,-2.3426818391464663,0.37401768844422767
1961723024316,-5.490027320547431,-1.7281136684385041,0.39617005613085166
1961723024333,-5.645513977168396,-1.5890481916859152,0.15070921916425895
1961723024350,-5.376000407821468,-1.7630607487175034,0.27009247322143004
1961723024366,-5.484348074982279,-1.8536386290890094,0.769005397683304
1961723024383,-5.664900913382673,-1.8627032436568243,0.8215905709450348
1961723024400,-5.676431061157677,-2.180876196535163,0.4870526052960591
1961723024416,-5.578384543348041,-2.3541618090790526,0.3184656796984724
1961723024433,-5.652770067391273,-2.7044696449243215,0.4410842149000689
1961723024450,-5.779760430159621,-2.681729687456065,0.33558753479837966
1961723024466,-5.860460665610995,-3.436471749593715,0.08144982262980038
1961723024483,-5.586143070748709,-3.2323928567680698,0.07846073476604198
1961723024500,-5.441489947904028,-3.3190332819059476,-0.22764424090977575
1961723024516,-5.293327479267046,-3.0462154605735985,-0.08520288133060783
1961723024533,-5.301370671153318,-3.1827929037117197,0.577643167062937
1961723024550,-5.270336087236432,-2.956925039559043,0.7852551259925831
1961723024566,-5.351630851001329,-3.162260349097038,1.4807791735724318
1961723024583,-5.480918653166554,-3.5301824460304077,1.981386842880611
1961723024600,-5.356857144676156,-3.0846881008857605,1.9463925166110412
1961723024616,-5.323526822577764,-2.51603253312872,1.7530851854879803
1961723024633,-5.0293142992326425,-2.885154456816281,1.6592194197168866
1961723024650,-4.9132177705873366,-2.6029332463840333,1.8872311555332655
1961723024666,-4.895738431194928,-2.704455018826338,1.7867590218073446
1961723024683,-5.131105492198315,-3.1331687166483495,1.2439256217112356
1961723024700,-5.219198614730526,-3.3844492199556804,0.92717977099864
1961723024716,-5.459340851643272,-3.3256910789134824,0.8486627760494463
1961723024733,-5.686696429869873,-2.824006597653345,0.630297601768798
1961723024750,-5.68777233875056,-2.3963946974078243,0.24764634492652848
1961723024766,-5.77596363495842,-2.0673340293729376,0.4827386991604492
1961723024783,-6.040554883097561,-2.495044104799047,0.1794967285616087
1961723024800,-5.902531498382882,-2.786702592662715,0.04625023026734354
1961723024816,-5.609592032604117,-2.671036872190052,-0.26155728098594944
1961723024833,-5.411505590992928,-2.5713012485136244,0.25526285370731716
1961723024850,-5.536965917936692,-2.066990959996532,0.5617360197975567
1961723024866,-5.652700730568402,-1.9109805166986367,0.2601033905466692
1961723024883,-5.630751046419657,-1.2292969633115378,1.2440033497302327
1961723024900,-5.59912868335084,-0.30675398944234633,1.2972866513690133
1961723024916,-5.403137119362712,-0.9571095163530892,1.1823784209531734
1961723024933,-5.4326903843640135,-0.715113735168913,1.1763822884993769
1961723024950,-5.493349427173885,-0.6496969197976297,0.9460447067500157
1961723024966,-5.339160036586587,-0.5556987374281634,1.2013940067364082
1961723024983,-5.374662459803551,-0.008204938565675945,1.1800737729231632
1961723025000,-5.456413301233891,0.22505123758020318,1.3839916494137967
1961723025016,-5.358349396344318,-0.053236111574884504,1.3885390344710384
1961723025033,-5.419377845152319,-0.13953062629744206,1.4305881327118006
1961723025050,-5.516855612323594,0.38121302585330863,1.3731094234804824
1961723025066,-5.692873064942828,0.5679648321716337,1.2142284348016419
1961723025083,-5.429069429671482,0.43102718782033644,1.303000058391863
1961723025100,-5.4181938418068345,0.7937802725503538,1.0914252922102012
1961723025116,-5.554890905702762,0.820211674159558,0.9347088130315295
1961723025133,-5.394697343962968,0.9240778251391975,0.8208972936788024
1961723025150,-5.593292270501603,0.7647522510003038,1.130650881814711
1961723025166,-5.401307107881148,0.22629813429596624,0.8492126144016627
1961723025183,-5.46226924130095,0.1483380975684332,1.001917943031572
1961723025200,-5.60203130449282,-0.8974835893788962,0.8666585682536481
1961723025216,-5.5296234337018335,-1.0850449499938337,0.9603860472188914
1961723025233,-5.324822005889029,-0.9073150144269766,0.7374481769787364
1961723025250,-5.2413557480172015,-1.1508658646138148,0.31214074309716744
1961723025266,-5.349581281417605,-1.0885402480889166,0.03017310680823959
1961723025283,-5.347298052066056,-1.4311477415535272,-0.40693659050562336
1961723025300,-5.633056120410742,-1.3794168140954248,-0.46057930102037936
1961723025316,-5.736082941913807,-1.387397984217352,-0.21511405797170324
1961723025333,-5.723859281460163,-0.9712108499911025,0.02053118943743515
1961723025350,-5.7743198646176115,-1.2917553498283967,-0.3107838886868445
1961723025366,-5.666176529219427,-1.367918861608782,-0.35911002865491404
1961723025383,-5.576435880843108,-0.7711874485786492,-0.5569775371880574
1961723025400,-5.624055006440874,-0.4783746180885853,-0.36334281009333746
1961723025416,-5.773792021682115,-0.5004385543150613,-0.6430287457972484
1961723025433,-5.856017341251716,-0.41807386118979917,-0.499930959827258
1961723025450,-5.725408124281466,-0.34576064363126857,-0.6874219109388615
1961723025466,-5.5073596467788635,-0.7475757671787795,-0.8545301222262958
1961723025483,-5.5601661106835385,-0.963599866764822,-0.5972816295159399
1961723025500,-5.42854761615765,-0.5283190674897345,-0.3096038609955314
1961723025516,-5.506444480266612,-0.460731382826574,0.11224779125756323
1961723025533,-5.548464343815116,-0.49331630310451313,-0.14066341116708925
1961723025550,-5.332079552608552,-0.32637514352864905,-0.020910697079143725
1961723025566,-5.183922192123896,-0.19244069487833926,-0.42307955258981933
1961723025583,-4.984027564475271,-0.08591024419803617,-0.6091651084358538
1961723025600,-4.7822035939144,-0.0029714488353898005,-0.4860368117266777
1961723025616,-4.809366375640516,-0.5671269307569329,-1.0406645597436208
1961723025633,-4.914594878770742,-0.5489700931333896,-1.265920074366076
1961723025650,-4.7506726848173315,-0.5067038673496373,-1.3953008710135428
1961723025666,-4.80585958836183,-0.43255007505451815,-1.294531268905488
1961723025683,-4.934579300700009,-0.8406872903463452,-1.2606826813460281
1961723025700,-4.7848456901244685,-0.6424410091291746,-1.2987525632895935
1961723025716,-5.132890979373724,-0.6688623771277733,-1.586713888232645
1961723025733,-5.584540821708029,-0.6749777106635273,-1.732483552458688
1961723025750,-5.511215313543181,-1.0881751324341424,-1.6509341863013545
1961723025766,-5.5340362292983345,-1.3142591149981664,-1.6014417842820279
1961723025783,-5.379564504991495,-1.6605639333284987,-1.6754515035011441
1961723025800,-5.289167538541973,-1.8076157228825434,-1.7477583058447785
1961723025816,-5.529530738320693,-3.099143213200305,-2.160808505637081
1961723025833,-5.4101531664780085,-2.916261316605648,-2.0092267221324627
1961723025850,-5.4726103825047385,-2.8467949856093604,-1.8361184815743645
1961723025866,-5.3603574064595305,-3.2581060014453462,-1.300762895685199
1961723025883,-5.472753989602907,-2.554112973029874,-1.1981664744543619
1961723025900,-5.226638521015768,-2.3636580016209434,-0.9423332774148241
1961723025916,-5.17164982904618,-1.8623182957241111,-0.8454237482502976
1961723025933,-5.191998199909774,-1.7370877070703736,-0.8131006091350723
1961723025950,-5.089873280849532,-1.4235449594602096,-0.6891204875561192
1961723025966,-5.090090402884108,-1.3215963116203318,-0.4467625582898146
1961723025983,-5.052219606600249,-1.6226895644518136,-0.8396689790580067
1961723026000,-4.963435801498594,-2.0663482543648777,-0.4632132920976666
1961723026016,-5.014359482462057,-1.9101124066619373,-1.0520084113633845
1961723026033,-5.202266584357503,-1.3122702488843094,-0.9311553468243388
1961723026050,-5.243443680207816,-1.3646005066684372,-1.0786668969072344
1961723026066,-5.058650567023625,-1.8966470400207625,-0.6210015436091145
1961723026083,-5.095108253174356,-1.6891612166824261,-0.7985485119335927
1961723026100,-5.25985785916948,-2.4262101127872513,-0.6053527652236442
1961723026116,-5.0173074359673295,-1.9270864169473865,-0.32300408983254447
1961723026133,-4.983638333104659,-1.972622312272334,-0.3029245612816257
1961723026150,-5.031963728159371,-2.174981961894604,-0.050263604871616074
1961723026166,-5.010305651953675,-1.7465698131712575,0.05376252073400489
1961723026183,-5.048430942171873,-2.1924154091445547,-0.40830196698846877
1961723026200,-5.233615991225751,-2.880296728832318,-0.5232996520477948
1961723026216,-5.208129391849984,-2.9948566832022867,-0.6622699219188887
1961723026233,-5.128780085120319,-3.322165287952645,-0.48243872433028
1961723026250,-5.168406139162533,-3.553334758738558,-0.5400518198054637
1961723026266,-5.156731561827921,-4.096085715167282,-0.21287396688125537
1961723026283,-5.160664092873376,-4.196330210969147,-0.1693864887739439
1961723026300,-5.160797360623326,-4.667702999855871,-0.03479549563463591
1961723026316,-5.237635869874053,-4.8713259417331125,-0.22696460686749853
1961723026333,-4.866717932288358,-4.860774622355569,-0.26392321639280913
1961723026350,-4.94451473252715,-4.9900396463343055,0.0261401649582087
1961723026366,-4.728602112269031,-5.3151412458148615,-0.3678152765536957
1961723026383,-4.545370317140361,-4.725125662953167,-0.21846266758502353
1961723026400,-4.386506021818205,-5.038875371363857,0.038941098357632375
1961723026416,-4.362233979992483,-4.866141819426172,0.22115964569654545
1961723026433,-4.2295135760162585,-4.848616133957482,0.5502319433849265
1961723026450,-3.9746805139283783,-5.181763460361653,0.1637504056624164
1961723026466,-3.9852726067687265,-5.519482046498811,0.12989439419339788
1961723026483,-3.9523176737427494,-5.730375702033569,0.05956667139255556
1961723026500,-3.742172817442247,-5.566968648501039,0.3016905439947395
1961723026516,-3.5107703527434775,-5.179569826623143,0.5842137210296132
1961723026533,-3.554584938304191,-5.224977271638016,0.23712305264979627
1961723026550,-3.673918970622568,-4.954295838807559,0.31923088654369014
1961723026566,-3.849658026482204,-4.668251224432713,-0.12613664333878227
1961723026583,-3.650797597386186,-5.230442439433811,0.03352886149499201
1961723026600,-3.503722502042941,-5.55632612363607,0.03015820288184723
1961723026616,-3.6105719421545186,-5.1735885293246175,-0.7920495353965145
1961723026633,-3.443481347511325,-5.031507680011798,-0.7812267850730581
1961723026650,-3.618660564723671,-4.933223125501517,-0.9198080087926777
1961723026666,-3.949281708583113,-4.65139213344913,-1.181430862451638
1961723026683,-3.72721715100294,-4.4105511293307975,-0.5292852300850965
1961723026700,-3.6607701418937197,-4.651116373458939,-0.7599473590993057
1961723026716,-3.9217812899885205,-5.116846394276668,-0.5241819983300446
1961723026733,-3.956274127168134,-5.279768141052648,-0.5149738243104812
1961723026750,-3.9603562705433184,-5.724564110787317,-0.5458067777207297
1961723026766,-3.8579213814270683,-6.118532918036906,-0.6964731283162264
1961723026783,-3.839087602773432,-5.804605384507553,-0.6703439374792375
1961723026800,-3.7419894665405917,-5.4872565825529085,-0.9317612070087201
1961723026816,-3.762693062178499,-5.239891609560106,-1.2349114889630037
1961723026833,-3.683208325625941,-5.729945067803399,-1.1115286291987845
1961723026850,-3.404958677160794,-5.731593034161063,-0.9166656558702142
1961723026866,-3.54225581348672,-6.487529549751849,-0.6079252609581711
1961723026883,-3.4953022855506837,-6.507149716203395,-0.5375755708920774
1961723026900,-3.5696933739029886,-6.1881279508416505,-0.4916947498514739
1961723026916,-3.67379192074713,-6.560040158810007,-0.48323128543295324
1961723026933,-3.7087724721919755,-7.069622458261082,-0.4803604064371706
1961723026950,-3.7825648989342837,-8.02624957046589,-0.6771661069150623
1961723026966,-3.6681088853346675,-8.269915945587345,-0.8638312448489929
1961723026983,-3.684375375327275,-8.019496770999654,-1.149293733777431
1961723027000,-3.4854858171445806,-7.647881831385048,-1.2964053330135463
1961723027016,-3.593166107665174,-7.547644437667962,-1.0348156417826044
1961723027033,-3.67653048553325,-8.186054776182653,-0.5261840445699292
1961723027050,-3.8922677675664237,-8.132122749637508,-0.35180368062108736
1961723027066,-3.573247746116421,-8.668191785549006,-0.0499966969529555
1961723027083,-3.641618910700785,-8.503021336249935,0.09078178711422802
1961723027100,-3.6006837539648187,-8.771676039633856,0.17258627640869206
1961723027116,-3.638261372965962,-8.728470225603107,-0.07069869861645217
1961723027133,-3.5927206700120666,-8.601299874764017,0.028126334764047023
1961723027150,-3.475535026560546,-8.551885264511228,-0.0685742121254429
1961723027166,-3.607057526383181,-9.057433616411354,-0.22024195273349034
1961723027183,-3.694752328442193,-9.17304295668265,-0.1061679783581908
1961723027200,-3.5976592496364317,-9.5430009275304,-0.2951962312669074
1961723027216,-3.4780371112585096,-9.536142251804744,-0.6016676138791446
1961723027233,-3.5285408147635793,-9.963761898961284,-0.30994666517368263
1961723027250,-3.4076424570765913,-9.716967091708202,-0.7196573557891597
1961723027266,-3.227870919286908,-9.083247180916283,-0.6358878979205447
1961723027283,-3.6026728373993877,-8.857849992312568,-0.7230358884341843
1961723027300,-3.512587514589771,-8.913689505961532,-0.5432726102974835
1961723027316,-3.702938202230878,-8.433064925854195,-0.5438968221832722
1961723027333,-4.034281813017405,-7.869732444875472,-0.448889217089818
1961723027350,-3.8369655954017095,-7.630758319204182,-0.6015359545181937
1961723027366,-3.9365159368506655,-7.730789799339442,-0.8878494001430519
1961723027383,-3.7731796522770367,-7.970600407304236,-0.8245283105811447
1961723027400,-3.9784430241935578,-8.034161044580452,-0.886693923400587
1961723027416,-3.763622737083577,-8.04536932332501,-0.8587327363620382
1961723027433,-3.795039630614749,-8.252418270445762,-0.6917197528011265
1961723027450,-3.856638620679483,-8.328864162554016,-1.059011542956918
1961723027466,-3.7558452846471932,-8.376054333322658,-1.1911405430501145
1961723027483,-3.270182977296796,-8.498205550202174,-0.9561188937493142
1961723027500,-3.377172822920438,-8.07486196782126,-0.8547285628924532
1961723027516,-3.4636557059880038,-7.813844363112454,-0.6054511575896432
1961723027533,-3.199165575540922,-8.001834355422547,-0.5004932364591307
1961723027550,-3.3209724809986034,-8.293795144208218,-0.20836144446242755
1961723027566,-3.232551711735118,-8.000094171087177,-0.25213163273727635
1961723027583,-3.4722669423549073,-8.221470522797919,-0.25384213352321616
1961723027600,-3.6530157345387497,-8.05066582290441,-0.000848806016928938
1961723027616,-3.9188199943955015,-8.263486651270139,-0.029139857208407616
1961723027633,-3.7906933825464506,-8.267526282731854,0.3260640370635146
1961723027650,-3.8158762604472445,-8.147055940663007,0.21124491797603673
1961723027666,-3.7512216033251518,-8.860910921467678,0.6645682345423782
1961723027683,-4.084436056199228,-9.113131182372745,0.17439108667665515
1961723027700,-4.337698845957365,-9.358765768305894,0.7454641420626731
1961723027716,-4.224912712300174,-9.753063443462727,1.0615857675341596
1961723027733,-4.032142730103545,-10.325036182996637,0.9004959495695386
1961723027750,-4.362677166613753,-10.309111117143404,0.6843229303878118
1961723027766,-4.17092846894272,-9.504696200351386,0.27459273181759647
1961723027783,-4.146108464584144,-9.554097344335261,0.0280287849544818
1961723027800,-4.1750379871141785,-10.081442030062481,0.06717333562457983
1961723027816,-4.12257645442093,-10.741311819682112,-0.43504890972985777
1961723027833,-4.154961168558343,-10.548828610535617,-0.09271344012784066
1961723027850,-4.241023531467873,-10.38398378668739,0.21517592297508603
1961723027866,-4.161023340250624,-10.903299260975583,0.12047352162903668
1961723027883,-4.167271715413635,-10.882739585743733,-0.3666561620108236
1961723027900,-4.1290369303071826,-10.801908572603317,-0.04942813612837704
1961723027916,-4.109180807751864,-11.019858184557197,0.04607068654682478
1961723027933,-4.1066220729132485,-10.725217112446835,0.4258346790403549
1961723027950,-3.981652956717916,-10.804194048878252,0.5571651846593901
1961723027966,-3.89775739575495,-9.997336082924921,0.8027422283589809
1961723027983,-3.9620726630966536,-10.123893753703431,0.8465762054485337
1961723028000,-3.9713263232177445,-10.912126325358553,0.9253155986941344
1961723028016,-3.9607031406359265,-10.672398914935993,0.662014353428583
1961723028033,-4.04560113956763,-10.46314443266241,0.7124631601681186
1961723028050,-4.003910605420038,-11.206639730192917,0.30843843806258087
1961723028066,-4.057782541955267,-10.917174022297887,-0.0012892812813691812
1961723028083,-4.064574842147993,-10.873995521547007,-0.01579793048542899
1961723028100,-4.022692820726963,-11.264464610408496,-0.042810588674521144
1961723028116,-3.9248191958820486,-11.768872989571914,-0.130765206291104
1961723028133,-4.094558055742584,-11.135230310430039,-0.3539657979138101
1961723028150,-4.077346245771582,-11.3017890254037,-0.6158842089220922
1961723028166,-4.065104119364029,-11.244941341392034,-1.1290290131180194
1961723028183,-4.197584477385274,-11.373876264375067,-1.6532096835581604
1961723028200,-4.201935438769736,-11.494316545692778,-1.8131086866040078
1961723028216,-4.182441396711478,-11.299218908216453,-1.6088478689646035
1961723028233,-4.23284149985905,-10.789433690552613,-1.3698984702032322
1961723028250,-4.45732489636738,-10.73900814881977,-1.9464630101434517
1961723028266,-4.5574733793234365,-10.67667595727317,-1.9433769654853494
1961723028283,-4.545329083491574,-10.709125945678187,-2.2803498666895976
1961723028300,-4.470659831116789,-9.90363904516773,-2.4327535359685823
1961723028316,-4.317607502883751,-9.386088240266307,-2.4203133931336103
1961723028333,-4.448036785769777,-9.793693140600729,-3.0941756201868107
1961723028350,-4.213606974488577,-9.468192846560186,-2.7216041902863393
1961723028366,-4.0969472056862255,-9.513345938687246,-2.345590353697545
1961723028383,-4.06234226563672,-9.95700663749292,-2.2957935909372704
1961723028400,-4.183163156162681,-9.599375558204798,-1.707968146203533
1961723028416,-4.063020562991393,-9.459210353590901,-1.5134928155722622
1961723028433,-4.035282578316698,-9.712487600991892,-2.1038141346578483
1961723028450,-4.035571637915105,-9.808303292131551,-2.2791155931385796
1961723028466,-3.916931974320934,-10.016906195625793,-2.439216657916801
1961723028483,-3.8660328105611335,-10.321619659895312,-2.5283730092583836
1961723028500,-3.742123604298778,-11.112110313660427,-2.4430105551521732
1961723028516,-3.92876082328339,-10.74893230263497,-2.3944484359478366
1961723028533,-4.036917385872227,-10.778135282016704,-2.0705987981553813
1961723028550,-3.9048850181997916,-11.284799258804757,-1.351556595542666
1961723028566,-3.747116559117866,-11.06132414578446,-1.0649683258997649
1961723028583,-3.7759991591844866,-10.65773174996513,-1.2333873481102855
1961723028600,-3.765002343673174,-10.290334866431804,-1.001542199824461
1961723028616,-3.7687949460406123,-10.135869611670152,-0.7535861592891275
1961723028633,-3.6029426261615387,-10.326513202028217,-0.5990572721444692
1961723028650,-3.9897725509584685,-10.362541136072055,-0.8507068550602113
1961723028666,-3.970653661417884,-10.21241037517009,-1.0756284508002973
1961723028683,-3.9626406816245394,-10.803570099846608,-1.0170822315801369
1961723028700,-4.1021540310728835,-10.768380859658524,-1.5592593630491032
1961723028716,-3.9943878937719353,-10.698445779314431,-1.9273246888643152
1961723028733,-3.8564740145454772,-10.873124056375492,-1.9517454106725407
1961723028750,-3.9489964029660625,-10.526443180406453,-1.956865223437865
1961723028766,-3.6827845356186604,-11.068216090448079,-2.2355465347539045
1961723028783,-3.539958744944015,-10.596455692430599,-2.3084748861493294
1961723028800,-3.6019397616145277,-10.058110673724997,-3.0270960377615017
1961723028816,-3.6001824623535637,-10.322033627668368,-2.9091228907143485
1961723028833,-3.931472052665483,-10.48274584515994,-3.2075047911547925
1961723028850,-3.855957029132861,-10.04592438998536,-3.288702943006647
1961723028866,-3.924128247656191,-10.54347214072279,-3.8285563567364855
1961723028883,-3.5951004250821406,-10.187514438883392,-3.871389594150787
1961723028900,-3.59743368118644,-9.610134436915942,-3.80525413205715
1961723028916,-3.5040526506147085,-9.470710719759827,-3.773432144326274
1961723028933,-3.286425855598604,-9.007338699463459,-3.5773200562131677
1961723028950,-3.4000613448476846,-8.927698433800437,-3.350347672891374
1961723028966,-3.35323419983612,-8.738725914178175,-3.2590028141974843
1961723028983,-3.1249420220136406,-8.35949899709355,-3.219291610687913
1961723029000,-3.1833860179847453,-8.578202894111248,-3.3188772454857283
1961723029016,-3.1266081729553115,-8.495135352747292,-3.6444795411894377
1961723029033,-3.1709736087436386,-8.40794466248277,-3.7215507112384447
1961723029050,-3.1077074846989086,-8.221666898324097,-3.779793523258814
1961723029066,-3.07347007910481,-7.4329113049596724,-3.4516787387323387
1961723029083,-2.9766889037759734,-7.961077671208601,-3.028168598117623
1961723029100,-3.0446097746891017,-7.684346582495846,-3.2513384965039114
1961723029116,-3.295692013849316,-7.272897025085971,-3.4145400810155007
1961723029133,-3.4966752550896,-7.8756434604205925,-3.793574708372855
1961723029150,-3.505852253110115,-7.1889254112144325,-3.888151682026642
1961723029166,-3.4843180428175375,-7.390336955376101,-3.861574259930851
1961723029183,-3.3374375035830157,-7.228044711797178,-3.6127729730911433
1961723029200,-3.126284670185702,-7.378174425097825,-3.8370099084945926
1961723029216,-2.7195129872338395,-7.406941638116101,-3.37889032893425
1961723029233,-2.641792604714258,-7.244231732583942,-3.66973123541261
1961723029250,-2.946180484805966,-6.768393625273381,-3.6642966150001763
1961723029266,-3.0226473497555917,-6.960219969851015,-4.0040704555524
1961723029283,-2.9035269207501435,-6.676289293667763,-3.9091480600668724
1961723029300,-2.777476338895194,-7.541607044716505,-3.512579113079786
1961723029316,-2.804312069485922,-7.381414776588417,-3.7325599430360743
1961723029333,-2.822465827221476,-7.049440961280112,-3.4644283154605136
1961723029350,-2.756516012924041,-6.914155656493866,-2.9624779294115005
1961723029366,-2.7572230122419517,-6.22833249163765,-3.206944768986342
1961723029383,-2.644497825027586,-6.002550748509551,-3.4372213740607593
1961723029400,-2.6231070019998843,-6.329728678961229,-3.287375874832767
1961723029416,-2.6279840829453045,-6.482317097971611,-3.2121359892937216
1961723029433,-2.603717619383205,-6.530793484991587,-3.0059805944022076
1961723029450,-2.7913319495796647,-6.4485466953681625,-3.080325567016893
1961723029466,-2.6718885826259027,-7.339315415757882,-2.837251781749485
1961723029483,-2.7280716942183356,-7.034347945746509,-2.6708648037804084
1961723029500,-2.4836878616572475,-6.53773479702714,-1.9867578264770729
1961723029516,-2.980290444014379,-6.709776123150674,-2.2083971789362655
1961723029533,-3.043889117506141,-6.683463524983845,-2.149543433422461
1961723029550,-2.94429788794342,-6.505717965934214,-2.2120901219685667
1961723029566,-2.874209057968173,-6.013185584958573,-2.208856293436468
1961723029583,-2.8240886008444934,-5.729160720497011,-2.8221620707368897
1961723029600,-2.8013676453373435,-5.034840264026629,-2.966585210009817
1961723029616,-2.889736940390039,-5.0535095307953295,-3.0181712321796033
1961723029633,-2.984578741276035,-5.30584623683557,-3.4045637722915494
1961723029650,-3.119971414626378,-5.565130176189749,-3.067557911045533
1961723029666,-3.1822977769759206,-5.423767576563641,-2.8459609481420687
1961723029683,-3.246967731210505,-4.838592446829194,-3.128204227267984
1961723029700,-3.213921313476098,-4.596868790766974,-3.270531777704563
1961723029716,-2.995721673609396,-5.0266661803342885,-3.215057834644175
1961723029733,-3.0080234219396784,-4.806482297419089,-2.857340831801231
1961723029750,-3.2008650669192984,-5.715619276065292,-2.9393268393660863
1961723029766,-3.0861141494554842,-5.3145100389766915,-2.718016467296282
1961723029783,-3.1836823482501657,-5.489045734838585,-3.1717862390028886
1961723029800,-3.120819847562149,-5.28954784320508,-2.9058166769912313
1961723029816,-2.711779054332817,-5.238827827514257,-2.607018521829434
1961723029833,-2.7862929733974857,-4.737222100004374,-2.6579878097573504
1961723029850,-2.966725592380369,-5.260286526729326,-2.7660392444195407
1961723029866,-3.0083637981783022,-5.11281875911944,-2.8369692555881576
1961723029883,-3.136244864874628,-5.452229982473418,-2.7683060587192934
1961723029900,-3.137776446357545,-5.404737555572126,-3.0060073916631582
1961723029916,-3.22444234993804,-5.546454580178607,-3.153154285064015
1961723029933,-3.1069731111180214,-5.208319858392824,-2.9468415134281285
1961723029950,-3.1480536332419664,-4.641092964061949,-3.124701837372665
1961723029966,-2.9744192589328677,-5.015964825284101,-3.007203826952586
1961723029983,-2.9712688416649295,-5.06860339240995,-3.0460141535837018
1961723030000,-2.8793731160045235,-4.653397173730722,-3.1557026151594707
1961723030016,-2.748219645801463,-4.62861958699614,-3.0671694019830236
1961723030033,-2.7759249543260753,-4.514390004144459,-2.892355784060207
1961723030050,-2.4773720366998555,-4.847433401969621,-2.9294754889801995
1961723030066,-2.5604021886563055,-4.304365813274588,-3.099402360091017
1961723030083,-2.5528216432523094,-4.049958897951691,-3.3234417830360394
1961723030100,-2.413671545769443,-3.6719350926622223,-3.1870053579682676
1961723030116,-2.5310300875730296,-3.8463910379776296,-3.2867034661818133
1961723030133,-2.599565147965202,-3.523968672923333,-3.1006277859191966
1961723030150,-2.6306837462818184,-3.0894039241705844,-3.4822935365481937
1961723030166,-2.8042989322599596,-2.8767528359431047,-3.501471473604897
1961723030183,-2.9632195357947455,-2.9089254898652186,-3.5969710977086864
1961723030200,-2.9795470277128118,-3.4587617918139,-3.0608855059139795
1961723030216,-2.936238828932298,-2.9615637895576667,-2.908018473034225
1961723030233,-2.9872623518167067,-2.991636470668584,-3.0142633563141725
1961723030250,-2.98207357116217,-3.3958740526724682,-3.6358229889086644
1961723030266,-3.0174729071656277,-3.3907050279461006,-4.023109861142231
1961723030283,-3.0731190240790407,-3.6663201441308155,-3.9677660006405944
1961723030300,-2.84237613170994,-3.666640093298273,-4.169521490792942
1961723030316,-2.815909434134416,-3.8668159841119145,-3.8913697828830296
1961723030333,-2.9263410503631557,-3.487764784172394,-3.7960394776667483
1961723030350,-2.9248879552143277,-3.7492462889670106,-3.5489423264132682
1961723030366,-2.902238277232183,-3.786643565171503,-3.6752094447067156
1961723030383,-2.661462459946113,-3.984143585662794,-4.262183703739046
1961723030400,-2.738246712271696,-4.049891240560367,-4.136458053402348
1961723030416,-2.529905438798766,-4.003488449984044,-3.746571283009012
1961723030433,-2.4035993772027937,-3.880719343322791,-3.425314784855912
1961723030450,-2.5231666786000293,-3.823717461024554,-3.1849681173355355
1961723030466,-2.564616452902474,-3.7740889675467733,-3.118358845249861
1961723030483,-2.4242700204133114,-3.521233642219668,-3.2810024984923976
1961723030500,-2.3075532873132056,-3.814420618523749,-3.528575547387386
1961723030516,-2.313939054600238,-3.9046569253748027,-3.168085417940355
1961723030533,-2.232700220205974,-4.00292561411633,-3.1398435129039584
1961723030550,-2.220340636967186,-3.655723318928034,-2.9168303237622255
1961723030566,-2.2169863341520113,-3.976390469198982,-3.0975856423000527
1961723030583,-2.4082246484360423,-3.1154201650989877,-3.390436253564997
1961723030600,-2.4411307358210164,-2.9345253502513375,-3.5260934196510414
1961723030616,-2.358208130675297,-2.786525746925469,-3.2459420838672095
1961723030633,-2.343803645098546,-2.4667251272319155,-3.40376386778329
1961723030650,-2.4215840934797184,-2.197580749355232,-3.5060824450351724
1961723030666,-2.5729333157302148,-1.8067186585967487,-3.8820463564441665
1961723030683,-2.585141632250245,-1.3673776154151218,-3.791661669987774
1961723030700,-2.5727593959150368,-1.3854979148586697,-3.6973210174594735
1961723030716,-2.397523234481275,-1.1725372283318958,-3.2032698880924935
1961723030733,-2.1675706863246877,-1.292629961759138,-3.1490754659644726
1961723030750,-1.8129639909714204,-1.7121501507404195,-3.1523284265265525
1961723030766,-1.823941789691156,-2.1873699364020704,-3.5341160875894975
1961723030783,-1.69715960353302,-2.564767561437284,-3.3589227100924015
1961723030800,-1.5077274058161176,-2.270151251623032,-3.15428945632421
1961723030816,-1.6508998802454649,-2.203040104916131,-3.4697119403839807
1961723030833,-1.6757300598340752,-2.512705045444515,-3.180728526604204
1961723030850,-1.9585268622103578,-3.1631673241542995,-2.684187480912521
1961723030866,-1.8327415418003739,-3.2122845971648397,-3.092512427926647
1961723030883,-1.7842697754056074,-3.004439224081903,-3.3243110624940932
1961723030900,-1.8313018753377235,-3.1537925273901855,-2.879979156583255
1961723030916,-1.6540829804965735,-3.0535408340606116,-2.796730896120253
1961723030933,-1.6033050377951925,-3.3072101489225485,-2.983612207120823
1961723030950,-1.7246725748427574,-3.3640970293566754,-2.845866659497521
1961723030966,-1.9263480085450442,-3.6966711793933635,-3.0268784334943053
1961723030983,-2.0223966860478657,-4.241910449804737,-3.0449787328358005
1961723031000,-2.1334871329094844,-4.29086751227548,-3.276595070941285
1961723031016,-2.1619900489777,-4.304935306515975,-3.37110034136101
1961723031033,-2.2696712513851245,-4.007005683975391,-3.5841122435823287
1961723031050,-2.478616397276142,-4.013593889859163,-3.32558665084418
1961723031066,-2.7142306839630375,-4.001563287437265,-3.4279795960488695
1961723031083,-2.6558920822878838,-3.9260901134646415,-2.934374595531617
1961723031100,-2.3655046589930433,-4.425891515085295,-2.344714664724422
1961723031116,-2.2961451159423514,-4.835044110799594,-2.3728382125440355
1961723031133,-2.2144471668940473,-5.176992732245687,-2.1228307702462064
1961723031150,-2.312371684469248,-5.277746431181549,-2.7604760562803143
1961723031166,-2.292733223734815,-4.900342100276252,-2.5119378564083794
1961723031183,-2.4811779621881196,-4.387988961469615,-2.0538746808534967
1961723031200,-2.3051111240525666,-4.517410879889258,-2.0650169032659935
1961723031216,-2.5168908114105464,-5.027118804935765,-2.1665734823076086
1961723031233,-2.738497963127919,-5.476525148188148,-2.027446046389083
1961723031250,-2.9033690599592936,-6.329074725043807,-2.5732558068626097
1961723031266,-2.7674254338202586,-6.1596847122690095,-2.3798162551868067
1961723031283,-2.795667372384273,-5.935730638376868,-2.1868517392805007
1961723031300,-2.8128314143008035,-5.85854825579611,-2.046184648469391
1961723031316,-2.6518223182203613,-5.875776835423528,-2.0030477100961614
1961723031333,-2.6144261525940586,-5.666182015713521,-2.05106073181318
1961723031350,-2.4087019461966444,-5.598217885170214,-2.337922929414214
1961723031366,-2.4478795099229687,-5.549863604685037,-1.8878058569166207
1961723031383,-2.3774776698320643,-6.41155915316659,-2.3489033474968752
1961723031400,-2.351301485825547,-6.795283932129854,-2.182380473556096
1961723031416,-2.5758179390313054,-7.228767384502916,-2.224283779318018
1961723031433,-2.815622343441032,-7.179856048172236,-2.6174124732180806
1961723031450,-2.9774766683246723,-7.1865157338022225,-2.699321574377877
1961723031466,-2.8922103333191593,-7.013766341570594,-2.560682994640915
1961723031483,-3.0687940665901374,-7.173594459936295,-2.2893344788804812
1961723031500,-3.0975159623508377,-7.4727127582286546,-2.411235962463694
1961723031516,-2.9356038786114924,-7.306122307985994,-2.1429519393566063
1961723031533,-2.68159574373987,-7.018247496259912,-2.125098420716651
1961723031550,-2.9198975008855337,-5.910861185032543,-2.097954653502176
1961723031566,-2.9983276073426683,-5.699680304510643,-2.162228908353004
1961723031583,-2.9543363338837394,-5.47391729723805,-1.9088675070522312
1961723031600,-2.900377894954129,-5.053705534069346,-1.844276628204217
1961723031616,-2.9964935968954927,-4.570342832480099,-1.556172950316804
1961723031633,-2.6516140847592786,-4.458491801355902,-2.109554126796282
1961723031650,-2.7507225467078635,-4.431004656917905,-2.047939489741994
1961723031666,-2.666728487280469,-4.58806136036738,-2.016150723307001
1961723031683,-2.3933304289928095,-4.918988620653033,-2.2671959204548164
1961723031700,-2.3699709427148288,-4.993130795283614,-2.3264369120700126
1961723031716,-2.335982958651111,-4.316354666853199,-2.0538810137924957
1961723031733,-2.1598561528566247,-4.436873800673782,-2.1591295100651546
1961723031750,-2.264336252092885,-4.267960767238731,-2.125193371003859
1961723031766,-2.1021927717340825,-3.8378930013525347,-2.4800464007935403
1961723031783,-1.9469728270920963,-3.3465489572307563,-2.591912817304171
1961723031800,-2.0674888602826007,-3.3373060502203296,-2.6587649667953714
1961723031816,-1.935894141443443,-3.3795995880295,-2.455166027517966
1961723031833,-2.0844239655512626,-2.8745356836647957,-2.4674732479062564
1961723031850,-2.1167173897172624,-3.159607373903501,-2.7957771430744573
1961723031866,-2.4694195238535004,-3.060065096720963,-2.956013658334344
1961723031883,-2.5398437149497215,-3.707987490163716,-3.019674923865704
1961723031900,-2.2898018417768196,-3.4049586236870124,-2.842571089551262
1961723031916,-2.428236286662886,-3.33082813307019,-2.5639485058026694
1961723031933,-2.3042576776270276,-3.781407594488183,-2.4177513026252244
1961723031950,-2.310344994882206,-3.042911158677635,-2.520212231973167
1961723031966,-2.3812337853485497,-3.1973710135006006,-2.6111476634674675
1961723031983,-2.345187712219915,-3.4441961064891484,-2.8458825071463654
1961723032000,-2.4273033658071297,-3.295416807868732,-2.61996760442974
1961723032016,-2.438291913717485,-2.751710323476698,-2.292644038823818
1961723032033,-2.587929817893224,-2.679908801130689,-2.1251349391905006
1961723032050,-2.3089891595132226,-2.3570822219257592,-1.8985307811547978
1961723032066,-2.5217170807977145,-2.9231818245308148,-2.055500842176167
1961723032083,-2.3051949508168894,-3.351681972315985,-2.3266644351103047
1961723032100,-2.210485097583947,-3.6407125776437415,-2.641903474881886
1961723032116,-1.8296296191148516,-4.004343413190484,-2.971466050775211
1961723032133,-1.9144967481561315,-3.920387565034248,-2.7107298329406646
1961723032150,-1.8669508377418453,-3.6141671248894522,-3.2273929753765875
1961723032166,-1.8881857615834678,-3.586376858950764,-3.0859568434052482
1961723032183,-1.9294747396706184,-3.813787981153112,-3.408794844787246
1961723032200,-1.8094814969292856,-3.257868821951383,-3.263944527174737
1961723032216,-1.7624273580271526,-3.159418408847926,-3.3480609346946357
1961723032233,-1.7419447412826115,-2.5878786382564862,-3.553439907777806
1961723032250,-1.8029364040540452,-2.6991543308416475,-3.506994757626189
1961723032266,-1.770329343169621,-3.0286222741161977,-3.7444820712523965
1961723032283,-1.8740648020797135,-3.0084540625175062,-3.926998184600339
1961723032300,-1.858439890713969,-3.6673527779071233,-4.07433517285105
1961723032316,-1.9413354698654035,-3.901330447181211,-3.8655050849186754
1961723032333,-1.8263457020347884,-3.6655068596570874,-3.57984770980151
1961723032350,-1.7569897381179125,-3.4354084574728203,-3.4954166094836383
1961723032366,-1.6109940711526898,-3.5036751097906795,-3.5133822983405896
1961723032383,-1.4387615885351126,-3.551744750788851,-3.4529040761953613
1961723032400,-1.3207212123100378,-3.4349210789079354,-3.295120968034059
1961723032416,-1.7541006479544432,-3.668342704416057,-3.5785150708703144
1961723032433,-1.7644908767207177,-3.486524346020767,-3.8159627178954363
1961723032450,-1.7591079318935066,-3.6579960279804236,-3.858932048596886
1961723032466,-1.8183503321198682,-3.3440721906688133,-3.952258611313705
1961723032483,-1.9682248488500034,-3.623387062497648,-4.2138509222007725
1961723032500,-1.7958930639141406,-3.774575551423076,-3.939544834540989
1961723032516,-2.0717567168661315,-3.573932799241043,-3.6820071161668286
1961723032533,-2.1652321405049326,-4.182973285244794,-3.917177519339881
1961723032550,-2.2732755834906575,-4.3470951280076005,-4.035667229445139
1961723032566,-2.368795495171988,-4.037848258246021,-4.675311651292323
1961723032583,-2.5024339913997626,-3.7936358524041793,-4.134574428005968
1961723032600,-2.599275093337542,-3.4521939282869583,-4.08527421960347
1961723032616,-2.923810502666009,-3.1547114809698362,-4.415665889725837
1961723032633,-3.077149576609329,-3.261149957050066,-4.384918380655533
1961723032650,-3.319964872037945,-3.323886102675678,-4.373036507024023
1961723032666,-3.141593307450706,-3.398378338295136,-4.087197234546215
1961723032683,-3.337667266957581,-3.409779183141737,-3.944908948173108
1961723032700,-3.418917295543226,-2.7558132022707302,-4.32342867198769
1961723032716,-3.2775178090082013,-2.674861668272123,-4.407312614449279
1961723032733,-3.2628073936969364,-2.7002397738683253,-4.614331802724831
1961723032750,-3.1202547277034407,-3.0562416486315653,-4.362676165390419
1961723032766,-3.18232026247039,-3.33348025511589,-4.423460929806707
1961723032783,-3.0273710299847134,-2.961361449512475,-4.024596168193458
1961723032800,-2.8177904206886395,-2.874688081642455,-3.715994172871815
1961723032816,-2.8683687340655033,-2.8190905631966245,-3.2969293250432035
1961723032833,-2.8793499837706324,-3.2021051959399753,-3.1575141586620386
1961723032850,-2.7471624945013726,-3.6445093734390137,-2.93285509676051
1961723032866,-2.5397238406162677,-4.061888511339573,-2.694679222936923
1961723032883,-2.5676167884121988,-4.067590802085892,-2.7511981737534454
1961723032900,-2.745313528485742,-4.189416419002926,-2.8190751302150128
1961723032916,-2.8408625075471705,-4.350178684994428,-3.115876078308532
1961723032933,-2.8309711744761743,-3.816945721165018,-3.458605754229379
1961723032950,-2.780025861413336,-4.0547066192391545,-3.93384181513529
1961723032966,-2.519688624665777,-3.8547039030565347,-3.524007066491648
1961723032983,-2.942400107048929,-3.8515839606243647,-3.3777947228203624
1961723033000,-2.8309514523207184,-3.7024018397376968,-3.37476410904317
1961723033016,-3.11757523650781,-3.1568824511902602,-3.6809998727898847
1961723033033,-3.0602280213829274,-2.880672205153336,-3.5282708251661337
1961723033050,-3.177583343412158,-3.082796016308498,-3.209704356738662
1961723033066,-3.3080285060651504,-3.4899849250362247,-3.0673275285317096
1961723033083,-3.24662987072439,-2.8957184487829046,-2.729144929647429
1961723033100,-3.16795703308762,-2.742686217641232,-2.8823526454275283
1961723033116,-3.279904559669135,-3.0272911613802,-3.205999824737881
1961723033133,-3.4115307811710696,-3.469033316769838,-3.226521646966651
1961723033150,-3.716627837415322,-3.4876463923860475,-2.964605101805092
1961723033166,-3.65870721767271,-4.245384557657449,-2.840709497858181
1961723033183,-3.8307808879849965,-3.9099088533355175,-3.3006901160658835
1961723033200,-3.5712394767546356,-5.190561274726098,-3.8152007915151573
1961723033216,-3.596949139624915,-4.888807288692167,-3.4848270393498977
1961723033233,-3.5130246230707494,-5.184543070811696,-3.112991568830104
1961723033250,-3.4212954893553005,-5.408496696114729,-3.421336819079003
1961723033266,-3.127983732635368,-5.3438493216894445,-3.509562852472139
1961723033283,-3.2888280553486844,-5.185167682501259,-3.743252000536958
1961723033300,-3.4228190226325927,-5.461618219285227,-3.363077748445786
1961723033316,-3.807530829109464,-4.700448603781961,-2.8910872586882466
1961723033333,-4.015292644105855,-4.970511053423694,-2.682669621547357
1961723033350,-3.85163257220434,-4.689521171503991,-2.577406756386689
1961723033366,-3.9752872259680325,-4.232463239435062,-2.7835261523237316
1961723033383,-3.95283792722686,-4.700501343517044,-2.724814653206057
1961723033400,-4.261875445962643,-4.3457099777650505,-2.7613752744469218
1961723033416,-4.280844654753239,-4.799745428775328,-2.7092778234337476
1961723033433,-4.329436254399029,-5.070850628582326,-2.2429271480246635
1961723033450,-4.3562346207991,-5.1536818015768775,-2.0863112566499815
1961723033466,-4.524567484328985,-5.011422188591344,-1.7495833217150785
1961723033483,-4.528648246956129,-5.850262025503935,-1.923938782133403
1961723033500,-4.3848633728827915,-5.496421554810966,-1.9623731418372543
1961723033516,-4.629628368238613,-5.738868204379852,-2.1787449808918753
1961723033533,-4.624449261302704,-5.493589616744398,-1.799840979973398
1961723033550,-4.415343770455111,-5.624424483258537,-2.0194874196991575
1961723033566,-4.232530781686227,-5.308021331664717,-1.9625434986124097
1961723033583,-4.316275034549443,-5.59266254736916,-1.9398239385827205
1961723033600,-4.232116289588554,-5.149673040422718,-2.113281235621973
1961723033616,-3.8587505957437713,-4.940658471663717,-2.0839336946520475
1961723033633,-3.619133401668133,-4.971779005041654,-2.268586550721343
1961723033650,-3.7104489691873153,-5.723444100406721,-2.2887882090782616
1961723033666,-3.6211410463809743,-5.650021158269153,-2.427904713793664
1961723033683,-3.650387820135985,-6.044618611674306,-2.9049569435237323
1961723033700,-3.775797546090454,-6.283160642602953,-2.714457700615032
1961723033716,-3.8055344168407492,-6.115689482692426,-2.3258926312570054
1961723033733,-3.9138639658882766,-5.898559187064916,-2.564618928823128
1961723033750,-3.9830541217515254,-5.719376973615826,-2.604923525125674
1961723033766,-4.028433287548038,-5.618251733932242,-2.8152213481847506
1961723033783,-4.210347730558054,-5.339346777653079,-3.1202489619308165
1961723033800,-4.336197346395897,-5.831513378990047,-3.273196752078679
1961723033816,-4.310833363877283,-5.480873879730129,-2.7229023466537186
1961723033833,-4.411804655703546,-5.354176656956457,-2.9631574175305215
1961723033850,-4.423265703767603,-5.2637466171465706,-2.791583208598351
1961723033866,-4.400463688630645,-5.114014704065831,-2.8351460857784803
1961723033883,-4.541237394678449,-4.619839299670405,-2.7678980830345874
1961723033900,-4.558896328285526,-4.292138146709712,-2.51012106345949
1961723033916,-4.698485169189585,-4.39977762753262,-2.8918875171698586
1961723033933,-4.484770752121543,-4.376999407220572,-3.179330572353897
1961723033950,-4.687387976810818,-4.353589226376198,-3.0920529319500187
1961723033966,-4.622109834786743,-3.951126721003496,-3.177633802936996
1961723033983,-4.697020485404538,-3.693990928423019,-3.0462801345794888
1961723034000,-4.731282193788722,-4.1518361860916455,-2.7392754380362354
1961723034016,-4.627723791441815,-3.725063242876734,-2.9879327931040374
1961723034033,-4.358914969239885,-3.4921716611760103,-2.9432627743714175
1961723034050,-4.436471384029986,-3.4569624149628235,-3.0391606318121633
1961723034066,-4.509209508965652,-3.2004095253894635,-3.1394415068394323
1961723034083,-4.7425145289374,-2.838834000954259,-3.3644523182154096
1961723034100,-5.068392540647826,-3.080805249617314,-3.0757461623085804
1961723034116,-5.080873626568746,-2.5826648683824143,-2.698713651298675
1961723034133,-5.15692493835064,-3.229569397428358,-2.9892394060887293
1961723034150,-5.331002627745968,-2.483640581707502,-3.239678576005846
1961723034166,-5.204139148171087,-2.4745559419974628,-3.574922398689945
1961723034183,-5.453357040920498,-2.0684069761136126,-3.2465348849961124
1961723034200,-5.4472538918969065,-1.809479816875938,-3.4107356815124366
1961723034216,-5.303055599286462,-1.5909660746101544,-3.317866230786424
1961723034233,-5.536451070540152,-1.7647158436578803,-2.984765433847575
1961723034250,-5.058732377168509,-2.1555647906893984,-2.8830098773489423
1961723034266,-4.852305976640189,-1.8703845766009817,-2.368010511402227
1961723034283,-5.037412365503981,-2.2016769330341077,-2.456414593914446
1961723034300,-4.908183244278033,-1.859334052796548,-2.29910754684318
1961723034316,-4.866178200042115,-2.1852821543736747,-2.3180332397855667
1961723034333,-5.000859357027871,-2.1089875190481,-1.8489877749412877
1961723034350,-5.266457690916308,-2.019278078586018,-1.6402031078696504
1961723034366,-5.116863578382867,-2.487202506139158,-1.4875409831753983
1961723034383,-5.1667534177905114,-2.97081509393599,-1.7288535584738942
1961723034400,-5.107767211020425,-3.996957583473863,-1.400136344835498
1961723034416,-5.414460095458376,-3.6827480120710314,-1.109508674957097
1961723034433,-5.507559694950349,-3.53607144894476,-1.3686429919188836
1961723034450,-5.47223900912697,-4.129477329813243,-1.5321572501481013
1961723034466,-5.55275629229758,-3.4298303933854424,-0.969481543870504
1961723034483,-5.620362088746759,-2.756890667125222,-0.7386539219437329
1961723034500,-5.686677680184628,-2.3714950418987026,-1.0956702570804242
1961723034516,-5.884753415862779,-2.1632204309806293,-0.9584072253747435
1961723034533,-5.974768482970417,-1.9164471334630369,-0.8014411794530125
1961723034550,-5.862457203401385,-2.081729735512541,-0.6307492970043046
1961723034566,-5.772502723194748,-2.444584460656484,-0.7303290773359529
1961723034583,-6.058834643856777,-1.998659828400605,-0.7691792311101517
1961723034600,-6.4703976789089905,-2.1721000877322267,-0.572511931769449
1961723034616,-6.482727242976468,-3.0470179177601175,-0.7407620553672463
1961723034633,-6.709656961693185,-3.199941776986119,-0.6300933040559747
1961723034650,-6.789252075437738,-3.1746799452032715,-1.03760162475113
1961723034666,-6.657156300472194,-3.65232116086199,-0.9172134849708378
1961723034683,-6.758693145256997,-3.9462034098016927,-0.8911808410204369
1961723034700,-6.884141871802589,-3.868650920626501,-0.861861598302943
1961723034716,-7.0137304085692485,-3.3420950030205074,-0.9170237204896529
1961723034733,-6.810747067643174,-3.3355416963487765,-0.6324920779689657
1961723034750,-6.759123283612415,-2.981151115210099,-0.8898313753246909
1961723034766,-7.11811421272916,-2.8472039306255184,-1.134681057863133
1961723034783,-7.161671410488241,-3.1445935035310444,-0.9548325731458487
1961723034800,-7.270739421252729,-2.7698731646442356,-0.8937725985116083
1961723034816,-7.153383063551446,-2.9147444182894526,-1.0003845782238847
1961723034833,-7.249471923652829,-3.273694665772243,-1.24555773931676
1961723034850,-7.316267003740969,-3.327361518008271,-1.3910445106570768
1961723034866,-7.435381453511036,-2.63783138088329,-0.9654637520452615
1961723034883,-7.282564019057612,-2.5110657979090165,-0.9998227540896829
1961723034900,-7.213207199246579,-2.7078090663986445,-1.1414257668367582
1961723034916,-7.233253171753033,-2.651298510061619,-1.5158034409228114
1961723034933,-7.228473131337435,-2.736820930212336,-1.2429329924642598
1961723034950,-7.27714647464923,-2.9836969217964033,-1.5681263723703538
1961723034966,-7.163024841909619,-2.926046749264211,-1.5947098568459115
1961723034983,-7.194442771679684,-2.8433815687208868,-1.1654648101876346
1961723035000,-7.003583771802155,-2.5411128101657683,-0.9070194821019129
1961723035016,-6.9737688324122304,-2.302718676619122,-0.8601891739611242
1961723035033,-6.778284439492601,-1.6521767857150405,-1.1104628357019033
1961723035050,-6.496759678973718,-2.379039487987194,-1.4584342369084908
1961723035066,-6.534794191165214,-2.278088256175311,-1.375821943969585
1961723035083,-6.481435493286733,-2.160470688552434,-1.42057293609126
1961723035100,-6.44452587738186,-1.8749153096626934,-1.5164070109927623
1961723035116,-6.299398294784699,-1.867498244665196,-1.877032975540232
1961723035133,-6.3403064960802045,-1.5041388954313737,-1.974709297114436
1961723035150,-6.507109966673787,-1.3890308586461044,-2.0189684926031513
1961723035166,-6.531590679838023,-1.3835229578260337,-2.1386049967783283
1961723035183,-6.423204236360383,-1.0819293750471308,-1.775251069547154
1961723035200,-6.3908965445435255,-1.041224735234242,-1.8761649991176517
1961723035216,-6.5001944074250675,-1.2825310774222665,-1.1504701249071616
1961723035233,-6.673485444480858,-1.1519499981649632,-1.0486662316640145
1961723035250,-6.548913772037005,-0.5445879138201324,-1.2878863504873712
1961723035266,-6.535170542370488,-0.05386592980930782,-1.3263513234174584
1961723035283,-6.3753289465446,-0.05775540853739969,-1.6743768702881394
1961723035300,-6.744412496433591,-0.11371567512436354,-1.4227680690333955
1961723035316,-6.805771306862578,0.03232794844616027,-1.0810305522329104
1961723035333,-6.729163785265537,0.03516329224598813,-1.0359222705816962
1961723035350,-6.754270443163027,-0.4000145280388008,-0.9148200584622301
1961723035366,-6.71339932056912,-0.024328873655544037,-1.1855872445732738
1961723035383,-6.563312701194782,0.693986960480049,-1.2708313140347807
1961723035400,-6.4983632257396415,0.9455859550127057,-1.4431740129872548
1961723035416,-6.8866360859209,0.9692113295459484,-1.3429097361722466
1961723035433,-6.841219610690667,0.5117289621971981,-1.2177014562116788
1961723035450,-6.963018853584915,0.4607294848150447,-1.0957589828686678
1961723035466,-6.882447276904161,0.3980646553543119,-0.9022598347335491
1961723035483,-6.8074924131650425,0.16671885389039254,-0.8446225786403203
1961723035500,-6.870321500143002,-0.2261860990905893,-0.9298026182365611
1961723035516,-7.032995318966335,0.1425867545009707,-0.9112295173005057
1961723035533,-7.2830671698888105,0.44043337846586805,-1.0523795272521819
1961723035550,-7.179095959569907,0.9741221636256947,-1.1078565791277366
1961723035566,-6.931334931521748,0.776977099536845,-1.163583380630097
1961723035583,-6.939502867944386,1.10361762710615,-1.1686473800384243
1961723035600,-6.920811873149397,0.9431698321244406,-0.9723401458251204
1961723035616,-7.133888373061353,0.7934914175398458,-0.9319772830350195
1961723035633,-7.336206555881965,0.7734340548201013,-0.9032041477359887
1961723035650,-7.591414712023152,0.812186731389148,-0.8122846135723211
1961723035666,-7.618707446286246,0.7911752598231363,-0.7608422181336401
1961723035683,-7.337521256907914,0.40944513414188144,-0.5320555796781709
1961723035700,-7.20693799025291,0.30001258194075753,-0.6039655687162208
1961723035716,-7.10482938905097,0.2596666910953429,-0.7544942026164261
1961723035733,-7.182212119589563,-0.3963440874984103,-0.9793889908702326
1961723035750,-7.209772163742833,-0.1093611537133885,-0.7960070142375226
1961723035766,-7.242380945594086,-0.5959844000627559,-0.9140360449221309
1961723035783,-7.385444802305238,-0.8337398362882258,-1.4833719943011747
1961723035800,-7.461669192856708,-0.5293707677731154,-1.408648682501671
1961723035816,-7.4526145176551095,-0.16044768912808927,-1.4580358060515752
1961723035833,-7.296661489165739,0.0445769379863723,-1.291794087018757
1961723035850,-7.081264728748147,-0.2599667141855919,-0.8316780554628198
1961723035866,-7.285799426299471,0.17299096184368867,-0.6747317773492385
1961723035883,-7.108164246676505,-0.145407384779646,-0.7784928125693643
1961723035900,-7.047258940695957,-0.06100848873744624,-0.8570063121168652
1961723035916,-6.789271005319246,0.2604775340357559,-1.2816203065848835
1961723035933,-6.888062691270431,0.8770504104296855,-1.2870717101862261
1961723035950,-6.772725123694951,1.6473684160358717,-1.01109503928555
1961723035966,-6.885523605382451,1.22068820316417,-0.8960795831152327
1961723035983,-6.902171111538499,0.90877536612446,-0.8390917979196454
1961723036000,-7.082125553315557,1.1469640763826554,-0.5250227318257706
1961723036016,-7.364350529755364,0.6833866113142468,-0.8188749506860338
1961723036033,-7.480546122135233,0.10659956503157453,-0.884482695153302
1961723036050,-7.330201193756135,0.05552092152795929,-0.27342376146598224
1961723036066,-7.2566200842766095,0.1846709515681848,-0.399850805435226
1961723036083,-7.138369166216217,0.11063174286900157,-0.25621254494115553
1961723036100,-7.138338857908781,0.09132562741317862,0.04019715168131843
1961723036116,-7.0902463154947615,-0.844756624349424,0.3517450726971163
1961723036133,-7.249496702561375,-0.35859116698775306,0.47717370194208875
1961723036150,-7.250384321200482,-0.7013821281386088,0.6306988269698275
1961723036166,-7.22239630802286,-0.8797016868220071,0.6327492772702343
1961723036183,-7.249383415253145,-0.9363057495114555,0.9578580728383594
1961723036200,-7.476203645118685,-1.6304898743111629,1.4886320150258674
1961723036216,-7.04834608565643,-1.3130781957713609,1.896453720462721
1961723036233,-6.960616861089283,-1.5898269435109595,2.0911705328889703
1961723036250,-6.857643913580635,-2.449647259788496,1.983237116080944
1961723036266,-6.907379656347836,-2.2150529720962266,1.8926464413772635
1961723036283,-6.885699969569918,-2.3739252183101613,1.4692389235786922
1961723036300,-6.5828339422795255,-2.3507012726504177,1.2001238227193582
1961723036316,-6.552277982187223,-2.706613673061111,1.3142596515789513
1961723036333,-6.4725274976114315,-2.3750100038300843,1.7141749953018401
1961723036350,-6.785635344769368,-2.125143898736894,1.8217857596623837
1961723036366,-6.905110778145746,-2.5654642101698544,1.4839713293542955
1961723036383,-6.46460204956986,-1.9626217621168611,1.898467531702688
1961723036400,-6.516637162453134,-2.3402776470160975,1.3652493855363759
1961723036416,-6.61864965555729,-2.055561699734009,1.2682042170225782
1961723036433,-6.730487533740588,-1.5685445501696087,1.1998107481238252
1961723036450,-6.69253576656004,-1.5456646635053568,1.1540875562684352
1961723036466,-6.688611065108755,-2.013830845728252,1.2719549580460232
1961723036483,-6.676834776330067,-1.9453216396123567,1.174176477450508
1961723036500,-6.655996145228147,-1.6684683635919928,1.388411866934587
1961723036516,-6.982210360101792,-1.6291677861389369,1.4526412884095452
1961723036533,-7.201930141182479,-1.6681398135135694,1.4421573142709752
1961723036550,-7.2790275789127055,-1.0471161935205915,1.331875071355291
1961723036566,-7.3591161908100595,-0.840718266932579,1.5015823486697022
1961723036583,-7.354664017160713,-0.3827086587375277,1.658411066247716
1961723036600,-7.52941949178092,-0.6938930465998725,1.5535115908300765
1961723036616,-7.549329563922422,-0.7765598560785252,1.677108645984591
1961723036633,-7.770143687297082,-0.32008689036427374,1.7898957017001227
1961723036650,-7.683901614551282,-0.1553985702843521,1.446420171445401
1961723036666,-7.735397737639698,0.10270008656041263,1.6653295168309923
1961723036683,-7.70827944325195,0.004154434182862765,1.7404661576122777
1961723036700,-7.97359984972487,-0.27744683365934897,2.3936176418951476
1961723036716,-8.018807140140618,-0.3575918565133387,2.531016973231756
1961723036733,-8.164262566658007,-0.9425158151456419,2.828168489577272
1961723036750,-8.361474530516645,-1.1620654084625706,2.4688130800631845
1961723036766,-8.442349337105659,-1.0224888090204338,2.390638355723194
1961723036783,-8.427133670351711,-0.9795089131711583,2.22380971904402
1961723036800,-8.17264795302016,-1.0048612183283314,1.8172802311234355
1961723036816,-8.082252028053512,-0.8497694186360345,1.156818221223485
1961723036833,-8.177375882437563,-1.333590614002687,1.449307003922945
1961723036850,-7.867754641612054,-1.0911039467432904,1.1172218321799752
1961723036866,-7.674068420195631,-1.51592898914034,1.1922611450101728
1961723036883,-7.758256507949322,-1.8522532258597488,1.1358878338226186
1961723036900,-7.521971906142726,-1.830322404805111,1.2603013291476437
1961723036916,-7.712940413694684,-1.9479985849700596,1.3790900148696232
1961723036933,-7.54359401483655,-2.0328124625618917,1.5141351997307602
1961723036950,-7.7266193619205,-1.6126330172013148,1.625469545351627
1961723036966,-7.692626092416354,-1.6410636046157991,1.687765603045557
1961723036983,-7.756437776831649,-1.8222771308546566,1.3389729448285637
1961723037000,-7.717826110810325,-1.6662483348031243,1.3367617408721066
1961723037016,-7.583470595339997,-2.0721337603887,1.241233905143661
1961723037033,-7.2377815749994365,-1.7520411970120424,0.9844036136645589
1961723037050,-7.288452623786824,-2.321272824579996,0.820600486115616
1961723037066,-7.112134400584755,-2.611514331871217,0.7679730274613814
1961723037083,-6.930624014189265,-2.9864219496090243,0.45125192477262943
1961723037100,-6.930281470629552,-2.9035456766905763,0.12459285365072836
1961723037116,-7.1290398826047285,-2.810639285267625,-0.30105909576901047
1961723037133,-7.069642767204955,-2.3725003681665924,-0.47430385457402113
1961723037150,-7.2859081631329285,-2.572931485414248,-0.1530047560882184
1961723037166,-7.53276995383706,-2.3946683563920077,-0.6470801742475043
1961723037183,-7.547297530364255,-2.323809940365108,-1.0062933658320752
1961723037200,-7.749498214672051,-2.127919544530661,-1.478900846080335
1961723037216,-7.672058804244461,-1.8703448392336863,-1.3818302808847027
1961723037233,-8.020630007950501,-1.6758096243565763,-1.474204351990001
1961723037250,-8.187130488358134,-0.9603218787461003,-1.3458692032575188
1961723037266,-8.117078866263904,-0.7322230937394449,-1.6349891475592813
1961723037283,-8.209500240446415,-0.18156584237364726,-1.7246801698666836
1961723037300,-8.118619021516816,-0.053142852012979525,-2.02319521074232
1961723037316,-8.141693278838092,-0.5776281909372694,-1.7831721092357398
1961723037333,-8.160043754321059,-0.21602035342860226,-1.7991265823261098
1961723037350,-8.12658632660707,-0.5369293659926919,-1.301824304302764
1961723037366,-8.095269302537513,-0.49346818771993295,-1.7202808466236301
1961723037383,-8.166373297099431,-0.6893557888157087,-1.740864195880571
1961723037400,-8.348628217016337,-1.7784923998527118,-1.7823672694603752
1961723037416,-8.377495010613675,-1.6005395704335346,-2.001420997951448
1961723037433,-8.326812810882874,-1.929978423428743,-1.8013297209701133
1961723037450,-8.370717289861062,-2.01857163342267,-2.080497794049255
1961723037466,-8.194392735999097,-1.868890898132297,-2.3292168482570017
1961723037483,-8.215790084153458,-2.3223141633550863,-1.5694061434451916
1961723037500,-8.26319042822365,-2.6757224761089042,-1.241495254982593
1961723037516,-8.02896547766193,-2.00579048061861,-1.0980961176078314
1961723037533,-8.482078894194464,-1.5975168267106206,-1.0825625694833503
1961723037550,-8.657608928157238,-2.0428780294884814,-0.9826380290421527
1961723037566,-8.761092243792659,-2.29540417897977,-1.0736935141011086
1961723037583,-8.914011255213117,-2.923328939927024,-1.1723852914829143
1961723037600,-9.101354532450625,-2.4699736801254453,-0.9661713927596771
1961723037616,-9.174507795194137,-2.107384181759647,-0.6346431912102699
1961723037633,-9.058130282210469,-2.064403173280638,-1.2508928611307335
1961723037650,-9.048171638691036,-2.4008182455701528,-0.8598163123175873
1961723037666,-8.960205273959211,-2.3992154258513994,-1.328082538365949
1961723037683,-8.898090530115658,-2.0650406844241163,-1.130942096521727
1961723037700,-8.85242654962569,-2.0204308564193605,-1.0219661848629253
1961723037716,-8.917815634966317,-1.849905935760101,-1.3010594042880743
1961723037733,-8.6723222011352,-2.1042548437201196,-1.3802305642334214
1961723037750,-8.597042070610692,-2.6715486207828243,-1.1979472379355958
1961723037766,-8.711491721243062,-2.833118167581461,-0.9788624985775115
1961723037783,-8.555049251153346,-2.886325605187625,-0.8712705697611007
1961723037800,-8.562922141766588,-3.4621127531270823,-0.8588303195741607
1961723037816,-8.40558345614134,-3.2232435316344152,-0.34739182392706036
1961723037833,-8.73730503558282,-3.603820537171233,-0.24751858162941165
1961723037850,-8.822336280677677,-3.0236718556738182,-0.17012160502473905
1961723037866,-8.788900877337431,-3.4295034194119736,-0.3011780532570565
1961723037883,-9.002241829632537,-2.991842513005335,-0.25507683349961674
1961723037900,-9.162324794160853,-2.7283066824242685,-0.32716339450913035
1961723037916,-8.854476043459673,-2.5275561612464137,-0.6050448054267055
1961723037933,-9.041896680925465,-2.6714849824375566,-0.9589092934891534
1961723037950,-9.18225516310258,-3.077556909445686,-1.0403248034923551
1961723037966,-9.258133542303641,-3.6499172632005403,-0.8383552683217148
1961723037983,-9.345173645844135,-3.7578419038696276,-0.9759840106359099
1961723038000,-8.98651260589461,-3.5949102659389283,-0.8223176472492799
1961723038016,-9.221979648322607,-3.176177044042329,-1.239421046716398
1961723038033,-9.359687338285317,-2.991729666090083,-1.2802210821915185
1961723038050,-9.470742093717352,-2.6120638445814737,-1.0702581290413062
1961723038066,-9.605600982422963,-2.3647261228063936,-0.9149707463653038
1961723038083,-9.73160201703616,-3.1618148794355068,-0.6090160297545679
1961723038100,-10.0026686227711,-3.2750891669099893,-1.2220175547852878
1961723038116,-10.199851222453942,-3.0116432583021058,-1.2239517126804766
1961723038133,-10.152400537771696,-2.0571768697100516,-1.008941212846198
1961723038150,-10.048629842938762,-2.1237104898505716,-0.9784820063391872
1961723038166,-10.026397940503504,-2.32310027818125,-0.8710310979814819
1961723038183,-10.042467572773356,-2.641386804023352,-0.946949030929919
1961723038200,-10.09408482542376,-3.395040666985036,-0.6948759437592068
1961723038216,-10.136364319658632,-2.6035194311550756,-0.6711718152503119
1961723038233,-10.129431874808876,-3.0383701255921514,-0.5901433763133762
1961723038250,-9.863637861916843,-3.429104825062055,-0.47300250467448035
1961723038266,-9.685788357893163,-3.376476514741938,-0.3328747362122867
1961723038283,-9.815224770339839,-3.0984218814434965,-0.3616082978709121
1961723038300,-9.563204800712638,-2.7344068107406345,-0.36483482649380294
1961723038316,-9.759969588279297,-3.33908415503459,-0.2503733530173954
1961723038333,-9.948476213780438,-3.4078400995508673,-0.47254890278172157
1961723038350,-9.908491045717039,-3.294184020451349,-0.5596993238930642
1961723038366,-9.682090430047648,-3.2403242633861833,-0.4211190071257115
1961723038383,-9.365747962375867,-3.0619325847038987,-0.295396999358979
1961723038400,-9.43571398419897,-3.1476349646612776,-0.3240740568704067
1961723038416,-9.506216384653388,-4.052035193556325,-0.6083988869819548
1961723038433,-9.525121832114385,-4.517119835266632,-0.8016477541522505
1961723038450,-9.156870566252017,-4.663682618243585,-0.5800852160866029
1961723038466,-9.000119017885954,-4.119188048513276,-0.7231318768518842
1961723038483,-9.199808361029419,-4.2434920414995085,-0.6830065961838918
1961723038500,-9.28827533683999,-3.8389121786935303,-1.2809264263750844
1961723038516,-9.260991950146167,-3.700147979280021,-1.3153374857494233
1961723038533,-9.300922025330896,-3.557892293138158,-0.8985891435194278
1961723038550,-9.566110077690434,-3.8344173359032676,-1.0307860264194633
1961723038566,-9.690864432753422,-3.8800594104039234,-0.8246039175612803
1961723038583,-9.679518490721499,-3.4126884943590947,-0.7237786296453242
1961723038600,-9.424126184381361,-3.964643793815627,-0.37562090010823024
1961723038616,-9.212470426563119,-4.132354939893894,-0.27911952490185876
1961723038633,-9.067844185542148,-3.8661126035727604,-0.3438670021256106
1961723038650,-9.098480299548498,-3.886896850485809,-0.6501531559973386
1961723038666,-9.163748600393003,-3.754534646073583,-0.5302376395624109
1961723038683,-8.948413967001335,-3.4921886818273067,-0.037340298576840514
1961723038700,-9.269970050009599,-3.727674392675946,-0.5608680331323183
1961723038716,-9.335686094699522,-3.394667411285115,-0.42526610860153236
1961723038733,-9.333474052664357,-3.146636079070688,-0.24542041104197998
1961723038750,-9.474265304503492,-3.426441443692065,0.09578631752354583
1961723038766,-9.457244431217152,-3.523070852810994,-0.6956995452268201
1961723038783,-9.52932012170806,-3.516666317568272,-0.5702738629143929
1961723038800,-9.56904094222699,-3.8700010910436857,-0.5049558412252811
1961723038816,-9.705245691578227,-4.133999508524919,-0.9917652177619424
1961723038833,-9.596284121918133,-4.186724722476465,-0.794952707944365
1961723038850,-9.47734107249459,-4.793539108054603,-0.6328106184063381
1961723038866,-9.61115562473789,-4.21322998556952,-0.030365120762007702
1961723038883,-9.472205406811977,-3.673544931680688,-0.061834316115676025
1961723038900,-9.504240752097633,-3.6425522850934833,-0.01843704789340661
1961723038916,-9.24674704774386,-3.141546562413717,-0.18238615112951595
1961723038933,-9.355696090225242,-3.299656014010173,-0.3545888086526314
1961723038950,-9.034684254424285,-3.690068700515004,-0.2493554553380255
1961723038966,-8.999383336238651,-4.158231944169254,-0.286489857208332
1961723038983,-9.029379210662949,-4.3557345996729495,-0.22631012519624882
1961723039000,-9.27441353436167,-4.0038305589202405,-0.034210099167727215
1961723039016,-9.269333959993377,-4.016497848215588,0.3772009885855896
1961723039033,-9.11023130239564,-3.2839512061730938,0.7296109280047449
1961723039050,-9.239846456930026,-3.239508752503045,0.8340336059695783
1961723039066,-9.476285072278673,-3.263326958188845,0.6921896795350129
1961723039083,-9.500680610084542,-2.9083043726966245,0.7649660551566642
1961723039100,-9.522213448954957,-3.3364730970988408,0.5391788038455418
1961723039116,-9.49135594272518,-2.8063682911931376,0.43995912201829723
1961723039133,-9.51005610223985,-2.6972255322266365,0.1791498704208161
1961723039150,-9.386675815367852,-3.133205413111101,-0.3025553710299467
1961723039166,-9.305778676763296,-3.349633453884465,-0.04277856795865764
1961723039183,-9.151784989644192,-3.101027069078058,-0.32638842641424837
1961723039200,-9.060709225729555,-2.9922294374749865,-0.3287556235460716
1961723039216,-8.964602712704318,-2.709115334708485,-0.44606638988760094
1961723039233,-8.79115249694073,-2.927315406798544,-0.5073486931190625
1961723039250,-8.878506212361472,-3.4258598948964103,-0.41473712894869663
1961723039266,-9.276722424250929,-3.1961855447994463,-0.4168370117262651
1961723039283,-9.360121592688802,-3.5741955871422695,-0.6240055131234415
1961723039300,-9.214468866454343,-3.392010948724041,-0.3246882614528125
1961723039316,-8.962004228227103,-3.1408167429635223,-0.24657461436940542
1961723039333,-8.843851699365665,-2.5728881424255223,-0.13394465145083956
1961723039350,-8.985560784420738,-2.6857425407545317,-0.6517664292560448
1961723039366,-8.675735101696223,-2.8173950660424723,-0.3655745727842433
1961723039383,-8.653924275071734,-2.9745873397498723,-0.6363109806782459
1961723039400,-8.499261443720117,-2.8355491438304807,-0.4671963988978576
1961723039416,-8.50722515168966,-2.448886169789179,-0.26494066579107045
1961723039433,-8.431956396887545,-2.2148304154009786,-0.6410753593690653
1961723039450,-8.596786089902835,-1.926770461821449,-0.8159571257389211
1961723039466,-8.688240957044579,-1.7469420700733709,-0.8352624827430553
1961723039483,-8.563720578300098,-1.7989486856859616,-0.9297560657647936
1961723039500,-8.893845941995668,-1.3794797148469256,-0.21909517760807717
1961723039516,-8.99790266445562,-1.2638992452072104,-0.592055011440666
1961723039533,-8.98414606572425,-1.6307450055787163,-0.6095294655029109
1961723039550,-8.845297941537618,-2.0565631390322805,-0.12881651083134704
1961723039566,-8.952968427563333,-1.8481690703082938,-0.12953535906454627
1961723039583,-8.757044857442331,-1.7166826286302612,-0.3197118683953346
1961723039600,-8.920152030342097,-1.9496401278084599,-0.23188422700404365
1961723039616,-8.986924516071973,-2.856329462660107,-0.32327057382485636
1961723039633,-9.188389106998955,-2.7399938984033656,-0.5705408489140272
1961723039650,-9.40500133432496,-2.7239627383544547,-0.09874130214167587
1961723039666,-9.553764653208582,-2.494321771774773,0.1436149504548483
1961723039683,-9.31141098226338,-2.555975347110303,0.022727135737372617
1961723039700,-9.378571806793623,-2.9292097873638303,-0.16218532874868552
1961723039716,-9.38471878672446,-2.3313939141791034,-0.14658979580716958
1961723039733,-9.107675122829383,-2.8889992222324206,-0.051394149786760046
1961723039750,-9.23922580615666,-2.8280445997083103,-0.5992926190639948
1961723039766,-9.385117835753263,-2.4828318057996555,-0.7860326426296931
1961723039783,-9.678355448539795,-2.573904868998188,-0.9096203588688185
1961723039800,-9.540289872463966,-2.9479143034896405,-0.6981653240410746
1961723039816,-9.667168079587464,-3.03672676035453,-0.9419974316142196
1961723039833,-9.396340457235747,-2.7745056898427305,-0.634198186514231
1961723039850,-9.447519598316095,-3.156795791527757,-0.9262395284335802
1961723039866,-9.459373080306882,-2.9069746119423696,-0.9261597876188259
1961723039883,-9.449016392461933,-3.3496326112021797,-1.4909933605376997
1961723039900,-9.299615744513748,-3.1827964268947815,-1.536966733057265
1961723039916,-9.067396147975105,-3.2675383400091915,-1.335625435155115
1961723039933,-9.296212285240706,-3.5413364446684663,-1.2950928953799337
1961723039950,-9.528557321247728,-4.148525545178273,-1.0234380616844705
1961723039966,-9.522562357078819,-4.185428503536148,-0.8291078137627105
1961723039983,-9.40790697440683,-4.280072712482083,-0.7830804234255495
1961723040000,-9.701802473827907,-3.9439516048102794,-0.8424820627729708
1961723040016,-9.64426942901935,-4.208185632268419,-0.9824629371697335
1961723040033,-9.627881678177232,-4.161139400437484,-1.0650450276692331
1961723040050,-9.849328221109616,-4.503338525824211,-0.7064889334884579
1961723040066,-9.747208637259948,-4.948363943283562,-0.6575582111818187
1961723040083,-9.716962207930194,-5.024327039402883,-0.3553968344480003
1961723040100,-9.623329598315648,-5.034544351419953,-0.10622537196047022
1961723040116,-9.558163191725018,-5.312007592259169,-0.041980081604109376
1961723040133,-9.433710535345314,-5.196267967672215,0.14662909571071858
1961723040150,-9.783961674580937,-4.867151274450573,-0.2350982188355365
1961723040166,-9.91965590490199,-4.928621825307375,-0.2191233099830937
1961723040183,-9.841784775387072,-5.818012137702524,-0.3516202521590216
1961723040200,-9.770000650593317,-6.4308109416361745,-0.8857999407860229
1961723040216,-9.542779831404182,-6.197252153100167,-1.1235839782559385
1961723040233,-9.495038837783335,-6.237328498720854,-0.7792562316190007
1961723040250,-9.473585436804587,-6.338008487765787,-0.8363874410419552
1961723040266,-9.462507106348017,-6.547871768023857,-0.954843120266134
1961723040283,-9.54888596381923,-6.202595432362217,-1.4212870892444807
1961723040300,-9.569331812297792,-6.540024043018558,-1.3285712218128038
1961723040316,-9.57648298267452,-7.6357285898023015,-1.5292770734232604
1961723040333,-9.385256236301318,-7.578318610967494,-1.2934947663519987
1961723040350,-9.302315476593936,-7.241423715006262,-1.1696909838338838
1961723040366,-9.56384902564547,-7.109358836382704,-1.6236177131367773
1961723040383,-9.667576758409156,-7.789082644789433,-1.6116147207084648
1961723040400,-9.685893320296922,-7.627123465092307,-1.3251479328702864
1961723040416,-9.629083467034352,-7.702888464924282,-1.5459987641483792
1961723040433,-9.632212655287596,-7.0905412998210755,-1.7741936228713748
1961723040450,-9.630430813281462,-6.5292186390921305,-1.2304320381423306
1961723040466,-9.72300111269793,-6.733332401557727,-1.4008589214577492
1961723040483,-9.862733873638405,-6.803628719534158,-1.7658343505609517
1961723040500,-9.761103318088903,-6.695278202601919,-1.7895022471558666
1961723040516,-9.521694962888239,-7.13045211132541,-1.4781901495880745
1961723040533,-9.67480245465523,-7.025179797263626,-1.2619413776669708
1961723040550,-9.986773303811088,-7.364024437191053,-1.0063132018468592
1961723040566,-9.85959051203297,-7.489427572870159,-1.0485717406498511
1961723040583,-9.617052682127301,-7.599416937085024,-1.4977171161312275
1961723040600,-9.638357281989396,-7.548556235035653,-1.3385547212452773
1961723040616,-9.649033647100477,-8.524941636925941,-1.7685957616067398
1961723040633,-9.443634711634438,-8.469123912216563,-1.8616658088919578
1961723040650,-9.315532659751174,-8.993127486599704,-1.9689993441289904
1961723040666,-9.233988273193557,-9.921217392019743,-1.91201144534746
1961723040683,-9.606005079334171,-10.43866462267961,-1.231630315227166
1961723040700,-9.420745050619557,-10.216947915035007,-0.9749794379379648
1961723040716,-9.558493866140662,-10.346394564780539,-1.295487442537588
1961723040733,-9.382079208127365,-9.891932227154673,-1.1598420782367709
1961723040750,-9.353809751683071,-9.729363468433172,-1.381874890012792
1961723040766,-9.255668810324547,-9.550367645200323,-1.5240561427086594
1961723040783,-9.334290142386243,-9.42697650958542,-1.758279325536841
1961723040800,-9.467718836344126,-9.279584009835125,-1.9975453146363265
1961723040816,-9.626376988077787,-8.80133879090705,-2.153508692787681
1961723040833,-9.65224362672249,-8.547528464616509,-2.4711195976398157
1961723040850,-9.832885236544303,-8.758668775007134,-2.0287247402714517
1961723040866,-10.254452569085458,-8.757505571865716,-2.1631554402999273
1961723040883,-10.33480219879749,-8.454994380839373,-2.3035578290800958
1961723040900,-10.16289097270895,-7.773108749213517,-2.170203066100809
1961723040916,-10.363665260837696,-8.193937919059028,-2.3726849466993993
1961723040933,-10.345470194368293,-8.095560503701323,-2.4393397544505895
1961723040950,-10.187641507398851,-7.7568964133680804,-2.387702181925826
1961723040966,-10.073737390882004,-7.868003803820651,-2.240132979862169
1961723040983,-10.210145655364016,-7.721434177504014,-2.313576471210671
1961723041000,-9.88358965503883,-7.998689787855749,-2.2066392696608643
1961723041016,-9.871056847587944,-7.278281477706329,-2.387489818525736
1961723041033,-9.449471263384705,-7.146513320963074,-2.1933320617336616
1961723041050,-9.26298010843918,-6.8611856304173,-2.1509234088176825
1961723041066,-8.952907762848305,-6.960724257312036,-2.121741547085013
1961723041083,-8.761319099688421,-6.899670974181026,-1.7904294001091638
1961723041100,-8.883957156504623,-6.9489347154961765,-1.9261864927864574
1961723041116,-8.91356186216612,-6.73177491066421,-1.8827940948625934
1961723041133,-9.025929532660307,-7.094350097731081,-1.076318887564881
1961723041150,-9.283320222963454,-7.007452045760299,-0.7522527329961957
1961723041166,-9.12378486962552,-6.633955842436802,-0.9082691728562988
1961723041183,-9.058307432339909,-5.886586997678606,-1.033847248499596
1961723041200,-9.036440407486422,-6.2153019606139,-0.7395195828282799
1961723041216,-8.870091990143678,-5.536401737781905,-0.6593954649122068
1961723041233,-8.818605739883179,-5.857872276816112,-0.4457822197345841
1961723041250,-8.635022096312408,-6.3182938965649456,-0.5574496282766114
1961723041266,-8.651186294498405,-5.963133193093444,-1.0280493332874863
1961723041283,-8.814174240323307,-5.936606854831227,-1.3753484369116005
1961723041300,-8.856139731255329,-6.246814635263724,-1.5362238258310106
1961723041316,-8.776882275270536,-6.5152650643480765,-1.29490317156078
1961723041333,-8.581740529117084,-5.898350415587955,-1.3962788974385558
1961723041350,-8.943742009392572,-5.675350097400448,-1.4454336027763577
1961723041366,-9.220066174053802,-5.899682575422944,-1.1858659034376062
1961723041383,-9.170812817359836,-6.150196944571169,-0.5621467576838456
1961723041400,-9.082538671090129,-6.093230764285195,-0.851774247673484
1961723041416,-9.01149300584677,-5.531780917879697,-0.8707346731880645
1961723041433,-9.011947165952082,-5.519912748784252,-0.7289933663399728
1961723041450,-8.954274824365903,-5.627384480637791,-0.4217943380764705
1961723041466,-9.076000682392182,-5.491442562587275,-0.6797445624983507
1961723041483,-9.114138631835669,-5.478339574784954,-0.19500546626230086
1961723041500,-8.865120502615774,-5.400298173361476,-0.3833142263253577
1961723041516,-8.763541948015678,-5.651812920735414,-0.14384493568296253
1961723041533,-8.941097710766575,-5.343258021141645,0.00503514775262226
1961723041550,-8.944537457345708,-4.902717432653665,0.11285697074486922
1961723041566,-8.84729820154364,-5.809586694404491,0.45015877822531825
1961723041583,-8.91045900741198,-5.742464337267082,0.9112456141028569
1961723041600,-8.923366416896066,-5.704007356090787,1.140074257117696
1961723041616,-8.994046982739748,-5.846180536109956,0.9209909991990151
1961723041633,-8.885216286688971,-5.431465083608919,0.03483450731367954
1961723041650,-8.723198184423305,-5.39811910659393,0.3070056713233047
1961723041666,-8.751847056047655,-5.787130728915467,0.6609998660591132
1961723041683,-8.791984688821596,-5.888328571445623,0.20228682938563614
1961723041700,-8.919185589284135,-5.837082987907111,0.23327443613071042
1961723041716,-8.727144338815295,-5.1047121993355145,0.2750905472089986
1961723041733,-8.59151396480537,-5.165811415766111,0.6060937673087337
1961723041750,-8.685842351568528,-5.411619626714322,0.8365444135834794
1961723041766,-8.532043306060867,-6.0373815910137845,1.3508984875337988
1961723041783,-8.689276149354917,-6.184798589145794,1.6106974464642596
1961723041800,-8.650770721575949,-6.816219525044362,1.2813236144905298
1961723041816,-8.678783270471158,-6.5497092929223175,1.2758585025928977
1961723041833,-8.618750358217987,-7.239610846883323,1.1153903887694236
1961723041850,-8.689923350877937,-7.400264529128621,1.26603903649324
1961723041866,-8.863874635483855,-7.861346564754481,1.598639068528161
1961723041883,-9.013302878930318,-8.2714233158034,1.296290767274601
1961723041900,-8.920450250978643,-8.001669007208575,1.5577991308365882
1961723041916,-8.636203691823395,-8.163819889402106,1.3007148602433636
1961723041933,-8.492969407074558,-8.584721880589333,1.5176942904940292
1961723041950,-8.37762697132808,-8.365374086090444,1.8160337686509294
1961723041966,-8.277314036890234,-8.09431624312678,1.4966251925261773
1961723041983,-8.216788754807183,-7.6167061278241,1.7176715206308584
1961723042000,-8.3031959815631,-7.386004467786911,1.9494877561457284
1961723042016,-8.13567466150209,-7.671238967335733,2.2930102683378655
1961723042033,-8.034598226023572,-7.861029712073005,2.2682265564274227
1961723042050,-8.068428857094485,-8.236742407242149,2.0948066354993076
1961723042066,-7.965419141176309,-7.991772579352547,2.0995073098379535
1961723042083,-8.133393139168152,-7.521116032707671,2.025897031317463
1961723042100,-8.054454250897798,-7.72695287607813,1.800184782051762
1961723042116,-8.05664297611382,-7.756424824834158,1.5819021332566876
1961723042133,-8.167775865010045,-7.950656741812553,1.305994140687971
1961723042150,-8.229148448788779,-7.610099931708796,1.3906885326522052
1961723042166,-8.316767187072644,-7.98215901443404,1.5175144740377682
1961723042183,-8.409357281261014,-7.781159097268257,1.5475875847330205
1961723042200,-8.349788178046467,-7.866713318850004,1.5344845351963932
1961723042216,-8.353245596765607,-7.78457095243013,1.4713574144066783
1961723042233,-8.685079481312457,-7.659196635082052,1.652133683984727
1961723042250,-8.71924051318708,-7.639501388093643,1.733534725882621
1961723042266,-8.50459880111822,-7.363529174224153,2.169063897836539
1961723042283,-8.644808298405053,-6.971766048778839,2.436092009588588
1961723042300,-8.311656056755066,-6.885729363704148,2.217447758041277
1961723042316,-8.401515922424954,-6.552610545499587,2.215410670364472
1961723042333,-8.20646111166049,-6.601612964310045,2.270123259580747
1961723042350,-8.147000084320785,-6.424529847186693,2.1417623299470057
1961723042366,-8.306052447314556,-6.460677256690708,2.0186150983586986
1961723042383,-8.156432212213476,-6.6367313335216815,2.0326290451649456
1961723042400,-7.9148232461459935,-6.2972467503874645,2.1031113694861965
1961723042416,-7.693723229733558,-5.905378345536652,1.7806734203605792
1961723042433,-7.708171071408977,-6.007422977237019,1.3539049393708675
1961723042450,-7.466983374428313,-5.760259452100973,1.0780887795917502
1961723042466,-7.500235746756702,-5.63823156876911,1.3410487143558452
1961723042483,-7.262346226745232,-5.701643370134293,1.1360324487150841
1961723042500,-7.195208149203587,-5.655039266616581,1.1065306992590866
1961723042516,-7.431903828175036,-6.396672494514478,0.7180418828834652
1961723042533,-7.446720276054518,-6.376818816374325,0.5007497766877587
1961723042550,-7.4178229626891685,-6.588541561773421,0.531990540752145
1961723042566,-7.4488025039691275,-7.200077223490016,0.3949066923927056
1961723042583,-7.465859396367804,-7.600655533125029,0.46701655411748444
1961723042600,-7.652347556489777,-7.577546874315358,0.46052279998510226
1961723042616,-7.427418749684884,-7.738788217753349,0.7514897719401892
1961723042633,-7.5421396533542495,-8.319627226046396,1.1496010976070437
1961723042650,-7.360240120798237,-8.3554275807853,0.7985742426910021
1961723042666,-7.341887148852627,-8.257531057695374,0.6006321532048076
1961723042683,-7.454282943847941,-8.121309999777163,0.6280106056007662
1961723042700,-7.407740425218228,-7.795740588817987,0.510965313204222
1961723042716,-7.347693350777983,-8.017286660543583,0.9007424649331195
1961723042733,-7.370678077766195,-8.148544117222045,0.8371317945157446
1961723042750,-7.387030683278397,-8.288566115444741,0.6800241296445797
1961723042766,-7.406582356644429,-7.903408687879638,0.8394401951808113
1961723042783,-7.703275826033343,-7.393574810533509,1.1946156343065926
1961723042800,-7.610143804307585,-7.346608792858721,1.0220670383595378
1961723042816,-7.751096625586291,-6.560336812947004,0.9013763975697662
1961723042833,-7.71069376615273,-6.334193102099412,1.290118163739843
1961723042850,-7.8743382568377225,-5.68177523145416,1.6292116124608687
1961723042866,-7.927035832673671,-5.251582498694233,1.8896694748080949
1961723042883,-8.041793224032773,-4.956166916775475,1.4622429463073556
1961723042900,-8.188663331706305,-5.1261997455845645,1.398406168211339
1961723042916,-7.98646222498215,-5.12800076024064,1.1845104173697314
1961723042933,-7.925712588006043,-4.4621355069161295,1.459588759168154
1961723042950,-7.731999083132926,-4.562323448534767,1.3260909873088964
1961723042966,-7.72052489173709,-4.776169159027413,0.9017872933664381
1961723042983,-7.738656165884518,-4.93302055395067,1.336686663034232
1961723043000,-7.697676135698032,-5.368807448580254,1.0373292040151931
1961723043016,-7.729811995064805,-5.757912526300123,0.5404886064628274
1961723043033,-7.865292168980998,-5.712349607749027,0.30382046249073746
1961723043050,-7.920229553134724,-5.930053410651676,0.34260884572064043
1961723043066,-7.940973030068953,-6.53885322087005,0.6760140244941266
1961723043083,-8.092685894197038,-6.764492574099237,0.5838285764347464
1961723043100,-8.001882920896636,-5.844577183431545,0.5330395848225176
1961723043116,-8.042804332253306,-5.717901922656668,0.39915913047258544
1961723043133,-8.017104563555712,-5.627098702963773,0.5505935141416136
1961723043150,-7.761896329224424,-4.76945581785016,0.9164455481684162
1961723043166,-7.565218350149804,-4.836576564692987,0.4179423691032593
1961723043183,-7.558917051913838,-5.147698844687507,0.45632330923966036
1961723043200,-7.450464403484534,-5.171001474402859,0.6153722123648169
1961723043216,-7.3477034392025935,-4.994743937177212,0.49032737895610556
1961723043233,-7.710739841180056,-5.262753325449797,0.3639121965014167
1961723043250,-7.345151626482716,-5.3514802591313835,-0.050950585964171236
1961723043266,-7.237550198506414,-5.648893140253881,-0.1951694260748874
1961723043283,-7.061022348557399,-5.290065486568997,-0.22876552866258415
1961723043300,-6.91909998002242,-5.301740833351903,-0.27584740405239694
1961723043316,-6.882629251734642,-5.272706865696657,-0.4519900806824504
1961723043333,-6.782897397006508,-4.820101398922871,-0.2641628991495307
1961723043350,-6.537904355527477,-5.105356606390147,-0.2025249641633997
1961723043366,-6.721408796589909,-5.359590290990298,-0.3754900547853285
1961723043383,-6.891861948114811,-6.27807545484765,-0.0518608722869669
1961723043400,-6.788872948126826,-6.109009829784908,0.005272626505625766
1961723043416,-6.814203774058804,-6.569669779126821,-0.29840019897466974
1961723043433,-6.820513509246406,-6.504108903178786,0.07878781649240008
1961723043450,-7.09618362278757,-6.457723482597794,-0.7079013319501796
1961723043466,-7.137456528450079,-6.867473546707157,-0.4489972891770092
1961723043483,-7.315927564559794,-7.252986667170085,-0.4451098335494835
1961723043500,-7.145579073563275,-7.684574650135552,-0.3335828253655537
1961723043516,-7.076300533122081,-7.317187664470915,-0.36164863777219014
1961723043533,-7.043594726861787,-8.123548717433078,-0.07300273746294228
1961723043550,-7.145925486273163,-8.317332722002488,-0.23490232212292983
1961723043566,-7.128359620556473,-8.31085775532954,-0.25489318249351045
1961723043583,-7.265233974931043,-9.093562456339903,0.1670772023363445
1961723043600,-7.658954338093954,-9.533368230754412,0.05786134743065774
1961723043616,-7.585068854542101,-9.772637790286604,0.12757877586002087
1961723043633,-7.636687234653489,-10.292168553786205,0.03017551687558373
1961723043650,-7.475772053341581,-10.962947292362585,-0.132166874388719
1961723043666,-7.338225538084354,-11.035181490915583,-0.2993143673966481
1961723043683,-6.989574556690451,-10.489873268615238,0.13589049602875125
1961723043700,-6.943514555809545,-10.765585952875782,0.4665852322852062
1961723043716,-7.067261430241224,-10.273613824372715,0.47844342475904655
1961723043733,-7.01265897917215,-10.563822925082528,0.027132415973751378
1961723043750,-6.932290132524181,-10.478794845037495,0.10344685585878222
1961723043766,-6.71828147748005,-9.987001833316937,-0.1600837626101166
1961723043783,-6.671095102561428,-9.830912183146406,-0.289735255630974
1961723043800,-6.801084149216349,-10.10675121627046,-0.3417141730053528
1961723043816,-6.7650998756340455,-10.007007651096872,-0.7372623690697329
1961723043833,-6.725508772104773,-10.151750115173767,-1.057383842377103
1961723043850,-6.610586091946811,-10.492554751892893,-1.0204676824111396
1961723043866,-6.568708251708877,-10.6690313876787,-1.2554510189165904
1961723043883,-6.57688160953139,-10.100815132646094,-1.1602127393932882
1961723043900,-6.5736991710198875,-10.362780145120063,-1.2507636727734475
1961723043916,-6.702306176093974,-10.004873404039794,-1.1067866682344076
1961723043933,-6.893293641573565,-10.261097636751721,-1.2167383915883627
1961723043950,-6.922400597849914,-10.112743883818467,-0.8572930132838875
1961723043966,-7.133150268654887,-9.826153403216095,-1.0223142047297293
1961723043983,-7.12079023022507,-10.210697278098056,-1.4882225817863346
1961723044000,-7.359465099701801,-10.598440169051955,-1.6817772163126397
1961723044016,-7.228413175024449,-11.085962837626589,-1.773655452951429
1961723044033,-7.162242253637585,-10.981379863367355,-1.4723068307700038
1961723044050,-7.235082885827479,-11.41913436692894,-1.5392829012777103
1961723044066,-6.986523228395386,-11.713333922962109,-2.28737870220031
1961723044083,-6.997698042777831,-11.418419850059333,-2.4851341440790833
1961723044100,-6.967369455535922,-10.97022826067004,-2.6154773448444018
1961723044116,-7.0594553341934025,-10.661709949730152,-2.5330312174104357
1961723044133,-7.154664946541569,-10.29271280077408,-2.8049029145049964
1961723044150,-7.124301768462385,-10.26403118064206,-3.017691314691403
1961723044166,-7.073281424972734,-10.732591936524106,-3.590710284921286
1961723044183,-7.142987454718542,-10.91832373178151,-3.704693165357301
1961723044200,-7.383820019471276,-10.930644149306016,-3.9685123161867475
1961723044216,-7.294648629496484,-10.532158999789292,-3.600340701595724
1961723044233,-7.14280237421822,-10.354677265099326,-3.809273137510562
1961723044250,-6.745068911109749,-10.232129858886466,-3.663056702690951
1961723044266,-6.875584738748421,-9.554272984632963,-3.9876427707196047
1961723044283,-6.922641510746278,-9.659534704093751,-3.606609245178624
1961723044300,-6.763853370408637,-10.255421603255318,-3.498505907478105
1961723044316,-6.494520611530689,-9.769978379828789,-3.5036339593105588
1961723044333,-6.386726340982182,-8.887107473631279,-3.4597424941748036
1961723044350,-6.36634130814276,-9.42217768292938,-2.9120378976506327
1961723044366,-6.2119946391057725,-9.395321619690257,-2.7293827092881866
1961723044383,-6.004705817657339,-9.477639193750935,-2.729276891570695
1961723044400,-5.950590484819973,-9.24514522695568,-2.7350789236500654
1961723044416,-6.0362610410624855,-8.837256685230273,-3.1025449237659872
1961723044433,-6.094708949348123,-9.085368423528795,-3.4916364919478253
1961723044450,-6.205588451507203,-9.005081326160562,-3.4593363745178713
1961723044466,-6.344960155282791,-9.468351353118894,-3.5479074317748607
1961723044483,-6.29912171624064,-9.500860683001932,-3.5885751582797587
1961723044500,-6.267051464774473,-9.463002842376827,-3.407184462295837
1961723044516,-6.206987131493484,-9.233021843876905,-4.125060435549042
1961723044533,-6.108433630529603,-9.381972089194376,-4.242472600086275
1961723044550,-6.067317622887428,-9.751488139848531,-4.333687160519656
1961723044566,-6.044239313649272,-9.820761603604833,-4.061800759184811
1961723044583,-6.013817669915377,-9.558382595997752,-3.829496405002243
1961723044600,-6.308427779479192,-8.784609564956046,-3.890591353687891
1961723044616,-6.3367937418688065,-9.22956437920266,-4.164422099442747
1961723044633,-6.409871683406848,-9.332073841727931,-4.212310324511023
1961723044650,-6.520052455553333,-10.252276861880752,-3.991012431782292
1961723044666,-6.478071816471923,-11.216087952587543,-3.8686032383507847
1961723044683,-6.275022950954846,-10.845773680532542,-3.508548226459431
1961723044700,-6.357168757920699,-11.01827101278343,-3.593843391580781
1961723044716,-6.318116215972386,-11.258237257442563,-3.657338181330375
1961723044733,-6.309134628548426,-11.83202730012183,-3.260196635965512
1961723044750,-6.349144486057725,-11.045724410009733,-3.0596539658493755
1961723044766,-6.217511316113614,-11.57422440714798,-3.1454269394826597
1961723044783,-5.992844328943215,-11.347593037740829,-3.0668014942017723
1961723044800,-5.935641643877411,-11.287892865247361,-3.144791792931815
1961723044816,-5.959596340499743,-11.271545320533296,-3.0086494958865986
1961723044833,-5.911642596598649,-10.643910499217405,-3.377291661502377
1961723044850,-6.232774389414611,-10.40827629427844,-3.4461419982941273
1961723044866,-6.216893007888162,-10.616288043581463,-3.5516849652236733
1961723044883,-5.8729849531787774,-9.74612120044068,-3.1477356453441128
1961723044900,-5.784509110444146,-9.602335610769433,-2.527987349944178
1961723044916,-5.727778846557647,-10.195980224725915,-2.5272969006196284
1961723044933,-6.009967017788229,-10.909354492968088,-2.5407555800334682
1961723044950,-5.971740372807607,-10.298201136863467,-1.9879119003143177
1961723044966,-6.04495193858439,-10.367338081147595,-2.0959028468972782
1961723044983,-6.096844023143415,-9.77737951029319,-2.04287150738217
1961723045000,-6.033434069881789,-9.491146288129698,-2.1850090255110484
1961723045016,-6.170098943082073,-9.674973940708675,-1.972672292655259
1961723045033,-5.9409963308821245,-9.628674599644444,-1.8489281714392876
1961723045050,-5.763282427789914,-8.75405403498859,-1.8413247742629184
1961723045066,-5.858857671731535,-8.255030828983697,-2.2650072649271626
1961723045083,-6.045964284404957,-8.120724462527818,-2.3821810853782397
1961723045100,-6.177936681270059,-7.488091248870459,-1.9892743212213597
1961723045116,-5.9556047579163005,-7.512474706244687,-2.149199522942151
1961723045133,-6.002096470189721,-7.838914689368933,-2.1189921902126145
1961723045150,-6.009880844255373,-7.942690388347211,-1.7150417260809907
1961723045166,-6.112270819166177,-8.132295647254992,-1.8249869154865332
1961723045183,-6.149116579611118,-7.853146630271244,-2.178312689314896
1961723045200,-6.36629641391719,-7.767346752171796,-1.6271313048528269
1961723045216,-6.078645810124608,-8.064483724166266,-1.69385501299262
1961723045233,-5.7996815103782335,-7.9770786051897495,-1.7859062743860328
1961723045250,-5.867149442745037,-8.239137952855806,-2.234064389396298
1961723045266,-5.641176301578538,-7.796493285167935,-1.7984376411107867
1961723045283,-5.305774222016293,-8.078927814366871,-1.168066895228324
1961723045300,-5.391664418066037,-7.483064422937822,-1.0826963233021536
1961723045316,-5.418708393211879,-8.158569726030677,-1.5177060349831744
1961723045333,-5.565977963563583,-8.1379186627221,-1.2909627928490386
1961723045350,-5.730234615137273,-8.458598140042088,-1.3171267866311442
1961723045366,-5.556795001437586,-9.052949731595541,-1.0165520270453843
1961723045383,-5.208266040177646,-9.684286983405514,-1.355654755447752
1961723045400,-4.930765880923987,-9.769019096766197,-1.1483898431948143
1961723045416,-4.688026379167202,-9.757930444822575,-1.1075933571080554
1961723045433,-4.678838615571663,-9.597628371186506,-1.1156917782155746
1961723045450,-4.649219090423868,-9.981948406734581,-1.0743302583493426
1961723045466,-5.020319054617682,-9.794183008086517,-1.130540999197054
1961723045483,-4.9928195253722265,-9.092045420017639,-0.5002825622933821
1961723045500,-5.286095379889122,-8.971691614683909,-0.6787538860738426
1961723045516,-4.978359179883635,-9.051556140866813,-0.3261840547671879
1961723045533,-5.332320222448769,-9.619488178141756,-0.5775556336489035
1961723045550,-5.561884892507076,-9.774893955562064,-0.5894771690005317
1961723045566,-5.777710396316958,-9.9757984485361,-0.6023075991300345
1961723045583,-5.7947716674341745,-9.487966961119199,-0.20619881723323863
1961723045600,-5.763040279325412,-10.084634069416524,-0.06790982835931603
1961723045616,-6.076077889070428,-10.02473974415824,-0.10612264221412637
1961723045633,-6.079855174839237,-9.68810848555317,-0.079530885028396
1961723045650,-6.102757002839137,-10.0144061827116,0.17386902982654817
1961723045666,-6.03944926065748,-9.730161851563972,-0.2765135983596041
1961723045683,-6.010540479853688,-9.124392961709319,-0.5922405080424924
1961723045700,-5.87170160260852,-8.730390100260866,-1.1547791525954545
1961723045716,-5.852205913470449,-8.632545750678233,-0.9865522391485968
1961723045733,-6.0883399401514255,-8.123742445981378,-1.3033446913994278
1961723045750,-6.1549304601647545,-8.182716988926437,-1.611605461540256
1961723045766,-5.971492426997408,-8.456308943223048,-1.5627269239355472
1961723045783,-5.6535295003920165,-8.807890888658065,-1.4899431601189783
1961723045800,-5.49949070611134,-8.744592223504176,-1.1445711245238983
1961723045816,-5.425181841612609,-8.259459461825987,-0.9937111206595555
1961723045833,-5.283251497872311,-7.403830810937813,-1.113084386173807
1961723045850,-5.4654662488035,-7.402100952778071,-0.7654254765884025
1961723045866,-5.345049161919633,-8.006073109677692,-1.2537827702941007
1961723045883,-5.2759201798302735,-7.55344071439215,-1.0845872638983425
1961723045900,-5.115847890798409,-7.382067502761919,-0.8825445553946305
1961723045916,-5.2779722844254975,-6.465113994749237,-1.438701393171523
1961723045933,-5.436664071753696,-5.868001795025031,-1.5890758108275247
1961723045950,-5.401541541636264,-5.711831478763212,-1.7282627138991349
1961723045966,-5.262296204785155,-6.010222035508773,-2.526027576624032
1961723045983,-5.276600139613374,-5.623936143647078,-2.3080919768870007
1961723046000,-5.521040613783597,-6.163410064773718,-1.884555897710046
1961723046016,-5.7020797003890795,-6.421878901495067,-1.842656185414169
1961723046033,-5.727978328897486,-6.254730613481026,-1.7993176193873524
1961723046050,-5.658688777686625,-6.503405510241425,-1.8970676876470955
1961723046066,-5.81307436273361,-6.1489474308903995,-1.7571712382356575
1961723046083,-5.923796930247471,-6.1835840593780205,-2.036572492585237
1961723046100,-6.051351662846754,-5.875496602008164,-1.7580890017703055
1961723046116,-6.5074964904699035,-6.55028923641684,-1.4928770018492048
1961723046133,-6.813673375655531,-6.979057088718967,-1.346446605408361
1961723046150,-6.608965844115547,-6.899705040446426,-1.4932315262244642
1961723046166,-6.423374233603358,-7.003455377778247,-2.171077583691674
1961723046183,-6.385875982648935,-6.885164965046262,-2.4664611864950707
1961723046200,-6.0451563792050935,-7.0356588278217345,-2.6315839566257555
1961723046216,-5.900578094512999,-7.398363263649252,-2.4631826315725096
1961723046233,-5.879152491648296,-7.521517916220558,-2.302530875189849
1961723046250,-5.9963746246437415,-7.755611671196339,-2.5094713192579214
1961723046266,-6.054748402774229,-8.292283309644024,-2.644440855998705
1961723046283,-6.021809515510728,-7.983114948389105,-2.5000606528267393
1961723046300,-5.798421398313751,-7.885430674778838,-2.372092326588488
1961723046316,-5.7699276500911765,-8.265082491556067,-2.105926802662842
1961723046333,-5.903641202662834,-7.653146006306741,-1.816832787945084
1961723046350,-5.783977304271479,-7.879347170266076,-1.944825554355326
1961723046366,-5.659096497790363,-7.91149476593,-1.6154141961997686
1961723046383,-5.710991201176739,-7.827473663986352,-1.5198154713493084
1961723046400,-5.484909478711942,-8.142132481275832,-1.5732280071413962
1961723046416,-5.509508285294569,-8.202000328133261,-1.4703703409987368
1961723046433,-5.741996154399945,-8.126336537194772,-1.780870363561468
1961723046450,-5.557666768757283,-7.8969465726349455,-1.8738172835214781
1961723046466,-5.386076049094132,-7.8177586603774785,-1.87707645308946
1961723046483,-5.81036503636808,-7.885304488447031,-1.9592247150538857
1961723046500,-5.4727009686907895,-7.789388143941648,-1.9414942711303573
1961723046516,-5.153142575362659,-7.346611514506366,-1.8000048170429657
1961723046533,-5.451424229472989,-7.437633249583048,-1.5870815544647894
1961723046550,-5.488459745109218,-7.5526929263217255,-1.1174076406682147
1961723046566,-5.37638002088409,-7.0340627863396525,-1.7649108628656265
1961723046583,-5.31997156364639,-7.168476859553495,-2.094524177758739
1961723046600,-5.384027336383783,-7.245958987877029,-2.2372201057575887
1961723046616,-5.312891871138742,-6.88332503772028,-2.060602663327297
1961723046633,-5.3488258633887895,-6.92057929870508,-1.618162409015262
1961723046650,-5.128468886615677,-6.455330405455564,-1.2058344587949226
1961723046666,-5.242530154693436,-6.812506692998553,-1.222211936754773
1961723046683,-5.0702867896031645,-6.4665004361278,-1.0025744335404434
1961723046700,-4.721306166813173,-6.802854154988757,-0.5766504715604037
