timestamp,x,y,z
1957032500000,-0.6084188159408699,-4.161808907588985,-0.6612850156066561
1957032500016,-0.5668047621564147,-4.3435007180994605,-0.792779749132799
1957032500033,-0.6617403548694893,-3.5609569830667125,-0.7293851931610125
1957032500050,-0.2627170684620479,-3.0927177131611394,-0.6584406908206613
1957032500066,0.00793506571447189,-3.4041477276586285,-0.9364398859182225
1957032500083,-0.0070855279433770235,-3.120823865767883,-1.1207886833548866
1957032500100,-0.26188593152918926,-3.3076171480284917,-1.2429095530261458
1957032500116,0.08577137650323063,-2.6478271668588826,-1.4857842966139525
1957032500133,0.11388249863133648,-3.563688713929711,-1.3999813006167778
1957032500150,0.2457522251787898,-2.9890661752934036,-1.578450753709387
1957032500166,-0.5993422360238867,-2.458592592925575,-1.8203325598435365
1957032500183,-1.1143093849808619,-2.8547694770709007,-1.9583584777977825
1957032500200,-1.0557737175446444,-2.4383112798406987,-2.062682775420674
1957032500216,-0.7634466109023093,-2.628545724046812,-2.515363122269921
1957032500233,-0.374740536795362,-2.558999368963863,-2.3803356752689866
1957032500250,-1.1548816861475926,-2.324626354967201,-2.42308782443781
1957032500266,-1.5804823740989775,-2.3811591762307374,-2.5069422286046956
1957032500283,-1.7927989673631877,-3.043848780769552,-2.3170831617822945
1957032500300,-2.2469260425994886,-3.0783826661702234,-1.9316361283439327
1957032500316,-2.294005700444161,-2.9768332427641693,-1.8830533718697273
1957032500333,-2.0554218193776848,-2.215226618939215,-1.930197492869278
1957032500350,-1.9277614428609975,-2.5717094852926534,-1.4942926645835144
1957032500366,-1.9523615454885452,-2.9071895576325812,-1.5529587975302737
1957032500383,-1.6005881756453908,-3.0275344788750793,-1.6450944876019955
1957032500400,-1.8625591125872152,-2.7881986708422355,-1.4602284046178402
1957032500416,-2.2362707488081326,-3.421346408167353,-1.3294210905049866
1957032500433,-2.17187544433875,-3.706473627312245,-1.1235488589950982
1957032500450,-1.6673876240192884,-3.6363053703359625,-0.9491203674361877
1957032500466,-1.6820466921282602,-4.12454913858234,-0.9912972490512975
1957032500483,-1.2579971809362958,-4.149550892030273,-1.1588218067010598
1957032500500,-1.4282217404733162,-4.067909915391825,-1.0479875501358964
1957032500516,-1.7271486070440982,-4.096720559339461,-1.0848978819531603
1957032500533,-1.8831076424842004,-3.121866460846547,-1.1190299491584188
1957032500550,-2.186781045050933,-3.8729228251159316,-1.079188935344096
1957032500566,-2.540007505921812,-3.159679991086082,-0.857534190216039
1957032500583,-2.3951783812798957,-3.0684178363648886,-1.2555850622873657
1957032500600,-2.5179681516747676,-2.8612618970700012,-1.2515721536558488
1957032500616,-2.7743904657702085,-2.833199291521032,-1.5373126633761727
1957032500633,-3.377016651017104,-2.7558482222469656,-1.5384580543922115
1957032500650,-4.11399316748603,-2.708490387665915,-1.3596533316124426
1957032500666,-4.576602011785122,-2.991206771789695,-0.9744252741470575
1957032500683,-5.325216082176133,-2.5737878177251643,-1.173106984765412
1957032500700,-5.5499379561272,-2.9181146673199065,-1.121228661079538
1957032500716,-5.31280417348425,-2.778899124537747,-1.2983698439272735
1957032500733,-4.853117300990448,-2.8457908860122725,-0.9744977419403613
1957032500750,-4.807767827763165,-3.650047393816707,-0.9772584233746998
1957032500766,-5.09569721079545,-4.169664305217592,-1.1124317224397022
1957032500783,-5.32373904413572,-3.204390191289516,-1.398957874688349
1957032500800,-5.426809856298956,-3.149077606186194,-1.4910143114778824
1957032500816,-4.974410386944307,-2.780415967171501,-1.4029140770665491
1957032500833,-5.302173843801973,-3.1751599974098883,-1.528366168962728
1957032500850,-4.973704407626581,-2.6107426299177785,-1.504698815561465
1957032500866,-4.9764784531147335,-2.293235508979536,-1.3647778461093312
1957032500883,-5.293822118621086,-2.891592135529818,-1.455416259097591
1957032500900,-5.334891117687184,-2.9217412261048765,-1.4002801376320488
1957032500916,-5.432151770168401,-3.2513758088920324,-0.9392914286598292
1957032500933,-5.858860689001322,-3.350822271852701,-0.66592157477861
1957032500950,-5.7070787044185085,-2.910790312307748,-0.5417082581289967
1957032500966,-6.496658127023764,-2.775410888711187,-0.5699679880281672
1957032500983,-6.444865795150623,-3.117825767460673,-0.6211519063269316
1957032501000,-7.097060046188309,-3.0198806048322666,-0.7031850775763817
1957032501016,-7.91473859308722,-3.496241743950982,-0.39148137698723784
1957032501033,-7.829482485663158,-3.0077937496618286,-0.34241780498831065
1957032501050,-7.971063358751107,-2.4692896958604633,-0.640137218466473
1957032501066,-8.522910312217295,-3.2477093811966085,-0.8308489288152614
1957032501083,-8.632012601473079,-3.9824570238564188,-0.8465269082660084
1957032501100,-8.94403020865328,-3.404946824256462,-0.6543557800175644
1957032501116,-8.63746472437956,-2.8760062255937697,-0.7005667353883764
1957032501133,-8.512317480099213,-2.472933362260633,-0.6056923979942432
1957032501150,-8.65259456344628,-2.7685844916005786,-0.4883055346819417
1957032501166,-9.575624656127408,-3.3325398902343886,-0.3899469965377923
1957032501183,-9.740827110213262,-3.65906224002972,-0.162422012329269
1957032501200,-9.334057920032286,-4.243338797092504,-0.13799525007187707
1957032501216,-9.291611654367593,-4.34485743085005,-0.5029978448922543
1957032501233,-9.083712888237097,-3.803520258469657,-0.38456617473772625
1957032501250,-8.954945231540098,-4.034020626187623,-0.1547114408862248
1957032501266,-8.748575925099107,-3.6891686442937073,-0.10731903100626661
1957032501283,-9.4311418503233,-3.8772386603123623,-0.10446383440172669
1957032501300,-9.516984629129396,-3.416370783838414,-0.013698819899548687
1957032501316,-9.315845214139138,-3.6840024613633067,0.30480789808342457
1957032501333,-9.121003134994321,-3.936989481079423,0.1978523096109035
1957032501350,-9.210670523769625,-4.177637055554825,0.33956586739531147
1957032501366,-10.012966905393846,-4.020552081962826,0.3613309258108972
1957032501383,-10.152673563766692,-4.393917088826993,0.5246004992745543
1957032501400,-10.425874196532687,-4.753359355186511,0.6239001395905324
1957032501416,-10.775034222965559,-4.420242292307588,0.8327522322849852
1957032501433,-10.95344537338704,-4.578375730649295,0.6655442444122612
1957032501450,-10.378773873741125,-4.145181235435974,0.5823963503390519
1957032501466,-9.643947899077533,-3.7223055653994854,0.3244734867028918
1957032501483,-9.330215164523473,-3.698768712610242,0.5763027449039773
1957032501500,-9.05554722611105,-3.810133633578733,0.6494640752408589
1957032501516,-8.898510812379257,-3.1927300282510456,0.9563869828685867
1957032501533,-9.266508649337924,-3.268652317528112,1.0950186912990567
1957032501550,-8.621004630286588,-3.0711634220465998,1.1789398110370866
1957032501566,-9.017325503866205,-3.6162697578429555,0.7788130555082631
1957032501583,-8.98680393144875,-3.630458320430167,1.1005921870998026
1957032501600,-9.50890475800458,-3.2390062421775463,1.5096024870978315
1957032501616,-9.829600810601136,-3.6405223850906525,1.425642613614754
1957032501633,-10.3468570390129,-3.4212453072348787,1.4443198600352747
1957032501650,-10.397389635913312,-3.7011585658107258,1.5190103956148593
1957032501666,-10.650562214300363,-4.614804409855666,1.695972784697104
1957032501683,-9.98601320176416,-4.643585773217694,1.5024676436330888
1957032501700,-10.207042009858931,-4.996075238163273,1.2646579405621363
1957032501716,-9.883334650855609,-4.945650439236781,1.1113827205551883
1957032501733,-10.215940784835487,-4.524876789202001,1.2013358600919477
1957032501750,-9.832458692629853,-3.4805673644748096,1.1838336007255075
1957032501766,-9.195062323064356,-3.584976128964879,0.8097366224054967
1957032501783,-9.50619438748048,-2.58816058163948,0.6886409335218975
1957032501800,-9.312668676080058,-2.076178408470887,0.71044892338743
1957032501816,-9.612699206537291,-2.648219208301752,0.1695178784906921
1957032501833,-9.342078352572559,-2.6363525424219603,0.15747672565182236
1957032501850,-8.79277472975995,-2.5528543076946897,0.07622406832345696
1957032501866,-8.39117745083734,-2.9343020983489834,-0.27399266442153325
1957032501883,-8.718814492482071,-2.425528424736979,-0.5270608455311782
1957032501900,-8.987548416179381,-1.2369087151270959,-0.42881134650718233
1957032501916,-9.113134609012622,-1.6649068001910807,-0.7452656745990023
1957032501933,-8.97669325367229,-2.3582444244153034,-0.6900296771053747
1957032501950,-8.808814569899736,-1.8288505635022796,-0.7875977149256026
1957032501966,-8.447878817952919,-2.283087001664639,-1.0789580404835746
1957032501983,-8.665126084386916,-2.722546979111186,-0.8936060280431465
1957032502000,-8.552564341077417,-2.0731756223024624,-1.3571982672554541
1957032502016,-8.98109847072925,-2.645884735634101,-1.2771826063166392
1957032502033,-9.210326063333234,-2.4029789442149183,-1.4649891274352427
1957032502050,-8.824598406971695,-3.294044535133668,-1.0891759389063689
1957032502066,-9.112001579320975,-2.799370688563239,-1.1002076152502565
1957032502083,-9.204328428705386,-2.9547054581168357,-1.126830014065699
1957032502100,-9.444166117791024,-2.8729885978754894,-1.4167891003213597
1957032502116,-9.982298285156563,-3.060143900343886,-1.6414611025431478
1957032502133,-9.916634904696139,-3.4966502464778713,-1.2664384321613364
1957032502150,-9.340732561338402,-4.335763547091295,-1.2065908382285262
1957032502166,-9.249010532372967,-3.4336650957777497,-1.0708316041941643
1957032502183,-9.267220814357369,-3.38911991080742,-1.007554053502919
1957032502200,-9.567073018187987,-3.3888423984780918,-0.8697519932102827
1957032502216,-9.990753943560788,-3.217252102804635,-0.7305806896328432
1957032502233,-9.942367369065277,-3.272264608854666,-0.7838881411241806
1957032502250,-9.85251091792156,-2.3212559208399663,-0.6527685634905982
1957032502266,-9.707793956219794,-2.564132111225955,-0.41728189372143165
1957032502283,-10.25651804703135,-1.7059208262549772,-0.2841892478603154
1957032502300,-10.065458810921708,-2.411250888205073,-0.28828224379670875
1957032502316,-10.11066436815048,-2.422453382586269,-0.4568777795962774
1957032502333,-10.706362921089836,-2.3324184625868125,-0.46475119278955834
1957032502350,-10.738788713552708,-3.423492992605581,-0.48214605663893295
1957032502366,-10.810912075681347,-3.0912016407689396,-0.7647406193392545
1957032502383,-11.20475048807458,-3.6638512938402186,-0.47834094111967407
1957032502400,-10.788495151872443,-3.513321307067841,-0.3751152336685506
1957032502416,-10.255406964006045,-3.620004388145824,-0.3622372088018495
1957032502433,-9.917878737364413,-3.596110827071834,-0.48607081264376806
1957032502450,-10.436714267303806,-3.7001824877821656,-0.3907417284888711
1957032502466,-10.372846628360271,-4.258507652479049,-0.6298221045195835
1957032502483,-10.507595292701335,-4.527710372947083,-0.3684391027900089
1957032502500,-10.80355958518779,-4.173458411287445,-0.43972761897886414
1957032502516,-10.005024603419809,-4.248421183365819,-0.3140939629279247
1957032502533,-10.243453116847348,-4.054396255269866,-0.40486616833707756
1957032502550,-9.867798577851103,-3.7463873799787395,-0.24055088113268108
1957032502566,-10.040938108445843,-2.820145504930612,-0.13378203292731472
1957032502583,-9.838286311930517,-3.0335413329533365,-0.2620169972488189
1957032502600,-9.615529616442926,-3.0604106195312766,-0.17342698766779852
1957032502616,-10.123506773241903,-3.163622204411006,0.10521887446283329
1957032502633,-9.368427680187967,-2.3972247762837866,-0.12419658694428404
1957032502650,-9.368473064830862,-3.2894769638478176,-0.35286411847239485
1957032502666,-8.963644119522648,-2.6564891417570253,-0.41377502744170047
1957032502683,-8.964303179663759,-2.908826582580108,-0.581739477458152
1957032502700,-9.230476105084952,-2.75765483861494,-0.6826070478667517
1957032502716,-8.779845059204975,-3.385842964506439,-0.6229058188312604
1957032502733,-8.481693473454829,-3.0633436005562804,-0.40589838212964124
1957032502750,-8.651948428542035,-3.5527801547926665,-0.6265917869394977
1957032502766,-9.13397849238718,-3.578597751557317,-0.45275803130123016
1957032502783,-8.558230108299757,-2.7365883602507437,0.1471757362868109
1957032502800,-9.039525072725832,-3.784372019979516,0.12653639943774508
1957032502816,-9.51372937731043,-3.573099538728089,0.35404514552526334
1957032502833,-9.955821620392697,-4.546651281770193,0.2799827117531817
1957032502850,-9.28173677658512,-4.501621065390846,0.34889166339302524
1957032502866,-9.637095676938799,-4.32991771705265,0.30972453755297624
1957032502883,-9.735128628942329,-3.8173123842270686,0.13601399402125658
1957032502900,-9.331077542887947,-3.5674454244325693,0.3947380070517863
1957032502916,-9.640611641108194,-3.043563431288156,0.3144279054208494
1957032502933,-9.892365647313621,-2.674847196501436,0.37832439666562134
1957032502950,-10.064528597812213,-3.588551458107774,0.16688759502614348
1957032502966,-10.57633998200219,-3.169657419634152,0.18122184342476055
1957032502983,-10.35450305582691,-3.7897508772965174,0.10377303071872945
1957032503000,-10.36775266926162,-4.226779927101983,0.17535081174466138
1957032503016,-10.568541294909153,-4.638415888684398,0.606100200205977
1957032503033,-10.610694682337591,-4.620099561830732,0.5722382745528514
1957032503050,-10.599465198327536,-4.94500707339123,0.5107290960954007
1957032503066,-11.170226133358572,-4.329058172606331,0.3183766138301436
1957032503083,-10.74388693013892,-4.807055904044992,0.43619135975918
1957032503100,-10.813073557883083,-4.910935385053924,0.2845821483394575
1957032503116,-10.766281530168683,-4.870071152409299,0.21466779602866515
1957032503133,-10.287290400109896,-4.253094692501756,0.07673194766886815
1957032503150,-10.303119787982327,-4.453866103527663,0.1591846535370549
1957032503166,-9.607254908045872,-4.889510825593613,0.021461883607202248
1957032503183,-9.542325883444638,-4.1235113717031115,0.18751209928753054
1957032503200,-9.38974589042991,-4.6065940878998495,-0.015345814111133116
1957032503216,-9.506672859015781,-4.430725733891702,0.17209757401980985
1957032503233,-9.182832820451832,-4.091824511940248,0.18222104227842406
1957032503250,-9.0136170534672,-3.212502775669364,0.24152352242340358
1957032503266,-8.53252898966814,-3.584166088828426,0.23870439452585668
1957032503283,-9.268192225409916,-3.078542560827409,0.28826933368819585
1957032503300,-9.033875903353703,-2.4571000334277016,0.4349631132327476
1957032503316,-9.169845957561723,-2.388769062218729,0.5248599364018973
1957032503333,-8.998418064785465,-2.812452192962968,0.3181051836936255
1957032503350,-8.76886151856851,-2.7231622119533436,-0.2540360857756767
1957032503366,-9.140492350925799,-3.1194511470448743,-0.3409806804416834
1957032503383,-9.345370641560125,-3.7188454351483395,-0.16824891325725877
1957032503400,-9.286413309152518,-3.656290285856878,-0.298724598081742
1957032503416,-9.319742276462222,-3.41312075634869,-0.26300310816232497
1957032503433,-8.823420490281304,-4.070204904921699,-0.08062580926025531
1957032503450,-9.759303228293916,-4.950268887282566,0.08886636249238067
1957032503466,-9.021315233918754,-5.125988160797185,-0.030561722836828453
1957032503483,-8.649463778409846,-5.271899946591051,0.21247530727977937
1957032503500,-9.168701406245482,-5.287401038250368,0.22612309724342827
1957032503516,-9.543222366068829,-4.964510159745485,0.27007060327118504
1957032503533,-8.649845988888131,-5.6566619509003555,0.2514460108956833
1957032503550,-7.988735697724661,-5.95947302028502,0.38666415117097674
1957032503566,-7.409685383258637,-5.483221789732919,0.07756706106036826
1957032503583,-7.840678477666043,-5.926686859828462,0.32540996409747946
1957032503600,-7.693121678831185,-5.4577929112153365,0.5301653365894317
1957032503616,-7.608011753973098,-5.77294664406556,0.14181612910169616
1957032503633,-7.70367899997029,-5.769235855692207,0.2569188751844369
1957032503650,-6.762413294351334,-6.138404569745599,0.1151092667530007
1957032503666,-5.977226356018193,-5.376215177047674,0.18288846113532964
1957032503683,-5.590795717207042,-4.645045689160404,0.480025326973506
1957032503700,-5.3687091051890565,-4.97928234355588,0.33386916059926963
1957032503716,-5.056186131596363,-5.253929804889943,0.3920815823422952
1957032503733,-4.4488534086929015,-5.622758669028497,0.45600892163701534
1957032503750,-4.850837939191613,-4.625773766866398,0.23880434441761422
1957032503766,-5.320856170389887,-4.389812027626854,0.19516942037102192
1957032503783,-5.140876701626807,-4.602796487978425,-0.08682628930889891
1957032503800,-5.5699811133836805,-4.3034657636295,-0.08671873495344595
1957032503816,-5.477500703610549,-4.516084429512582,-0.09951519142921406
1957032503833,-4.655965952649301,-3.9457277085552493,-0.004386578634532956
1957032503850,-5.118648901893915,-3.7675910189849997,0.07336682069438827
1957032503866,-4.85938159397365,-3.8074099156275327,0.04037192907825338
1957032503883,-4.461170853188655,-4.157050243793184,-0.27205188957876236
1957032503900,-4.16084996721895,-4.079657838528374,0.10769295110446997
1957032503916,-3.996091154885306,-4.193891067300383,-0.06018981363885545
1957032503933,-4.475965948401207,-4.638289343872205,-0.19868417679891315
1957032503950,-4.906895885664096,-4.363453732116227,-0.08844136495455035
1957032503966,-5.534309933229724,-5.056814305897641,-0.1104707166368184
1957032503983,-5.325178331494555,-5.290188439164756,-0.19552257181948351
1957032504000,-4.404495791134377,-5.093078005407694,0.07512138594014717
1957032504016,-3.6914244847444477,-5.3598600188312595,0.15473600887202688
1957032504033,-3.5767180829143155,-5.310350609380957,0.36784638066559716
1957032504050,-3.231503973319602,-5.341099785554793,0.19222850110615486
1957032504066,-3.46700771755965,-5.838403613944533,0.004164484077637587
1957032504083,-3.3669330522571324,-5.7848281066461045,-0.22930176213615883
1957032504100,-3.5291059925143022,-6.483317492587518,-0.15313737311950493
1957032504116,-3.4575915026117867,-6.163563787755622,-0.200078166782806
1957032504133,-3.2765668456935453,-5.886969701886484,-0.16835074572807818
1957032504150,-3.3608289893746535,-6.019296358901413,-0.28706558590849207
1957032504166,-3.7566972528022378,-6.2791140874982885,-0.3129353290559166
1957032504183,-3.8991914654736535,-5.821410619362881,-0.29029717407477396
1957032504200,-3.946400678774773,-5.194072138323799,-0.032360066075920235
1957032504216,-3.971517369400508,-4.978628954570741,-0.1333235152696719
1957032504233,-3.6423774400274773,-4.5441280022953885,-0.06593866774165047
1957032504250,-3.7692587423627257,-4.57347091926549,-0.46488577332388215
1957032504266,-4.738921712711953,-4.759242910821216,-0.22657343865643498
1957032504283,-5.117658007180734,-4.980573274797244,-0.42479049134552826
1957032504300,-5.800763180804739,-4.660824654740125,-0.706052049409659
1957032504316,-6.129479569017347,-5.4514114354285645,-0.5899845818011551
1957032504333,-6.900655277529172,-5.6235264563709,-0.9705070121585944
1957032504350,-6.70220783461719,-5.691202798905814,-0.7770102794612477
1957032504366,-6.558510540052972,-5.60865884756445,-0.5298985433237466
1957032504383,-6.427018988403134,-5.5762337721735395,-0.16288824416508219
1957032504400,-6.704151346247907,-5.159158845027708,-0.044784110190115634
1957032504416,-7.1920969213597505,-5.032066900869202,-0.17119330177495873
1957032504433,-6.61456401092607,-4.923575821458575,-0.4505972372210406
1957032504450,-6.436644502148093,-4.689078376737488,-0.08698458933342557
1957032504466,-7.134785726106828,-4.587134699818988,-0.29230192843057534
1957032504483,-7.209925687263073,-4.739911761998412,-0.35036858625200185
1957032504500,-7.492972882612351,-3.9978487414608956,-0.13308835472642233
1957032504516,-7.028712399830694,-3.5810850002975663,0.11037548640602135
1957032504533,-6.723539757176098,-3.808769844940675,-0.05728536915741933
1957032504550,-6.398042906401337,-4.379084644077698,-0.050496971183019324
1957032504566,-6.647870898616942,-4.460534700273751,0.001997950955059391
1957032504583,-6.655248525991838,-3.7876482753738148,-0.015750385116420018
1957032504600,-6.50186509751354,-3.5379748439612753,0.08630437893677523
1957032504616,-7.1495369858892275,-3.7674900323719505,-0.10882807295631558
1957032504633,-7.066968551693437,-3.544640547275803,-0.3564184326719224
1957032504650,-7.076759093707024,-3.2725378406020593,-0.3931158743608256
1957032504666,-7.163213992351542,-3.315798129766931,-0.06708715586168745
1957032504683,-7.779721930114341,-3.2121588065218396,-0.35467196123568323
1957032504700,-7.8594870008055215,-2.8016224793252165,-0.4854397703433624
1957032504716,-7.868896843785102,-2.7626029314579696,-0.7397685076945493
1957032504733,-7.4591126497223055,-3.4581088454216298,-0.4610179050741636
1957032504750,-6.861603145081973,-3.457299266036435,-0.6695724039117363
1957032504766,-6.304171424088495,-4.118890933264451,-0.9711997666972445
1957032504783,-6.932224583913497,-3.779098260882027,-0.7026742954813789
1957032504800,-6.980115568581841,-4.387210971804812,-0.79069110971955
1957032504816,-6.892898084773501,-3.940802951467104,-0.9208611818242094
1957032504833,-7.291994097800556,-4.02770429760543,-0.5599399973604402
1957032504850,-8.097350199948492,-4.535584036487052,-0.36451626170221163
1957032504866,-8.95981132476693,-4.287152353777913,-0.15283038843674102
1957032504883,-9.116347601060973,-4.8472315721411325,-0.07928881363505558
1957032504900,-9.230855494037177,-5.335402247660909,-0.1699387492531882
1957032504916,-9.486535097574063,-5.160942130149872,-0.42229521651284774
1957032504933,-9.239199952198774,-5.201820436122014,-0.507849103892928
1957032504950,-9.762956996894783,-5.140013253572252,-0.5499772509627523
1957032504966,-9.71751226681636,-5.01312921201945,-0.978932840145223
1957032504983,-8.962279248868146,-4.428117280000047,-0.6774540120461259
1957032505000,-8.721389623707037,-3.959372807555474,-0.7573355703429134
1957032505016,-8.421886701369,-4.263203257035864,-0.6293501988976464
1957032505033,-8.664862968015115,-3.5296271340232144,-0.8200084026334972
1957032505050,-9.082829628625733,-3.3876167443958933,-1.0909949120507383
1957032505066,-8.82209213845179,-3.035481464286721,-1.1645722390669162
1957032505083,-8.659582726411351,-2.5699482915760536,-0.8033519010647809
1957032505100,-8.11087816268864,-2.2081633976288466,-0.8243770405359057
1957032505116,-8.200980143170302,-2.2219292266301776,-0.9237893241612756
1957032505133,-7.311174556519553,-2.116104621807944,-0.865935838027343
1957032505150,-8.163113790092204,-2.8509708047456934,-0.9831634405752688
1957032505166,-7.822309485456108,-3.260080757547311,-1.0985848736294392
1957032505183,-8.111784605694812,-3.2265879536398963,-1.387225938093474
1957032505200,-8.640394386363203,-3.496495939728433,-1.540551631889203
1957032505216,-8.494756720457238,-3.0174459828050724,-1.4035518654106627
1957032505233,-7.737181156202957,-2.831690972998902,-1.493149902631086
1957032505250,-8.482114963105968,-2.9811200533872912,-1.0991661294876618
1957032505266,-8.933233750250118,-2.6763139742950033,-1.1476204791122029
1957032505283,-9.031129317825284,-2.3797126939959417,-0.973211004262113
1957032505300,-8.519712131655085,-2.5390276656813553,-1.1104731151905605
1957032505316,-7.821168642412275,-3.2829677443197656,-0.8243722946043037
1957032505333,-7.991170871333745,-3.74066239699999,-1.2300657530430503
1957032505350,-7.644132886826222,-3.0527284291656196,-1.2705937668835963
1957032505366,-7.197398331928578,-2.62574752021926,-1.765660770223091
1957032505383,-7.315226378134175,-2.4658261100328285,-1.7568334226507658
1957032505400,-6.798877216931507,-1.9839532127340593,-2.205555755328679
1957032505416,-6.253588127156055,-1.5820730253192803,-2.0865252216261636
1957032505433,-5.704373122530302,-1.6694945373606798,-1.4698336459355783
1957032505450,-5.727683274833927,-1.3650335297162117,-1.5166022994711719
1957032505466,-6.048227713376493,-1.0703532905309556,-1.6765582737490328
1957032505483,-6.516726896284056,-1.5148908416843563,-1.6465834929954135
1957032505500,-7.192170126245836,-1.4786849576296621,-2.0314457610665837
1957032505516,-6.521170892986971,-0.9684411173814409,-1.9287489564896911
1957032505533,-6.383671686713655,-0.8219511823503964,-2.0578017955583814
1957032505550,-5.653494445694375,-0.5460740459208493,-2.1462503269000437
1957032505566,-5.322663874963501,-0.8371011293546786,-2.288418452812395
1957032505583,-4.68646110096024,-0.69099807416793,-2.2538648393037586
1957032505600,-4.997417243085057,-1.044925642274121,-2.442865462614021
1957032505616,-4.916851230886239,-1.0869417602176759,-2.486119901298059
1957032505633,-4.711382900999537,-0.6189758260173592,-2.1661176836380127
1957032505650,-4.740687738017738,-0.06938113295976134,-2.0706458324882564
1957032505666,-4.70617802041379,-0.09839842710673796,-1.9541843586814207
1957032505683,-3.9237484923440196,-0.5329761408407263,-1.9119347378337803
1957032505700,-4.4868227180213776,-0.7007794055303078,-2.0195520240152067
1957032505716,-5.163859732546977,-0.5920370193332154,-2.025425270649809
1957032505733,-5.076941009201371,-0.3969808825325494,-1.8784699048407778
1957032505750,-5.552560513170872,-1.0267247813593388,-2.038745497479314
1957032505766,-5.420824750689587,-1.4306057238313574,-1.8454681314193675
1957032505783,-6.307273214935053,-1.3256290533758408,-2.32931284643855
1957032505800,-7.086597632707628,-1.239478655019287,-2.1389594412343955
1957032505816,-6.292077759992484,-1.4956581152485997,-1.7226104371340996
1957032505833,-5.781007892761638,-2.205581870168008,-1.7795950377233076
1957032505850,-6.242377345155891,-1.9551314115824026,-1.9442323396708399
1957032505866,-5.8567407724710705,-1.7679384948478534,-1.676451455618832
1957032505883,-6.45597778701112,-1.681239625611676,-1.6637175677755476
1957032505900,-6.457267291534521,-2.1246085667863053,-1.7141640809313041
1957032505916,-6.570412173846823,-2.0257121453537263,-1.6916006791839142
1957032505933,-6.765567354222654,-2.1217365577834344,-1.8159769875512795
1957032505950,-7.116039729167807,-2.29048913396137,-1.8725873952078724
1957032505966,-7.0192406502302,-2.2959169373488133,-1.7418645248556024
1957032505983,-6.749934350014739,-2.791133160719399,-2.0860371837937137
1957032506000,-6.818075195998562,-2.8750288547878666,-2.1492319816411496
1957032506016,-6.2500500569548825,-3.696244652376396,-1.7829882596003213
1957032506033,-5.837703642288134,-3.0447985811474334,-1.8033371088712178
1957032506050,-5.8962449544648114,-2.9731630940923983,-1.6812558948636505
1957032506066,-6.15302285136079,-3.624408508091655,-1.7328634426081073
1957032506083,-6.0274470761223276,-3.969280972342521,-1.4398468785728005
1957032506100,-5.492828723917482,-4.554083095518794,-1.6282322807701721
1957032506116,-5.382905715404141,-5.191721711673887,-1.4229894084682109
1957032506133,-5.265451945920761,-4.615708277339905,-1.1413068822085934
1957032506150,-4.844221535636212,-4.677887319119083,-1.3065786873723428
1957032506166,-5.2116331149163475,-4.842640644203563,-1.418674426852923
1957032506183,-5.154248110582376,-5.408607723883012,-1.7534604260234548
1957032506200,-5.1412750562581575,-5.000136108809173,-1.7739161801502967
1957032506216,-5.301416447437134,-4.306495647247055,-1.5722596879020292
1957032506233,-5.538501465622565,-4.3817074424782225,-1.6071467361671592
1957032506250,-5.599528940433166,-4.261500339345744,-1.569038706508541
1957032506266,-5.7129203402140885,-3.366936081158612,-1.5139039365438247
1957032506283,-6.416568966587013,-2.863997755190723,-1.365856876183594
1957032506300,-6.517667298360278,-2.867690787852999,-1.0837066630725993
1957032506316,-7.055770359460411,-2.611737618430032,-0.9798789928138443
1957032506333,-6.681189327776869,-3.0275411340325284,-1.2282768694406658
1957032506350,-7.248875292971009,-3.487274587404049,-0.9879731258468852
1957032506366,-7.383505798181016,-3.437065215812754,-0.9779133171443884
1957032506383,-7.216830068870756,-4.2230862710518196,-0.7046433519986615
1957032506400,-7.3865143540589635,-4.615593586442871,-0.4173294143568236
1957032506416,-7.424181458344185,-4.659990408799004,-0.2685978394411548
1957032506433,-8.00864472773572,-5.114831142851883,-0.06069103365894246
1957032506450,-8.176184625106465,-5.42459700372431,-0.10928214748390175
1957032506466,-8.356291319597993,-5.335372733275406,-0.17171225005790558
1957032506483,-8.423341281702823,-5.316302159087636,-0.44594333328042657
1957032506500,-9.017626214108862,-5.2730049280555775,-0.508919361048844
1957032506516,-9.012140982873387,-5.06948598472756,-0.6570700782110469
1957032506533,-8.825089057380671,-4.793028871921256,-0.6308234733115403
1957032506550,-8.37593645859338,-5.314246933301785,-0.7554189196466602
1957032506566,-8.729110160104668,-5.3764221561694665,-0.9421126456371501
1957032506583,-8.844336236745876,-5.259081508484352,-1.0122257550416298
1957032506600,-9.284105122860511,-5.010645384124343,-0.8900930940897274
1957032506616,-8.845906775989485,-4.893862949253951,-1.0528788622375373
1957032506633,-8.886252204724423,-5.533976832455872,-1.2941651097621616
1957032506650,-8.599289541156992,-5.326903876442374,-1.4462517655388916
1957032506666,-8.34819952804958,-4.528764735251366,-1.361399858358481
1957032506683,-7.7273097723744515,-5.383813283149946,-1.5092851467000512
1957032506700,-7.209833559299584,-5.804111236956715,-1.494443125219454
1957032506716,-7.04925238031546,-5.6648692772423725,-1.6774161562951442
1957032506733,-6.844104539395805,-6.124397617638108,-1.6020697845919072
1957032506750,-6.713248145735414,-5.518713277004275,-1.7825548716148523
1957032506766,-7.2055305376921845,-5.2854475421331255,-2.0013303743550113
1957032506783,-7.39972589185903,-5.26369367122903,-1.9633052817197734
1957032506800,-7.371808048694268,-5.238494414601405,-2.030725851900592
1957032506816,-8.000538209376048,-4.955390603988762,-2.0560812085651765
1957032506833,-7.653687904939938,-5.4647397314519885,-2.064657061143612
1957032506850,-7.903934418127344,-5.063826186755733,-1.696017832923984
1957032506866,-7.400913064840308,-5.401135803148991,-1.570092139501983
1957032506883,-7.012796685074942,-5.542368390967534,-1.29612484303907
1957032506900,-6.937211080563748,-6.087075852716939,-1.1905718258055016
1957032506916,-7.24980372776556,-7.221170677554651,-1.0763770697931634
1957032506933,-6.942933859776368,-6.386826269882083,-0.9855936257174097
1957032506950,-6.892671662221581,-7.008955954340481,-1.126379707836877
1957032506966,-6.74765715657767,-6.593520979754462,-1.0749312123285624
1957032506983,-7.187718500493641,-5.445808233372221,-0.9847633929418118
1957032507000,-6.644684773123662,-5.086165527955612,-1.504946573228662
1957032507016,-7.194559585649945,-5.357720559126775,-1.970860480225611
1957032507033,-7.321722034853575,-5.323828972544175,-1.9280966964197375
1957032507050,-6.938729323910164,-5.441653359902532,-1.7401480726347018
1957032507066,-7.094437944463866,-5.3562788772685765,-1.7107407389222629
1957032507083,-7.037672965094254,-4.770356029954779,-1.9520466438029511
1957032507100,-6.711432295734227,-5.157520168593241,-1.9476714274326952
1957032507116,-6.201198834792063,-4.880451763265898,-2.039687401311692
1957032507133,-6.006886977171677,-5.635718871024146,-2.004312962237707
1957032507150,-6.535324751657493,-4.68167249099448,-1.8725663615739805
1957032507166,-5.9145999059970515,-5.607938578420914,-1.846123670372151
1957032507183,-6.358402755110664,-6.235197262696395,-1.8529420710737972
1957032507200,-6.365968503522308,-6.639332792182108,-2.09371359197124
1957032507216,-6.614283326531856,-5.845570705397366,-2.1804318259167834
1957032507233,-6.147408508216226,-5.890351948829239,-1.927998012168961
1957032507250,-6.013128710113265,-5.441585079867229,-1.8206481659243148
1957032507266,-6.419764552974737,-5.48093797238897,-1.7089122428952743
1957032507283,-6.8164603147586735,-5.683432434601075,-1.43996505608126
1957032507300,-7.103618084484734,-5.646916924654557,-1.4963940845848098
1957032507316,-6.505144611266827,-5.739030694414421,-1.484704444018776
1957032507333,-6.9663974749622275,-5.891735369997964,-1.4115734281475176
1957032507350,-5.876782723780139,-5.843328372144486,-1.188243000254901
1957032507366,-5.709682751949097,-6.346254867559735,-0.910056946643274
1957032507383,-5.870496809997237,-5.478692469939682,-0.7907958969727635
1957032507400,-6.297806946992895,-5.713765550987574,-0.8345434646954464
1957032507416,-6.251911879555122,-5.628080430667088,-0.7328329977343565
1957032507433,-5.9225535048767,-6.078983479323723,-0.7278714512312172
1957032507450,-5.956198586599709,-5.786313727936184,-0.7682873696096391
1957032507466,-5.5670721960403124,-5.700130296544644,-0.9771139231661536
1957032507483,-6.183064807612781,-5.541420616041577,-0.9385738702291777
1957032507500,-5.293360588304313,-6.0388726772584675,-1.3614353915391406
1957032507516,-4.658214765114166,-6.469839477908489,-1.3303486197260452
1957032507533,-4.559052164984049,-7.142954904126743,-1.5031921879720138
1957032507550,-4.572372627335355,-7.231008591570564,-1.7346350426272314
1957032507566,-4.554323738247108,-7.522311996406198,-1.4883232862325084
1957032507583,-4.482232004239008,-8.078816692266829,-1.377503749317535
1957032507600,-4.716207690479608,-8.812587541331466,-0.8890125339942959
1957032507616,-5.167943145612233,-8.915593656188271,-0.7124435330109378
1957032507633,-5.325929772910882,-9.256290376142122,-1.0061816182768166
1957032507650,-5.632960535963108,-9.246464452852338,-0.8132541395430811
1957032507666,-5.020005339683286,-8.713303935361811,-0.9913410128437405
1957032507683,-5.411051099391965,-8.583829342710214,-0.795448028281643
1957032507700,-5.130889371192007,-8.01689065882033,-0.6595696633523027
1957032507716,-5.031216838632899,-8.313643300932174,-0.5871072532834812
1957032507733,-4.636071101048271,-8.703115533447356,-0.5317425031087597
1957032507750,-4.308054690742359,-9.705327575730944,-0.32768876333086194
1957032507766,-4.220722519356061,-9.375061537386642,-0.4493652924306544
1957032507783,-4.362242767512157,-9.441845075249505,-0.6485989153880627
1957032507800,-4.629381586436675,-9.667899631078415,-0.6182783021090711
1957032507816,-5.000130288037095,-9.931349415759831,-0.3921692076980574
1957032507833,-5.384316741805112,-10.438368523719975,-0.4083314915422003
1957032507850,-4.835741739874106,-10.05328271520646,-0.43606540635799595
1957032507866,-4.305151212345818,-10.10359686430866,-0.6582676606959403
1957032507883,-4.787086025179942,-10.066750359211145,-0.8342040787744425
1957032507900,-5.3319700819885245,-9.86140111877899,-0.9377360815928366
1957032507916,-5.190814890844068,-10.191657216406886,-0.8595066987462117
1957032507933,-4.8717527707688895,-9.90941572305621,-0.8118950670549279
1957032507950,-4.731848526650268,-10.392086419837057,-0.7264170872423632
1957032507966,-4.730716051239308,-10.249318577880505,-0.6937616225268928
1957032507983,-5.006555071737746,-10.1083259001797,-0.37130828857683196
1957032508000,-5.738449109915228,-10.467152470304615,-0.4842001414603688
1957032508016,-5.769864702439353,-10.366732763196035,-0.4449990507926733
1957032508033,-5.013263483193945,-10.857852638510753,-0.2631670913337337
1957032508050,-4.798412853033913,-11.397038302444335,-0.6258843124478208
1957032508066,-4.8047006066047615,-10.621884708431342,-0.7032934932894304
1957032508083,-4.479012215645595,-10.438011041127002,-0.7944654109837198
1957032508100,-5.398455403246968,-10.93027775274769,-0.7306630425007736
1957032508116,-5.1668965752255485,-11.310198923742574,-0.6513341529417991
1957032508133,-4.422535987726406,-10.60595729712454,-0.8396638656482109
1957032508150,-4.193816081277776,-10.136161750903074,-1.1130214804959964
1957032508166,-4.6172310383023,-10.441907387543054,-0.9349125783757224
1957032508183,-4.35444302531615,-10.844997226475044,-0.7503867472180186
1957032508200,-4.6832146038788265,-11.05137894194624,-0.6568569635952529
1957032508216,-5.054769012101138,-11.290926073595806,-0.628008086731692
1957032508233,-5.128584045079215,-11.145114792905407,-0.7988318066662239
1957032508250,-5.060868100547071,-11.541766864984357,-0.7696121870887018
1957032508266,-5.217523125776967,-11.614216121276293,-1.0520703612610864
1957032508283,-5.406554057833176,-11.999868894166724,-0.83095983166138
1957032508300,-5.931484048655095,-12.661864191409382,-0.6725296684414743
1957032508316,-6.074175704254013,-12.769323223581868,-0.5619168532432359
1957032508333,-5.9331208652142955,-12.359103013424367,-0.3926032510013868
1957032508350,-5.885507479365412,-12.762553166667587,-0.43274637686567075
1957032508366,-6.173464518083084,-12.571870191545603,-0.5720342057666528
1957032508383,-6.845848517748979,-11.852569091707657,-0.5376296646779197
1957032508400,-6.916548646219663,-11.456775320652415,-0.5039565494326823
1957032508416,-6.9094654776249,-11.321411166111364,-0.476438883559422
1957032508433,-7.07530820113235,-11.330174963887186,-0.5514774831173845
1957032508450,-6.774303793998715,-11.466815666084916,-0.38605347039293225
1957032508466,-6.760773519502051,-11.131476050162702,-0.28766703582720676
1957032508483,-7.025114932799528,-10.601193000546768,-0.23262375288573167
1957032508500,-7.203260445062068,-10.09185140648161,-0.08145344466089322
1957032508516,-6.770336668414162,-10.541243994608305,-0.5026253932062339
1957032508533,-6.319543695571553,-10.27502539259817,-0.3361299548765414
1957032508550,-5.875618322762103,-11.473614969235914,-0.5932552266535938
1957032508566,-6.701613315180758,-11.856551827725532,-0.5384536603425197
1957032508583,-6.557762360476437,-12.301825987387197,-0.6925039567816418
1957032508600,-6.413220288526206,-12.519123043641727,-0.8363356054502846
1957032508616,-6.48666019640608,-12.042294796552621,-1.0269109242438375
1957032508633,-6.239399231749783,-11.75577710479261,-0.5823640391300338
1957032508650,-6.571071315873448,-12.405505152294673,-0.4602359373863293
1957032508666,-7.116864448320716,-11.934998765140648,-0.23054155188953696
1957032508683,-7.086273396624333,-11.58551157220478,-0.2300891989316446
1957032508700,-7.0420736376084845,-10.822276727296659,-0.3205441947912874
1957032508716,-6.718139311315749,-11.136504158093413,-0.03832469307096309
1957032508733,-6.884862321579266,-11.93606218758671,-0.1849977170765078
1957032508750,-6.8668175029723315,-11.597097506155528,-0.0761088639055042
1957032508766,-6.848703121230891,-11.723269803741534,0.076210334117498
1957032508783,-6.586626960215826,-11.856131387193782,-0.16214302148001025
1957032508800,-6.8759492712251795,-12.260538639127244,-0.055639944910642725
1957032508816,-6.782230739934562,-12.528479761890136,-0.09145957525779469
1957032508833,-7.157935910476324,-12.256256094623605,-0.31004914977846354
1957032508850,-6.932737314778701,-11.758213232697127,-0.2758848672163797
1957032508866,-7.20420927661074,-11.905223764830087,-0.23187434580125477
1957032508883,-6.912038999163129,-11.804036263362809,-0.027349726262551943
1957032508900,-6.4011085678067765,-11.355170889049202,-0.1599914282089202
1957032508916,-6.418392553772585,-11.031700240537969,-0.17038401839192907
1957032508933,-6.621365253390897,-10.76063024906517,-0.42861392799252307
1957032508950,-6.490457120492689,-9.648443357303119,-0.3843660041593714
1957032508966,-6.240795582335911,-9.024387035964844,-0.015095674945880821
1957032508983,-6.510961153983837,-8.912343474244532,-0.05711150184894598
1957032509000,-6.640105945242363,-9.2028204228824,0.03935850465792923
1957032509016,-6.866826618328213,-8.848572004289888,-0.25328926439191424
1957032509033,-6.534803719609187,-9.51538125674639,-0.5133021285079478
1957032509050,-6.613975470671993,-9.137267621016456,-0.6277610353890487
1957032509066,-6.308079803671087,-8.68267817692027,-0.5167289767503915
1957032509083,-6.272835713091826,-8.527419293736239,-0.27144657164244235
1957032509100,-6.438294367556282,-8.730182335916284,-0.23441748124957507
1957032509116,-6.438431028120332,-9.01322972237506,-0.10249275585623385
1957032509133,-6.274374278632891,-9.391210665413546,-0.14912926622765832
1957032509150,-6.861886116191151,-10.29160317984367,-0.4667194834062074
1957032509166,-6.811923050878474,-9.497910131831004,-0.5062552483819114
1957032509183,-7.214386475846643,-9.37166889821853,-0.6198865162071022
1957032509200,-7.183375996463521,-8.75801571604333,-0.6769103034045179
1957032509216,-7.226525680480728,-9.328071477712843,-0.8785208901587165
1957032509233,-7.773779453582745,-8.664516773509087,-0.9316023464338613
1957032509250,-7.190323396860885,-8.08298408371704,-1.0668109484109234
1957032509266,-6.991514836631282,-8.959091036800324,-1.4712208623025926
1957032509283,-7.147837135506282,-9.029441199759527,-1.6727963860122148
1957032509300,-7.560232179653324,-9.255750264603014,-1.8416818848170733
1957032509316,-7.7951294539742975,-9.133572192114391,-1.7606168842546737
1957032509333,-7.364643990770834,-9.731044798737567,-1.3947520373750721
1957032509350,-7.3245912997434885,-9.647754144537645,-1.3271779093606328
1957032509366,-7.634358550881372,-9.689148170703652,-1.5319878934720972
1957032509383,-6.706744123861455,-10.168325519160085,-1.6160468753015107
1957032509400,-6.818320614312292,-10.283554858489726,-1.6722839964003489
1957032509416,-5.987428379768589,-10.565104852210556,-1.8344844665958178
1957032509433,-5.251796189569659,-10.612661621181712,-1.6406788536994448
1957032509450,-5.037970826760234,-11.211265210909518,-1.642578713112383
1957032509466,-4.958319679917913,-10.125477767729953,-1.9194673042557295
1957032509483,-5.397408419696122,-10.211832856252725,-1.7992846509641294
1957032509500,-5.172418444791054,-9.94467440030632,-1.3317667902084391
1957032509516,-5.123233052466915,-9.354041544487945,-1.2730368515492876
1957032509533,-4.74576888046406,-9.184503856403069,-1.2415222750691945
1957032509550,-4.459507858608253,-9.126471668620324,-1.1747290229819765
1957032509566,-4.272500644148348,-9.28344590090699,-1.5623225407469694
1957032509583,-4.770874581232743,-8.990743465176635,-1.1265901780879282
1957032509600,-4.932443958934448,-9.633671658851533,-1.2435445073296365
1957032509616,-4.984757000561235,-9.831730135526142,-0.5922812249869378
1957032509633,-4.871984277567419,-10.268056619446192,-0.8148157810973058
1957032509650,-5.112321581236372,-9.999878344292668,-0.8623406433116617
1957032509666,-5.021224237395489,-9.796809930388319,-0.6486695155354714
1957032509683,-4.638926608110612,-9.666988073476253,-0.7722482661453312
1957032509700,-4.41931748685329,-9.615828910161365,-0.6015050412278866
1957032509716,-4.25907433923164,-9.910313262966163,-0.3808158956008656
1957032509733,-4.2824767314040155,-10.168716084308716,-0.5112322700567882
1957032509750,-4.200053499281475,-10.388401228310098,-0.16833844765600836
1957032509766,-4.64469201162769,-10.268571408950953,-0.17354770569447564
1957032509783,-4.865482859837041,-10.18882370045699,-0.1026978403584643
1957032509800,-4.874382969267723,-10.220656477388141,-0.24288781040499097
1957032509816,-5.32341674421086,-9.233775948577104,-0.1630391555538021
1957032509833,-5.2406939011321905,-9.773655390694133,0.14049812497057834
1957032509850,-5.498598207519597,-9.512704139777313,0.060912459238333216
1957032509866,-5.080809312615727,-9.12553120289402,-0.18747659536587158
1957032509883,-5.437487042558009,-9.084788282366642,-0.2919987904861817
1957032509900,-5.890221672267329,-7.7434387990897156,-0.2678185913897836
1957032509916,-5.265212257914021,-7.404260969245373,-0.48651728643805503
1957032509933,-5.029642631082699,-7.531593032194047,-0.7625953556934146
1957032509950,-4.982152231545538,-7.69361265470653,-0.6853685987133468
1957032509966,-5.194056887766497,-6.986977957370855,-0.3524780031661805
1957032509983,-4.851962093507702,-7.664602449832961,-0.4202109976162688
1957032510000,-4.4814252281057465,-7.476088460796186,-0.36010849092657127
1957032510016,-4.369119661852103,-7.456162059184687,-0.08716398866198505
1957032510033,-4.579138171608547,-7.544158102702774,-0.17968250291644938
1957032510050,-4.6949204641493605,-7.363563041869884,-0.07904803601047872
1957032510066,-3.99887765322582,-6.576873917035883,0.2624447545343096
1957032510083,-4.461102237743017,-7.031380691235545,0.04265207873003107
1957032510100,-4.298088585315712,-6.291746200288025,-0.4421844980842964
1957032510116,-5.060632893156548,-6.192944534063466,-0.5013036149378235
1957032510133,-5.339342506784523,-6.327593670723162,-0.6597182516323272
1957032510150,-4.658036481942561,-6.6086115415464635,-0.792393955212082
1957032510166,-3.8485834896445015,-6.246891766884717,-0.5610007861075853
1957032510183,-3.9389999436157845,-6.597103863317853,-0.20009067414890858
1957032510200,-4.399375696167917,-6.155935652887282,-0.21151377170248709
1957032510216,-4.6812174414308,-6.133538144933027,-0.6136643406084843
1957032510233,-4.55069327539955,-6.530327458649246,-0.8104779689519077
1957032510250,-3.635762918484688,-6.915706547077658,-0.6598304060798525
1957032510266,-3.494918330519237,-7.0991846210659935,-0.8083741810372792
1957032510283,-4.225021955014214,-7.539869105329242,-0.7875998752854387
1957032510300,-3.257928037819459,-8.610017551125598,-0.8888127875309902
1957032510316,-3.5123132265523305,-9.05347618080339,-0.8903819889473262
1957032510333,-3.693089323582424,-9.095000500321515,-0.9851952042275701
1957032510350,-3.4060188146333,-9.094155399532154,-0.7873328193595339
1957032510366,-3.86630906125657,-8.162244517674129,-0.6264910615567132
1957032510383,-3.9369077586564165,-8.137376909436174,-0.9202435614043858
1957032510400,-4.480134071388419,-8.764555956325626,-1.0320588452341566
1957032510416,-4.5158839345204935,-8.683843171533645,-1.584445522646572
1957032510433,-4.565202603678493,-9.086028326095697,-1.5470641614788847
1957032510450,-4.461798014001511,-9.654004757187733,-1.6569710987781965
1957032510466,-4.066814733170256,-9.756783489946836,-1.7421503126586444
1957032510483,-3.9273804499893132,-9.422946789160036,-1.538633173358296
1957032510500,-3.5644148015717345,-9.249152021421395,-1.5599354366760636
1957032510516,-3.702536956165955,-9.462541289932492,-1.7169714027551657
1957032510533,-3.4573055723508705,-9.414661062504795,-1.6533685208083457
1957032510550,-3.268564328499978,-10.278157754992627,-1.6637805763463969
1957032510566,-3.2850265303318156,-11.059313884438577,-1.6842703427301693
1957032510583,-3.0275246011794223,-10.973836789918625,-1.962007775639163
1957032510600,-2.7187112465877767,-10.38783028991849,-2.1332501816397227
1957032510616,-2.741677941399553,-10.328656959289232,-2.1853814433968304
1957032510633,-2.1875672231089296,-10.596586268078568,-1.841658280213246
1957032510650,-2.5082077165558356,-10.379765746472216,-1.935694526195678
1957032510666,-1.8769664181058308,-10.666983362972488,-1.793152954033929
1957032510683,-2.1966459067626536,-10.600520374344894,-1.712019479389292
1957032510700,-2.060985439169137,-10.240192827716648,-1.6849118125131426
1957032510716,-2.511665981741439,-10.435062708605347,-1.6112975620910497
1957032510733,-2.69493464308307,-10.797403602622396,-1.817806959086858
1957032510750,-3.3829983989558343,-10.901854838560034,-1.8142301022400074
1957032510766,-3.587629383028023,-10.944140315544583,-1.6988415162577968
1957032510783,-3.51219180495163,-10.76917830934562,-1.9828200540157992
1957032510800,-4.056032034677303,-10.757015637671174,-2.3276078813297643
1957032510816,-4.43905761710813,-10.888572512397687,-2.251350612575176
1957032510833,-4.50171979107325,-11.191844748213644,-2.1913975097473197
1957032510850,-3.775748222298245,-10.88183147033839,-2.176001945076445
1957032510866,-3.3881881968340997,-11.122286925292242,-2.1473209134013986
1957032510883,-2.7681952173461304,-10.276598715416823,-2.488153411756472
1957032510900,-3.383796342828637,-10.539798056955094,-2.3559908818216964
1957032510916,-3.520964698759547,-10.395231708339884,-2.7461830107799274
1957032510933,-3.5814153967599585,-9.97196661137736,-2.7426318349253633
1957032510950,-3.5195410167849808,-10.083210577019893,-2.8535612217487927
1957032510966,-3.52640895955156,-10.208479896908576,-2.873678913462707
1957032510983,-3.6886388420751537,-10.655348869487081,-3.0612977510728276
1957032511000,-3.8302725409707827,-10.87613082952033,-3.19191292983124
1957032511016,-3.966709187842299,-11.327558663487451,-3.394976646103168
1957032511033,-3.4656345829688644,-10.92651542399038,-3.2329997259166445
1957032511050,-3.2979907707278158,-10.928074804908588,-3.1492070689125105
1957032511066,-3.4636595495285536,-11.13552995834437,-3.050132381793973
1957032511083,-3.2208090796514943,-11.349046761151548,-2.6881474618283225
1957032511100,-2.8007107588906472,-10.983655366327056,-2.284932623487875
1957032511116,-3.1809706309227455,-10.627820797488422,-2.2855724199882976
1957032511133,-2.9653432947150216,-10.850647588631215,-2.1415817681535403
1957032511150,-2.5369863951984404,-11.075397578688102,-2.199632000774393
1957032511166,-2.532146786455022,-11.389641097622356,-2.298921512912609
1957032511183,-2.59392114680838,-11.760560680505463,-2.1406123165242033
1957032511200,-2.489529548611995,-11.71258773570296,-2.2332829926338755
1957032511216,-2.459687821550098,-12.12130384156422,-2.3725017369406736
1957032511233,-2.651395762914708,-11.755468542917809,-2.1334091123636307
1957032511250,-2.856427927100412,-11.039013843595285,-2.1673341610326546
1957032511266,-2.7839246172226577,-11.354923291568806,-1.9599382658765316
1957032511283,-1.987868575134312,-11.801992736519018,-2.501665506661357
1957032511300,-1.599727595323567,-11.572503516185877,-2.389087527486887
1957032511316,-2.2030502097735654,-11.59835354231194,-2.5112507904321184
1957032511333,-2.9019966201980485,-11.461822953746196,-2.4291880600739915
1957032511350,-2.565381342724245,-11.233270548806315,-2.3162660972397053
1957032511366,-2.8513801734898663,-11.008736375386183,-2.3542469146067804
1957032511383,-2.900583348865885,-10.409578282308011,-2.029008233489905
1957032511400,-2.9250721274724163,-10.123963182495265,-2.19488674485659
1957032511416,-2.430640751910546,-10.982281174843653,-2.2551309038018363
1957032511433,-3.2180744243251658,-11.472853709460175,-2.4039196222981225
1957032511450,-3.9021798405364025,-11.985669130975687,-2.112057945514053
1957032511466,-4.124070857676233,-11.464004750235908,-1.982809666863065
1957032511483,-4.286421710999386,-11.656981364512266,-2.2368814689363976
1957032511500,-4.300036560439294,-11.851669522708512,-2.2872932324272703
1957032511516,-4.60138554298927,-11.501591150696349,-2.3220577646984317
1957032511533,-4.633651065445296,-11.710477425630527,-2.487944950490772
1957032511550,-4.442115831777333,-11.525261506822549,-2.219230968322718
1957032511566,-4.02394171010473,-12.218392449031398,-2.1305815460380466
1957032511583,-3.9648665429055328,-12.181091048703166,-1.9321689841498428
1957032511600,-4.581829641552012,-12.233028461600462,-1.8519101561067717
1957032511616,-5.106233289945417,-12.112556882953282,-2.19523852453568
1957032511633,-5.204338144306918,-12.282819187516933,-2.089490822903478
1957032511650,-5.477112418306102,-12.757932946642411,-1.8393671761266863
1957032511666,-6.037925978139089,-12.615895992941713,-1.7430092460582345
1957032511683,-6.522727161590631,-12.844880564310987,-1.9114167884089244
1957032511700,-6.464294037110951,-12.940087455614204,-1.8551987195167978
1957032511716,-6.003180192930673,-13.538076398378132,-1.929586866052226
1957032511733,-5.150974284188072,-13.908818519049596,-1.8632098959494472
1957032511750,-5.007320635960832,-14.32916673152242,-1.8886594137917605
1957032511766,-5.29823992247687,-14.282165551826113,-1.5281727107344185
1957032511783,-4.861874499648259,-14.435256706442456,-1.5391015858196995
1957032511800,-5.197607814775656,-14.355627122142872,-1.590223066169472
1957032511816,-5.932863618475623,-14.211241340236125,-1.4956236710967201
1957032511833,-6.267705241932834,-13.88233254407203,-1.3976979782247736
1957032511850,-6.011572775058452,-13.84664617328996,-1.3522453795817941
1957032511866,-6.352913709891089,-14.521270272058548,-1.192283180142686
1957032511883,-6.077855494384992,-14.910126642066441,-1.003038967659427
1957032511900,-6.349023875747164,-14.804135830922228,-0.6616551781827289
1957032511916,-6.344094330002824,-15.07753096437486,-0.5614871104043355
1957032511933,-6.929777013746895,-14.98040198223898,-0.49694100134376995
1957032511950,-7.756482610977187,-14.645281722687464,-1.0218493427340394
1957032511966,-7.80629259174534,-14.710819643420944,-0.9890479940524569
1957032511983,-7.766321940753261,-13.91603238788122,-1.1627140452125184
1957032512000,-8.288662201301705,-13.905398449156326,-1.369813794101618
1957032512016,-8.704298473029722,-13.325227473717277,-1.183439047942174
1957032512033,-8.249284633490587,-13.134127244398474,-1.5004879771428956
1957032512050,-7.7076688503038495,-13.85368028321276,-1.2211028532965003
1957032512066,-8.239491030641283,-14.473715106904878,-1.18878791556976
1957032512083,-7.743884691074278,-14.480252629927563,-1.059990535616379
1957032512100,-7.34835794831829,-14.474448441767526,-0.756298843598169
1957032512116,-7.941650445785308,-14.469484661469629,-0.7774580537123044
1957032512133,-7.64876229666904,-14.357726956062162,-0.6721456166438589
1957032512150,-7.337151895423345,-14.205037431714198,-0.8995311219729494
1957032512166,-7.161008202497027,-14.26679504831103,-1.1588209460661933
1957032512183,-7.88396496716803,-13.976824228521167,-1.1043608737562784
1957032512200,-7.638701483499959,-13.46602030965678,-1.0721724922523652
1957032512216,-7.84510266833273,-12.928907141600854,-1.302232347260652
1957032512233,-8.235577444172169,-13.39652255215862,-1.3047347377776948
1957032512250,-8.71403581003206,-14.360179835110795,-1.547865281604663
1957032512266,-8.680869445379889,-13.964176792405915,-1.4769561373381526
1957032512283,-8.812744946750755,-13.091194611436062,-1.4273697836032841
1957032512300,-8.94754911525802,-13.293547614439795,-1.1262740191933378
1957032512316,-8.858061199063826,-13.55921471405714,-1.0069759671023089
1957032512333,-9.157915727839896,-12.668532816468117,-0.6399052401010861
1957032512350,-9.111745640866637,-11.87248239789065,-0.37308056671785284
1957032512366,-9.819303370037552,-11.845015659253093,0.06661396905889116
1957032512383,-10.30800023404679,-12.28409841803823,-0.41064823505171866
1957032512400,-9.642425086170588,-12.460110665744477,-0.1962497030592819
1957032512416,-9.446189984220375,-11.843157863191571,-0.1999972047783336
1957032512433,-9.30228847040973,-11.454939063727666,-0.18694572110788632
1957032512450,-8.918004678488606,-11.739141467457603,-0.29956872515529254
1957032512466,-9.802770672790516,-11.563567185984596,-0.2550504185846809
1957032512483,-10.234375846951025,-10.966683262594078,-0.44071789682246787
1957032512500,-11.526544954131595,-10.954782470694294,-0.5009327734873102
1957032512516,-12.379948466097279,-10.534706652185307,-0.5724493206080751
1957032512533,-11.869168043933147,-10.753201583032382,-0.36673162843529217
1957032512550,-11.601961901285375,-10.535424067744568,-0.6620132425458107
1957032512566,-11.745509090295833,-10.40809848048,-0.43760862119612365
1957032512583,-11.633769879492833,-10.577602673655978,-0.7867114505201668
1957032512600,-11.451437567424385,-10.363336853950976,-0.8512772432588044
1957032512616,-11.728903096980178,-10.595343553378678,-0.763896864022447
1957032512633,-12.523260885032116,-10.517972686790511,-0.8513309698107066
1957032512650,-12.896805650389492,-10.040156748431174,-0.8438898262342257
1957032512666,-13.096763660317833,-9.344033914699686,-1.1297138850714514
1957032512683,-12.988615818542582,-9.597753483471507,-1.4846494298005306
1957032512700,-13.406128959169715,-9.051435232095413,-1.8640374941388842
1957032512716,-13.35567174098176,-9.497701430069732,-1.9491000944146801
1957032512733,-13.3572568105532,-9.294050069123527,-1.9177005385234493
1957032512750,-12.903105995590707,-8.595298763698402,-2.109841307414931
1957032512766,-12.687897319511109,-8.9104450561129,-2.0146555054001944
1957032512783,-12.605925794684678,-9.656961291899435,-1.7662938545926212
1957032512800,-12.205026602518343,-9.526108976402934,-1.8093184704877563
1957032512816,-12.635738131918929,-9.025279548868642,-1.391066358850377
1957032512833,-12.589539530112813,-8.851077803857514,-1.2915779916828203
1957032512850,-12.208950289793064,-8.491325619220584,-1.2071496290766608
1957032512866,-12.561243199470601,-8.564814172137016,-1.4389069193822077
1957032512883,-13.160009540900063,-9.244429902272424,-1.4554502777853668
1957032512900,-13.175586912026096,-9.31718438085661,-1.632444586736747
1957032512916,-13.970557062632633,-9.40655081772039,-1.9638002054986519
1957032512933,-14.23893409235594,-8.693698531248467,-1.9345454674580842
1957032512950,-13.825209156433953,-8.263446824351178,-1.7828117159999681
1957032512966,-13.568802369441276,-8.776731682075388,-1.5038810000776572
1957032512983,-13.939815303045865,-8.676193855940534,-1.3915536774436819
1957032513000,-13.871229099476846,-8.37527026657078,-1.1772390632538654
1957032513016,-14.002382488206933,-8.449393102355703,-1.3626239222671124
1957032513033,-14.227239936672252,-8.510181593330504,-1.404891716740038
1957032513050,-13.872513958246653,-8.692912428204195,-1.2351498119753752
1957032513066,-13.822699301890601,-9.104271065006099,-0.9023677816304218
1957032513083,-13.468077073238593,-8.781256873554877,-1.0783496379241595
1957032513100,-13.273206413406744,-8.507323943188265,-1.058872275435567
1957032513116,-12.530762701554817,-9.085658725326008,-1.232187190109003
1957032513133,-13.552019943696992,-9.161051741909134,-1.2264741573816969
1957032513150,-13.322625904281974,-9.746141124227906,-1.3635447677160042
1957032513166,-13.403722085772108,-10.448712164224931,-1.600169003384875
1957032513183,-14.223013533999374,-10.3480077063303,-1.5881106415307997
1957032513200,-13.975378520781781,-10.27974852486141,-1.892805363341178
1957032513216,-13.299803798408174,-10.221296469682784,-2.009908820359297
1957032513233,-13.374865888562667,-10.531390519369591,-2.009745732499029
1957032513250,-13.098222926817733,-11.590234095750962,-2.271686012595752
1957032513266,-13.093706461865175,-11.205193931022691,-2.5934474787003614
1957032513283,-12.88715929566954,-11.724495131230952,-2.8755744653677127
1957032513300,-13.096567636590741,-12.055503714661715,-2.8817102213903723
1957032513316,-12.632276581394155,-11.927023537535682,-2.784159507380682
1957032513333,-12.461813273310934,-12.02883156969554,-3.131461075440911
1957032513350,-12.102254632147485,-12.24432540581339,-3.1781217850700525
1957032513366,-11.990936621465796,-13.412653210831108,-3.1515351750371567
1957032513383,-11.899148979395804,-13.078799372098281,-3.2280270401233695
1957032513400,-12.00304755990173,-12.704311956760828,-3.2028132323265113
1957032513416,-11.283164764764894,-12.23934154348425,-2.8960337213955905
1957032513433,-10.156562972695518,-12.060815090756547,-2.6082684484545697
1957032513450,-9.779418486184143,-11.87332660657542,-2.5774018543202613
1957032513466,-9.26516875158756,-11.267170261061912,-2.3238780481564243
1957032513483,-9.113600940910516,-11.131073945765095,-2.5230119105131132
1957032513500,-8.561708891236764,-10.770823908721974,-2.6946911154617004
1957032513516,-8.264925733542789,-10.999262225476635,-2.8330649952457208
1957032513533,-8.390889311710422,-10.967171523919461,-2.423155719671364
1957032513550,-8.6869027622808,-10.517914506305585,-2.0915985385852665
1957032513566,-7.990337622730994,-10.173207830501894,-2.1149047402365335
1957032513583,-7.775975157524131,-10.121797193016628,-2.049575992360147
1957032513600,-7.871860298547572,-9.64243149879815,-2.013178158829876
1957032513616,-7.4809126336557785,-9.48762986542323,-1.8501003365703483
1957032513633,-7.126117765612763,-9.923329181376157,-1.5476010549818993
1957032513650,-7.116989306549395,-9.911404931066713,-1.187247131911209
1957032513666,-6.588625297164451,-9.319626168654203,-1.3925287570855553
1957032513683,-6.229818972163975,-8.486977495468562,-1.320156154681325
1957032513700,-6.228127047679488,-8.194487002178871,-1.2974878721613183
1957032513716,-6.756286535120099,-8.871771348739951,-1.5339417738775825
1957032513733,-6.138792562354374,-9.08726424694557,-1.5343387512037319
1957032513750,-6.504647230944875,-9.509884735866393,-1.809785755954747
1957032513766,-6.866257267665536,-9.80554273945338,-1.8268255203138506
1957032513783,-6.8967020868064886,-9.284028057931843,-1.714541715250629
1957032513800,-6.2586875989803,-9.454242876928786,-1.688108710359285
1957032513816,-6.30984788300349,-9.481589785671027,-1.6362271419173129
1957032513833,-5.9351058372126975,-10.070707354330825,-1.5940555130608574
1957032513850,-5.444890198869719,-9.984710682334377,-1.4761461430125302
1957032513866,-5.406958935772463,-9.9521148332916,-1.478152824643406
1957032513883,-4.857656467424055,-10.247128526202538,-1.5326288596356297
1957032513900,-3.738033098301137,-9.08813234411397,-1.6145159703617313
1957032513916,-3.918141171225461,-9.42425617648779,-1.52880670112286
1957032513933,-3.4191173405765425,-9.821099895607716,-1.8994890895350633
1957032513950,-3.1544086884134424,-9.70105402357434,-1.7772397877213888
1957032513966,-2.424729452054691,-9.856225283324623,-1.8001864790865896
1957032513983,-1.8851763514257591,-10.289016930286705,-1.5571093708806234
1957032514000,-2.1427663376506993,-9.71151938322535,-1.6110292223421512
1957032514016,-2.368204634344661,-9.869413406699444,-1.353360471624106
1957032514033,-2.3108583511107064,-8.797253936707019,-1.5309936057145084
1957032514050,-1.9581261402146497,-8.448451803299928,-1.636737363645966
1957032514066,-2.214356791551986,-8.875376341761791,-1.3353025602781126
1957032514083,-3.4777766987649756,-8.674880951947145,-1.3963748342201703
1957032514100,-3.7225933245470735,-7.7128921616282105,-1.4848082707905357
1957032514116,-3.6991201277932344,-8.054645298614485,-1.3685070606676153
1957032514133,-3.3132235501409664,-7.092786960132375,-1.4638793805354195
1957032514150,-3.271923497613467,-6.548035286402317,-1.0743217541054748
1957032514166,-3.446631293617398,-7.069897397708373,-1.2495928342622378
1957032514183,-3.4033691840288345,-7.316946694950561,-1.1467696451836373
1957032514200,-4.09420323790231,-7.296871863339057,-1.2744914254467503
1957032514216,-3.9903997871964862,-7.1346908833158365,-1.1407896712092322
1957032514233,-4.932053226105976,-6.824041308028321,-1.0177176012607985
1957032514250,-4.5822154455836035,-6.4848443427584055,-0.9926269330619653
1957032514266,-4.254481208484869,-7.166057193488889,-1.317410895700235
1957032514283,-4.191455870679454,-7.822598757056374,-1.6323636214537742
1957032514300,-4.28000094931918,-7.446183950188199,-1.6337204135973544
1957032514316,-3.8368214865734718,-7.307138506487037,-1.741958524283688
1957032514333,-3.0794980764014643,-6.885140923582972,-1.7001111310912722
1957032514350,-2.715262230807726,-7.029028297808753,-1.6479992062423023
1957032514366,-2.8059515537868513,-7.214959477290238,-1.6308873374998814
1957032514383,-2.6879119862536776,-7.226017473086,-1.568811300554632
1957032514400,-2.0852286519775176,-6.738122054387773,-1.4585622075091909
1957032514416,-2.1547353535126557,-6.292041871101876,-1.2889859081151755
1957032514433,-1.9011519100055954,-5.540557860965761,-1.2488869460899916
1957032514450,-2.018386882388082,-5.108960262856177,-1.1216741311876193
1957032514466,-2.0545356037777984,-5.710024024557296,-1.0784060732825247
1957032514483,-1.9893656425285395,-6.266936027980901,-0.9576984780521653
1957032514500,-2.309438232524689,-6.215412003709453,-0.9179686797904458
1957032514516,-2.112823584072686,-5.715344350090859,-0.9121942008008805
1957032514533,-1.5457105708807939,-6.9314775271509355,-0.6855821174921839
1957032514550,-1.7468117895639175,-7.021424861758969,-0.6906146679649279
1957032514566,-1.4312973835594347,-6.468552504453401,-0.8240258060929644
1957032514583,-2.313405498250163,-6.321417837546261,-0.5872638365624467
1957032514600,-3.3168141866167877,-5.732441945704334,-0.7895484096552206
1957032514616,-2.520496909632839,-5.695049011195536,-0.4323791061074631
1957032514633,-2.195280047087939,-5.7850756073167044,-0.38958760632469547
1957032514650,-2.106114353556196,-6.166500600939601,-0.14629606365762016
1957032514666,-2.111614200251586,-6.429367245304978,0.21831254352284435
1957032514683,-2.0341083554042823,-5.8296421064091595,0.2883671069207965
1957032514700,-2.22012322502983,-5.999197215433839,0.002036079972558724
1957032514716,-2.796197189441543,-5.824376203745826,0.1973324163283885
1957032514733,-3.538386617859633,-5.96806518811412,-0.1520416410100769
1957032514750,-3.543998211165464,-6.144338366366033,-0.21864422057791155
1957032514766,-3.2297968261542502,-6.406666901479131,-0.5079660903329706
1957032514783,-2.870673063003932,-7.248043922935546,-0.8021108051722019
1957032514800,-2.427477781358465,-6.597450192262499,-0.4484611968100002
1957032514816,-1.3774986993843266,-6.73194050510682,-0.20721771651428333
1957032514833,-2.3254484525739287,-6.536151036700151,-0.29180273189690276
1957032514850,-2.1727500391820502,-6.483854505557615,-0.09687993022016583
1957032514866,-2.2358073764200443,-6.820313986532008,-0.29567015123957796
1957032514883,-2.5681849694059373,-6.5048616152665595,-0.13928024012563478
1957032514900,-2.977696194987086,-6.635073928224241,0.027559288399470194
1957032514916,-2.615705454818473,-6.040860371945164,-0.07491485480582927
1957032514933,-2.71469114336582,-5.2165506836394355,0.3186450734150812
1957032514950,-2.948564840256743,-5.04389415690741,0.24585977857715435
1957032514966,-3.1258543042029987,-4.140971241918024,-0.02390789681299199
1957032514983,-2.4887696974383298,-4.079079353056999,0.1658608354419724
1957032515000,-2.973836263792321,-4.324291337775123,0.3347816195050295
1957032515016,-2.616853736960824,-4.142704312840403,0.1224998390483758
1957032515033,-2.9514628659420152,-4.274562477636615,-0.10269373308517782
1957032515050,-2.535214755644917,-3.9916929671846018,-0.21627951031544534
1957032515066,-3.03588071424555,-3.0657892757858427,-0.5771247399806554
1957032515083,-2.6149090089227256,-2.8227797532328407,-0.21045006700320668
1957032515100,-2.8212369960578276,-2.478818730439724,-0.08747276405981841
1957032515116,-2.634240485679029,-2.3160554646433544,-0.21510699601616146
1957032515133,-2.2386504436419936,-2.6061984488733594,0.16613197393191714
1957032515150,-2.5721586858923513,-2.9589610126182024,-0.23648307530193335
1957032515166,-2.1532388447969244,-3.589882815148315,-0.14089594523293525
1957032515183,-2.7990621164643184,-3.5424469634176745,-0.2822464686629399
1957032515200,-2.646387070650528,-3.4930512203184696,0.1751199330576627
1957032515216,-2.264290940314918,-2.9964365459974442,0.12999891050922407
1957032515233,-1.615469115244097,-3.0942758158917436,0.007717883668647119
1957032515250,-1.9140593665807648,-2.827284930651687,-0.1217013148833278
1957032515266,-1.7456659366965637,-2.6124757439959714,-0.14659834405755467
1957032515283,-1.9734598876590872,-2.4606675093776156,-0.4369115036409358
1957032515300,-1.9488524372189784,-1.7008937942145232,-0.32096519664347
1957032515316,-2.6195298074038442,-1.3345390482935944,-0.5081505917749687
1957032515333,-2.614416022489749,-1.8426089637797727,-0.5300637259595493
1957032515350,-2.0041840682323167,-2.1113910468622943,-0.35065034257350425
1957032515366,-2.3443568448233933,-1.992321720146224,-0.21938305703073757
1957032515383,-2.1096624968967426,-1.7562444424679384,-0.39153387875571377
1957032515400,-1.8490477872744324,-0.9229994178996286,-0.5217199763694725
1957032515416,-1.2736796969148303,-1.0677680751266099,-0.5513277624713068
1957032515433,-1.1039833106708228,-1.5870029875774367,-0.5569355718275328
1957032515450,-0.3139050887180499,-1.9088286418436162,-0.6999978592147726
1957032515466,-0.16400174630278475,-1.6486195694363275,-1.1617128816388433
1957032515483,-0.2088352906359443,-1.9990503262141512,-0.8698378237277546
1957032515500,-0.06889916727158862,-1.891697025861407,-0.9822867144041552
1957032515516,-0.5436128946742969,-1.4955494657608366,-0.6394028714642128
1957032515533,-0.3672241854038827,-1.5825035225100006,-0.17800782390366165
1957032515550,-0.10060514217849104,-0.45055190880968254,0.2373480618873638
1957032515566,-0.5356833005539512,-0.3508085507535643,0.12150659280324616
1957032515583,-0.015462738327480352,-0.3907400772084628,0.26674535474025407
1957032515600,0.19994726234279714,-0.9476636849008226,0.29417326100588337
1957032515616,0.05970615524293432,-0.3929942651062106,0.5684124691965013
1957032515633,-0.7240946520110185,-0.4259780730503504,0.28054220986525746
1957032515650,-1.011910492230669,-1.5397251222988055,0.38822352563714313
1957032515666,-1.4863908770935117,-1.300706770935987,0.16948445787346578
1957032515683,-1.0754082129484432,-1.3907535503831694,-0.209956674847795
1957032515700,-0.773583512433027,-1.732779017570313,-0.3243504368091388
1957032515716,-0.0323790291025805,-1.3590041590081636,-0.17534155061058054
1957032515733,0.3312269264308636,-1.995190255334613,-0.30798170149634074
1957032515750,-0.010362695938675337,-2.0460695907828756,-0.7853327896589216
1957032515766,0.5075184669386337,-1.3595000238312656,-1.0481574428592793
1957032515783,-0.5346479661235115,-1.316678715522876,-1.0711509744856593
1957032515800,-0.762002095179759,-1.2292475680811812,-1.248334700986582
1957032515816,-1.1505107086789588,-0.9507263788099012,-1.617030514042221
1957032515833,-1.6134973704816327,-1.5603663527003135,-2.1114320402984657
1957032515850,-1.6110753772393194,-1.4554944955120055,-1.9964295571775026
1957032515866,-1.5007848531092405,-1.3964935534267218,-2.237498317892512
1957032515883,-1.4753527448698502,-1.446519581866343,-2.557604703803692
1957032515900,-0.7552651881417152,-1.046546199415002,-2.5526769182870153
1957032515916,-1.0822238785869196,-0.7719679740209751,-2.612655160476941
1957032515933,-0.7016748681219163,-1.1000813156216358,-2.5158770532651875
1957032515950,-0.4157925758124019,-1.4297869202645925,-2.5590981043427528
1957032515966,-0.38685422107972833,-2.0368463883865875,-2.6617281960954773
1957032515983,-1.3402753508614929,-1.909872385254344,-2.486724750355922
1957032516000,-1.1581320972789024,-2.0338079623882894,-2.518025731770866
1957032516016,-1.5365075364260203,-1.8742198602106352,-2.3841861631836467
1957032516033,-1.1708513606455897,-1.6817743057176262,-2.30956869446106
1957032516050,-1.0164788973716385,-1.6022440930515147,-2.166501877884773
1957032516066,-1.5304100004607042,-1.497641164311486,-2.388524192869265
1957032516083,-1.7095896923245384,-0.7436137316546558,-2.1117784394254717
1957032516100,-2.128524155921711,-1.3420068500055287,-2.4768328190604763
1957032516116,-1.4979221302299246,-1.2838744957376198,-2.04573105928159
1957032516133,-1.8660901896576525,-2.364615665969618,-2.057594608548697
1957032516150,-1.7616755348378499,-2.453885213098309,-2.0380339637810274
1957032516166,-1.008932303648895,-2.8471760732169042,-2.2643431435698673
1957032516183,-1.681461432500063,-1.5597144342736877,-2.416254792723861
1957032516200,-1.7540624261219184,-1.2442549048537614,-2.800173230251964
1957032516216,-1.6772944108182601,-0.9651290184484731,-2.6119242745718445
1957032516233,-1.8358677372641123,-0.9797146179493028,-2.9334171583358533
1957032516250,-2.615986066970465,-0.23170556366878614,-2.834057399094829
1957032516266,-3.0322065172546973,0.27890329829249705,-2.932091373035484
1957032516283,-2.8499528271490426,0.3655194380168627,-2.853299364999569
1957032516300,-2.938802394322832,0.21390173340638885,-2.6262837783869473
1957032516316,-3.1322267602067404,0.5178683023915349,-2.6189197887614313
1957032516333,-3.932755665250006,0.32293660537481816,-2.546495900405967
1957032516350,-3.5027111027911104,0.5103442049608065,-2.4659392298498766
1957032516366,-3.8037773132315547,1.0168849524874597,-2.176045257495698
1957032516383,-4.141605906844296,1.4941477066030355,-2.423058127722364
1957032516400,-3.9146916338155613,1.468798378824852,-2.2607790737399194
1957032516416,-3.636159563660963,1.9758495702216239,-2.531568965752089
1957032516433,-4.198259679236119,1.5818393683896037,-2.502247474241136
1957032516450,-3.770830666202799,1.362891064795651,-2.4304103904917924
1957032516466,-3.634457012811615,2.078073656327849,-2.820991719880104
1957032516483,-3.6584366105724735,2.3942714194216865,-2.5672545083891647
1957032516500,-3.574565672874356,2.5984657840478125,-2.4699588792198997
1957032516516,-3.651424307056097,2.529687760273287,-2.741008798635421
1957032516533,-4.250854637649233,2.576816258025932,-2.854194113154252
1957032516550,-4.157993250860376,2.773604495386019,-3.055150958114637
1957032516566,-4.4637272866762245,1.7558426854553364,-3.221185050220287
1957032516583,-4.731657633148673,1.529171806609524,-3.06509778983658
1957032516600,-4.594044543093412,0.7451165782448994,-3.031845848949204
1957032516616,-4.154169408141813,0.9804198807773679,-3.0659734185624314
1957032516633,-3.686797398397907,0.937921251009195,-3.002406080473201
1957032516650,-3.4335178618720774,0.6842900601661182,-2.7819802170970247
1957032516666,-3.6747788415581235,0.8849316834301373,-2.5892529550887406
1957032516683,-4.000191545861701,0.3636121105910277,-2.7423604908387906
1957032516700,-4.505351914086198,-0.26863713336224304,-2.9964422557822186
1957032516716,-4.757993147130776,0.36538996944058244,-3.025943681875872
1957032516733,-4.319091757863345,0.5070700067094753,-3.0206197998092095
1957032516750,-4.791288512051085,0.5539383426476094,-2.592645988444973
1957032516766,-5.412173773219178,0.6085939443433874,-2.614232271587004
1957032516783,-6.039803811157559,1.1526404395333483,-2.5614606668682462
1957032516800,-5.986423905882161,0.6749097577581535,-2.751019324010627
1957032516816,-6.389868257570415,0.9613659807434516,-2.7270558855741207
1957032516833,-6.588670442909242,0.5699733987249118,-2.796658749686517
1957032516850,-6.555567239428045,0.15510207739484194,-2.514072547449482
1957032516866,-7.221933846492875,0.005645401186528787,-2.7600512093421696
1957032516883,-7.267827154238196,0.27623833076704685,-2.933548827028723
1957032516900,-7.085045352137481,0.8807533518964439,-3.0419164459156787
1957032516916,-7.396834838055083,-0.08273721483053009,-2.796781263032581
1957032516933,-8.052826442214723,0.6243343598429973,-2.948266434735414
1957032516950,-8.514766001394829,0.35077415237734666,-3.17100305207149
1957032516966,-8.460861710030791,0.6706274489151953,-2.969391589316743
1957032516983,-8.57269558720034,1.5775375639535403,-2.768974743144024
1957032517000,-9.051890074741147,1.5231861751083269,-2.4714635870540524
1957032517016,-9.16090281420363,2.2122846818712762,-2.3687216639486968
1957032517033,-9.611549557372028,3.068841429910698,-2.3988157338648497
1957032517050,-8.931702784666513,2.4548900952562445,-2.108320623282915
1957032517066,-8.821838089349416,2.6427172599599587,-1.9484762974152436
1957032517083,-8.471556948180378,2.368145177076876,-2.0409456424231545
1957032517100,-8.392774074959135,2.0312120565241845,-2.423122998859734
1957032517116,-8.21336149525223,2.553929819969726,-2.693304941738945
1957032517133,-8.586714405814288,1.9461116637500373,-2.5706091717261
1957032517150,-8.139257230534493,2.1583857729874723,-2.3022730610512108
1957032517166,-8.430206033457765,2.0234020962299173,-2.311917460336604
1957032517183,-8.761372155234639,2.110917698927068,-2.3318451759868193
1957032517200,-8.303232225100075,1.9155702343839183,-2.264713121183898
1957032517216,-8.164546999906982,2.3757348118743202,-2.1906164647881123
1957032517233,-8.202703088201918,2.0119767974327356,-2.11867055160792
1957032517250,-8.833446231035147,2.557945248704975,-2.025396909297046
1957032517266,-8.626153084482212,2.105123482184883,-1.84685614241666
1957032517283,-8.874258336817237,2.171274831681597,-1.5344085752320509
1957032517300,-8.507259934000505,1.7484115652965029,-1.4768402958401008
1957032517316,-8.288832704806781,1.5252872288815782,-1.5858020023527728
1957032517333,-8.961770883466347,1.4709372283837254,-1.5712524527603107
1957032517350,-9.335282395134755,1.3292632655917345,-1.6049727131575222
1957032517366,-9.444796865676846,0.790454626443422,-1.5422312194089849
1957032517383,-9.43020453967699,0.0997311637818159,-1.4290004387630983
1957032517400,-9.37871773511295,0.3552579433344176,-1.326082028806216
1957032517416,-9.220696507847087,-0.16109110943920868,-1.3273476593852986
1957032517433,-8.979019950100255,-0.6126303515293285,-1.3552549532533393
1957032517450,-8.561223618079891,-0.4725930109904697,-1.457451029956573
1957032517466,-8.66214137336605,-0.5576931652955901,-1.3901324162457933
1957032517483,-8.430644130742461,-0.7550929008488714,-1.0052041940899696
1957032517500,-7.817139808794517,-0.3170030302308371,-0.8307078000127508
1957032517516,-7.389998265390441,0.0506794462593847,-0.8947561005645351
1957032517533,-7.193233976783099,0.045694364169786006,-0.9946003828402634
1957032517550,-7.279490811913848,-0.38439002101553754,-0.6910956699892112
1957032517566,-7.246218413467937,-0.5410769048523818,-0.8843427844540166
1957032517583,-7.523103761707299,-0.4858202347940974,-0.8900883584675547
1957032517600,-7.67805904204381,-0.008774676841858842,-0.8057132524425952
1957032517616,-8.607006366670038,-0.22475825865616983,-0.5881126334552897
1957032517633,-8.113849800035254,0.0353508709947441,-0.6658598469389988
1957032517650,-8.443936057814799,0.5035025788207195,-0.7346193349568271
1957032517666,-8.120779540475118,0.5584795555039355,-1.1622731769842203
1957032517683,-8.277246219912861,0.4561840638265311,-0.6874974494939582
1957032517700,-9.014829681679943,0.5417662807149242,-0.8244962383759852
1957032517716,-9.60357001878095,0.843503172565951,-0.8710029084774349
1957032517733,-9.243399155628168,1.4202029381406538,-1.0834276647524748
1957032517750,-9.398247875475455,1.4056298829490306,-0.9253325228000252
1957032517766,-9.036300636793719,1.5706155548319396,-1.0037457902110043
1957032517783,-8.372521575231506,1.886586503117564,-0.7426258279960467
1957032517800,-8.97842431969819,1.8420407013807631,-0.8769223002593028
1957032517816,-8.832659472327098,2.2293842017797427,-1.0110837409012698
1957032517833,-8.106103893369323,2.1291066777721923,-1.0136200255241787
1957032517850,-8.960271240471693,2.3464551205121307,-1.2491203823843404
1957032517866,-8.369453395088673,2.7760638478573707,-1.00174328793609
1957032517883,-8.780008711900763,3.110365052327408,-1.0933623500687333
1957032517900,-8.686520060930015,2.5105612497046774,-1.2548672474346914
1957032517916,-8.332775601545242,1.9319934173297444,-1.2983949661902452
1957032517933,-7.8080201652216275,2.1146076321417393,-1.0414795991223775
1957032517950,-7.7467120299047485,1.9836914983733518,-1.097088994364373
1957032517966,-7.171292359696676,1.8338356180935493,-1.1547720066720633
1957032517983,-7.447583774758321,1.714226430983933,-1.1194562620278312
1957032518000,-6.498401918732145,2.302231581023147,-1.1506871816016992
1957032518016,-7.413729065366364,3.1638994476685767,-1.2510288735723056
1957032518033,-7.747967778056215,2.2254169830996577,-1.3910612881480584
1957032518050,-7.465037509723372,2.6785187103841555,-1.3028666351191145
1957032518066,-7.551817030108969,3.1491702649835727,-1.2905884771695333
1957032518083,-7.468375514431668,3.108658910922042,-1.2424573105176584
1957032518100,-7.239536505770166,2.3339375966215012,-1.0406596750181876
1957032518116,-7.249635888922162,2.274425629471871,-1.1959619944830497
1957032518133,-7.046847030736982,2.3605880310123855,-1.3484850604275296
1957032518150,-6.649365693873018,2.3541553974218186,-1.5602052349113542
1957032518166,-6.312935508778597,2.3676815487956233,-1.4053711839117171
1957032518183,-6.801570539295676,1.6218513412313582,-1.4458547188201345
1957032518200,-6.639111571039651,1.9180683196313764,-1.4211173462725446
1957032518216,-6.246486940143486,2.057559828011799,-1.388057576313158
1957032518233,-5.924274775876004,1.6293275046326068,-1.6419775392871232
1957032518250,-5.878573190998685,1.7241293050348734,-1.872204344929802
1957032518266,-6.378152708335846,1.701829263215548,-2.374556829184615
1957032518283,-6.561415215515967,2.0426231316027046,-2.588529676300192
1957032518300,-6.778105739041777,1.8101681406888908,-2.811789092619506
1957032518316,-6.855335223846695,2.013414235360097,-3.0763680253112344
1957032518333,-6.752884825308698,1.8360340500804764,-3.05017018068889
1957032518350,-7.574511756068202,1.6727602749315906,-3.09295023147836
1957032518366,-7.5145804745055536,1.5192347930900318,-2.844886812459968
1957032518383,-7.139014500635692,1.3656424936984335,-2.863085731981767
1957032518400,-7.027307085354302,0.8994281090275091,-2.8889889528186083
1957032518416,-7.070274600162253,1.0222819954849403,-3.18993917777958
1957032518433,-6.32860037035012,1.0746424576422209,-3.0670170844607068
1957032518450,-6.064515325659015,0.7801274463816235,-3.141285227394014
1957032518466,-6.721616398345859,0.3729340727454318,-2.8070411291934674
1957032518483,-6.575477172341089,-0.2918011944699632,-2.9088307119838275
1957032518500,-6.474195771802993,-0.5385015456916564,-2.5909409819208693
1957032518516,-5.684550210188038,-0.4171986253912099,-2.474566779772628
1957032518533,-5.366875902075148,-0.04860272682310551,-2.465722954979748
1957032518550,-5.084304314738454,-0.19266008548003555,-2.6111775650647395
1957032518566,-5.31415388708282,0.1895948784357797,-2.6638276944497434
1957032518583,-4.384279368978081,0.029444683064051347,-2.8391567699994154
1957032518600,-4.717220222093504,0.4468929128556631,-2.6313668198248825
1957032518616,-4.733654876894056,0.8581891570929399,-2.7422120477273535
1957032518633,-4.167800333748102,0.3734782200426592,-2.899590614843122
1957032518650,-4.216244268929749,-0.09005598186608044,-2.7599786134090962
1957032518666,-4.3900768859874635,0.33848623280838996,-2.7100514372553777
1957032518683,-4.348540327803191,0.36432067996224404,-2.204242945214783
1957032518700,-4.111620587581054,0.2400564743208946,-2.360094695018242
1957032518716,-4.266992687328968,-0.031016806046816114,-2.1847571480875114
1957032518733,-4.055943802026591,-0.07675500817053127,-1.8837485999365118
1957032518750,-3.471213952813264,-0.78475471536313,-2.131653584140491
1957032518766,-3.2410868943682365,-1.6381581147428212,-2.117306186092135
1957032518783,-2.7697081015174807,-2.463101234082696,-1.71105294262642
1957032518800,-2.968908715805078,-3.164372297150975,-1.7978415616341983
1957032518816,-2.2036110963029776,-2.882044283191349,-1.7344800041760626
1957032518833,-2.6939707994470483,-3.1662933065610406,-1.5855491589487278
1957032518850,-3.0567627573177747,-3.0829602214293756,-1.477976942590699
1957032518866,-3.6258596655425097,-3.7350937917452587,-1.5526469187533878
1957032518883,-3.8533029204472355,-4.03653173391829,-1.2893568321408742
1957032518900,-4.180291443733841,-3.7433340823361205,-1.629726804266491
1957032518916,-4.251494264506331,-3.861063684195742,-1.4972075777028624
1957032518933,-3.82425433769889,-4.442626431649281,-1.7474213310392601
1957032518950,-4.465284046904334,-5.773627687426917,-1.6954236964003577
1957032518966,-4.792679420558503,-5.971191767642051,-1.5064113968151431
1957032518983,-4.404986037183925,-5.657197903735269,-1.4786836350094172
1957032519000,-4.111636579703175,-5.353332093264514,-1.4389194210666716
1957032519016,-4.115314948003422,-4.971108343641668,-1.7691649658317212
1957032519033,-3.6088132397426547,-4.932514223144709,-1.6979985327574334
1957032519050,-4.176392612336558,-4.636411091672932,-1.626087949147998
1957032519066,-3.533961450155844,-4.98562660105603,-1.7849840637449645
1957032519083,-3.9597977390456793,-4.8047874871449965,-1.4522435996357825
1957032519100,-3.927518188870601,-5.322185214096569,-1.5889942890719204
1957032519116,-4.424738955932758,-4.3560913552147404,-1.572799573583365
1957032519133,-4.470365484472224,-4.6529320165465995,-1.412979013333626
1957032519150,-4.8192518104842375,-4.888607449536476,-1.4686424491256966
1957032519166,-5.237016813225618,-5.073013955143641,-1.1176197464363522
1957032519183,-5.568461949056381,-4.608823528946716,-0.7910339870596437
1957032519200,-5.870994967810877,-4.519346110532359,-0.9610959152935058
1957032519216,-5.668966203449068,-5.011345355930886,-0.6279936513551652
1957032519233,-5.3380399322142935,-4.729116514466402,-0.631269313641566
1957032519250,-4.817702048454314,-4.851671363809734,-0.7980559234052231
1957032519266,-4.379139885081964,-4.247222763978673,-0.6500804458652092
1957032519283,-4.5660303302180205,-3.778824658008688,-0.7373108567618167
1957032519300,-4.439524305983095,-3.781965725431214,-0.3188957857169198
1957032519316,-3.899624184713555,-3.5411952811913094,-0.28647150441938574
1957032519333,-4.597290840079372,-3.219523353681778,-0.26126248396152896
1957032519350,-4.799285846398812,-2.396814421630627,-0.17097579882220193
1957032519366,-4.5820395439468875,-2.6509783720940177,-0.1157546536279267
1957032519383,-5.122691422059255,-2.723131641463574,-0.3063574444756393
1957032519400,-4.800837488980076,-3.1965899070221986,-0.4351377961504814
1957032519416,-5.0129091550811165,-2.9578233614514295,-0.3559561898412623
1957032519433,-5.300360071069742,-3.327866485838743,-0.5201611046604419
1957032519450,-5.339381559141077,-4.031918790608611,-0.4872733632970231
1957032519466,-4.414577405072168,-4.331124406362244,-0.4534835641569629
1957032519483,-5.215628913554438,-4.051015002589828,-0.7077967522223845
1957032519500,-5.994651311777771,-4.883954908855636,-0.3572817735241064
1957032519516,-6.320089989708255,-4.788299229444001,-0.43632921207567066
1957032519533,-6.747321430757343,-5.473368635713044,-0.5270577480206308
1957032519550,-7.19217437805406,-5.550951404211813,-0.4104554108803571
1957032519566,-6.6435936753331495,-5.405618364625152,-0.2887359888294493
1957032519583,-6.916541081260252,-5.360575869494417,-0.32039260655918933
1957032519600,-6.633829375501432,-5.853671931793511,-0.2807263975197193
1957032519616,-6.843112648904651,-5.565443223453085,-0.2885181922359674
1957032519633,-7.377225082658587,-5.756232362541822,-0.00033623764367329834
1957032519650,-7.725301481729693,-7.050094996449295,0.029275134929891644
1957032519666,-8.012323019340709,-7.241765841262338,-0.010665960016932097
1957032519683,-7.584742229018042,-6.919960418094747,0.026413927664456383
1957032519700,-7.9432823326223705,-6.745890994964803,0.2449364963650953
1957032519716,-7.992210922831688,-7.090913222309028,-0.04004979459576896
1957032519733,-7.887352449315091,-7.240941357311504,-0.06444805978240686
1957032519750,-8.436438367012245,-6.279262429069529,0.13020408154544016
1957032519766,-8.705426924750558,-6.694949717437988,0.43909084658794884
1957032519783,-8.777799018646782,-7.481865980106633,0.959214599235878
1957032519800,-9.299503647062174,-6.787156376303728,0.686623799804077
1957032519816,-9.647140803890872,-6.789487917242812,0.6110516153919507
1957032519833,-9.973405489619527,-5.82631325426342,0.41602133500629646
1957032519850,-9.78530167299308,-4.359131576868767,0.25045392689694745
1957032519866,-9.224798973376956,-4.116606282555702,-0.1691601922052549
1957032519883,-9.556531678369904,-3.684224321279089,-0.36631785488945945
1957032519900,-9.671123178699693,-3.50644559909317,-0.8097854646760192
1957032519916,-9.251686007172594,-2.7436259036461284,-0.9714068077033615
1957032519933,-8.560317319271014,-2.1555408186219016,-1.269739381932125
1957032519950,-8.719495048139304,-2.9121113006032067,-1.9016349239504073
1957032519966,-7.831888286584865,-3.7867394675770325,-1.9782831861062466
1957032519983,-8.281368371721507,-4.550325519968802,-1.6766539483280003
1957032520000,-7.91880082835417,-5.16295157401223,-1.5146972635687106
1957032520016,-7.613971368053775,-5.3183119507127525,-1.3745415449050202
1957032520033,-8.070059241467671,-5.400666782048263,-1.3950792159995447
1957032520050,-7.935813378600845,-5.8743028144166916,-1.4881402928999512
1957032520066,-8.664081815759072,-5.965747124889229,-1.5739358769963334
1957032520083,-8.798454244052978,-6.326170821031106,-1.682368396448769
1957032520100,-8.637746795098725,-6.726957792204955,-1.457272632232017
1957032520116,-8.489156738804967,-6.609837560702727,-1.3341564116909495
1957032520133,-8.961025118066496,-6.443953916145885,-1.0859343291396282
1957032520150,-8.907033091172723,-5.62805891190386,-0.9929124805589823
1957032520166,-8.989674060150827,-5.637776169026456,-0.7837689985433643
1957032520183,-8.560232981142427,-5.900547520188276,-0.8591757203934054
1957032520200,-8.714143060077843,-5.991525071086608,-1.1891666874204805
1957032520216,-8.746493635616,-5.82898920945587,-1.145774226741458
1957032520233,-8.93738743684739,-6.78643149821074,-1.4691487360125188
1957032520250,-8.735931303502241,-6.5973488201744495,-1.3134074963069846
1957032520266,-9.164892545807753,-6.859921064090664,-1.2476804866435187
1957032520283,-9.09674522626097,-6.352142952472563,-1.3838368286406437
1957032520300,-8.99888388164192,-6.783982723512605,-1.175046303042464
1957032520316,-8.382779364202909,-6.999054431317834,-1.2074155731709817
1957032520333,-8.3412300853082,-7.107323911893588,-1.2693798286420634
1957032520350,-8.496095943581109,-7.40068695216748,-1.3175668303851789
1957032520366,-8.39723483041573,-7.426684988604123,-1.4770292320545049
1957032520383,-8.25748436695403,-6.72411534539089,-1.4760819863088743
1957032520400,-7.917716296634212,-6.651977512139483,-1.4880178849037842
1957032520416,-8.419230819037724,-6.620928286454459,-1.4223250814408888
1957032520433,-7.996160070638707,-6.329760569920164,-1.4337560231330084
1957032520450,-8.199734302285453,-6.175402619480463,-1.510030103261798
1957032520466,-7.7492613500610235,-6.222757880891997,-1.4291474635407897
1957032520483,-7.557459300731291,-6.360512808099726,-1.4493926192219353
1957032520500,-7.881310104253323,-6.2628282554963555,-1.251803119867936
1957032520516,-7.44556784570333,-5.776791667879145,-1.3500611372839457
1957032520533,-7.1031996173855365,-5.737652702721998,-1.610435720034932
1957032520550,-6.6583248010007114,-6.946112018374512,-1.299716467797916
1957032520566,-6.794844727617734,-7.03521827056252,-1.304600239273539
1957032520583,-6.603542662130618,-7.01780060414027,-1.4626541137666729
1957032520600,-6.7466411290010475,-6.426668564540388,-1.4692727533191077
1957032520616,-6.384304138038391,-5.323487773194964,-1.237589190456022
1957032520633,-6.406856549085208,-5.214889195183023,-1.3842630966538116
1957032520650,-6.693173800995319,-4.69456910467038,-1.9219539223088078
1957032520666,-6.937901333801499,-5.210247903102525,-2.1743743445137573
1957032520683,-6.9397529038412955,-5.828202311115837,-1.947243527434219
1957032520700,-7.635384707321079,-6.6442866288456,-2.122947527315322
1957032520716,-7.070316165120865,-6.124593146854992,-2.2454813291701337
1957032520733,-6.590866284816115,-6.343614166603638,-1.9968525788332432
1957032520750,-6.515898294358891,-5.754048224141537,-1.9600504365200508
1957032520766,-5.62606064992988,-5.860255875059854,-1.9325029249718968
1957032520783,-5.766571755762637,-5.813718247407077,-1.738304418388095
1957032520800,-5.514232320846074,-6.222767984005273,-2.153582630264151
1957032520816,-5.817985245125218,-5.271271651271361,-1.8326221528362665
1957032520833,-5.532986747171273,-4.802653127433286,-1.6007920473054382
1957032520850,-5.625262553348039,-5.386215939250169,-1.9117866920176732
1957032520866,-5.615681838556141,-4.814944329611143,-1.8148222197084518
1957032520883,-5.795951151338039,-5.31642683166276,-1.970639881122929
1957032520900,-5.781852349808693,-4.907296387375133,-2.1179333044184796
1957032520916,-5.970333567577095,-4.627000830446752,-2.008924117486893
1957032520933,-5.14507045781799,-4.66785403170223,-1.7365773163890843
1957032520950,-5.010126463096848,-4.5535679183541,-1.6184927282347217
1957032520966,-4.307388688845588,-4.67509152158061,-1.760888717775508
1957032520983,-4.5671696243308695,-4.812284387999448,-1.742491556883285
1957032521000,-4.564234103595225,-4.743766669717282,-1.254325139346919
1957032521016,-5.178762174573563,-4.429516850330088,-1.1546792325102757
1957032521033,-5.445080000434797,-4.606131078807996,-1.1116651057119353
1957032521050,-5.845520481426105,-4.861210974235945,-0.7080073136274604
1957032521066,-5.847334150486463,-4.915274676546009,-0.5938819206019668
1957032521083,-5.360717025950146,-5.069222314077364,-0.5081434685915917
1957032521100,-5.9121188264467195,-5.787887253158088,-0.3466654103076898
1957032521116,-5.987595915007471,-7.057527758725963,-0.3444425871882948
1957032521133,-5.926033301620276,-7.061489060486608,-0.3743229219316
1957032521150,-4.845323477139784,-7.016539599648928,-0.06929230085602034
1957032521166,-4.498323124902881,-6.822201846021262,-0.022855488392772738
1957032521183,-4.233753732575468,-7.611466467910112,0.3459140929978981
1957032521200,-4.55244131795543,-7.925814746281966,0.329310171057261
1957032521216,-5.206143774301189,-7.329123016669005,0.4727892939321128
1957032521233,-4.920120830405936,-7.4675887244672685,0.20009372521284452
1957032521250,-4.053455290398711,-7.597247045748974,-0.10464079204099008
1957032521266,-4.402351766717632,-7.229832912690479,-0.1595737141159156
1957032521283,-4.523035120690735,-7.534799669174582,-0.20990510128957718
1957032521300,-4.343490023430911,-7.347196765358234,-0.026594149056165417
1957032521316,-3.54165015910382,-7.83631543725247,0.021583199023726962
1957032521333,-4.057688297146094,-7.94506884930185,0.06576092343332318
1957032521350,-3.6558066211588542,-7.360532532367417,0.22175204790054437
1957032521366,-3.541861937462021,-7.201402511327927,0.049605283141878065
1957032521383,-3.0702389379866553,-7.357625436949204,0.2880904143452534
1957032521400,-3.1056021451774116,-7.676322870058345,-0.07894150518737209
1957032521416,-2.5214699325635808,-8.28725655130781,-0.07179742795006172
1957032521433,-2.103302282029302,-8.640180930023668,-0.3732868097654064
1957032521450,-1.8095718149105422,-9.06701546723162,-0.3009512835753698
1957032521466,-1.6996110214246096,-8.60521339865193,-0.20237091986456057
1957032521483,-1.5744551039291936,-8.343101635596906,-0.009749352368207953
1957032521500,-1.3465861252818687,-8.02705044510061,0.20437279982055734
1957032521516,-2.2711296313642273,-8.0382197332594,-0.11815616311403399
1957032521533,-2.009147816760387,-8.55329498555383,-0.4945201611311082
1957032521550,-1.893448686193738,-8.894589380292143,-0.3245815859220109
1957032521566,-1.3813481419693918,-8.133529821870153,-0.18013770055886347
1957032521583,-1.547541770272801,-8.409947605511626,-0.34016507090706805
1957032521600,-1.3992914533597123,-8.244573264319886,-0.07479191667317264
1957032521616,-1.2307970553807808,-8.122319029884885,0.09455565401715571
1957032521633,-0.9291949451863362,-7.652757170556563,0.3601093560556521
1957032521650,-0.6934193814770575,-8.072900971014562,-0.13759966199048335
1957032521666,-1.0210106617279475,-7.8140849435169555,0.04714848938228666
1957032521683,-0.7092726470558972,-8.328555138619581,0.07822108052035492
1957032521700,-1.0653246186971632,-7.363590785172667,0.051505307964794245
1957032521716,-1.538055322133439,-7.5845086111702,-0.3125598411471122
1957032521733,-1.5792350984512655,-7.322200018820478,-0.6643272836256078
1957032521750,-2.231444200257228,-6.716364050172439,-0.5656659955830251
1957032521766,-2.311077756858722,-6.450305801707973,-0.5207278658481537
1957032521783,-2.0975575875835433,-6.582293816064483,-0.8250347831548592
1957032521800,-1.8294650320002868,-7.214259973178096,-1.1683602509559043
1957032521816,-1.9866957796546814,-7.034255869574181,-1.117432559840442
1957032521833,-1.7723150841863378,-7.791982831718077,-1.024991814042182
1957032521850,-1.631633397264305,-8.168089698650466,-1.254747382483973
1957032521866,-1.8693842290459886,-8.663530808580228,-1.4357415159363713
1957032521883,-1.8967097964297395,-8.925260014935338,-1.1205129612441411
1957032521900,-2.381435856882528,-8.715459466497533,-1.5802580408942055
1957032521916,-2.7179285349913145,-8.086355225011783,-1.6807489165961411
1957032521933,-2.8916271722877758,-7.641729810640808,-1.9057689050002042
1957032521950,-3.164601428293022,-7.787085267524517,-1.501242273974794
1957032521966,-3.29976168136968,-8.324320629698292,-1.6957853093422743
1957032521983,-2.8333161434181307,-7.928583817602831,-1.806244766891143
1957032522000,-3.3506685996088033,-8.105469081201422,-2.1025938224321443
1957032522016,-3.0980143803272,-8.227700206743922,-2.026136686853734
1957032522033,-3.154487107339818,-7.694342721616152,-1.9490375830422593
1957032522050,-3.864160706469961,-7.725339271837772,-1.7482614196942317
1957032522066,-3.7674991310750223,-8.134498189020055,-1.6130333663920693
1957032522083,-4.2676866299031175,-8.59955033785286,-1.6097817793941402
1957032522100,-4.233810117124846,-8.890062212054563,-1.3560488895790037
1957032522116,-3.960709525750061,-9.301829146393988,-1.1653306732023896
1957032522133,-3.4744261357178305,-8.91703110295123,-1.3712409813180482
1957032522150,-3.378409368698626,-7.535953847497972,-1.2489097307776675
1957032522166,-3.968855909636,-7.23624714589562,-1.193065730413833
1957032522183,-3.3204784037910513,-7.866439333795898,-1.0982833464330932
1957032522200,-3.6773987639692036,-7.568536549044442,-1.1207344812291515
1957032522216,-4.465814496381097,-7.86843768404892,-1.173101367407338
1957032522233,-4.37203574425142,-7.610924389998518,-1.1732614985508307
1957032522250,-3.777678230039415,-8.056230860505737,-1.2658578643605232
1957032522266,-3.7353517294720824,-7.74582362322647,-1.0452900980918067
1957032522283,-2.8765375696787,-8.225799828529503,-0.6787516323490412
1957032522300,-2.9182824274240105,-8.579261195726946,-0.7725159728867121
1957032522316,-2.93570117697996,-9.004756935151217,-0.5935517665443937
1957032522333,-2.7555406646453617,-9.246726564602357,-0.32727252243704186
1957032522350,-2.8028060339720087,-9.288692347303689,-0.7466244372377366
1957032522366,-2.776056275714109,-9.004219500671685,-0.7156362485271008
1957032522383,-2.516824855422715,-9.180904967657714,-0.8166624905182961
1957032522400,-1.9488315917090349,-9.208765864422382,-0.7846205370109023
1957032522416,-1.6845411568228483,-9.019045281484226,-0.6580464404841792
1957032522433,-2.079813134033365,-9.199631396813157,-0.17770893365810114
1957032522450,-1.9046016621043562,-9.057655364667614,-0.3970652294863385
1957032522466,-2.1910514284768134,-9.99772148177362,-0.19560586774331667
1957032522483,-2.7213997777257344,-9.721142956062353,-0.5511325872225641
1957032522500,-2.555008470590523,-9.06697190447386,-0.4938720206705387
1957032522516,-2.372529841952562,-8.893380262921674,-0.20238112510858008
1957032522533,-1.7118891467123971,-8.75696127249242,0.025149546581241466
1957032522550,-1.7944443841207107,-8.314228030420402,-0.14451726056906966
1957032522566,-1.4676545847379279,-8.884333131105873,-0.01633403233922337
1957032522583,-1.8344145630715873,-8.6512868596054,0.24263706699822873
1957032522600,-1.8587400287095783,-8.342516327021816,-0.017301273869703593
1957032522616,-2.3588118548560084,-8.509469282908222,-0.21848585180171065
1957032522633,-2.8817514581795782,-8.15189424206913,-0.06754135423752938
1957032522650,-2.8616850052380745,-7.831710520650874,-0.12285420815664905
1957032522666,-2.803099839535198,-7.555299183018575,-0.2029083232998089
1957032522683,-2.8819887691767585,-7.200858711272912,-0.014135468795513972
1957032522700,-3.253770620795846,-7.197048408138785,-0.12067319219360662
1957032522716,-3.858530089189143,-7.007465745510952,-0.18325278875642514
1957032522733,-2.7840199584402843,-6.550571802397828,0.062126719342908254
1957032522750,-2.974217113511358,-5.913609355362652,0.10219095749623763
1957032522766,-2.850922839333671,-5.475542131503875,0.1650141033770416
1957032522783,-2.599277496354562,-5.642636086150526,0.5763995701851106
1957032522800,-2.2902989515129204,-6.383422653064777,0.9335527872776879
1957032522816,-2.1312528325322777,-5.909648096871239,0.8084259022908173
1957032522833,-1.3419979645950582,-5.7876764099894045,0.6295005539067529
1957032522850,-1.5772867188526787,-5.559652100326295,0.6094690671189074
1957032522866,-1.9179502424874815,-5.205374795416348,0.739332267227679
1957032522883,-2.5762005697310353,-5.020120774116618,0.4549790826325779
1957032522900,-2.256135394458972,-4.777661020295982,0.31851547051755236
1957032522916,-2.021547565891883,-5.114091260531105,-0.20590904591111492
1957032522933,-2.369982846422077,-4.776839968148436,-0.027669629265200335
1957032522950,-2.7433844142296318,-4.864097677541293,0.15552800040614367
1957032522966,-2.940319255569927,-5.587331874569537,0.29775355048265006
1957032522983,-3.0912121416651135,-5.733641914800224,0.0906793244639772
1957032523000,-3.1936782147982723,-6.215667577176775,-0.039830041516104364
1957032523016,-3.1745989611569,-6.666072491864324,0.17724827622779493
1957032523033,-3.596273122072009,-6.953712560839762,0.11079667387862746
1957032523050,-3.6551711251517167,-7.341632191989889,0.09325450727258033
1957032523066,-4.30890727463012,-7.459288385379876,0.49572896687819257
1957032523083,-4.661568070681209,-7.14709282076219,0.23671724097432123
1957032523100,-4.545289613158248,-7.003726582153658,0.6103736281429624
1957032523116,-5.3564820948466965,-6.7939608772241105,0.6597532331683731
1957032523133,-5.2628260298405385,-6.096176224310745,0.6100845429534167
1957032523150,-5.374079406678887,-4.916545172796269,0.6371145778556409
1957032523166,-6.58475865455537,-4.896855488303956,0.7992275392538501
1957032523183,-6.979470191947311,-5.008012472843628,0.9452878174500527
1957032523200,-7.000706336143012,-4.486601130156699,0.9751176300173552
1957032523216,-7.755350257026162,-4.655434923696968,1.0048545691835398
1957032523233,-7.148478010052699,-5.112739443865756,1.0498397896472995
1957032523250,-6.779119876094141,-5.104334666372835,0.7144798166651039
1957032523266,-6.391008592581456,-5.202791966722239,0.6413449512988298
1957032523283,-6.2057611402986685,-5.24280367854611,0.6994447690347236
1957032523300,-5.773904190194649,-5.3055150558378585,0.7538461976619368
1957032523316,-5.503600641661845,-4.94028155501165,0.6867880079141089
1957032523333,-5.525091801592679,-4.945847986602248,0.6640625243943061
1957032523350,-5.644467108542467,-4.493819568457586,0.27824432077037087
1957032523366,-5.46109657695496,-4.754422123031485,0.23804536825755962
1957032523383,-5.515702137119105,-4.983707774378504,0.41445195401627277
1957032523400,-5.332426518136943,-4.933753660918286,0.6132563488013576
1957032523416,-5.780794796701992,-3.846663654921372,0.7104900229731559
1957032523433,-5.713540839017172,-3.4919067191358026,0.4285988367136877
1957032523450,-6.095135177030217,-3.5524220100354493,0.3519818116397446
1957032523466,-6.10153019152579,-3.289663519354143,0.14092936341883
1957032523483,-5.921200604188872,-2.332435279172496,-0.06389838814284365
1957032523500,-6.440681257788935,-2.4459390717384064,-0.19122428500294741
1957032523516,-5.64736812549119,-2.74362441254443,-0.645392201849708
1957032523533,-5.3332616810499704,-3.1501783783842208,-0.7177742867949239
1957032523550,-4.532429769811544,-2.4780863665424073,-0.33218574434143877
1957032523566,-4.501658868986704,-2.454208688584219,-0.26231654946512173
1957032523583,-4.12482738964055,-2.813140926162815,-0.3168312946880101
1957032523600,-3.715231334743784,-2.8383247833751346,-0.685437113940448
1957032523616,-3.4729780249093056,-2.8656323369819026,-0.5362905237124265
1957032523633,-3.2235040067415803,-3.052546620646245,-0.3648076912412883
1957032523650,-3.0924071361579566,-2.4634139923155765,-0.560016785803265
1957032523666,-3.718321446244205,-3.3680494885672623,-0.4067492993414482
1957032523683,-4.37064471050323,-3.607389216207177,0.03961578944866506
1957032523700,-4.69626939048001,-3.6296903891958268,0.5012105598392764
1957032523716,-5.059326369306172,-3.2395202125350155,0.14541753411335812
1957032523733,-5.531562269584807,-3.6007703723033653,0.028077499404864037
1957032523750,-5.888133370129727,-3.8011831994751617,-0.11005066175400313
1957032523766,-5.465350072422612,-4.138010405297691,-0.08660945208294046
1957032523783,-5.73059184565119,-4.354416198948213,-0.1765204514254286
1957032523800,-5.397550427785924,-4.183557183121038,-0.040228278280685315
1957032523816,-5.4704915468252535,-3.96907107167957,-0.16036048431216832
1957032523833,-5.792854134291327,-4.294044566515438,-0.17774902600711961
1957032523850,-6.484117191366137,-3.6239206616848754,-0.03845786052915956
1957032523866,-6.8379752020482725,-3.8311372366210503,0.1460780629311349
1957032523883,-6.835075789751349,-3.2755451888896197,0.324911003784107
1957032523900,-5.892833562606521,-2.601810465919421,0.0014813127822399519
1957032523916,-6.0586882543777865,-2.850310346295626,0.1551906731188939
1957032523933,-5.7248902839784925,-2.912317675481675,0.10019451025694681
1957032523950,-5.507604850895408,-2.9114620244406217,0.42618524839121696
1957032523966,-4.968094667111226,-3.0351386226861186,0.8128662853664568
1957032523983,-4.438061036698993,-2.832429783281964,0.881042848063283
1957032524000,-3.743116777568882,-2.9706590670892807,0.7606796315000819
1957032524016,-3.4103501849104685,-1.989787242592131,1.0653903875195612
1957032524033,-3.724701831667739,-0.9790576549210606,1.0195274844106623
1957032524050,-3.9406350793594283,-1.3679657202693978,0.595541372389597
1957032524066,-3.7769317687353334,-1.570277585347971,0.201347487235632
1957032524083,-4.127373415638491,-2.268695170642549,0.27009064561640095
1957032524100,-4.457766176737705,-2.209925769918539,0.19620290146979835
1957032524116,-4.136726646100326,-2.826502475535197,0.01085365254128079
1957032524133,-3.861701415475208,-2.6516184902809576,-0.01744049485193977
1957032524150,-4.075528951411895,-3.4689361998057278,-0.24748063497997952
1957032524166,-4.360138075495586,-3.628601681341962,-0.470959195461242
1957032524183,-4.388089415569624,-3.6088973594334957,-0.45948772342925015
1957032524200,-4.478036286264779,-3.2269449796087177,-0.5956839937187686
1957032524216,-4.949234143216669,-2.827970023483855,-0.7400792851029389
1957032524233,-5.321046482994312,-2.219898311204339,-1.1201653587198797
1957032524250,-6.248211405562797,-2.3188847574217784,-1.1327727538308212
1957032524266,-5.892684477219277,-2.3216239777679673,-0.8075536203050827
1957032524283,-5.524665174898516,-2.3700605378544446,-0.767793590193101
1957032524300,-4.873092910087263,-2.393690555317914,-0.7663320115849582
1957032524316,-4.464985993612823,-2.582835939595087,-1.1384424424531592
1957032524333,-4.856176110346554,-3.262168368895227,-1.2240953485067714
1957032524350,-4.704704680956635,-2.99430405131262,-1.355522819526166
1957032524366,-4.954679018054548,-2.7889167840454427,-1.2540270613740545
1957032524383,-5.464039697900177,-2.4800898781578145,-1.0852735220608623
1957032524400,-5.365070571465009,-2.4517451722835015,-0.7654782638458693
1957032524416,-4.967199071907911,-3.263504846114405,-0.7145623404314634
1957032524433,-5.136987873132473,-3.6431011366584465,-0.7477946890306607
1957032524450,-5.2507270513875035,-3.5206212407232282,-0.59822119088113
1957032524466,-5.035163098420181,-3.941366280950561,-0.7999442169421837
1957032524483,-5.2949806136755235,-3.57738125172054,-0.5833453930250199
1957032524500,-5.004967387630044,-4.162808966340348,-0.4914739741812416
1957032524516,-5.0196051482108,-3.8879760621203223,-0.5670761856325706
1957032524533,-4.422612862266535,-3.7455254618354212,-0.39054863983035015
1957032524550,-4.67764191805248,-3.621767979172898,-0.22914005230220824
1957032524566,-4.448159757922539,-3.9293290140867105,-0.3970933948751022
1957032524583,-4.6949695999769965,-4.4278554023108585,-0.8007741329716249
1957032524600,-4.884186466754603,-4.451090581774011,-0.5465260927477065
1957032524616,-4.810088078453499,-4.809050844848726,-0.6369621981412638
1957032524633,-4.551421519654864,-5.247856100977177,-0.8537812157917928
1957032524650,-4.708183811163231,-4.486159418032788,-0.8176033888380096
1957032524666,-4.631163193908179,-3.914320657071977,-0.7754907493297225
1957032524683,-4.9906154032789205,-4.6004332985039795,-0.6753158362967695
1957032524700,-4.33816988606652,-4.8333545123289685,-0.6411959078040619
1957032524716,-3.8008161426358953,-5.171957819141948,-0.4024549501002541
1957032524733,-3.7720710913937516,-6.057378902216691,-0.5860729262264317
1957032524750,-4.406613173491831,-6.708085866450022,-0.7027382098541759
1957032524766,-5.13162946125253,-6.901468672582736,-0.47100678161319265
1957032524783,-5.2155074937730825,-6.356642841729794,-0.7391824428643299
1957032524800,-4.662591104162768,-6.2192294642612005,-0.7357557048720466
1957032524816,-4.0436249752765745,-6.235207159628686,-0.6125598731761474
1957032524833,-3.8509961586839925,-5.674440886002487,-0.34400281913476416
1957032524850,-3.819452940014062,-5.753176216317387,-0.18171567733512595
1957032524866,-4.22369258591419,-5.484368406256759,-0.045040276177004124
1957032524883,-5.110575545605936,-4.884762567860773,0.38925020070923066
1957032524900,-5.167886036426049,-5.2120405065972735,0.36436425342751066
1957032524916,-5.111029041042655,-5.573167813638244,0.3989737949698935
1957032524933,-4.731178187835074,-5.472519640466557,0.1406804556020964
1957032524950,-4.824902163402976,-5.18001627201142,0.007036728359323785
1957032524966,-5.095011532717982,-5.240366902957974,0.027823262701417217
1957032524983,-4.550061129997872,-6.029216125009185,-0.23950983309534501
1957032525000,-4.243577291906122,-5.842515065758738,0.24315882625903762
1957032525016,-3.9922738610703927,-5.996903624988267,0.5711817879562624
1957032525033,-3.638126153328147,-6.0837004021470324,0.6856900758289457
1957032525050,-2.8618683056818695,-5.728714587708709,0.569288301754231
1957032525066,-2.9917688949078864,-5.360861900845235,0.8480347055820465
1957032525083,-2.712221344600749,-5.234366306289282,1.1347203774456585
1957032525100,-2.773962362830773,-5.745624223437782,1.2614417498023833
1957032525116,-1.9739414267157382,-5.851339584185667,1.1674500667228163
1957032525133,-1.6854562284173413,-6.037711070297839,1.0250271758772111
1957032525150,-0.7550495335067104,-5.38499359561738,0.9734431482762402
1957032525166,-0.8384972983218235,-6.414881682021369,0.9046964084037932
1957032525183,-0.48654371677617725,-6.48297618280863,0.8067917040942303
1957032525200,-0.651390690565055,-5.731066666087885,0.4494968981415197
1957032525216,-0.4415647498005564,-5.955294927356159,0.5362187704384933
1957032525233,-0.7212094311026789,-6.279832977587988,0.5977369776592185
1957032525250,-0.7755077801892938,-5.6509018935073865,0.5894067204893012
1957032525266,-0.9520633553917008,-6.626292248316073,0.7897062295903987
1957032525283,-1.0816514520456888,-6.972510434974516,1.0031037858376046
1957032525300,-0.6222560295211572,-7.234372718387666,0.7791704150442589
1957032525316,-0.49496948880144487,-7.086414879281521,0.9229317301616469
1957032525333,-0.15267048002256534,-6.672676593566988,0.7857224013356234
1957032525350,-0.25038432196113103,-6.206383751640915,0.7325000121750338
1957032525366,0.07002498617740205,-6.420227126897663,0.4511176034951292
1957032525383,0.4067610501549481,-7.43452870468439,0.5010097012525514
1957032525400,0.049710941027795386,-7.135672562221241,0.4925684439359328
1957032525416,-0.4741203871181554,-6.863113730904181,0.3893268521481512
1957032525433,-0.840514093915087,-7.971029212960083,0.34791445209595917
1957032525450,-0.999549642253819,-7.808809353173221,0.5089521821733491
1957032525466,-1.5972038394925097,-8.00187108716058,0.5240626401996602
1957032525483,-1.6945902599863985,-7.501460279142432,0.5612983885017202
1957032525500,-1.7083317426051225,-8.301777024741885,0.7220616254783347
1957032525516,-1.9184981875051852,-8.054730453728695,0.3261066634896377
1957032525533,-0.9757581842227232,-7.516953531062255,0.28210948186384166
1957032525550,-0.4507713090378598,-7.446807684331986,0.22948139225401354
1957032525566,-0.6174564975024932,-7.472952571790865,0.21860767455859853
1957032525583,-1.1205974301188588,-7.060848440909655,0.44556782845463205
1957032525600,-1.4281188502650588,-7.073521264056172,0.09334928112944674
1957032525616,-1.7699944183777898,-6.538001016396272,-0.4688750873252834
1957032525633,-1.9491279999913602,-6.150564954919985,-0.46779039066286976
1957032525650,-1.5691433812077653,-5.8701616190355965,-0.5250508929403099
1957032525666,-1.5171453388367002,-6.091213038222391,-0.38275762467842556
1957032525683,-2.3186552043218023,-5.554350878406444,-0.24649921399380914
1957032525700,-1.9366108438654446,-5.840925394527168,-0.3225579775734452
1957032525716,-2.646966068879905,-5.7795535569027,-0.2715618857574287
1957032525733,-2.2384904359488136,-4.812615772381161,-0.25100190608917505
1957032525750,-1.6461994330703522,-4.87493736630253,-0.1311730206358086
1957032525766,-1.5322589349453546,-5.033338507351136,-0.4199919637422975
1957032525783,-2.081344596959713,-5.133040561102235,-0.2176494569308678
1957032525800,-2.2008925808008954,-5.928751124153237,-0.47987148376153743
1957032525816,-2.329443198930878,-5.391451143534716,-0.18688507624703943
1957032525833,-2.7282886006603437,-5.141900815990337,-0.22175175370577493
1957032525850,-2.7434169661889656,-4.705091445008385,-0.05656387580092048
1957032525866,-2.6270593374314375,-4.6314412513110375,0.047265503939012854
1957032525883,-3.5598167145899184,-4.606893931721086,-0.16320318806744805
1957032525900,-3.611573786870526,-5.456236726467012,-0.08452602346133897
1957032525916,-4.046271388873619,-5.542545554782433,0.04192229087108412
1957032525933,-3.279170575728037,-5.176480833945964,0.3124953444883891
1957032525950,-2.570780690794978,-5.331987165249268,0.3811879229442199
1957032525966,-2.6108050359523287,-5.7327721297664445,0.4833346587167118
1957032525983,-2.946819042599106,-5.659934566778558,0.07364311065644769
1957032526000,-2.9658202415830144,-5.54697239124086,0.3888947737753512
1957032526016,-2.735556067358199,-5.5570447018882225,0.29832172782720123
1957032526033,-2.694507666882764,-5.937366786050003,0.42289643492866746
1957032526050,-3.190224663771242,-5.512299657974017,0.2134662695012124
1957032526066,-3.2629635539712916,-5.539248628046241,-0.062249999458563576
1957032526083,-3.468301621561833,-5.592152757008882,0.10668394401616355
1957032526100,-3.6353527843899553,-5.655643987854582,0.022589709268846736
1957032526116,-3.467425324091512,-6.093750361742865,-0.19593975167697142
1957032526133,-3.653210820256975,-5.909292465667768,-0.26462234354578673
1957032526150,-3.2602665118274703,-5.826936198012642,-0.29167369156457335
1957032526166,-3.1741861498411894,-5.556038134051976,-0.28695260548597257
1957032526183,-3.4531212533354316,-5.885120005992359,-0.28494212409650177
1957032526200,-3.4566962429424595,-5.205280229675627,-0.288252613794167
1957032526216,-3.6504797697957856,-5.52836343499311,-0.3445108034740435
1957032526233,-3.3792157642047944,-5.733947051706798,-0.1166945798401432
1957032526250,-3.4327022313356097,-5.0345705391295885,-0.28442427170118223
1957032526266,-4.1819682794154875,-5.3011837353989995,-0.383900899423123
1957032526283,-3.4979239287184174,-5.59351206824073,-0.23645174865720364
1957032526300,-2.7992665292209997,-5.034732862328814,0.1481951432775186
1957032526316,-3.321271659591801,-4.870812290059325,0.4082109304492558
1957032526333,-2.6292372867502416,-4.913876531573508,0.5154592369605939
1957032526350,-3.3643095490745853,-5.541779825545121,0.4172670956231015
1957032526366,-3.186234592202151,-4.937372263255321,0.5454741189348358
1957032526383,-3.4640440692515626,-4.717845956967016,0.49166917459694703
1957032526400,-3.3938741837370174,-5.486907867003668,0.6187823473096294
1957032526416,-3.694488733202819,-6.037339955844797,0.42330704662648566
1957032526433,-3.135967582099259,-5.921288244229408,0.4918170497605041
1957032526450,-3.5455787718043936,-6.598652319207205,0.5741767541694534
1957032526466,-3.996535259589197,-6.96325300134059,0.4035242539540498
1957032526483,-3.9140614539092122,-6.532609371948083,0.2913959062403575
1957032526500,-4.042289447902793,-6.3293425903253935,0.6495911220426718
1957032526516,-4.109234596961349,-6.575653174888608,0.7870538830651261
1957032526533,-4.288774663602281,-6.659087450418315,0.8969364663621424
1957032526550,-3.8079939386989676,-6.687294209513125,1.0429492247482344
1957032526566,-3.3707969354866383,-7.243117021108667,0.9566698669657387
1957032526583,-3.7962716029284955,-6.763061804118618,0.9661183116349199
1957032526600,-3.805983993939332,-6.45585559942544,0.8595230508395821
1957032526616,-3.832850131295614,-6.883996790762015,0.852749248845027
1957032526633,-3.8965612102634006,-6.588437123309563,0.8916040430857499
1957032526650,-3.595792467093214,-6.175319006565193,0.7902411184083304
1957032526666,-3.4284745357398116,-6.965798438554975,0.7042921959258237
1957032526683,-3.268224760419752,-7.006829404565291,0.611568082896865
1957032526700,-3.244364140524711,-7.325489807218759,0.4743765479335005
1957032526716,-3.1740996213055084,-7.33835961504975,0.5319451126617449
1957032526733,-2.734459465246232,-7.4372529387960125,0.8633528129218389
1957032526750,-2.8977227092778173,-7.543142360409421,0.7060171421586656
1957032526766,-2.76461953250572,-7.408210445314486,0.17242509262600225
1957032526783,-3.263379288541823,-7.509381451399089,-0.036918210585129785
1957032526800,-3.4945493534770575,-7.185727120784359,-0.007011463337695423
1957032526816,-4.214789115253435,-8.452883427028034,0.24475040237489365
1957032526833,-4.381965977921963,-9.099586096533669,0.36746582309000764
1957032526850,-5.391543534501061,-8.875374520193244,0.44586681558298147
1957032526866,-5.233284541068686,-8.354897026277062,0.7663690759216204
1957032526883,-5.099433343155025,-8.487810806982457,0.4334742635707822
1957032526900,-4.7205212822880895,-8.436596110849617,0.5587189796382097
1957032526916,-4.514571492695994,-7.943905059613616,0.2660213313311126
1957032526933,-4.416049650456139,-7.434105048106706,0.3372340843695405
1957032526950,-3.9596328333483717,-7.412997834433693,0.29421501253152726
1957032526966,-4.5069165186370395,-7.294045877053981,0.42190813127575555
1957032526983,-4.7571736655219095,-7.386149004401928,0.4667078745489337
1957032527000,-5.0401822518383375,-7.620009548768413,0.45512729974214805
1957032527016,-5.088062671803327,-7.4545746145670595,0.5422462056016777
1957032527033,-4.923720267118538,-7.213919459256335,0.46898492135981495
1957032527050,-4.864780142675416,-6.519381231151845,0.35845690718048906
1957032527066,-4.91580001784014,-6.406093766092914,0.3290569862013093
1957032527083,-5.49656776439596,-6.580787198408964,0.3905334473314972
1957032527100,-5.6807173579768895,-6.377119964189392,0.4346504462340641
1957032527116,-4.9524033490000265,-6.563884233244487,0.6673015924736809
1957032527133,-5.0843762290704015,-6.645564040501643,0.580498061840516
1957032527150,-4.059439730315882,-6.429340910701177,0.3774829269906277
1957032527166,-3.8506112592758006,-6.40261663833253,0.2254695993196738
1957032527183,-3.6014842965892155,-6.134061929729672,0.36695527865194344
1957032527200,-4.069050342287673,-6.812362229438738,0.14582579013666286
1957032527216,-4.135428386472533,-6.567397498920364,-0.12590364947653776
1957032527233,-4.060371089423297,-6.717207624907452,0.17608112987685276
1957032527250,-4.126644844530025,-6.1857171837938525,0.03482133153897471
1957032527266,-4.0870581687796035,-6.503023341617213,-0.042197560006625
1957032527283,-3.9350345078422446,-6.536418798508731,-0.548530771662563
1957032527300,-3.8578774861833236,-6.80799770920775,-0.9397808041865706
1957032527316,-3.7241340646715915,-6.551766844437626,-1.0339914187588504
1957032527333,-3.409055003318024,-6.519828086790836,-0.9992727448706541
1957032527350,-3.919919129481797,-6.15006204998309,-0.9363212955606961
1957032527366,-3.986142470057033,-6.130049216877966,-0.7600450951160345
1957032527383,-3.9721251650103673,-6.0780375402612075,-0.7165816435433219
1957032527400,-3.8812769943420187,-6.073003420348042,-0.7005982413015696
1957032527416,-4.634747176255948,-5.823249292651379,-1.1126976196331986
1957032527433,-4.267296111845595,-5.390590934739912,-1.0102810554623236
1957032527450,-4.115071384572233,-5.659890932737714,-0.8588513198614036
1957032527466,-4.061746799342565,-6.433541689586945,-0.6943094645370611
1957032527483,-4.503700058501831,-6.606490291045406,-0.34994785228130965
1957032527500,-4.667633155514591,-7.2203145489844225,-0.258959451719619
1957032527516,-4.1174897526951,-7.284983786035255,-0.3482048869515314
1957032527533,-4.346118532065429,-7.804279316530218,-0.3845521626910442
1957032527550,-4.472010639243497,-8.535507770150218,-0.5620307475394319
1957032527566,-4.739868016515754,-8.953899241848394,-0.6929112051916541
1957032527583,-4.467516068183366,-9.289964995818018,-0.6834336531012664
1957032527600,-4.548108811534746,-9.022419943368773,-0.7605231240156676
1957032527616,-4.611514656283202,-8.718911486650157,-0.7522942426661934
1957032527633,-5.1603824290522375,-7.95930922875497,-0.8403620975664431
1957032527650,-5.0008178327092,-7.580214087484868,-0.7761941624890663
1957032527666,-4.5432716316147115,-7.358753274416543,-0.902003271352845
1957032527683,-4.686806556983106,-6.92610491793112,-1.0124387709092446
1957032527700,-5.042702499486728,-6.547761580382689,-0.9379296747352529
1957032527716,-5.3764511458788045,-6.112777128574771,-0.9404683833283757
1957032527733,-5.376723533218422,-5.754938075813446,-1.2219980033659308
1957032527750,-5.464384463743208,-6.013226053734658,-1.3775903016984703
1957032527766,-6.287402211545496,-6.19220545313879,-1.585890409724798
1957032527783,-6.087355420810985,-6.746644917786332,-1.4438346749523845
1957032527800,-5.371875461206082,-6.278636514467431,-1.330808018109643
1957032527816,-5.3789405022834105,-6.304005120527809,-1.6198244526728685
1957032527833,-5.42190908285192,-6.438458585983467,-1.5568721559026923
1957032527850,-5.1182856128263445,-6.277115429729694,-2.0012364877610955
1957032527866,-4.441279078037699,-6.176048086440935,-2.2688166365817413
1957032527883,-4.278628080552972,-6.02656168141665,-2.113838175969266
1957032527900,-4.347289163930988,-5.373120098236807,-2.328600662893354
1957032527916,-3.9776803024267458,-4.665808553161944,-2.2950750880992477
1957032527933,-4.512726535641956,-4.34638545722334,-2.341822462528219
1957032527950,-3.9216062321819787,-3.8775225444717982,-1.758170664747503
1957032527966,-3.89801827024853,-4.490851435815586,-1.671403774455797
1957032527983,-4.199830330205262,-5.067419607617231,-1.4050904036645842
1957032528000,-3.3451468133631703,-4.896603544942851,-1.304111331782213
1957032528016,-3.5642874393111414,-3.9554594745785234,-1.4558967517948387
1957032528033,-4.31366329500889,-3.446132249116411,-1.2199500334466136
1957032528050,-4.407859193174535,-3.1109235152066264,-1.1474857032994048
1957032528066,-4.466137498026359,-3.9932557726165845,-1.4238878112527713
1957032528083,-4.233459521031842,-4.174980019317672,-1.4056792080754619
1957032528100,-4.383435005477358,-3.7090232559701874,-1.4325031659849035
1957032528116,-3.9195201919498537,-3.286872916653211,-1.4912610220624598
1957032528133,-4.267644892822337,-2.884679391902677,-1.3774032011155317
1957032528150,-3.6651278901678057,-2.136386915920762,-1.4051823410785076
1957032528166,-4.147961567820049,-2.953260101791821,-1.2873156984379484
1957032528183,-3.6244264821762924,-2.528708016973164,-1.4114413708553046
1957032528200,-3.0504384122261707,-1.6791569809940432,-1.5361473389725822
1957032528216,-2.9739234852539895,-1.890699739713769,-1.5236311974868944
1957032528233,-2.7007405548101504,-1.8871298115026969,-1.1926367159846225
1957032528250,-2.9520133681923046,-1.612646327496253,-1.0657124111846386
1957032528266,-3.447445562142697,-1.4849789076651954,-0.9268030206115652
1957032528283,-3.627999611933593,-1.7559283687153808,-0.724279526140446
1957032528300,-4.050309298273019,-2.2789682133106224,-0.47172632683683213
1957032528316,-5.033253545493684,-2.652452442966838,-0.18191448523465192
1957032528333,-5.302438255559564,-2.0344082562732875,-0.030318748001683993
1957032528350,-5.572874876040269,-2.027809240871588,-0.47407896845232833
1957032528366,-5.0769908846282235,-2.1452819678331987,-0.8568791343202811
1957032528383,-4.885428346488369,-3.194516452720523,-0.6256606167603203
1957032528400,-5.172438757044375,-3.205646949155591,-0.4866918793020093
1957032528416,-4.880021458018722,-3.6121739183580632,-0.3653617486135736
1957032528433,-4.651660615563506,-3.642733874654503,-0.4095080062527583
1957032528450,-5.025466760797153,-3.8766383347845172,-0.7591469250959486
1957032528466,-4.590826315317463,-3.1992188161561144,-0.8555407654511182
1957032528483,-3.9317072434119935,-4.039577285949382,-0.8975648401594911
1957032528500,-4.534848360192847,-4.239371789151193,-0.9249743133550963
1957032528516,-4.975893987819736,-4.01646876758479,-0.8025306076266461
1957032528533,-4.089744066701073,-4.432923527942528,-0.6229646142758116
1957032528550,-4.023480848607439,-4.287005372325552,-0.5461717888818041
1957032528566,-3.8626728518271474,-3.720827292446965,-0.569200846804667
1957032528583,-3.1941098637475007,-3.3254558275423864,-0.39960856332011363
1957032528600,-3.351482923850491,-3.811371099555739,-0.473808228243638
1957032528616,-3.6072415106354314,-3.504366463517654,-0.7447909231026015
1957032528633,-3.142243932710895,-3.170796975397069,-0.6246778776232347
1957032528650,-2.8825970060930577,-3.3587917292461484,-0.7860904272525678
1957032528666,-3.435849618990964,-3.5905219560329478,-0.8480898588168807
1957032528683,-3.228238088584647,-3.5505061247999534,-0.893678753805291
1957032528700,-2.775522695244464,-3.63909716049167,-0.8896600397231519
1957032528716,-3.2529558261533675,-3.4382639948182074,-1.1743178520861624
1957032528733,-2.9179069587581665,-4.130800912702863,-1.2804282387880168
1957032528750,-3.251837234962765,-4.1319613045569294,-1.6749886781473018
1957032528766,-3.58876738623955,-3.992791912818212,-1.5186259960841013
1957032528783,-4.359301730285885,-3.8963448808112933,-1.7449711982888934
1957032528800,-4.355922859157847,-4.069264617444965,-1.8541618920769518
1957032528816,-4.726316055928555,-4.276544797852946,-2.1385224581267126
1957032528833,-5.51287165879062,-5.159382045884757,-2.4778138375935725
1957032528850,-5.231839034226175,-5.225793818079664,-2.3393980200140216
1957032528866,-5.404146405052382,-4.714472824508732,-2.5599777033218976
1957032528883,-6.055274987161039,-5.460698912575326,-2.69312711764759
1957032528900,-6.013940427647583,-5.842292896062495,-2.9029192846722385
1957032528916,-6.450158828021282,-6.688063529333888,-3.2149207798605515
1957032528933,-6.647300298193646,-6.742566615091327,-3.42296645453112
1957032528950,-6.4703736724059695,-7.153266555525698,-3.550032490609514
1957032528966,-6.916252038232538,-7.722444596815148,-3.6852333774882107
1957032528983,-7.10436806603463,-6.762156625812554,-3.5385722411084624
1957032529000,-6.4625002426777955,-7.271248993764825,-3.410449187075546
1957032529016,-6.911517233329588,-7.49639959841517,-3.5909969989268307
1957032529033,-5.914167150654859,-6.982561757244798,-3.6482263943999724
1957032529050,-6.119455989014923,-7.566516848590004,-3.460113869216968
1957032529066,-5.906823270944787,-6.784840027929809,-3.381244316547562
1957032529083,-5.792342088511977,-7.1141487340913265,-3.4453696961408813
1957032529100,-5.95236513977014,-8.137359328009369,-3.265097511061618
1957032529116,-5.915075647395583,-8.421213396752796,-3.6008053232775907
1957032529133,-6.331760716473736,-9.088270900342444,-3.8423443606215293
1957032529150,-6.16047537338409,-8.684883521672196,-4.156162360078786
1957032529166,-6.157431999023849,-8.332503380673897,-4.210556261319045
1957032529183,-5.402484171732986,-8.232709391636327,-4.571280329972526
1957032529200,-4.791898564122874,-8.476824980697364,-4.438621361098784
1957032529216,-4.813445260904333,-8.50134488786173,-4.140172330095649
1957032529233,-4.269814828868833,-8.332512918948824,-3.9810866075623497
1957032529250,-4.431217180234179,-8.665057966262143,-4.315690227827318
1957032529266,-3.626512290409653,-8.86008826708032,-4.2567979673774525
1957032529283,-3.760578831595658,-8.781904954187056,-4.319694852306272
1957032529300,-3.4906366183445923,-8.73302504596065,-4.479835343889135
1957032529316,-4.3018985927770625,-8.465884498308451,-4.246538447567526
1957032529333,-4.513008457369092,-8.109648859558492,-4.32555724526391
1957032529350,-4.50468965043122,-8.377265789591924,-4.135316247488066
1957032529366,-4.310967150616362,-9.067339428769678,-3.7710256099394166
1957032529383,-3.9763078526428908,-9.664181759091864,-3.526832925208438
1957032529400,-4.0598103831901335,-9.187960326729094,-3.79242555277216
1957032529416,-4.409421117796592,-9.288591471647248,-3.8125594842081103
1957032529433,-4.35458626815358,-8.71879272216187,-3.9834877716226567
1957032529450,-3.6116174876284433,-9.498456858855796,-4.382672666160539
1957032529466,-4.276727535975464,-9.592640543247997,-4.311381483990827
1957032529483,-4.758847888961734,-9.349359689895419,-4.219529883874987
1957032529500,-4.46968786890584,-9.661770565450412,-3.834876740698341
1957032529516,-4.6680578162270105,-10.079330710519294,-4.246564705852498
1957032529533,-4.4879736303062545,-10.589383001748583,-4.091568687173706
1957032529550,-4.177431379320063,-10.995486032208401,-3.888869713517424
1957032529566,-3.9359234100918528,-10.541093146738799,-3.672323185118043
1957032529583,-4.00507644977057,-10.749060656511908,-3.4572457973158803
1957032529600,-4.0575954488284935,-10.993617935036255,-3.2064982268794524
1957032529616,-3.6965634011453123,-11.077773034037008,-3.36931645797306
1957032529633,-3.952342741145336,-11.248679286467974,-3.410679702074277
1957032529650,-3.438952996026746,-11.385486899368868,-3.2110541985124987
1957032529666,-3.4429068797984566,-11.085525387125893,-3.3654539924018922
1957032529683,-3.2235727934052227,-10.90821004571442,-3.264757068471061
1957032529700,-3.1568947063571464,-10.960465420441908,-3.242242657618112
1957032529716,-3.0565143288344974,-11.592361980853381,-3.2012102505647904
1957032529733,-2.9219096789099654,-11.401596068998671,-3.2169989076095735
1957032529750,-3.293508130718065,-11.757844344023724,-3.1671408093529014
1957032529766,-3.419899998332666,-11.6271460554281,-3.283608193587997
1957032529783,-3.4742519660155313,-11.998235971463373,-3.1981521479065727
1957032529800,-3.584492633576566,-12.295921585546852,-3.185472644168705
1957032529816,-3.07189535316501,-12.226800904982873,-3.323948572058612
1957032529833,-3.0123786599325646,-12.6819988247949,-3.080822376768668
1957032529850,-3.1278780465107223,-12.80691071223201,-3.198372703784251
1957032529866,-3.0174123509340416,-13.017557999500223,-3.1059577670877543
1957032529883,-3.0037208403074627,-12.623585139651986,-2.9341125930893366
1957032529900,-3.0705271009045565,-12.902774031472017,-3.001685484476505
1957032529916,-2.612774666253871,-12.602947564748217,-3.1306546108018622
1957032529933,-3.141998950476711,-12.421019079784902,-2.947929048335557
1957032529950,-3.6729771933733018,-12.800496767874343,-2.8703044327580507
1957032529966,-3.2793182883999643,-12.743526556928,-2.76562811754569
1957032529983,-3.0028246587131564,-12.950089200016357,-2.58223192039988
1957032530000,-3.1701607463295334,-13.043060449417919,-2.365849512418227
1957032530016,-3.1989730778324406,-13.2635497225344,-2.156702328172333
1957032530033,-3.291867106051505,-13.267076170741365,-1.8921194413709561
1957032530050,-2.9034101360792723,-13.084113346667491,-1.7664572197406385
1957032530066,-2.9405081580718453,-13.328978335103947,-1.6540907365391257
1957032530083,-2.824986457786875,-14.377438622828507,-1.3404785482564494
1957032530100,-3.2291193756315604,-14.324870775870721,-1.503118196252184
1957032530116,-3.3778908586839065,-14.629866478124965,-1.462499035024024
1957032530133,-3.9849044720029383,-14.215816784449194,-1.5202692654370298
1957032530150,-4.61642546819349,-14.054690387510872,-1.3235137409172395
1957032530166,-5.093455094763983,-14.128043449915339,-1.173933954442069
1957032530183,-5.0160817294619,-14.35973422672026,-1.5239293213345395
1957032530200,-4.094173577012703,-14.325806340431855,-1.5702185307991814
1957032530216,-4.638967456324998,-13.598144951570978,-1.7015389471956848
1957032530233,-3.903303716383804,-13.150292672183454,-1.7548290308058048
1957032530250,-4.166462059856505,-13.854352113158562,-1.777969463660499
1957032530266,-3.9472355704118955,-13.83206803053609,-1.8285437550856904
1957032530283,-3.828597447689611,-13.405635932957153,-1.7981875803537413
1957032530300,-3.5057481900797995,-13.239516975531703,-1.7610436757665586
1957032530316,-4.127803306160554,-12.56338129643763,-1.7100998647881056
1957032530333,-4.13601229267103,-11.90382293547027,-1.6753634974443783
1957032530350,-4.1052397319924685,-11.718906002553616,-1.7530900615437974
1957032530366,-3.6019425234025286,-12.292361933724061,-1.7556712333528715
1957032530383,-3.6672382576123916,-12.185129503036023,-1.5857187785009401
1957032530400,-4.651594010719245,-11.715807917765304,-1.9925001763017338
1957032530416,-4.095535946605761,-11.32503624610223,-2.1843947708737463
1957032530433,-3.4165761935524452,-11.583630344719882,-2.203562597099996
1957032530450,-3.2327422039406724,-11.165592084733223,-2.0471509133091983
1957032530466,-3.645161485703998,-11.018855223821449,-2.065373768598718
1957032530483,-3.495839390448505,-11.299597331020088,-1.707061653470371
1957032530500,-3.650183702656238,-11.600611002495231,-1.7547542775979084
1957032530516,-4.04877263527567,-11.400649023253656,-2.011033373540949
1957032530533,-5.22887961728746,-10.953016232554678,-1.942490782368487
1957032530550,-5.306901206760457,-10.710962819594048,-1.7875958026538026
1957032530566,-4.835717973410883,-10.878408715842195,-1.8817568613542892
1957032530583,-4.6806431558750745,-11.592345320832262,-1.9776374471637121
1957032530600,-4.787767339772673,-11.436142602023223,-1.6956305600385626
1957032530616,-5.374321928884293,-11.63293940897478,-1.5566423452548883
1957032530633,-4.873208167179338,-11.176853265453357,-0.942472068249661
1957032530650,-5.530213741449222,-11.511010161452312,-0.9815151096473731
1957032530666,-5.310834519541997,-11.088236445631235,-1.2362244518209373
1957032530683,-4.942066045828655,-10.980375922707672,-1.1147535555881776
1957032530700,-5.075217907588871,-11.343456420261466,-1.3334120410841634
1957032530716,-5.283589480901344,-10.660131652756203,-1.7417522699617285
1957032530733,-5.471877872655098,-10.005016549652396,-1.6552532739348491
1957032530750,-5.907862466429543,-10.453124357287434,-1.4198332072848323
1957032530766,-5.848325636252823,-10.558408283890802,-1.070620286474945
1957032530783,-5.573109710481012,-10.141468574715436,-0.8045231189673219
1957032530800,-5.469649078255476,-10.935265001973505,-0.660473846932389
1957032530816,-5.3543226394179415,-10.195810252026018,-0.936661943383482
1957032530833,-5.703328067125985,-10.898299757651571,-0.8507656594595375
1957032530850,-5.388801989099555,-10.811093373772877,-1.006109427398035
1957032530866,-6.08568761187107,-10.227425832847787,-1.2329346005748196
1957032530883,-6.235703860059932,-10.185399956168764,-1.4052762724875523
1957032530900,-6.009437216268792,-9.619435360695194,-1.2041303552916998
1957032530916,-5.775077325591718,-9.711823334564674,-1.5687017667572385
1957032530933,-5.395605117957902,-9.829711890112765,-1.73122290933321
1957032530950,-5.790279455488544,-10.540498655340823,-1.89621128541651
1957032530966,-5.57040633983422,-10.678267383630839,-1.9213487002266225
1957032530983,-5.344065451256093,-10.887867224435654,-2.0154684361036432
1957032531000,-4.765803259835565,-10.819408641988662,-2.2252712471891405
1957032531016,-4.695728314724217,-11.112193420568069,-2.206016008439188
1957032531033,-4.966452201078516,-11.411681535360838,-2.1433558913223254
1957032531050,-5.031687582558118,-11.033487162771303,-2.006596010703184
1957032531066,-4.406366260544245,-10.903102450000029,-1.7544989786695298
1957032531083,-3.9094149153906876,-10.319891116602196,-1.8354899089908279
1957032531100,-3.3492495124115917,-10.509366286286877,-1.7989045583080359
1957032531116,-3.087260098821894,-10.943315902119323,-1.6925006413169974
1957032531133,-2.5138450161254307,-10.911776681253636,-1.7720537038993616
1957032531150,-3.05564447177415,-10.2943371924983,-1.8125614046704683
1957032531166,-2.7615116092834833,-9.718471704476944,-1.4682705449025257
1957032531183,-2.8425107246481125,-9.737940818634684,-1.47657916489092
1957032531200,-2.5055087020244926,-9.842603658280456,-1.4345926898185235
1957032531216,-2.2283920771419123,-9.769073985792211,-1.3161604703597178
1957032531233,-2.4445173389983363,-9.968285030494492,-1.1815281516891123
1957032531250,-2.82747297710986,-10.339871345836844,-1.1426518343106782
1957032531266,-2.7991178899855633,-10.26594016206486,-1.0672433660753442
1957032531283,-3.4070423958971547,-10.397671220728112,-0.8936449467943277
1957032531300,-3.242842819410671,-10.496280632498364,-0.9895232952725748
1957032531316,-4.357510584403699,-9.641445750701685,-0.8421945053818526
1957032531333,-4.866461810637801,-9.813386567893861,-0.7704419365944896
1957032531350,-5.027033881382648,-9.691446380491369,-0.7956826994771808
1957032531366,-5.295240479918907,-9.833555380065624,-1.084781109941038
1957032531383,-5.504710984275422,-9.454354853686914,-1.2520672399944746
1957032531400,-5.4693493799276,-9.175823581970512,-1.3240870424023954
1957032531416,-5.205956176224129,-9.088422585365235,-0.9599314040532112
1957032531433,-5.357605280075101,-9.412653850614472,-0.9223901614157882
1957032531450,-5.8654669075841515,-9.682397779381535,-1.0685446101290499
1957032531466,-6.321345527454513,-9.399570444906612,-1.2748297954381143
1957032531483,-6.014042489405954,-10.811732146270046,-1.3234560310146224
1957032531500,-7.072951476612239,-10.25497477108286,-1.3440016157557757
1957032531516,-7.286846222878156,-9.84856377610532,-1.4339122256926324
1957032531533,-6.934701619511441,-9.489798611751855,-0.9609086698382804
1957032531550,-6.4620880362962705,-8.99556018156294,-0.655958064268925
1957032531566,-6.029833672640076,-8.768303679049342,-0.478936063250596
1957032531583,-6.763778281154967,-8.641228246991139,-0.4409690546281455
1957032531600,-7.371727536270069,-9.151842493255444,-0.1872086315882754
1957032531616,-6.769014353792227,-9.362054101391422,-0.32670957815101975
1957032531633,-6.782015260038585,-9.548428854859681,-0.4608834335692834
1957032531650,-7.179495832168694,-9.400657216039157,-0.3914032952117942
1957032531666,-6.954591799785778,-8.886963380728016,-0.06029622611489471
1957032531683,-7.078366583884842,-9.406731598788577,0.1498198149010248
1957032531700,-7.2312124180367485,-9.359552949901122,0.17587590140277687
1957032531716,-7.516364263011425,-9.412674817171887,0.3420498566072656
1957032531733,-7.241105776084575,-9.807588097892054,0.4296106942046196
1957032531750,-8.027418039773304,-10.666784228410675,0.13229612836463378
1957032531766,-8.02489065023554,-10.631268670629908,-0.03775686128911582
1957032531783,-7.331632231250868,-9.996858895772682,-0.3439297306218988
1957032531800,-6.608553550221794,-9.956253460456908,-0.26987407119598095
1957032531816,-6.691320752712423,-11.099258805444244,-0.325476248384997
1957032531833,-6.384716354250396,-10.911132432516577,-0.2792503950887971
1957032531850,-6.04705912229219,-11.471647226037785,-0.6790180642629722
1957032531866,-6.420325573671202,-12.076682425436514,-0.6372011420437259
1957032531883,-5.883767960954641,-12.850838453912935,-0.7450086108193361
1957032531900,-6.585977617987767,-12.580403908199193,-0.8945087783182052
1957032531916,-7.03255078786954,-12.41320215788184,-1.3212747063597197
1957032531933,-7.019628464059187,-13.04768157082961,-1.4906347497569745
1957032531950,-7.202211675870814,-13.318837380731608,-1.2495754227478364
1957032531966,-6.771927035548206,-13.041515811389656,-1.4606330973552593
1957032531983,-7.415711615493237,-12.649542130666951,-1.55998684982294
1957032532000,-7.605948127516381,-13.075944606224507,-1.550897487996704
1957032532016,-7.7941560459170915,-13.757371012390923,-1.6030810202452506
1957032532033,-7.652697712711362,-13.689785494027426,-1.6903910170958178
1957032532050,-7.864879828492606,-14.00032973669523,-1.574461912098695
1957032532066,-8.48476473219745,-13.502654505149344,-1.1703303451573308
1957032532083,-8.425457134557842,-13.615907433480729,-1.1832498245990275
1957032532100,-8.566831226054422,-12.795817065155806,-1.0555222906711423
1957032532116,-9.010424104552193,-12.703114858992887,-1.0859950155188842
1957032532133,-9.378681590267114,-12.251987863349434,-0.873005155723179
1957032532150,-9.003466360487593,-12.102757590926657,-1.1227917232783153
1957032532166,-9.106286638739643,-12.487626341075277,-1.1800333341934548
1957032532183,-9.136772273776945,-12.334864640461788,-1.0787107171458599
1957032532200,-9.40335689337749,-12.238375883231015,-1.191209486404924
1957032532216,-8.920838251759186,-11.956067322155679,-1.2207847494449129
1957032532233,-8.727263923127985,-11.17411471637634,-1.1670125317528648
1957032532250,-8.568516055627382,-11.216289295531956,-0.992550925588648
1957032532266,-9.20394070552342,-11.189457198416498,-0.8329862393731914
1957032532283,-9.022521644867556,-10.752679086873261,-1.299225368862171
1957032532300,-8.912422457793536,-11.024436246610055,-1.1307450335926064
1957032532316,-8.97627262201959,-10.355170776625712,-0.8918082314732516
1957032532333,-8.959496382660372,-10.237426987675745,-0.7840364490528152
1957032532350,-9.271003308856764,-10.539301658449626,-0.7199364526360972
1957032532366,-8.992607247937201,-10.668983338429435,-0.681493743017838
1957032532383,-8.995298169698266,-11.342258805071769,-0.554456760028982
1957032532400,-8.92701445837496,-11.639024095366755,-0.42465298348180125
1957032532416,-8.579200023979677,-11.747115476501914,-0.4052839439621696
1957032532433,-8.69205598321015,-13.159228482781238,-0.6641808880417128
1957032532450,-9.285252751664295,-13.40072376896337,-1.0263603094831373
1957032532466,-8.904553998969067,-13.945361179821866,-1.0890627633116856
1957032532483,-8.353439914338395,-13.633382750854638,-1.276575881221595
1957032532500,-8.596695612076022,-12.823624555161215,-1.0642228360896757
1957032532516,-8.855942813319677,-12.494939033034857,-1.1689024603604554
1957032532533,-9.61345808586611,-12.263114870445637,-1.1219708633582703
1957032532550,-9.692428349556184,-12.702339594127679,-1.226255753997638
1957032532566,-9.996068488890197,-11.69675099527743,-1.0074889581468414
1957032532583,-9.792821363332473,-12.288111364386118,-1.2910751341320532
1957032532600,-9.893794409320652,-11.959184216425463,-1.2867750838843144
1957032532616,-10.392602833529537,-12.127998284920716,-1.1914299785296072
1957032532633,-9.875581791884327,-11.422687301766546,-1.2906515912815515
1957032532650,-10.118836201232153,-11.394731308710302,-1.3962332946674083
1957032532666,-9.338255304679421,-11.377351802045805,-0.9628025495065298
1957032532683,-9.850697371964444,-11.144971585670904,-0.9896774805743868
1957032532700,-9.587883223104367,-11.096130085259986,-0.9221382287065119
1957032532716,-9.982555926780588,-11.625491741429471,-0.9150978146846673
1957032532733,-10.33958641468005,-11.203964013776472,-0.9812528634560616
1957032532750,-11.214799599169837,-11.405390276858828,-1.4767469420988244
1957032532766,-11.137742218254651,-10.93246703473601,-1.273482064661847
1957032532783,-11.431872665137668,-11.222802350431163,-1.1723631320412158
1957032532800,-11.465477238613826,-11.610963588469762,-0.8961778316296245
1957032532816,-11.22446831357248,-11.699874673874973,-0.9502913577436403
1957032532833,-10.948983000591909,-11.282625080109172,-0.7647700251232199
1957032532850,-10.624949417751651,-11.461035685580526,-0.6134259566032747
1957032532866,-10.941262393122715,-11.26809788706014,-0.6006933984449228
1957032532883,-10.61501719478256,-11.143643463443098,-0.7210789889578526
1957032532900,-10.749571507462132,-10.875765513811416,-0.9908838457554431
1957032532916,-10.440568083173359,-11.189386408786902,-0.8551677341470396
1957032532933,-10.402031716501888,-12.151250829860894,-1.0693012395479902
1957032532950,-10.533812652445631,-12.157727559978419,-1.337742872533943
1957032532966,-10.805095532050123,-12.23079634027096,-1.3541103138129211
1957032532983,-10.34556825771376,-12.434834101385217,-1.6177791266611632
1957032533000,-10.694736536064239,-11.966968810936482,-1.8817642214391874
1957032533016,-11.136600579698273,-12.15298371333202,-1.7375558607917736
1957032533033,-11.091704611511135,-12.619393688816166,-1.91539868955657
1957032533050,-11.687176216073135,-12.267210514389046,-1.3774966475632981
1957032533066,-11.210398777017343,-12.631930195802788,-1.1124221050348275
1957032533083,-11.46913223166031,-12.866585229059105,-1.2867460567832172
1957032533100,-11.607557239256785,-12.734506566907136,-1.365678976833625
1957032533116,-11.408518247479087,-12.30750899341037,-1.5939516622692689
1957032533133,-11.335008381354964,-12.174006684700096,-1.4392031649849655
1957032533150,-10.477536501661177,-12.135148037152225,-1.4489097504535913
1957032533166,-10.460205832195719,-11.801145355998596,-1.3914725541111885
1957032533183,-10.63062984139,-12.278430234350315,-1.2812190206805627
1957032533200,-11.189923202731526,-12.324058838139171,-1.1475860141043468
1957032533216,-11.746561032723957,-12.060514967352102,-0.9618158000667711
1957032533233,-11.654514150302266,-11.611146995662576,-0.7510704685939376
1957032533250,-11.835188183380293,-11.222570938826735,-0.8093065319610699
1957032533266,-11.873715097116204,-10.79974823471544,-0.38127648941881964
1957032533283,-12.19156871545109,-11.04109734817412,-0.4663445739527631
1957032533300,-11.564123828955413,-10.7999154646689,-0.28406643540240495
1957032533316,-11.595336259842451,-11.555247399977883,-0.7067432159760573
1957032533333,-11.888555623413865,-11.239847555204342,-1.0528745853951422
1957032533350,-11.679150399928886,-11.102866102260752,-1.1411138707083117
1957032533366,-11.54055586482304,-10.938674909142582,-1.0281951863154166
1957032533383,-11.530617129751823,-11.616801321686754,-0.7726658975652578
1957032533400,-11.56440219117335,-11.526800641655662,-0.8523209647825817
1957032533416,-11.192901360925367,-11.443020488311465,-1.1351300051882565
1957032533433,-10.928660885779417,-10.71489005704877,-0.973654732007847
1957032533450,-10.777727142195186,-11.1165296260613,-0.8119865649237341
1957032533466,-11.320438895549378,-11.079311257946536,-0.6107182720287052
1957032533483,-12.360589145860331,-11.350066895882986,-0.0771137523601313
1957032533500,-13.176799373647441,-11.356743328488644,0.20820490415489168
1957032533516,-12.946154102002762,-11.91353931518578,-0.01315242786311499
1957032533533,-12.06799874244815,-12.61063908135268,-0.0038949097010336775
1957032533550,-12.725859861648662,-12.152875919440145,-0.030552073212251063
1957032533566,-11.98515210411518,-12.17906348365181,-0.29272411467584547
1957032533583,-11.691663324439599,-12.452105709795541,-0.1233230591212856
1957032533600,-11.670773192717622,-11.830303137478213,-0.29970292648430774
1957032533616,-12.134781805526533,-11.685322462759299,-0.5399187128002656
1957032533633,-12.09425020275354,-11.00522209162316,-0.7488363321713232
1957032533650,-12.490765991803277,-9.893750783659538,-0.41755206950079915
1957032533666,-11.926348320061965,-9.773185137638313,-0.7010431413637173
1957032533683,-12.237728961138341,-10.073706198829116,-0.7378965082836673
1957032533700,-12.075286579361665,-9.570636576235305,-0.8897928436614693
1957032533716,-11.475358724127888,-10.067621213384145,-0.8217539578501711
1957032533733,-10.574092942509331,-10.266559866128642,-1.0007623941237582
1957032533750,-10.256106882984234,-10.105128284249306,-0.9808575417002557
1957032533766,-10.882408437368225,-9.957895133138328,-1.1708400276210267
1957032533783,-11.56908355421958,-9.86949341422987,-1.047624675583536
1957032533800,-11.339147857081848,-9.869834852967792,-1.1088643577250128
1957032533816,-11.440977875638271,-9.926422676565197,-0.7720909742068887
1957032533833,-11.848026864621426,-9.993785628594589,-0.8759077015719436
1957032533850,-11.760709401714012,-10.131820683068858,-0.8647308796935669
1957032533866,-12.281245934865911,-10.239315349016037,-0.594530361206412
1957032533883,-12.224572486515022,-8.983489171437055,-0.5750550312005315
1957032533900,-12.252467716534873,-9.565493158477251,-0.39697243370859936
1957032533916,-12.87341641378459,-8.188671691726945,-0.2771208143102999
1957032533933,-13.28700201232064,-8.176983280062924,-0.5413619350979715
1957032533950,-12.786568029132216,-7.7441174212987836,-0.7319780415848978
1957032533966,-12.510396493700753,-7.484168506130615,-0.5432350733085762
1957032533983,-13.195715156231454,-7.695918142864228,-0.7084061512178551
1957032534000,-13.3339065673911,-7.4312111857710965,-0.41933306033164985
1957032534016,-14.501740128708544,-6.972877139220052,-0.4108596711548158
1957032534033,-14.361747369683656,-7.1307492850612455,-0.6126610502457589
1957032534050,-14.689703470626227,-7.316716494177994,-0.8560315402187946
1957032534066,-13.92801795456123,-7.162422962341364,-0.8922797251962072
1957032534083,-13.78928323768223,-6.583069123113587,-1.2116223075542483
1957032534100,-13.362237560276636,-6.748778379616077,-1.224327975686738
1957032534116,-13.16758343275841,-6.237865736547118,-1.4065543087504213
1957032534133,-13.099433160885676,-5.704446952313942,-1.5081510182459743
1957032534150,-13.55865100835169,-5.36526110220106,-1.5737541197923912
1957032534166,-14.31673492912022,-5.626993795469178,-1.8568489472671246
1957032534183,-14.617248383821273,-5.294333055442628,-2.086226075660814
1957032534200,-14.30126435369711,-4.930184532188708,-1.728786144446151
1957032534216,-14.327880454197821,-5.326361704123881,-1.6222434030097266
1957032534233,-14.072652049444233,-5.127637380505198,-2.123843020152899
1957032534250,-13.87621412057944,-5.308549403436969,-2.4229692394851066
1957032534266,-13.690678282683553,-5.328064422164598,-2.088641032777944
1957032534283,-13.352900089449529,-6.0569291526042734,-1.9244675970678347
1957032534300,-14.422157347513732,-6.643475520760185,-1.8811398549077996
1957032534316,-13.55373342902929,-6.308375469115233,-1.9578179779284282
1957032534333,-13.258804735912353,-5.190235947108143,-1.9053027733042698
1957032534350,-13.7886054908383,-5.1671866927724315,-1.939232555996722
1957032534366,-13.937854826278333,-4.782760955171514,-1.4780149905932125
1957032534383,-13.935831570033088,-5.36645177443642,-1.8364036221706068
1957032534400,-14.253783439766941,-5.463381150523907,-1.6496466985375946
1957032534416,-14.907097736751599,-5.238566943031696,-1.935689281915384
1957032534433,-14.941047400436396,-5.0402368633683805,-1.7950613027106956
1957032534450,-15.31138889125776,-5.120772333302814,-1.707205478055573
1957032534466,-14.975705572694476,-4.64405676329415,-1.5382531376056803
1957032534483,-15.00721523372933,-4.163109421950777,-1.721210628914132
1957032534500,-15.21238415600238,-4.735720449516446,-1.9126047274330629
1957032534516,-15.207419263335343,-4.655130252304447,-1.7121129177705878
1957032534533,-14.8804172647237,-4.248479410065289,-1.9214135155927177
1957032534550,-14.553951818652592,-3.8758988422901517,-2.171416651503348
1957032534566,-14.41837436564693,-2.999411506433234,-2.5203997066186945
1957032534583,-14.113297836125941,-2.485298579562958,-2.5182088686455035
1957032534600,-13.828953542280377,-2.2758041537906135,-2.7081269502459127
1957032534616,-13.270482919291538,-2.1536110454078927,-2.5878542121540518
1957032534633,-13.354530726907031,-2.2602796756966703,-2.7386235652229836
1957032534650,-12.833222246742524,-2.1374094764388,-2.6973512338624297
1957032534666,-13.112668058616057,-1.48282179664752,-2.4188981704917243
1957032534683,-12.400888139509101,-0.9530226458955706,-2.2799654505443554
1957032534700,-12.680281441969203,-0.5208750642900659,-2.4729271574374447
1957032534716,-12.803347492360423,-0.645343140037486,-2.3633981999328526
1957032534733,-12.698613161644133,-1.2385119090773546,-2.0925405666479393
1957032534750,-12.85016361983121,-1.136080395001306,-2.153922720383811
1957032534766,-12.62435866402964,-1.3079373645404697,-2.201872779390728
1957032534783,-12.983803133364319,-0.42061183102495203,-2.3482987002480353
1957032534800,-12.490502916078604,-0.15034489877358137,-2.223326599234224
1957032534816,-12.47325561766825,-0.2863139021849479,-2.2460676283628382
1957032534833,-13.08918028653654,-0.2151442509750412,-2.1771460952407287
1957032534850,-12.25970585170083,-0.6172692536694848,-2.135785578461711
1957032534866,-12.20552257084907,-0.8707271159860941,-2.1759815535168894
1957032534883,-11.916716125549831,-1.271686590031945,-2.3922850332378434
1957032534900,-11.22112608179857,0.12373952363110874,-2.0782710346146835
1957032534916,-10.660180043538238,0.24902842470617514,-2.076618569579772
1957032534933,-10.770335170151895,-0.03706769712334079,-2.1316338072819265
1957032534950,-10.860060875687084,0.3177409252174206,-2.1047513847566046
1957032534966,-10.309643717667536,-0.5433773283091501,-2.120192055135143
1957032534983,-10.474153029169553,-1.043321524841467,-2.2378681592994667
1957032535000,-10.539255775818692,-1.3572780621777678,-2.368570059759305
1957032535016,-11.265523354370742,-1.2435061147894535,-2.1916960886880616
1957032535033,-11.15638882254042,-0.9607211626234173,-1.7805343175942294
1957032535050,-10.479559041124197,-0.5271877197852675,-1.747211137858406
1957032535066,-10.729850189445244,-1.0295032284474477,-1.85984732605883
1957032535083,-10.15181319372413,-0.9938846868801221,-1.7130132154246118
1957032535100,-11.041532447117586,-0.8413487944863665,-1.494463889945593
1957032535116,-10.819589868672661,0.04764216028833346,-1.4148442234830374
1957032535133,-10.221702133531608,-0.10300307694615096,-1.9069360448333648
1957032535150,-9.985689515474212,-0.9325586199317577,-1.515676089707799
1957032535166,-10.082130274881248,-0.6978730309205528,-1.5704584314137955
1957032535183,-10.188492709767933,-1.4467942096711175,-1.6533901275277518
1957032535200,-9.992383458549114,-1.9634966285507351,-1.7205652480863214
1957032535216,-9.761005333377824,-1.2156789501543557,-1.7211365755480903
1957032535233,-9.899705048768674,-1.7019455954508018,-1.4708168080161292
1957032535250,-9.559454651206346,-1.6420896481314307,-1.028621450046511
1957032535266,-9.350104212367402,-2.205026967541455,-1.267706744281831
1957032535283,-8.983694640108169,-2.3720525418467338,-1.2451240333708322
1957032535300,-8.858726011060742,-1.4534590289644536,-1.152222190761788
1957032535316,-8.823933787489741,-2.334755723503179,-1.26248358819008
1957032535333,-8.659797390689853,-1.8836552584279458,-1.236067692770767
1957032535350,-8.439358206469251,-1.4599200300129773,-0.9795136654413402
1957032535366,-8.30281746761748,-1.8021923799576012,-1.0658691759393695
1957032535383,-8.336449350813485,-1.5810666936898174,-1.1258539503896121
1957032535400,-8.428308688564764,-1.3827167410443346,-1.1173762856528064
1957032535416,-8.426888889819786,-1.9074731489331391,-1.327440189984272
1957032535433,-7.717930224242211,-1.8622212982432176,-1.7185104356105247
1957032535450,-7.361754688338124,-1.5236806111893495,-1.6725354492672313
1957032535466,-7.614610960064412,-0.8439409620621099,-1.3361980929667607
1957032535483,-7.502040183829491,-0.9698970557918951,-1.5228056977061035
1957032535500,-6.998380774443354,-1.732131458031227,-1.745069648804416
1957032535516,-7.813515376649652,-0.7151023303443615,-1.755208772224767
1957032535533,-7.327516810901371,-1.077766594807235,-1.8017624197062156
1957032535550,-7.131515076167898,-0.5717560675647544,-1.8831505786849374
1957032535566,-7.090364503291993,-0.3891892067732732,-2.1037339585970485
1957032535583,-6.874540164741951,0.06422606444778989,-1.9342550478462628
1957032535600,-6.444341429687203,0.09537740972546782,-1.8248679331253408
1957032535616,-6.523939517024849,0.7014440988669648,-1.6433073908726767
1957032535633,-6.458766116066958,1.1240402984462046,-1.5547920495165766
1957032535650,-5.902607851264506,0.5410515626140935,-1.3545719839414452
1957032535666,-5.410088072385249,0.3704928139014232,-1.047371868351545
1957032535683,-5.571228579477253,0.4228250576032222,-1.1622260548503436
1957032535700,-5.487845799298412,0.4560803241750975,-1.096304807871794
1957032535716,-5.179277234812262,0.19366169995411653,-0.7281920220744404
1957032535733,-5.1096505166626685,0.24409813349916654,-0.5040389768783915
1957032535750,-5.64890571501153,-0.2647837685154446,-0.43993364444042193
1957032535766,-6.1612107999204655,-0.07125130637644883,-0.508547608818705
1957032535783,-6.09926691880218,0.42802053711021326,-0.3599516502098927
1957032535800,-6.500108698344914,0.1051730486807676,-0.06758756220943796
1957032535816,-5.42176204913528,-0.18893069053228206,0.14258356488820412
1957032535833,-5.063680768611625,-0.05891160513585536,0.038006904278719
1957032535850,-4.412269746241012,-0.5380507984686993,-0.12494620122919842
1957032535866,-4.130803403456631,-0.5973701924981816,0.11888911709649141
1957032535883,-4.196298851760512,-0.2683420486390755,0.31459887201888104
1957032535900,-4.48770909850163,-1.1450827776164045,0.19048255659208113
1957032535916,-4.452154001767967,-0.2824904893906428,-0.2469040232406582
1957032535933,-4.807935979576565,0.6554343865094303,-0.4536090833142916
1957032535950,-4.728433594374575,0.556095487115905,-0.3645141473848885
1957032535966,-4.4599104472729545,0.10263292129250168,-0.40441340718000307
1957032535983,-4.884388021193814,-0.5782671201173128,-0.32568285830102617
1957032536000,-3.86446935398849,-0.18856535651005313,-0.2654019568391447
1957032536016,-4.059849939101255,0.13657249557574414,-0.3165399714322059
1957032536033,-3.813193166548969,-0.006415426211394681,-0.5992472780272264
1957032536050,-3.0585594559694202,0.14939973583037158,-0.5894297671867368
1957032536066,-2.574239035223204,-0.27620616214051896,-0.5863235542293291
1957032536083,-2.258684069756344,-0.6988534408794917,-0.2836788347489769
1957032536100,-1.754055629919411,-1.07771055674307,-0.5976341841719353
1957032536116,-1.9991358076167134,-1.2361772903628303,-0.8264039975917508
1957032536133,-2.239342576632346,-1.7387242004520571,-0.9100208852680132
1957032536150,-1.1986352362536632,-1.5683440355765423,-0.7723671056550696
1957032536166,-1.0057299209652149,-0.9376753024444611,-0.23563888694662039
1957032536183,-0.4177835182482186,-1.381958625156317,-0.24666817436984723
1957032536200,-0.9792414132470757,-0.5963181150654906,-0.0534811733639734
1957032536216,-1.564748695652117,-0.22090268005966074,-0.19870351425942967
1957032536233,-1.4905635442858198,-0.7138422966269857,-0.9164034758861787
1957032536250,-2.0220630836654845,-0.6456916079029744,-0.6306456994454849
1957032536266,-2.2514460035967137,-1.2448837287973253,-0.8328649528194041
1957032536283,-1.6167335589043486,-0.9169232946059145,-0.9479937052088049
1957032536300,-1.5632233862911198,-0.2801445084974885,-1.0525168336257753
1957032536316,-1.331392125107242,0.18679566529342306,-0.9835879390144907
1957032536333,-1.2583671829263636,0.8284725681159681,-0.8585409498753764
1957032536350,-1.5377315172961454,0.5185785235630203,-0.5773966113588949
1957032536366,-1.4914839279529053,0.7924582086254475,-0.6184695213938357
1957032536383,-1.2731879299600122,0.6494253637050438,-0.683100711375636
1957032536400,-1.0019651892451824,0.0486525674861511,-0.6831730995866941
1957032536416,-0.46568903508212145,0.00829699879612722,-0.635458983189531
1957032536433,-0.05981860852388543,-0.25379176299085415,-1.0218385752508283
1957032536450,-0.10583991692173189,-0.36854395451494515,-1.1014757300174634
1957032536466,0.1010797699093704,-0.6883400472316676,-0.9980834943893824
1957032536483,0.27249009065085605,-2.0339946078485496,-1.1955298666082137
1957032536500,-0.3378578295723109,-2.355604285672237,-1.1707604361639965
1957032536516,-0.6738624905931969,-2.9856559285947637,-1.39642709434648
1957032536533,0.0632980564698018,-3.0101037072135686,-0.9387493779634002
1957032536550,-0.15030829518377775,-3.8383496908128945,-1.1278800869508576
1957032536566,-0.41320419307461265,-3.466504070461231,-0.9576939011175303
1957032536583,-0.5466703362908838,-3.0916458183341646,-1.0354218178301822
1957032536600,-0.6080726462028743,-3.110369555823319,-0.8020123933670316
1957032536616,-0.09535896792603804,-3.743671672391344,-0.9199111930457371
1957032536633,0.5409191315621342,-4.090817339443753,-0.8536058540701794
1957032536650,0.9921895008901762,-3.6182337986947464,-0.8290717253599206
1957032536666,0.983390131557595,-3.6932480607642217,-0.5331741081737698
1957032536683,1.0342787704585437,-4.117973493734732,-0.29353435452922005
1957032536700,1.3126659218543244,-4.549709827003412,-0.40129971985475255
1957032536716,1.3657395963268835,-4.553243527398783,-0.5134683729430932
1957032536733,0.9888272741169022,-3.806431441032727,-0.5833055254754873
1957032536750,1.0854490182488394,-4.333322954541633,-0.6488225603672918
1957032536766,0.35835619634139704,-3.718194002180913,-0.9058778102647856
1957032536783,0.1501703562065435,-4.263174910741451,-0.9624585994134324
1957032536800,-0.21280067063204555,-4.254705392233124,-0.8759070978945269
1957032536816,0.06826159289822087,-4.2142190836114475,-0.8539568786240239
1957032536833,0.9229706766399328,-4.7989400947180965,-1.066176069312705
1957032536850,0.9929321852132844,-4.855160124858023,-1.083591743925886
1957032536866,0.2379136392408281,-4.383678470354331,-1.3241643426915055
1957032536883,0.9072540426772253,-4.537788936629219,-1.6916696089628527
1957032536900,1.5635428637048854,-4.8860612094405,-1.5246703121075993
1957032536916,1.633661860825117,-4.765779406826758,-1.4002161147535015
1957032536933,2.167556128278253,-5.052656264305922,-1.5569832508735424
1957032536950,1.7763520734256097,-5.074041088339195,-1.601328337059954
1957032536966,1.6589614313529424,-5.720337866385871,-1.4640390926848221
1957032536983,1.2208981171361568,-6.2023755854235665,-1.5636129513175405
1957032537000,1.121112035865596,-5.6870902308301625,-1.8111112317061961
1957032537016,1.5382344813450484,-5.560096747922155,-2.0507549992210183
1957032537033,1.4720572832960954,-5.83945970009858,-1.6094754435761371
1957032537050,1.1500786207956057,-5.41529562025695,-1.8858684492010156
1957032537066,0.7677505409504883,-5.721578541094165,-1.9038100482688762
1957032537083,0.17792928069113412,-5.3402250921128545,-1.7524170246533166
1957032537100,0.2954132335035391,-5.004602188092849,-2.046408746808786
1957032537116,0.27156503738713145,-4.964348733397233,-2.1020717054053577
1957032537133,0.5553763242545102,-4.4656323678937175,-1.7973903262864668
1957032537150,0.29828618211140423,-5.656478952834177,-1.8122512335856245
1957032537166,0.310834015273584,-5.667215331373931,-1.8454321341235196
1957032537183,-0.2352431701585216,-5.409260112108244,-1.57196665338471
1957032537200,0.6480735287056287,-5.9272752280990355,-1.4018436694687937
1957032537216,0.465644566252875,-5.8646524335330525,-1.4910428399250315
1957032537233,0.42611723584385697,-5.528727176143409,-1.777942581451898
1957032537250,0.34078743690650093,-5.424813672907663,-1.7858703099405888
1957032537266,0.47791109545742927,-4.9178173465627895,-1.7973080300454123
1957032537283,0.9385880649797773,-5.317861663588753,-1.5346151022253427
1957032537300,1.1658760179303247,-5.628098158357319,-1.3931220510863773
1957032537316,1.2822144630342587,-5.575868290943161,-1.4449294276585043
1957032537333,1.7003332480899696,-5.369295280254979,-1.3859896418114863
1957032537350,1.0043776293480784,-5.7212965171247685,-1.4253525764068942
1957032537366,1.5288458113531176,-5.73247917817083,-1.476809909871189
1957032537383,0.9266567029536832,-5.6358854770442015,-1.1220386459955598
1957032537400,1.3957530867095258,-5.757530244344282,-1.1054585176494638
1957032537416,1.172009212754042,-5.540856258208546,-1.0023188166761947
1957032537433,1.5593388488521382,-5.849326785952252,-0.9331110418644618
1957032537450,1.834693150748671,-6.529988908950925,-0.9814068139694883
1957032537466,2.4742197135212036,-6.7365864115494425,-0.6946196860629729
1957032537483,2.7197554149668006,-6.851321897098209,-0.5851503857941791
1957032537500,3.1715136937070456,-6.5935248598139,-0.6509295188117917
1957032537516,3.1464856645077974,-6.22715649529692,-0.6885455536244498
1957032537533,2.7266361019486753,-6.245456857148911,-1.0038179314196893
1957032537550,2.526926875781233,-5.969097966311792,-0.9928596424877701
1957032537566,2.9686617877261385,-5.927614455588666,-1.1581802300545125
1957032537583,3.0015708093193885,-6.597594967355823,-0.9419331360701381
1957032537600,3.5918724464689467,-6.897847738002776,-1.0518657289653852
1957032537616,4.156336377039643,-7.197001604570401,-0.7949079268692375
1957032537633,4.084189377709296,-7.489652009112296,-0.6590164374904931
1957032537650,4.197052357736243,-8.000522857288985,-0.8143589891120484
1957032537666,5.035479960957967,-7.726268757713419,-1.3538105046588353
1957032537683,4.562877954447843,-7.096408933506094,-1.3019577973510044
