timestamp,x,y,z
1877089000000,-6.682426849092828,-4.917304491715262,-2.561422458793924
1877089000016,-7.203126208159576,-4.159183953838856,-2.5144091766953975
1877089000033,-7.444244613577725,-4.038063744647415,-2.79847981450619
1877089000050,-7.1875044492487365,-3.9339167881912296,-2.809879994332597
1877089000066,-7.040457767391815,-4.232663886844129,-2.8121281614353935
1877089000083,-6.893154389025271,-4.327503745534602,-2.8502205089855273
1877089000100,-6.986039333474787,-4.118912285610577,-3.001053140508318
1877089000116,-7.152326391177912,-4.412655520083264,-2.880458765162044
1877089000133,-6.841129697177886,-4.496935508173006,-2.8039773050534635
1877089000150,-6.632076545552602,-4.389629491571464,-2.334448650386406
1877089000166,-5.850605059126401,-4.186005899867238,-2.614485521283755
1877089000183,-5.06216506566169,-4.410450722755453,-2.4881340761430177
1877089000200,-4.994585310352997,-3.784617013231589,-2.3254955680944356
1877089000216,-5.374872805277535,-3.5472641232330404,-2.5605216614581914
1877089000233,-5.5600649833742155,-3.775449426000183,-2.7601028602631703
1877089000250,-4.52065732647568,-3.215807361439887,-2.637268326380007
1877089000266,-4.542980715894356,-3.5870460135772593,-2.717179547099363
1877089000283,-5.093146702763267,-3.9574447362214067,-2.974428302533278
1877089000300,-4.495072823572401,-3.816258132086343,-2.972401128741243
1877089000316,-4.578565711374311,-3.7804375706343643,-2.578656001347084
1877089000333,-4.2533203406693065,-3.0540937292483914,-2.551823692475187
1877089000350,-4.2679601932440425,-3.4954310780520945,-2.639809524769272
1877089000366,-5.254405590810535,-3.44732234710018,-2.4998361501412476
1877089000383,-5.357315504055521,-3.811839581290421,-2.2099902154319357
1877089000400,-4.471146386968812,-3.409235291577622,-1.9553917271717767
1877089000416,-4.64602367740869,-3.0324570174695924,-2.137870789704847
1877089000433,-4.599748917782554,-3.1921855188506996,-2.349135961560923
1877089000450,-4.546379210610828,-2.9862586136856386,-2.7922653060129305
1877089000466,-4.764069793064102,-3.4485200683329342,-3.0252676668411738
1877089000483,-4.670956670456775,-2.8429502992702522,-2.415753784434383
1877089000500,-4.584211437718353,-2.939968106400041,-2.3697371962319163
1877089000516,-5.141235981685542,-3.2444993706684166,-1.8357087937041416
1877089000533,-5.198058086005726,-3.1925292676144426,-1.810139021121689
1877089000550,-6.094361523381634,-3.6408349857093527,-2.5583378321897983
1877089000566,-6.504082277865907,-3.658784641749547,-2.5327938008658686
1877089000583,-6.422194535017365,-4.382827484912613,-2.517180290981025
1877089000600,-6.386393129831058,-4.440962186353582,-2.7769583674143234
1877089000616,-6.720090375632298,-4.167566513119837,-3.2810275446878774
1877089000633,-6.573455899809996,-5.049138526591388,-3.2822767224281697
1877089000650,-6.60011377497044,-4.850003414993857,-2.7568014371118483
1877089000666,-6.90170654946569,-4.606415723143185,-2.5594220035754365
1877089000683,-6.4830523402125975,-4.762115938627799,-2.786932762755851
1877089000700,-6.228527993422447,-4.516234716449266,-3.42461474629933
1877089000716,-6.339118782728808,-4.541414334473059,-3.7295804689138503
1877089000733,-5.677069668322923,-4.247848121982409,-3.4828183077993775
1877089000750,-5.5746966855330715,-4.123575186854455,-3.637545069796183
1877089000766,-6.057526701463489,-4.583983052042922,-3.6822275983099564
1877089000783,-5.139138856840908,-5.223146050955561,-3.982952829004928
1877089000800,-5.33522294788041,-4.841955814085237,-4.02670792150483
1877089000816,-4.952916955041056,-4.60921273428453,-3.8630509309802963
1877089000833,-4.522593477899335,-4.722045847266159,-3.918856251683544
1877089000850,-4.953753193680009,-4.8166916670819795,-3.615383299164767
1877089000866,-4.886550891980844,-4.492784482007332,-3.0718524728744327
1877089000883,-4.142421811710874,-4.2402379620489405,-3.170031334224488
1877089000900,-4.2907604158670445,-4.079283380223151,-2.9398261347761796
1877089000916,-4.562852578207687,-3.9400852772580706,-3.389498857056507
1877089000933,-4.2276931963038695,-4.085171562989577,-3.296156818287144
1877089000950,-4.718200700467193,-3.7483921033269016,-3.5078582620869643
1877089000966,-5.028700636191546,-3.9135581221389466,-3.195768858304439
1877089000983,-5.506335485675954,-3.535017305626734,-3.1284826156120262
1877089001000,-5.911750420737535,-3.0682237147117153,-2.395858836681609
1877089001016,-5.714352987806752,-3.431183541682641,-2.0084594378430998
1877089001033,-5.1336480715351405,-3.046662202118322,-2.2787340088702295
1877089001050,-4.836986223232113,-2.514463354034501,-2.2921583015267326
1877089001066,-4.718346513457727,-2.6592229678531765,-2.420694210372142
1877089001083,-4.371152954999498,-2.493251461954551,-2.068907732385852
1877089001100,-4.523225095323163,-2.9663160030528237,-2.6734300848905606
1877089001116,-5.257343055194008,-2.719277239958155,-2.4498842265592113
1877089001133,-5.153992859869886,-2.9190684590791833,-2.7373681282273066
1877089001150,-5.473825987445585,-2.831119210368872,-2.5283820572014957
1877089001166,-5.286156828420344,-2.9644740909691674,-2.6923329626638384
1877089001183,-5.737172629594448,-2.703141338500984,-2.4410803577972597
1877089001200,-5.425550035607927,-2.9743914097409205,-1.3267479244243625
1877089001216,-5.160801344199203,-3.295332290880111,-1.168068563997097
1877089001233,-5.7293025455206195,-3.632447466388071,-0.706218428140112
1877089001250,-6.024985281102706,-3.9877417343664665,-0.73703673683106
1877089001266,-5.93960585282842,-4.15991168956317,-0.5509331774525248
1877089001283,-4.858884869673149,-3.8023646302789667,-1.0653328002180555
1877089001300,-5.7162791768799135,-3.8558973877027216,-1.3633988315152696
1877089001316,-5.710116031272783,-4.543631928760425,-1.3613534029472392
1877089001333,-5.328413594348654,-4.83343172667276,-1.1241896268652405
1877089001350,-5.252413337461893,-4.748220427783796,-1.5992584259606701
1877089001366,-4.918648963599671,-4.792215220720765,-1.3138764992108176
1877089001383,-5.410926754371228,-4.056953263995425,-1.3547144161608582
1877089001400,-4.9889691752403404,-3.85844438631606,-1.7680981506759703
1877089001416,-4.760409757349226,-4.117950886222005,-1.9052958285653605
1877089001433,-5.516022326953568,-4.438287743812981,-1.5166280088270172
1877089001450,-5.036059416089964,-4.368602285487636,-1.6501432198317003
1877089001466,-4.950753725517043,-4.414795292398889,-1.9365807161781317
1877089001483,-5.068585038675957,-4.494615522178044,-1.7056183317840201
1877089001500,-5.626846759148168,-4.464556609612146,-1.4611275163149546
1877089001516,-5.441879877992945,-4.589232357236784,-2.1547243405174035
1877089001533,-4.851031772435615,-4.336689762381684,-1.977473752436303
1877089001550,-4.852983688243272,-4.07188498340577,-2.4011290013879734
1877089001566,-4.1935997116743895,-3.972211769284552,-3.1689462386932674
1877089001583,-3.6728566059409244,-4.317046211975382,-3.2254958143435766
1877089001600,-3.439506601975332,-4.389835720108469,-3.244546966617746
1877089001616,-3.731025154287039,-4.331971455560497,-3.4412238246429507
1877089001633,-3.839625367799652,-4.18138903925568,-3.5030294388591443
1877089001650,-3.9053175942012737,-4.317764692710459,-3.6286603440231833
1877089001666,-4.464707047558662,-4.415200582118801,-3.5542839248162643
1877089001683,-4.557942652711798,-4.392736393031768,-4.018253313306674
1877089001700,-4.066607631235003,-4.8021721292497235,-4.166656632193935
1877089001716,-3.597318766405117,-4.851164109684942,-3.441234444562455
1877089001733,-3.8404265683164893,-4.413477950675441,-3.431515691876127
1877089001750,-3.706636328396543,-4.404454321884881,-3.5733342605192573
1877089001766,-3.284339957457888,-4.51353924734907,-3.886165303280887
1877089001783,-3.06840499073522,-3.592689567348582,-3.77227905680308
1877089001800,-3.031859022814036,-3.917533838393836,-3.601637063599775
1877089001816,-2.840072768373256,-3.457206272133901,-3.560427203898791
1877089001833,-2.6746083267642558,-3.9155950097946928,-3.432839243479936
1877089001850,-2.41255794058987,-4.074390094460488,-3.5106665088856217
1877089001866,-2.6063384898438384,-4.029708087419131,-3.1931076536236493
1877089001883,-2.7729499530423602,-4.054656778493902,-3.2175186957861452
1877089001900,-3.092302167511529,-4.700470631680653,-3.626168311536596
1877089001916,-3.5898580251165253,-4.834594707547337,-3.371393346953796
1877089001933,-3.958723563467951,-4.29020687868529,-3.983433244142323
1877089001950,-4.775878917791143,-4.128165505066118,-3.5509994649567065
1877089001966,-4.660634051081115,-4.120184416802635,-3.404518814068518
1877089001983,-5.061860611563158,-4.19966775571988,-3.205589865559195
1877089002000,-4.859489055576589,-4.63004214650723,-2.795655771848717
1877089002016,-4.616210373774146,-4.755592567280963,-2.885281737338417
1877089002033,-4.356877346235745,-4.86600613160365,-2.8895799196866663
1877089002050,-3.697856637489152,-4.555174463728229,-2.4611549963385415
1877089002066,-3.624720754125323,-4.4121442025175615,-2.2620087018233646
1877089002083,-3.7625754496906394,-4.105278307044511,-1.8399385669439239
1877089002100,-3.864901015955997,-4.7131179012388476,-2.111115361547286
1877089002116,-3.7446881341277702,-4.711232331297879,-2.1663034167727924
1877089002133,-3.343929609608045,-4.6457826084627545,-2.3949444773084423
1877089002150,-3.8698332957233,-4.178324576979358,-2.822733654658677
1877089002166,-4.268282498706998,-3.54179311542562,-2.3776185147161666
1877089002183,-4.516952035358178,-3.3284311232450827,-2.0245498897856353
1877089002200,-5.618595339617271,-3.2515654639424882,-2.3591333004845256
1877089002216,-6.0078064727156555,-3.7081294206345685,-2.802184432395761
1877089002233,-6.705281146555569,-4.345782237850862,-2.598189634472158
1877089002250,-6.796132435114675,-4.338383627949145,-2.7301070609000213
1877089002266,-6.710747348358289,-3.9087970983447904,-2.6490750965083647
1877089002283,-7.126516208602253,-3.70372870956335,-2.5349689153146064
1877089002300,-6.708264712587764,-3.793180818069537,-2.209741739857142
1877089002316,-6.251481415680025,-3.796133447582477,-1.3329707519674288
1877089002333,-6.451234383682519,-2.9006739710787053,-1.5849267895792307
1877089002350,-7.010986533805481,-2.6523221500896597,-1.294697707894664
1877089002366,-6.777911123087572,-2.491052080782195,-0.9512020282530558
1877089002383,-6.689154744288459,-2.5967118900627915,-1.254302431877821
1877089002400,-6.839293328837352,-2.4784161164171636,-1.0544298823892535
1877089002416,-6.508557642276672,-2.341244137847949,-1.1905825652448905
1877089002433,-6.825302547483961,-2.307409021076997,-1.4755643030308823
1877089002450,-6.664818761716095,-2.135537173164317,-1.1547205939027476
1877089002466,-6.089895096411105,-1.6554440016109577,-1.8201132006831888
1877089002483,-6.113136763633523,-2.0250002940584615,-1.1938192222002422
1877089002500,-5.192840657477025,-1.6899976809788457,-1.0590744926822824
1877089002516,-5.474021034181579,-2.1869453185311647,-1.7748252970451908
1877089002533,-5.331435979845205,-2.4807880392361183,-2.0728459086786923
1877089002550,-4.592668713632674,-2.301195058990183,-1.9893608906368503
1877089002566,-4.432112376511172,-2.172244828941994,-2.143029531129148
1877089002583,-4.44402087232548,-2.135746841714167,-2.2531651706001226
1877089002600,-4.897183907567062,-2.157771705410882,-2.6345210926697478
1877089002616,-4.34012276337261,-2.2077549446205396,-2.4599154133910583
1877089002633,-4.12191532252144,-2.7177794820928978,-2.295517331551356
1877089002650,-4.11179598822489,-2.5358470811433516,-1.896171603754669
1877089002666,-3.6874561684374147,-2.5405765010631205,-2.2457432426234565
1877089002683,-3.5537551249169335,-2.347743566386156,-2.437910133819705
1877089002700,-3.5546788660600965,-2.292540856374631,-1.8810619104925788
1877089002716,-3.4081052274224417,-2.683529254032836,-1.8706577641894353
1877089002733,-2.841731009006219,-2.91413982057961,-1.7900341687867973
1877089002750,-2.2681407797709316,-2.9661710929624316,-1.7611776012659854
1877089002766,-2.058938994784751,-2.9759748903257606,-1.9383984974441424
1877089002783,-1.5933140269908561,-3.116894661228516,-1.921999236933626
1877089002800,-1.8471299425120975,-3.194345612974206,-1.9119739580266673
1877089002816,-3.0233526541691154,-2.960871253773749,-2.073012453611039
1877089002833,-3.6918348970113124,-3.0877258989935106,-2.681935402861308
1877089002850,-3.215089768247112,-3.1995217992258986,-2.13764448690031
1877089002866,-3.3111887366944437,-3.3308655903354367,-1.7350746255875331
1877089002883,-3.823909706627406,-3.804563456179459,-1.687482053593617
1877089002900,-4.1701911840496555,-4.267856790901774,-2.076710689337607
1877089002916,-3.9958642623261644,-4.349608586826571,-2.1246908492826444
1877089002933,-4.504956568254538,-4.347581651141555,-2.3577138100466626
1877089002950,-3.837946143964131,-4.607401517058825,-2.2069419498738325
1877089002966,-4.225087870650952,-4.332687642317008,-2.184456239098359
1877089002983,-3.8010501114834514,-4.224407671687159,-2.6329382961382852
1877089003000,-3.5873840664037866,-3.7069830084376436,-2.8025626371392702
1877089003016,-3.718647054325435,-3.5902315022290177,-2.99751913985945
1877089003033,-3.128002791516462,-3.9024648680474305,-2.8909659925605005
1877089003050,-3.0021815821056492,-3.880446814310075,-3.2499718224375513
1877089003066,-3.424958980691331,-3.862995168898052,-3.5203243218792033
1877089003083,-3.708719203797422,-4.398537413814948,-3.632193543094825
1877089003100,-4.028708971383441,-4.117315342919662,-3.983180205028595
1877089003116,-4.475760116662686,-3.9951237616448014,-3.610692708684809
1877089003133,-4.90934891359881,-4.255742189927202,-3.9511340027726707
1877089003150,-5.031641731094523,-4.603643501498704,-4.2423052970030195
1877089003166,-4.765246706353902,-4.631724743415416,-4.23603220722209
1877089003183,-4.772278654779907,-4.741645884354726,-4.3929455907133335
1877089003200,-4.97649934276678,-4.620484929867583,-4.547418778045455
1877089003216,-5.031425605255974,-4.839897292848725,-4.400980770235769
1877089003233,-4.4030425552420125,-4.587527301186846,-4.258933100384157
1877089003250,-4.3024516709050955,-4.317112352550581,-4.224379192949583
1877089003266,-4.364242014148715,-4.279588598726534,-4.067264239405981
1877089003283,-3.5442302502830736,-4.418989190858598,-3.8369483624520107
1877089003300,-3.6591374405304617,-4.745378569617387,-3.31016726740696
1877089003316,-4.059254887489153,-4.8151266914218604,-3.5255044299704186
1877089003333,-4.299117863418609,-4.966908748541197,-3.7679408216235513
1877089003350,-4.139932204989595,-5.145022488139854,-3.6332329788991213
1877089003366,-3.0549284611121683,-5.1051507596928305,-3.555561065812575
1877089003383,-3.674660021858089,-4.7843128337050524,-3.506340013054707
1877089003400,-3.636196875477329,-4.1807851684283275,-3.780197086959407
1877089003416,-3.5114742269269805,-4.471857772913435,-4.478240700532232
1877089003433,-2.977367891901026,-4.596385332685222,-4.265585017321946
1877089003450,-3.238298919282088,-4.8996704227420285,-4.129820196196898
1877089003466,-2.926967792365165,-5.439306660456567,-3.8083563953193167
1877089003483,-3.8688481835571564,-5.363359428393421,-3.7738780129811818
1877089003500,-5.136060259566847,-4.767488886962623,-3.3888395197458165
1877089003516,-5.731675662003195,-5.212105669183929,-3.6476143081913532
1877089003533,-5.103797716736867,-4.711866053252406,-3.7370958664752805
1877089003550,-5.091406221337455,-4.617613321523682,-4.018937586661865
1877089003566,-5.108079074750647,-4.971753098127932,-3.749543296882139
1877089003583,-4.413979270830938,-5.489323573398472,-3.6224778310404746
1877089003600,-4.948055883742435,-4.962383817022125,-3.9153277518193654
1877089003616,-5.687083121426064,-4.829537979171774,-4.269034532129539
1877089003633,-5.461981684667619,-5.168723171337484,-3.8458198317941785
1877089003650,-4.798615871102791,-5.362052325863069,-3.8494943625503253
1877089003666,-4.62387918243311,-5.36901192506177,-3.570638253732975
1877089003683,-4.921275945651922,-5.529327368543198,-3.5365214156702014
1877089003700,-4.605818014653559,-5.294622578442453,-3.122065434708611
1877089003716,-4.345846170527204,-5.094933211159214,-3.455395605120797
1877089003733,-4.457915696206165,-5.118429526791504,-3.7455981751279674
1877089003750,-4.549187519225796,-5.230502696405068,-3.184681560071795
1877089003766,-4.036362103433208,-4.601544034376516,-2.620436839147125
1877089003783,-4.6350469601184425,-5.032401875447739,-3.0839359534223743
1877089003800,-4.361961474463209,-5.292447472746839,-2.5460731352260626
1877089003816,-4.448288971413307,-5.253621011460903,-2.5208961690613316
1877089003833,-5.404894975661031,-5.714794360355973,-2.5010746500300054
1877089003850,-5.479748955735296,-5.347588517993455,-2.49549455733898
1877089003866,-4.839110356075304,-5.428326655767142,-3.1642929646560685
1877089003883,-4.9279668098642775,-5.752066376590997,-3.3220325155385475
1877089003900,-5.306240899542514,-5.706557498187974,-3.030948017105009
1877089003916,-4.996258312251646,-5.650016936914686,-3.2232739821545557
1877089003933,-5.44173600320162,-5.322438187044506,-2.9711655408890363
1877089003950,-5.0758112483564375,-5.3407474576340075,-3.2723048142484825
1877089003966,-5.426912127855693,-5.0543825835626635,-3.447045578519167
1877089003983,-4.673461531302108,-5.54872664140551,-3.0561333604871646
1877089004000,-4.562440748084529,-5.49398675299744,-3.5391505230183435
1877089004016,-4.853837638462629,-5.301796060375608,-3.7157181953899765
1877089004033,-5.915288144560119,-5.047197617844331,-4.06395900565298
1877089004050,-5.251746881594577,-4.975177205698903,-4.224185742608854
1877089004066,-5.547967508144385,-5.1409783519174335,-4.422836625742873
1877089004083,-5.075612347301103,-4.497853910054205,-4.418638987471212
1877089004100,-5.397216447048066,-4.403146522217581,-4.377079729580171
1877089004116,-5.39332964533465,-4.681248323788371,-4.139890133120104
1877089004133,-5.164049086813773,-5.000188771277332,-3.772400467931285
1877089004150,-5.530182633078246,-4.854685825159158,-4.038815908602133
1877089004166,-5.437492837326709,-5.040529718546321,-4.034285827508611
1877089004183,-5.432001419657061,-5.005021475317482,-4.091648169079905
1877089004200,-5.383623997151396,-5.316083398501749,-4.053696285418407
1877089004216,-4.883495607727764,-5.415764756708141,-3.8937425948912745
1877089004233,-5.31893755152702,-5.4928373820560275,-3.689879287623
1877089004250,-5.889395280714911,-5.7549687473610485,-3.572428988010629
1877089004266,-5.807087069198422,-5.9083374774063335,-3.532139850048484
1877089004283,-5.5291568365959245,-5.725936468577039,-3.5269603365060807
1877089004300,-6.44882663613252,-5.424119329096759,-3.1940972843503825
1877089004316,-6.390307927551493,-5.751082956361679,-3.194295049713456
1877089004333,-6.285438574231569,-5.663553353613615,-2.741223363931983
1877089004350,-6.333460760361199,-5.6131832900912935,-2.7756132543550738
1877089004366,-6.647411334331789,-5.405348219488194,-2.8954061112430596
1877089004383,-6.338954817052534,-5.478453463008204,-3.3340948147978984
1877089004400,-6.559628406429621,-5.2421565782295705,-3.7235824016733186
1877089004416,-5.761139740335516,-5.240185588576074,-4.131883052437192
1877089004433,-5.839168777432642,-5.299146626080088,-3.7640464307027575
1877089004450,-5.3671716214122895,-5.781748366311083,-3.4164050903950973
1877089004466,-5.839235264107391,-5.617464840386457,-3.4414475264035125
1877089004483,-5.38352148385255,-5.757992328469319,-3.4298994361056265
1877089004500,-4.925409449434799,-6.437937277567172,-3.2322637479812766
1877089004516,-4.648218409802316,-6.393450354724002,-3.4058829657515495
1877089004533,-4.625176099725133,-6.274656264561348,-3.545129225349958
1877089004550,-4.868574356384107,-6.060615748699409,-2.9835706786653367
1877089004566,-4.7582747723602985,-5.6479932291777235,-2.685953319055517
1877089004583,-5.253729472294011,-5.700480904602707,-3.1333169923422104
1877089004600,-5.646012229231927,-5.684643221619998,-3.262789840201633
1877089004616,-5.4433409801091095,-5.41012251181147,-3.44496627773275
1877089004633,-5.614294081976793,-5.424024212047961,-3.156556797651657
1877089004650,-5.793020040678391,-5.534650237652059,-2.8581104695990773
1877089004666,-6.4736974091991915,-5.67795317039369,-2.6641985159837107
1877089004683,-6.632104643942496,-5.416119492613423,-2.524496177318816
1877089004700,-6.720041517999368,-4.956656078332278,-2.1611873997589024
1877089004716,-6.664365834357815,-5.035716409669267,-1.9647712482691069
1877089004733,-6.241465645623545,-5.223376693599648,-1.7968516973221904
1877089004750,-5.51637069145139,-5.480123322036144,-2.002184926648472
1877089004766,-5.551789853980804,-5.039315194640566,-2.208214263622738
1877089004783,-5.376662590433936,-5.0288770755984284,-1.895198900624757
1877089004800,-5.241439670511586,-4.327921488825829,-1.6768879007008042
1877089004816,-5.524523830880783,-4.51865645558881,-1.7145681721320998
1877089004833,-5.7818300912315586,-4.131727998336725,-1.551004014394574
1877089004850,-5.280267624994613,-4.416020341473222,-1.907580297321966
1877089004866,-5.191393572184002,-4.198835688949499,-1.6974791638806086
1877089004883,-5.139188984854379,-3.915003877895313,-1.514513377991177
1877089004900,-4.934943614065809,-3.7327006281798867,-1.6470505500113497
1877089004916,-5.238285926825031,-3.48752295086438,-1.429634524859149
1877089004933,-5.286758401796348,-3.551930094964898,-0.8905374412772198
1877089004950,-5.20996749412273,-3.027140147190535,-0.819124997500603
1877089004966,-4.926230905732692,-3.3708105984953094,-0.6630131451810466
1877089004983,-4.787534813976523,-3.017383133042707,-1.1367180380387265
1877089005000,-4.555863539524844,-3.7470502866522333,-1.2166358867981688
1877089005016,-5.103189240496729,-3.465861165025346,-2.0110625008018546
1877089005033,-5.1464160399246115,-2.771508682875213,-1.8918643278125238
1877089005050,-5.552101849913454,-1.8445471867700398,-2.6294104328369565
1877089005066,-5.221682513886899,-1.6932639674032135,-2.672704130049091
1877089005083,-5.337788768332767,-1.520458574630581,-2.3576694778347065
1877089005100,-5.057120053169274,-1.2068663931157593,-2.170806441238627
1877089005116,-6.103820678065853,-1.3873715850049662,-1.807880114415453
1877089005133,-5.714756601236425,-1.531831002329918,-1.702274699489126
1877089005150,-5.517454471707606,-0.9367169172489946,-1.3630685651732737
1877089005166,-5.311439129524468,-0.7496611218089253,-1.3769423277560695
1877089005183,-5.945571191963942,-0.5990092838229151,-1.8161854609415349
1877089005200,-4.847988093991242,-0.5382311642809468,-1.583049422227484
1877089005216,-4.743194017855532,-0.18565721521098322,-1.2916449704849593
1877089005233,-4.381772036920763,-0.47439361798550017,-0.8037788470833993
1877089005250,-4.424742555260747,-0.056784748669057805,-1.0772589703542974
1877089005266,-4.237504280767493,0.3649174233614296,-1.1402583734362781
1877089005283,-5.025805882829594,0.46329006666996086,-0.5828839016295779
1877089005300,-4.747451476747574,0.4041642258042186,-0.5968974194304058
1877089005316,-4.687904287441758,-0.3694795370288535,-1.0958106094242255
1877089005333,-4.885885173066557,-0.6777331555613992,-0.8769470653304752
1877089005350,-5.023161645571848,-1.0274571421408378,-1.1526182740978634
1877089005366,-5.6287935384163745,-0.7425280416531841,-1.3661055301946359
1877089005383,-5.166752018261055,-0.25545202638703746,-1.3328958386913154
1877089005400,-5.320573387995967,-0.47254777341032295,-1.3254172022687831
1877089005416,-6.122085886409369,-0.5072697474735719,-1.3541216148991961
1877089005433,-6.128998032793696,-0.7566255476906436,-0.8483588188536153
1877089005450,-6.004622365874971,-1.1190149076406737,-0.8764402407840199
1877089005466,-5.691067608968288,-1.1740256788145507,-0.6647288981286206
1877089005483,-4.593170778267272,-1.0216665144970767,-0.7198719789451311
1877089005500,-4.637900020214628,-1.0373590837060673,-0.12654260618906088
1877089005516,-4.939470398683059,-1.1115585843117408,-0.1485174055634415
1877089005533,-4.66056726056684,-1.1611344311540845,-0.18523337978097665
1877089005550,-4.671665305215419,-1.8922858061386432,-0.6045512390707479
1877089005566,-4.4489163948986326,-1.865942506737933,-0.39283290579159935
1877089005583,-4.739105739762871,-1.9131459151936543,-0.4412315611793671
1877089005600,-3.7686436793379943,-2.7310255906803964,-0.9039791618699535
1877089005616,-3.5881474048240563,-2.7818625479584536,-1.0538472352705406
1877089005633,-3.983115267789898,-2.721862015652569,-1.2077119241640166
1877089005650,-3.9464360666199907,-2.9160552654082106,-1.2287105244420253
1877089005666,-4.055362561172574,-2.6911392429887813,-1.5703277556874569
1877089005683,-3.479340328253212,-3.152838581174791,-2.1332588377566846
1877089005700,-3.5356337095418056,-2.59837556468349,-2.082808343052678
1877089005716,-3.3309250237339674,-2.9300778237278178,-2.523577835523461
1877089005733,-2.4269596161708833,-2.543527265199902,-2.132771788696319
1877089005750,-2.9712711005138868,-2.418903092528131,-2.3087334401763417
1877089005766,-3.3640890437133226,-1.8062547208343762,-2.314162864753702
1877089005783,-3.0054012243405834,-2.1744604383644077,-2.036369477084875
1877089005800,-2.605872834457744,-2.1955327461513106,-1.4996141950810755
1877089005816,-2.1722745123109504,-1.5591346283916598,-1.591410103422499
1877089005833,-2.805501673450235,-1.555139032593388,-1.7471003928791726
1877089005850,-2.514043438647426,-1.6330990749758323,-2.184098123939658
1877089005866,-2.4034105040394262,-1.490615907313905,-2.5200221035158465
1877089005883,-2.03056510657635,-1.3828186389793267,-2.3066119705281714
1877089005900,-1.0256799606755704,-0.9606429134600161,-2.1460281792628457
1877089005916,-1.0941888166368767,-1.869119222294187,-1.8025790916144646
1877089005933,-1.3612359445645694,-2.3555869420254565,-1.5313360278781225
1877089005950,-1.474374833680851,-1.6614229690296947,-1.8081695148768664
1877089005966,-1.3061729951765266,-1.741610964812046,-1.7080486568888782
1877089005983,-1.2863488115348076,-1.3663545466782052,-1.69357916072309
1877089006000,-1.155934419181437,-1.3615268099196873,-1.7863716012483668
1877089006016,-1.4478317793937903,-1.4230794587818991,-1.55928210676452
1877089006033,-0.7482270006488907,-1.369900625143937,-1.3659880138231144
1877089006050,-0.9192505867498442,-1.622153847589149,-1.5422266167416758
1877089006066,-0.20753531007643478,-1.3337456678551476,-1.8356698592816978
1877089006083,0.09252828588915474,-1.1971447513401223,-1.7316188030490696
1877089006100,-0.9578140573442155,-1.2910992498905465,-2.5177874887634193
1877089006116,-2.4253556346524636,-0.9381553853266995,-3.1510686584279703
1877089006133,-2.2359740365988423,-1.5143077077291984,-3.3058505747744054
1877089006150,-2.0430383156788556,-1.6898324543760408,-2.4770728472486234
1877089006166,-2.422294273793681,-2.5878165396379567,-3.0704610721949
1877089006183,-2.859779019257058,-2.4171797601785157,-2.994778589266164
1877089006200,-3.5513435957235426,-2.1500617645058675,-3.20641197360775
1877089006216,-4.106775860097516,-2.3473974476103434,-3.313928755327172
1877089006233,-4.664152063760945,-2.5904820502399066,-3.436398266831455
1877089006250,-4.273267702631125,-2.739476535207602,-3.3984436714544697
1877089006266,-4.490557577509962,-2.536159028675427,-3.088460904865366
1877089006283,-5.010768265644537,-2.7522408008821633,-3.06371399659876
1877089006300,-5.285677700382527,-2.846698504421311,-3.2847910386618655
1877089006316,-5.126893127689096,-2.537319105851011,-4.301956158942974
1877089006333,-5.3006805837509505,-3.055126270716956,-4.213717665829361
1877089006350,-5.635372061516968,-3.117493160640603,-4.166031524882523
1877089006366,-5.673448500232288,-2.794013269377167,-4.531772611321071
1877089006383,-5.779560262114757,-2.360457835797045,-4.700429531701797
1877089006400,-6.4883418379433575,-2.7625800421914715,-4.501945175722618
1877089006416,-6.2379085862075865,-2.5152646521380744,-5.093274165254094
1877089006433,-6.161416392048123,-3.2052101245969378,-5.29474232791959
1877089006450,-5.913570691827731,-3.1879431017316557,-5.47545161057543
1877089006466,-7.1199554275443795,-3.097799166789136,-5.255904582903503
1877089006483,-7.0365703018018015,-2.7063219271780583,-5.299816016149327
1877089006500,-6.575593171678672,-2.4410462673806994,-5.621837358324026
1877089006516,-6.66877619662636,-2.5614202922707787,-5.690901557034753
1877089006533,-5.7844264239983385,-2.999326046055579,-5.7685316892343295
1877089006550,-5.485641909637742,-3.486494822962363,-5.698800618811646
1877089006566,-6.414385445006454,-3.2960072216125567,-5.603260637473291
1877089006583,-6.562404093460632,-3.553824591107744,-5.878379512055313
1877089006600,-6.258995050870764,-3.6640950895158775,-5.67940721078367
1877089006616,-6.088193684802883,-4.348866339881974,-5.666955841430042
1877089006633,-5.3731479362237335,-3.9653688376706544,-5.396916349893857
1877089006650,-5.467798355948694,-4.2658395268226315,-6.069209431213488
1877089006666,-3.968892233137871,-4.024373149607895,-6.112734559419861
1877089006683,-3.618455346267119,-4.174656492855602,-6.197571956573547
1877089006700,-4.273587622107527,-4.045682103561754,-6.559862955603846
1877089006716,-3.9080436687735056,-4.145719099770605,-7.015964110914432
1877089006733,-4.22018759190899,-3.355684753291627,-6.772482401708931
1877089006750,-4.019662528330351,-3.464443399987639,-6.642430391219497
1877089006766,-3.7515544068990314,-3.375539749760361,-6.537145195131181
1877089006783,-3.3624500137969293,-3.3167094352511963,-6.606692477099992
1877089006800,-3.5114455620275487,-3.4478834953036133,-6.019069427988262
1877089006816,-3.0113499987994827,-3.8026527075866157,-6.039206238350435
1877089006833,-3.1366887102025984,-3.5587536395337325,-6.341822018071097
1877089006850,-3.167638417045535,-3.311333307250457,-6.395226683196775
1877089006866,-3.3968161775669854,-3.8285489341123813,-5.952568798970031
1877089006883,-3.8993612272643885,-4.150966042594573,-5.832781189133765
1877089006900,-4.225068002759459,-3.627496146536048,-5.852215715099582
1877089006916,-3.8219130363874347,-3.1832638535710527,-6.581116793119271
1877089006933,-4.36876953901916,-3.2464893142055593,-6.616114672524062
1877089006950,-4.522193802232449,-3.499467670579111,-7.194783228871415
1877089006966,-4.5615952296465725,-3.103451405528182,-6.986348611389463
1877089006983,-4.776579722661341,-3.1345090271258416,-6.808429430113501
1877089007000,-4.891861355713477,-2.9912802422428126,-6.957629787871724
1877089007016,-5.0797684119229976,-2.7237425453363904,-7.299330068351351
1877089007033,-5.345636768217896,-2.7388538086520113,-7.2533813217374625
1877089007050,-4.619061446597775,-2.817195187472602,-6.873215782383707
1877089007066,-4.609622981355343,-2.714154350892058,-6.85807619963572
1877089007083,-4.043926938499197,-3.151006120896307,-6.7311715701520285
1877089007100,-3.843830256183223,-3.5455314931491007,-6.096752989267991
1877089007116,-3.384263167561814,-3.512988603757124,-6.328602640916387
1877089007133,-3.0144615218955426,-3.3361932970376036,-5.119690537825436
1877089007150,-2.866966078224526,-2.9740147567635593,-5.484095579388909
1877089007166,-2.9390338301184444,-2.3833624781083307,-5.740587427020662
1877089007183,-2.880687182814752,-2.4721530025701632,-5.8715009125261
1877089007200,-2.196033540151468,-2.324113515407866,-5.414642180224771
1877089007216,-2.2025435225349255,-2.3414568361134114,-5.106533946018887
1877089007233,-1.9720846886044052,-1.975944401921799,-5.29243067613826
1877089007250,-2.11932826097454,-2.6056845960792083,-4.482114371552488
1877089007266,-2.2475884904163457,-2.912613918657864,-4.017475728766293
1877089007283,-1.6658311965832113,-2.9705962407892006,-4.204962831927627
1877089007300,-0.8384340635983696,-3.278195970399564,-4.1597887419128305
1877089007316,-0.5636072777573871,-3.2301326197911124,-3.9026778271126226
1877089007333,-0.0894246543425874,-3.401323501227972,-3.9428390095029098
1877089007350,0.9164062838824734,-2.935936796061158,-3.5082155336350707
1877089007366,0.9238115722242233,-2.909984150385925,-3.7672788678675113
1877089007383,1.4516770519959161,-2.5600287132700634,-4.004285589359961
1877089007400,0.769113164336181,-2.31048773371318,-4.269058295240684
1877089007416,-0.23920850836631669,-2.5956610820976986,-3.952624617778254
1877089007433,-0.7830001326459386,-2.3685869451206805,-4.072204594121986
1877089007450,-0.4884527318391294,-2.0739499534084604,-3.4542035859311633
1877089007466,0.2046043543197733,-2.285476375643073,-2.7667323834539372
1877089007483,0.6687676023294129,-1.8925647847530662,-2.861486041992873
1877089007500,0.5294039962453168,-1.9191661830637416,-2.843166803535943
1877089007516,0.15607851691230934,-1.444545438384421,-3.6290161820762323
1877089007533,0.22936089116221137,-1.9508184380701303,-3.1287097555353074
1877089007550,0.01605177701221283,-2.4064069485975383,-3.4027882643063654
1877089007566,0.11692065608083091,-1.9355980334818632,-3.470323752005873
1877089007583,0.8707152750539988,-1.948535366960729,-3.42990554889423
1877089007600,0.9134341316348804,-2.4628442408043765,-3.485018700807238
1877089007616,1.3859401630965884,-1.7442166433781239,-3.4789599135150944
1877089007633,1.9827149533745674,-1.137886501648115,-3.099789767919318
1877089007650,2.5285488226118975,-1.5490291875020015,-3.216770675399783
1877089007666,2.5523587522828626,-1.7478437236404583,-3.2620554491618905
1877089007683,2.801595740616751,-1.579358536338475,-2.630394751314588
1877089007700,2.7562779725825752,-1.6940292456945922,-2.059126044511169
1877089007716,2.9795177427833766,-1.677965464685272,-2.04573719228919
1877089007733,3.1910085387234544,-2.3846216315155893,-1.8587331119708268
1877089007750,2.7941253207020633,-2.2730924407313693,-1.9301777894190038
1877089007766,2.108187078250344,-2.599979299403452,-1.5092851424182534
1877089007783,1.8842718919938282,-2.402044296577252,-1.8341832013872226
1877089007800,1.4066214708924152,-2.019313610937676,-2.0736659273686286
1877089007816,1.9034407829491498,-2.1765157580409698,-1.4527930014528534
1877089007833,1.9904864889254004,-2.2405445051029345,-1.7040392873895678
1877089007850,2.058848020980051,-2.3603820881115056,-1.2561793126262994
1877089007866,2.4746777876984147,-2.4828088792914103,-0.9739802239572586
1877089007883,2.136164920874819,-2.5738444122308914,-1.0389842982211768
1877089007900,1.4446051698243236,-3.094278879585817,-1.3474690751651177
1877089007916,1.1392589407985332,-2.848412145859036,-1.2041871461225626
1877089007933,0.7060530923450852,-2.705411778778277,-1.4407301853788708
1877089007950,1.135529256496568,-3.0022236895518186,-1.8994861638984468
1877089007966,0.9661092338429649,-3.5639458248053097,-2.095976731255451
1877089007983,0.7885153749540539,-3.6943880170147687,-1.8897023570646356
1877089008000,-0.20363247658254569,-4.256748712384284,-1.9099699913104309
1877089008016,0.22805723680618506,-4.495226146086778,-2.1759927486048953
1877089008033,0.5868671615831467,-4.435246907332302,-1.9757516843728116
1877089008050,0.5351464072952332,-4.579575133863341,-1.8447332924084807
1877089008066,0.7208812313779465,-4.37799995502247,-1.5552994078902005
1877089008083,0.6606468792318978,-4.516407761077125,-1.8124585426846622
1877089008100,0.24391800830622845,-5.202905542811186,-1.3222440872265226
1877089008116,-0.9998127674095012,-5.349756168182555,-1.4053200009567552
1877089008133,-1.2684182551075898,-5.390720866123855,-1.0139172692942298
1877089008150,-1.4138522551508497,-5.585497802327224,-1.4837430922931867
1877089008166,-2.0578813742205857,-5.428106698444912,-1.2084808798632727
1877089008183,-2.469181089923341,-5.7622485335984805,-1.267712766500567
1877089008200,-1.9437103639918187,-6.321266759786905,-0.8665178384017946
1877089008216,-2.501467484057519,-6.025708260067043,-0.9033282031169851
1877089008233,-2.631153201349485,-6.197270808573802,-0.9765272857349907
1877089008250,-2.6686600381981815,-6.286220801942255,-1.3942500532959876
1877089008266,-2.3464995932889776,-6.638571656873944,-1.4662728343106854
1877089008283,-1.8935297178663384,-7.26894293097198,-1.485827035373619
1877089008300,-1.991013373949615,-6.9707708568036155,-1.3561665161970515
1877089008316,-1.9586860468747966,-7.3490857605624385,-0.9983685305353864
1877089008333,-1.8793779001822335,-7.7306532360182745,-0.9477138434036831
1877089008350,-2.070509238528983,-7.296797180350639,-1.1436976408835244
1877089008366,-1.612636636338281,-7.667273367629633,-1.8676640512827554
1877089008383,-2.326840407550255,-7.589711592535092,-2.232370997635177
1877089008400,-2.239637286326538,-7.149961776203676,-1.726024898448005
1877089008416,-2.84344000584706,-6.86506690154449,-1.7182784410871075
1877089008433,-3.6380207242550897,-6.238915513086107,-1.2094353823504682
1877089008450,-3.8013879502746404,-6.381640508723086,-1.0538147532228814
1877089008466,-4.591697604718318,-6.673060866774548,-1.7331298194324098
1877089008483,-4.948860531347876,-6.759852678023689,-1.6033565217655394
1877089008500,-5.1413683879127845,-6.603372932289751,-1.488449931360192
1877089008516,-5.220619640006217,-6.995626425709842,-2.2523216235387866
1877089008533,-5.904108264138684,-6.993815891041383,-2.631648734991615
1877089008550,-6.027110769870336,-6.742600785887559,-2.4509101289399426
1877089008566,-6.665663621396686,-6.921900993978638,-2.2796638063536694
1877089008583,-6.720149564638997,-7.786633423082003,-2.470429096141722
1877089008600,-7.353898544222265,-8.341800536219461,-2.3809268344354004
1877089008616,-8.273514118464597,-8.483574452788378,-3.230225599083049
1877089008633,-8.166730042840655,-8.619716840380242,-3.1410353220135727
1877089008650,-7.664507845588118,-9.571559322529755,-2.7270052641573934
1877089008666,-7.065425115129884,-9.688880145747529,-2.819827687915314
1877089008683,-7.467688328240492,-9.765245029656999,-2.967034804379498
1877089008700,-8.331393354470373,-9.749145772490401,-2.399299872099171
1877089008716,-8.349401103918488,-9.85571037144168,-2.507926898476569
1877089008733,-7.91378810341551,-9.734429286562458,-2.7609072085041917
1877089008750,-8.091998617244762,-9.605463112273224,-2.502663400976182
1877089008766,-8.018609176046143,-10.494707704517095,-2.945613232646315
1877089008783,-8.081528473168092,-10.66403161044602,-2.515808198126476
1877089008800,-7.595184122736121,-10.776274074166793,-2.2723321338634364
1877089008816,-7.256644265891179,-10.758433109142128,-2.756680277677069
1877089008833,-6.342014039148872,-10.997040765872176,-2.9769049665063605
1877089008850,-6.868609981689449,-11.717971441914855,-2.9128881436057936
1877089008866,-6.993479271291362,-11.876876669326927,-3.038250135908396
1877089008883,-7.07853190266068,-11.45472787560145,-2.9213504530338255
1877089008900,-6.839064141335912,-11.978917216398713,-3.3733775474597087
1877089008916,-6.579905709842776,-11.582691665906312,-2.964206087338495
1877089008933,-7.353793145073762,-11.38884486276026,-2.8930680752218705
1877089008950,-7.879872188117271,-11.943629386498973,-2.519568086033911
1877089008966,-7.912129627824488,-11.850211200477435,-2.5783730359957207
1877089008983,-7.923664951710268,-11.670563341163348,-2.839931348827993
1877089009000,-7.750857657221838,-11.946699205937424,-2.29760570990436
1877089009016,-8.639914883436134,-11.620389964104909,-2.7037119875458315
1877089009033,-9.454153598079444,-11.970831542447664,-2.801969726370165
1877089009050,-10.079345070566768,-12.405597832957032,-2.7619126456962775
1877089009066,-10.164039798738312,-12.608969397743397,-2.8400500045093144
1877089009083,-9.54347837374653,-12.630989400014224,-2.920608695065554
1877089009100,-10.18969729181494,-12.373589106780607,-3.2920848653163386
1877089009116,-10.695243143944115,-12.258304030025759,-3.006729487577982
1877089009133,-10.157731111344802,-12.476092429693232,-2.833723117008003
1877089009150,-10.503821731358723,-12.17086202760882,-2.7879366267311476
1877089009166,-10.664261761680333,-11.74682107390519,-3.0095780031945005
1877089009183,-10.19291367733508,-12.007968001295401,-3.07522555346372
1877089009200,-10.149332231219837,-12.197747842521586,-3.164318883812862
1877089009216,-10.287197374972063,-12.629841698538199,-2.9136323454905417
1877089009233,-10.46310076610368,-12.738022050275024,-2.5605178821237295
1877089009250,-10.83986237502181,-12.2008081532615,-2.39841892090191
1877089009266,-10.510430655356807,-12.131945432978277,-2.187207555255478
1877089009283,-10.112644382273238,-12.314867757719504,-2.2203508361433553
1877089009300,-10.702941177874242,-12.19132978906618,-2.705284423291797
1877089009316,-10.758221575391328,-12.356309246258993,-2.519252657203626
1877089009333,-10.227649024253026,-12.139421458658553,-2.409724559280621
1877089009350,-10.879590332577582,-11.930364615458057,-2.273139960535464
1877089009366,-10.736086004946106,-12.089133474616233,-1.8138833943439383
1877089009383,-10.110242616867321,-11.80104879310673,-1.3793370419037878
1877089009400,-10.123312158616255,-11.883436857249313,-1.6434303749657502
1877089009416,-10.062635752609134,-11.910096640775944,-2.1045260987930163
1877089009433,-9.861184508841053,-11.791265396914959,-2.449881092450799
1877089009450,-9.527370881110544,-12.236543033236531,-1.9324451087981034
1877089009466,-9.955103627796069,-12.372669574724753,-1.9809560426365274
1877089009483,-10.721424978073802,-12.72405072311241,-1.934887129275574
1877089009500,-10.86245720089872,-13.275053608507704,-2.382298882466766
1877089009516,-10.746988636227018,-13.149821451205753,-2.2029706810580354
1877089009533,-10.358546559781214,-13.303139914037693,-2.146152857652896
1877089009550,-9.985151832277605,-13.360375381874153,-2.224808197740764
1877089009566,-9.840292399052252,-13.180494600890366,-2.18281397649672
1877089009583,-9.963269053625012,-13.677975905978974,-2.328851923207373
1877089009600,-9.769920643308833,-13.556666208534136,-2.6127056645113718
1877089009616,-10.06256154056183,-13.426611803673747,-2.5039579402586463
1877089009633,-10.16798491834182,-13.159040629624368,-3.3108830392766837
1877089009650,-9.96120666419848,-13.052359330678684,-3.2057059509496235
1877089009666,-9.369139795909394,-13.113846891777351,-3.395245890984983
1877089009683,-9.496187263413226,-12.870470219307698,-3.68961306339236
1877089009700,-9.550859518212613,-12.665857449389925,-3.3728185591855637
1877089009716,-8.899821133889123,-12.951832080748332,-3.729372638523046
1877089009733,-9.078487384645182,-12.69552824394006,-3.8112955207110324
1877089009750,-9.179629214022999,-12.704346993337762,-3.571790995238846
1877089009766,-8.814842713313194,-12.648208105846267,-3.5477905204178404
1877089009783,-8.444145275980578,-12.135501601199078,-3.084394938927301
1877089009800,-8.350882962885834,-11.88407004092756,-3.28249942016538
1877089009816,-7.647094732896631,-12.682400864272601,-3.0792087728990043
1877089009833,-7.905440679637783,-13.011526190247977,-3.220232086826594
1877089009850,-7.844749096175088,-13.663515747065155,-3.078200846670019
1877089009866,-7.859335263303107,-13.413718001928444,-3.4734833513884804
1877089009883,-7.91149227794563,-13.421955169625054,-3.350579860922662
1877089009900,-8.300281849933704,-13.43796897132976,-4.0073722415398505
1877089009916,-8.55308546502672,-13.249659286840284,-3.7977576715518198
1877089009933,-8.1550527981274,-13.166839855232901,-3.681245591064279
1877089009950,-7.763066508963096,-13.096162244291724,-3.8656123376692295
1877089009966,-8.317112183847325,-12.344590979531146,-3.4739499875590614
1877089009983,-7.765457760725753,-12.67905234077735,-3.2894493760088936
1877089010000,-8.048559185603324,-12.270248409273389,-3.5504245208816885
1877089010016,-8.334544462307514,-12.457768022211155,-3.781233386842479
1877089010033,-8.025958168537967,-11.773102649178849,-3.68397021911072
1877089010050,-7.223925282453392,-11.76025732879631,-3.8095817804773615
1877089010066,-7.399588558273573,-12.117295547881312,-4.004902982602938
1877089010083,-7.649424397270952,-11.997423125663722,-4.204099895055689
1877089010100,-7.797098378814001,-11.800138765950667,-4.243001531477214
1877089010116,-8.04929848853414,-11.768720647083372,-4.1916053302060154
1877089010133,-7.946190260060362,-11.823915460666388,-4.031974517004739
1877089010150,-8.700153823288131,-11.70838986779598,-3.501474647487853
1877089010166,-8.806718886607317,-12.264798246489104,-3.6671209073025373
1877089010183,-9.042250999636105,-11.658879469447227,-3.7257750002440897
1877089010200,-9.60662723025288,-11.269529287370233,-3.807043519090391
1877089010216,-10.082054303145265,-11.289247672003803,-3.6881604371174337
1877089010233,-9.188474561944965,-11.147430369799796,-3.7777132770815287
1877089010250,-9.235769890294712,-11.366464113264001,-3.621019138551118
1877089010266,-9.257887545920886,-11.19116526607023,-3.8043561961017778
1877089010283,-9.116804957494413,-10.77212774467867,-4.038226095685704
1877089010300,-9.799527825895012,-10.934968130386146,-3.7245995003622463
1877089010316,-9.388698743952242,-11.386331546902952,-3.4777320633560573
1877089010333,-9.429062350422456,-11.15742394505424,-3.128722945899541
1877089010350,-8.397127734377486,-11.292408205442559,-2.7689266208653978
1877089010366,-8.411445622096835,-10.799835362974246,-2.855704417207923
1877089010383,-7.858016211828852,-10.643594969952005,-3.0215653312668955
1877089010400,-8.716869800462181,-10.977873520121225,-2.784191036885473
1877089010416,-8.022436620605141,-10.618976518898476,-2.613890182304527
1877089010433,-7.549657454767315,-10.65586887561793,-2.8743284356514933
1877089010450,-8.600837393928881,-10.784171295776947,-2.5555334351155596
1877089010466,-8.648237652922642,-10.731313517257131,-2.6147053986717936
1877089010483,-8.916494030059951,-11.203581139387078,-3.0164850484559955
1877089010500,-9.425841921317424,-10.91274215661177,-3.2595316792001747
1877089010516,-9.872867827680125,-10.998199583746395,-3.6916962647312768
1877089010533,-10.412446644820305,-10.541631823767963,-3.8250966416071455
1877089010550,-10.499791727200002,-10.488666480104797,-4.308914210732755
1877089010566,-10.662938467587173,-10.56093755149684,-3.9497808301648845
1877089010583,-11.242693001165728,-10.32868928022741,-4.251874981640328
1877089010600,-11.804559171321811,-10.344718906923507,-4.101127975354579
1877089010616,-12.10833781478443,-9.947647651201413,-3.4482341250473145
1877089010633,-12.355515476432004,-10.243733263224502,-2.95858414109709
1877089010650,-12.216889149727571,-10.231078447630741,-3.398925500717789
1877089010666,-12.311313715097825,-9.802296995345127,-3.2445908838549737
1877089010683,-13.24102901056984,-10.047621238830438,-3.424928492316053
1877089010700,-13.674356221445436,-9.97300154402107,-3.126095549840053
1877089010716,-13.480129968232394,-9.947538585897071,-3.6058315541080708
1877089010733,-14.5566375890347,-9.894243334845871,-3.132945277225888
1877089010750,-13.79639059294946,-9.812323079050289,-2.9254852846502395
1877089010766,-12.794742538337339,-9.351871684468431,-3.0371105776615686
1877089010783,-12.15082062844372,-9.468941220186336,-3.2477592224975047
1877089010800,-11.782482364835843,-8.943567650240444,-2.9488411823792626
1877089010816,-11.098200726939409,-9.934404890022062,-3.0602656819363876
1877089010833,-10.547913400948746,-9.99309160915137,-3.322062473640538
1877089010850,-10.754088468507883,-9.550725071375595,-3.473938819149831
1877089010866,-10.58399902874622,-8.984213060624128,-2.984748649549662
1877089010883,-10.945343170702817,-8.939845331838898,-2.8758100198866723
1877089010900,-11.606577830476784,-9.052825781255583,-2.9013627417242818
1877089010916,-11.809434752427235,-8.748571521236013,-3.255631084025947
1877089010933,-12.228092715425813,-8.67346688251953,-3.7883131656912794
1877089010950,-11.82513068058254,-9.033530592192982,-3.677749506790958
1877089010966,-11.248887253750013,-9.18287497276903,-3.504968971912357
1877089010983,-11.301318907803884,-9.174727093014546,-3.813168051432378
1877089011000,-11.068452269164254,-9.455821460409984,-4.365503171657296
1877089011016,-10.946494642665254,-9.060274212280886,-4.15183056019239
1877089011033,-11.132794520545168,-8.992756392053433,-4.187614348660201
1877089011050,-10.407826493551795,-8.87122208600373,-3.6700135188145593
1877089011066,-10.610689732001926,-8.991533183795184,-3.6058916477161294
1877089011083,-9.642612878846753,-9.58298169013887,-3.679868735070163
1877089011100,-9.637717363449177,-9.325812414019392,-3.8128909400210413
1877089011116,-9.497989723325471,-8.79223361216592,-3.143834311908024
1877089011133,-8.642142475546152,-8.105298239456486,-2.9535157764768263
1877089011150,-8.707079238150067,-8.352539749114005,-3.302011102667129
1877089011166,-9.143498444436386,-8.550896875361909,-3.0690631345587813
1877089011183,-8.97422004708475,-8.856860992108013,-3.5651270329119003
1877089011200,-9.049536479923097,-8.317982487682082,-3.94605463334834
1877089011216,-8.53789900978282,-8.327368033256434,-3.824610088358915
1877089011233,-9.059001188842974,-8.074498488217595,-4.019302780717694
1877089011250,-8.95544617802858,-7.917894263271564,-4.1231796909547915
1877089011266,-8.10025105726632,-8.057585528515448,-3.1633455560840553
1877089011283,-7.464649261386652,-8.329746542724672,-3.3591644231720115
1877089011300,-6.859561386116331,-8.046737308061678,-3.3966360253965067
1877089011316,-7.445678475746265,-8.387529158244774,-3.0745107227823074
1877089011333,-6.37154752462147,-8.42245673766879,-3.3076360126837283
1877089011350,-7.203681881623154,-8.792592615470097,-3.8479618130967124
1877089011366,-6.327168196344295,-8.980621165149758,-3.383087160840239
1877089011383,-5.9832351749963415,-9.19651385132003,-3.782389174538841
1877089011400,-6.5781757462139385,-8.925843304026461,-3.954639881061433
1877089011416,-6.39297012214449,-8.659852635230738,-3.746752007354776
1877089011433,-6.618981199030138,-8.075769539879701,-3.5772253237234537
1877089011450,-6.8554673019680274,-8.693201141489203,-3.557163034312108
1877089011466,-7.130713263940843,-9.267436888314421,-3.978726873149291
1877089011483,-7.633420159339128,-9.16262624339851,-3.901868227860865
1877089011500,-7.0718182578246065,-9.421468391802728,-3.792946431848787
1877089011516,-7.026367086370691,-9.602212052386808,-4.680737468414731
1877089011533,-7.240760722204501,-9.55218016655686,-4.854091618215515
1877089011550,-7.043938594559561,-9.917982439784375,-5.202742594274372
1877089011566,-7.92335606446716,-9.839307230066076,-5.273726173082039
1877089011583,-8.16086963217263,-9.57682406925473,-5.200754763009603
1877089011600,-7.380001057536619,-9.14573099734553,-5.339712867337631
1877089011616,-8.0958282058722,-9.410365923078043,-5.311007322071488
1877089011633,-7.877259234688923,-10.124577075681627,-5.397206270217106
1877089011650,-8.680436793968564,-10.341729473395219,-5.672722710188326
1877089011666,-9.369620182320746,-10.591908531381762,-5.908995500133086
1877089011683,-9.06684134536318,-10.372406607918744,-6.060795773064365
1877089011700,-9.061287322534913,-10.553085935785177,-6.032955020620972
1877089011716,-9.097180835351377,-10.951133549067873,-6.193240936994448
1877089011733,-8.328874524404895,-11.009061557949952,-6.016679460691409
1877089011750,-7.845391232666132,-10.937027971200695,-5.884894638543315
1877089011766,-8.687902568559384,-11.048795997880124,-5.697291949324297
1877089011783,-8.751367398593217,-11.052633388731419,-5.747697818403826
1877089011800,-8.72244692407996,-10.334001897526422,-5.866078040626298
1877089011816,-9.215185495748926,-10.271205740208341,-5.887329530090263
1877089011833,-9.736298071719057,-10.501901456418405,-5.9536166497294225
1877089011850,-10.526917587736214,-10.24469014443183,-6.005686451222461
1877089011866,-10.815445746591703,-9.792994470507722,-5.638035713891352
1877089011883,-10.833251735510892,-9.382050587077801,-5.491467758941385
1877089011900,-10.98704643605458,-8.96671468261015,-6.06080461083264
1877089011916,-10.8606418479176,-8.764869628102481,-6.020983834541051
1877089011933,-12.06253121386034,-8.10922471566672,-5.860791173930355
1877089011950,-11.876390303510403,-8.139763983201316,-5.82331878307938
1877089011966,-11.409968904950023,-8.330821179438242,-5.693650413887667
1877089011983,-11.890017820003708,-7.972432995377852,-5.90892436943795
1877089012000,-12.832556458092615,-8.044896267050783,-5.3995471692377714
1877089012016,-12.502858850940202,-8.410174898942909,-4.980733893478726
1877089012033,-12.662048874426652,-8.209450329682028,-5.428672372360216
1877089012050,-12.952323411854294,-8.382905649708954,-5.442159824004003
1877089012066,-12.53850538479521,-8.7780569270199,-5.905252304083328
1877089012083,-12.056051699440676,-9.131629189156603,-6.356106478393177
1877089012100,-11.539183146459578,-8.82999465522959,-6.150997494161944
1877089012116,-11.734747440209215,-8.657860254882898,-6.440720635208374
1877089012133,-11.691445962733358,-8.802956453357769,-6.020495905033167
1877089012150,-11.354907879618175,-8.934701613374287,-6.1422519956051085
1877089012166,-11.68656850600069,-8.9071891145832,-6.072334498088113
1877089012183,-12.398090037464122,-9.025510125694831,-5.942909131109805
1877089012200,-11.837982043239105,-8.960299189817496,-5.540114771056321
1877089012216,-12.263216015715585,-8.77534868921314,-5.240414923977228
1877089012233,-11.822474530783786,-8.82014901770238,-4.698519120802356
1877089012250,-11.01404251582365,-9.022867506000779,-4.558131737539252
1877089012266,-10.286736589679272,-8.95233843838665,-4.840621838979251
1877089012283,-10.039067292805116,-8.766902681336585,-5.180459166722246
1877089012300,-9.55250790762255,-8.430542726533275,-5.82698504328663
1877089012316,-9.44993108481708,-9.014492812709541,-5.969790889558402
1877089012333,-9.882854901935595,-8.749058479435597,-5.65269170677786
1877089012350,-9.038691308464022,-8.463331817438947,-5.647253195024505
1877089012366,-9.422684763840623,-8.839467470983397,-6.1921026076333305
1877089012383,-8.144535918965467,-9.009238234303586,-6.484486426094682
1877089012400,-7.740829149182317,-9.105157159120871,-6.348614759699735
1877089012416,-6.921254410684027,-8.503722506715949,-6.207807369834356
1877089012433,-6.6909798614367135,-8.202924475998067,-6.045887089025705
1877089012450,-6.3763147843055705,-7.925674771810911,-6.250684053960132
1877089012466,-5.917367393636343,-8.056742485695061,-6.375656115816618
1877089012483,-6.4166178880698395,-7.93474334420511,-6.198847531479781
1877089012500,-6.483200041106936,-7.635652037421433,-6.121743419338158
1877089012516,-6.451049377244023,-7.328420128397358,-6.04040954292096
1877089012533,-6.3209779408551325,-7.629657136553153,-6.208858590550076
1877089012550,-6.048778068524191,-7.709014262371719,-5.493285407259956
1877089012566,-6.161316696629975,-8.12417212878014,-5.656962104108507
1877089012583,-6.04237145314399,-8.428321731233016,-5.71889046569862
1877089012600,-5.775663409249262,-8.081814844161709,-5.261451753283783
1877089012616,-4.696135246591495,-8.182336039970778,-4.953469119459058
1877089012633,-4.930224089289972,-7.857141115739681,-5.1830585582268425
1877089012650,-4.965885605220215,-7.711886474378009,-5.626772231274424
1877089012666,-5.692345108899342,-7.198090642583316,-5.067677734690495
1877089012683,-5.874827516694104,-7.219765192204289,-5.055323341949039
1877089012700,-5.861127233484957,-7.323267340019557,-5.1884567806337465
1877089012716,-5.834613421814299,-7.102022949746212,-5.389236139672432
1877089012733,-5.753696367843007,-7.056114204148277,-5.051892591766636
1877089012750,-6.41766607427383,-6.93064006865787,-5.415152663426936
1877089012766,-6.112362592271623,-7.143166622388621,-5.4661262535574355
1877089012783,-6.782977534385484,-6.919239473935261,-5.491237241235815
1877089012800,-6.806947185174646,-6.676296907064304,-6.066665593642619
1877089012816,-6.628838393398365,-6.789003179892253,-5.873094875206995
1877089012833,-6.819834158738764,-7.145947547785354,-5.772465050062484
1877089012850,-7.238115194872308,-6.8971997433946255,-5.993106409326543
1877089012866,-7.851730821518457,-6.882927503472485,-6.081359901534236
1877089012883,-7.301957958682872,-6.136329185941112,-5.932672462022891
1877089012900,-5.798823378401957,-6.362260393594908,-5.9170652554873
1877089012916,-6.725501864822512,-6.0815065447539345,-6.056315747589945
1877089012933,-6.998858715045787,-6.170055172243621,-6.610884931167482
1877089012950,-7.440186404490882,-5.3935495303776015,-6.548633924010855
1877089012966,-8.291564441928115,-5.9849085754926525,-6.087787954209205
1877089012983,-8.045670553125655,-5.9432294790429046,-5.712180891081079
1877089013000,-7.94819052320854,-6.143156392965479,-5.332261599375421
1877089013016,-7.66655970673808,-6.377497388549137,-5.233957993076681
1877089013033,-8.28569213707841,-6.503100965454117,-4.7751550266967095
1877089013050,-8.105002181169388,-6.516641199330511,-4.348604790628311
1877089013066,-8.241574699167044,-6.481902617164476,-4.262668378159908
1877089013083,-8.100198573285093,-6.806556661116652,-4.125291477051236
1877089013100,-8.291077239288196,-7.374036999982048,-3.9472476846133784
1877089013116,-8.675311476568554,-7.196016221097333,-3.758332840993737
1877089013133,-7.992509113978787,-7.015744548519326,-3.9500406584562415
1877089013150,-8.165054384535361,-6.656381842110778,-4.326976540859473
1877089013166,-7.586352714955215,-6.587656237835372,-4.3637005901941714
1877089013183,-7.40222965345979,-6.493322652859949,-4.322780713822299
1877089013200,-7.723156764083276,-6.2860765481208905,-4.066488099234975
1877089013216,-6.667146163087215,-6.470355561263155,-4.284021915601421
1877089013233,-7.059431156901782,-6.676490582321581,-4.250359816270882
1877089013250,-6.851826449310861,-7.427628809035624,-3.9988593122575007
1877089013266,-6.460073680055214,-6.781048275271746,-4.558350529893913
1877089013283,-6.882208599541419,-6.857821698878953,-4.475795154792314
1877089013300,-6.76490484648054,-6.928843944779736,-5.0663838662990806
1877089013316,-6.543078537137255,-6.593752200282404,-4.9720190557382455
1877089013333,-6.7199932608742445,-6.932314123362043,-5.075644737079011
1877089013350,-6.709551284749201,-7.61786620785179,-5.057329075962438
1877089013366,-7.182999888586149,-7.66694340255034,-4.847150482164883
1877089013383,-6.568139120585316,-7.802345831050362,-4.503743950970544
1877089013400,-7.1652636683529805,-7.730935503137613,-3.808512108423239
1877089013416,-7.530748339678672,-7.481889861134484,-4.150812073871015
1877089013433,-8.388159311796683,-7.271885547710896,-4.33651978728161
1877089013450,-8.398198884874075,-7.468374886621204,-4.561317429166567
1877089013466,-8.115304057232917,-7.492134631817157,-4.263387603816024
1877089013483,-8.454726883038772,-7.558266764779122,-4.3093753910457435
1877089013500,-8.950275135265873,-7.397795022054738,-4.486578549828771
1877089013516,-8.270145703429213,-7.489576663838217,-4.196302112881988
1877089013533,-8.426538652294573,-7.751450891031213,-4.991137257081919
1877089013550,-8.428254406896059,-8.006321309598466,-4.708920203938639
1877089013566,-8.574526596890628,-8.430098630738119,-4.68871128727965
1877089013583,-8.14345632607433,-8.619783325460745,-4.542227500075109
1877089013600,-8.749422360062091,-7.943081971352816,-4.82238698555546
1877089013616,-8.808527321561538,-8.214005416812551,-4.477291499508741
1877089013633,-9.28194995875182,-8.605730283264936,-4.482987840593628
1877089013650,-9.768034968351468,-9.136608022903584,-4.7740317893978
1877089013666,-8.975087072248055,-9.87499810993448,-4.654456642181525
1877089013683,-9.277861333928428,-10.208832384222696,-4.634425331157139
1877089013700,-9.65494212774803,-10.032983717094638,-4.544523821849975
1877089013716,-9.298072035987747,-10.599726246722476,-4.204067988709874
1877089013733,-8.941789980661824,-11.065305344747351,-4.423851179029882
1877089013750,-10.469340034908626,-11.060175956682915,-4.52866035062152
1877089013766,-10.79746931383066,-10.972838485491788,-4.2285086001546635
1877089013783,-10.422851865034678,-10.891584424359213,-4.005413258510562
1877089013800,-10.253586391584808,-10.697659673526877,-4.289763603360499
1877089013816,-10.466681181740775,-10.623401050876303,-4.431704359935535
1877089013833,-11.044280670948641,-10.279908006722149,-3.961035621622776
1877089013850,-10.887539126687251,-10.39533012100108,-3.592891102584415
1877089013866,-10.844270798821736,-10.479081334509814,-3.3171699953534026
1877089013883,-11.985101512892534,-10.435086971729671,-3.1206067448972616
1877089013900,-11.503926976645603,-10.338894270958388,-3.222688181392029
1877089013916,-11.60229047468383,-10.296305324542317,-3.065512471416125
1877089013933,-12.171347206074632,-10.674674900367272,-2.7087723859877104
1877089013950,-11.780745129336854,-10.95730911908883,-3.057118408881092
1877089013966,-12.124725945148167,-10.821082137093743,-2.9002740746358646
1877089013983,-11.977679203575846,-10.989199946245211,-2.6582878449022296
1877089014000,-11.409410920179683,-11.007015336626697,-2.1320763216064282
1877089014016,-11.963025604522969,-11.122892125363771,-2.313901158019723
1877089014033,-11.787985920196311,-11.020261725611405,-2.2478332517660427
1877089014050,-11.287051682390967,-10.998554642142366,-2.584773633014354
1877089014066,-12.409650190221392,-10.462677193116008,-2.6139665010436266
1877089014083,-12.572712246112808,-10.636479660145536,-2.421042417482462
1877089014100,-12.651532844747795,-11.051606790144959,-2.342241099844335
1877089014116,-12.275174256331953,-10.913221720865039,-2.231530161545079
1877089014133,-11.158410070805676,-10.677621779677013,-2.413821049784977
1877089014150,-10.411720593159892,-10.844596374953554,-2.3197937705412426
1877089014166,-10.27477795860166,-10.567611693866862,-2.085532604474131
1877089014183,-10.11471336219343,-10.503713664833153,-2.335090215951254
1877089014200,-9.782790137412139,-10.521940065376935,-2.4703594337129795
1877089014216,-9.764994413311182,-10.808101745593792,-1.7216575280581805
1877089014233,-10.357061961046405,-10.495883937306045,-2.3413439732541623
1877089014250,-10.524462850062537,-10.430040497421313,-2.165436134922813
1877089014266,-10.858824617439598,-10.55622776163914,-2.4264260613661777
1877089014283,-9.937793161181443,-10.398409629043076,-2.189767319888155
1877089014300,-9.42362739539261,-10.333091701038242,-2.1665717571817535
1877089014316,-9.955681859047287,-9.894424930433182,-1.9478038307105108
1877089014333,-9.376906502850762,-9.592237905177647,-1.814568150355749
1877089014350,-8.902695510803625,-9.144900128896696,-1.8694851629680471
1877089014366,-9.07871141122606,-9.200418841024986,-2.7943312373805433
1877089014383,-8.960603705798079,-8.98321781843125,-2.6728914332822216
1877089014400,-8.750152178544056,-8.669920091626595,-2.7941066318526664
1877089014416,-8.890748408511303,-8.77053685716352,-1.8244750778864347
1877089014433,-9.346028681895806,-9.122676824334206,-1.7110816660235468
1877089014450,-9.585485106583391,-9.332254289933626,-1.399996578391977
1877089014466,-9.4589938298123,-8.73918606232404,-1.08533254142043
1877089014483,-9.715434795020183,-8.644526123686967,-0.9229895624461633
1877089014500,-10.295314103541713,-8.760064331387966,-1.0067236244511175
1877089014516,-9.728818887004717,-8.644515328416437,-0.5082022986330035
1877089014533,-9.831464811533198,-8.90153871548291,-0.7167717582779694
1877089014550,-9.909517411789405,-9.099175503891104,-0.6306217024832699
1877089014566,-9.8565801407731,-9.025099858121962,-0.6442555367434033
1877089014583,-9.60632261723298,-8.484979389413809,-1.1082117005143806
1877089014600,-8.877978455467975,-7.93203944328717,-1.0799588529805764
1877089014616,-9.242678307564875,-7.703559473613103,-1.3241987918101308
1877089014633,-9.076079856920561,-7.903606761829032,-2.285127988626586
1877089014650,-9.087687033788914,-8.746640343013883,-1.700321343439633
1877089014666,-8.800929313711539,-9.026464842437015,-1.410128478958341
1877089014683,-8.210622758386465,-8.851910165271093,-1.449456888430278
1877089014700,-7.9821462184952985,-9.12587004619587,-1.490408913873965
1877089014716,-7.414989847502483,-8.993319681177741,-1.6020624045455796
1877089014733,-6.932712704498444,-9.066349515332426,-1.4588888310116468
1877089014750,-7.023015244334698,-8.748593051045074,-1.296476138917145
1877089014766,-6.869683435586777,-8.923782144666017,-1.029488753625368
1877089014783,-6.99982789304933,-8.903712919621649,-1.1739794788327176
1877089014800,-6.630888766801441,-9.06546620032933,-1.2475082240026372
1877089014816,-6.31560256199324,-8.833668982345783,-0.8167201575781915
1877089014833,-6.152182375144579,-8.693180001310449,-0.8087406298395998
1877089014850,-5.426655960561852,-9.128751139032385,-1.0238115322181804
1877089014866,-4.461437052565892,-9.429521557139635,-0.866663741299043
1877089014883,-4.661139018558424,-9.422886106492989,-1.2450126587288262
1877089014900,-4.243010862474739,-9.34215738744652,-1.460246147581801
1877089014916,-4.696010488666965,-9.293222030955251,-1.2398982319370453
1877089014933,-5.05419480711687,-8.930466796713652,-1.2637502077107996
1877089014950,-4.63640266358876,-9.21070545645717,-1.2611640094717806
1877089014966,-4.929636075917945,-9.716164166612524,-1.4831355334826
1877089014983,-4.725954673927426,-9.429303644562623,-0.9879798285075667
1877089015000,-5.3469841907105495,-8.913413579024578,-0.7776486317809379
1877089015016,-4.851022907479474,-8.56638943673396,-1.118649220700937
1877089015033,-5.098088481380523,-8.875833764341818,-1.2083272832806937
1877089015050,-5.147325921983187,-8.84192810286069,-2.0459623312428974
1877089015066,-4.734028725366664,-9.290811765918036,-1.9849070069172627
1877089015083,-4.7884144925161065,-9.719547097934761,-2.196812684772725
1877089015100,-4.717596274671777,-9.717015583155938,-1.9931412988650978
1877089015116,-5.224181983085947,-9.804218838709293,-1.8173111990787771
1877089015133,-4.707459449361154,-10.213363726247454,-2.03459264425094
1877089015150,-4.156642269720132,-9.820149583511148,-2.1110665251436638
1877089015166,-4.247985853024101,-9.871929234538426,-2.3374121210495646
1877089015183,-4.0282978298478715,-10.095083822738447,-2.1295644201015325
1877089015200,-4.486939106547603,-9.577749867025318,-2.3717438417388097
1877089015216,-4.247516250234034,-9.780365342277893,-2.9584213013934604
1877089015233,-4.486367723673847,-10.191991381630203,-2.7494101798354476
1877089015250,-4.144821462544555,-10.087083283035632,-2.354592424123882
1877089015266,-4.554116796725044,-10.02980917077463,-2.0728973613912314
1877089015283,-4.8991495780131675,-9.956137128983489,-2.028018038114454
1877089015300,-5.719631304772225,-10.093668431334342,-2.3113484718069817
1877089015316,-4.825140387179468,-9.800754216544954,-2.5648955845785304
1877089015333,-4.726064310022384,-9.462887411603582,-2.804559854047614
1877089015350,-4.304822785788739,-9.68016532131493,-2.7465914542463103
1877089015366,-5.135856198963579,-9.523070239036663,-2.3287987657852955
1877089015383,-5.381768096268519,-10.063788006691496,-2.757574971113736
1877089015400,-5.066002146063242,-9.345733740128475,-2.8701698034194205
1877089015416,-4.886900758008344,-9.671471783859868,-3.2750066320216438
1877089015433,-5.544918386974513,-9.737068194627913,-3.307251977009359
1877089015450,-5.001149897266639,-10.05410429154919,-3.2052878700976573
1877089015466,-4.340480855350089,-9.604879806846846,-2.9113713883263945
1877089015483,-4.417700340095399,-9.340531040350314,-3.0999130149334975
1877089015500,-4.206954982365997,-9.731384050162823,-3.5652726374412795
1877089015516,-4.411267258320102,-9.744518282696756,-3.6358238793462925
1877089015533,-3.6255153339828787,-10.107838484067642,-3.3600122589061137
1877089015550,-3.9950860724291095,-9.915946682671875,-3.219691041277237
1877089015566,-3.610131264617917,-9.93645544982404,-3.246509134116277
1877089015583,-3.5356367276896297,-9.86134992549447,-3.380563177287147
1877089015600,-4.149283687874823,-10.01098372995182,-3.762193748676299
1877089015616,-3.785953068703908,-9.720479135065599,-3.290147594084787
1877089015633,-3.2422375780165424,-10.187416568258273,-3.2096497192649167
1877089015650,-3.833124037580344,-10.25142395510185,-3.4280769161629667
1877089015666,-3.549785446716098,-10.53959940211719,-3.4402922289817304
1877089015683,-4.032200596473093,-10.934402739716582,-2.9926621503753976
1877089015700,-3.6877103523669144,-11.29699625387524,-2.9026196327200906
1877089015716,-4.067242252849369,-11.311546102711397,-2.8872306279798106
1877089015733,-3.118556888188147,-11.184899388931417,-2.413985440240768
1877089015750,-3.387493803980968,-11.09302280269165,-2.441035305104815
1877089015766,-4.286591748907861,-10.922244583007306,-2.5788519750115397
1877089015783,-4.288306161038805,-10.841454741468699,-1.9503115052852582
1877089015800,-4.3967710353081895,-9.956165609093482,-2.106277918591637
1877089015816,-4.6503108450144115,-9.602421855831164,-2.2054419071207216
1877089015833,-4.271395811312285,-10.203749425071411,-1.852994630066388
1877089015850,-4.180500589324496,-9.73296065751273,-1.4644269705413917
1877089015866,-3.6504075237416798,-10.120896047417656,-1.705851932264372
1877089015883,-3.3757487602230194,-10.25836627893303,-1.557581596715395
1877089015900,-4.0339312982980635,-10.612297041519817,-1.5677706849718398
1877089015916,-3.6755719960813886,-10.312417708896454,-1.7500288993114312
1877089015933,-4.133872488719527,-10.021085862551383,-1.2619884202461598
1877089015950,-3.9367940263449626,-9.685654641801374,-1.511133332551365
1877089015966,-3.7797313020979812,-9.621487345306424,-1.370614202863039
1877089015983,-4.3210696183694735,-9.623313719760583,-1.9694405276872917
1877089016000,-4.0817424991940445,-9.982081258731553,-2.0515382067473205
1877089016016,-4.134744360530583,-9.717354066056554,-2.0925667839301916
1877089016033,-4.422876418828907,-9.516993667931096,-1.7775580090830472
1877089016050,-3.493140368479856,-9.40731665193244,-1.8889999918793932
1877089016066,-2.798181459153332,-9.264166654774641,-1.6291473984181264
1877089016083,-2.659034512620531,-9.553343075838022,-1.696111456672379
1877089016100,-1.984681333538778,-10.222450056844664,-1.410525743840149
1877089016116,-1.6422519951603953,-10.304227760792113,-1.6642124370992206
1877089016133,-1.2644533957875765,-10.620361543808315,-2.1314752052643753
1877089016150,0.13715462945921608,-10.76640806262828,-2.1461894649361297
1877089016166,-0.3891391840611167,-10.598348791233919,-1.7376275961193355
1877089016183,-0.9366151894354426,-9.77636485773339,-1.6247386581533685
1877089016200,-1.0974912880054628,-9.255754995334438,-1.6312997557173583
1877089016216,-1.5874486483160388,-9.504882241340152,-1.618818265741169
1877089016233,-1.9711900659573245,-9.189342540992433,-1.7813943251996054
1877089016250,-2.109619027177389,-9.261800327883748,-2.1541433310254403
1877089016266,-1.8589547303722318,-9.235769261497445,-1.9167272036774807
1877089016283,-1.752705571467485,-9.099662000287033,-1.9289276335448888
1877089016300,-1.5464300786325311,-8.822254375176977,-2.0224436451218537
1877089016316,-1.7034445144900277,-8.362062153236582,-2.2316536587522036
1877089016333,-2.7609513279501092,-8.145638850243165,-1.8364855800006634
1877089016350,-3.2069467226295973,-8.376286997818,-1.8651563806013778
1877089016366,-2.519209043591567,-8.341445302066745,-2.1263904447322286
1877089016383,-2.5361686980280296,-8.678220680668108,-2.1776169375866425
1877089016400,-2.1994010190600224,-8.283358475071639,-2.4451631518531367
1877089016416,-1.8845845564263692,-8.838083618576713,-3.002183765270048
1877089016433,-2.5025939691119525,-7.999782555976615,-3.2587699916362403
1877089016450,-1.3664265387864805,-8.351275130624124,-3.632690041923342
1877089016466,-1.317443709310179,-8.558835039630688,-3.8799531492361075
1877089016483,-1.1937833291522804,-8.455908939554895,-3.639179431898396
1877089016500,-2.160109115855221,-8.0846296397512,-3.620453312571975
1877089016516,-2.647560257967596,-7.891518277495004,-3.473940496140394
1877089016533,-2.9255626853576855,-7.585897678166094,-3.8141068993882437
1877089016550,-3.4713985905723796,-7.850611064248848,-3.511648540726417
1877089016566,-3.7862408560659198,-7.7779158391972425,-3.7748789394754256
1877089016583,-4.641726001481442,-7.740062980609679,-3.942308339643991
1877089016600,-5.270417412654087,-7.732800387627921,-3.969698662610984
1877089016616,-5.04727851658512,-7.8874843334968014,-3.9462029388265316
1877089016633,-4.947221432148971,-8.86003266183114,-3.8918211200555097
1877089016650,-4.953021176182497,-8.372113892307262,-3.612593333102694
1877089016666,-5.12373523747419,-8.539612856458405,-3.476717072413797
1877089016683,-5.57318533920062,-8.824595724450905,-3.427789727848006
1877089016700,-5.60676547449248,-8.468572565028737,-3.6496233039377337
1877089016716,-5.201501827120238,-8.43247726260271,-3.6265052736347685
1877089016733,-5.258286530952872,-8.597734853174753,-3.717760167819847
1877089016750,-5.772632963017566,-8.87861499135958,-3.8378241787031264
1877089016766,-5.603011628136658,-8.589946995679364,-4.148075901229776
1877089016783,-5.226115250063288,-8.548705174738327,-3.7687371009013444
1877089016800,-5.25273484355211,-8.85433531425053,-3.643290231646737
1877089016816,-5.280613335109608,-8.672002589060956,-3.9189935280538477
1877089016833,-5.863777898397014,-8.059496795722817,-4.1383045450454246
1877089016850,-5.8310717574553745,-8.532545199137052,-3.504375334643907
1877089016866,-5.155601456353458,-8.49427259219543,-3.288760985674641
1877089016883,-5.582752696576398,-8.633417849741866,-3.390196903498873
1877089016900,-4.545048076986448,-9.376446615240788,-3.3742224401053966
1877089016916,-4.85780822310622,-8.908756247056049,-3.357401471121827
1877089016933,-4.084261355821717,-9.368358574081125,-2.6929426326166306
1877089016950,-4.315288165414779,-8.94386040342006,-2.363066722190276
1877089016966,-3.9708330063677675,-8.967188911435128,-2.628274194545879
1877089016983,-3.605892167044408,-8.820858818524162,-2.563778636582944
1877089017000,-3.0028284995123737,-8.540094069800693,-2.912801950652569
1877089017016,-2.3631573150996297,-8.115039541246835,-2.4759547249076936
1877089017033,-2.0331028000396967,-8.594961655044454,-2.4123789899114696
1877089017050,-1.6178095886998047,-8.657044749764475,-2.8429780223624275
1877089017066,-1.39728990128999,-8.483315489736263,-2.934507199338454
1877089017083,-0.5471943855410775,-8.620215834393539,-3.3607243891150618
1877089017100,-0.5800282137071466,-8.388576240616363,-3.8041751518934226
1877089017116,-0.9267598558351016,-8.45903097189272,-3.884046077238435
1877089017133,-0.678226663722282,-8.307134643708327,-3.4648323694076253
1877089017150,-0.6935222353218831,-8.269606789477132,-3.783624323313328
1877089017166,0.07248260681829422,-8.415360972339682,-3.9062927049908227
1877089017183,0.21186070803384727,-8.31771091221312,-4.384925473745987
1877089017200,0.19224620103788048,-8.638539076666902,-4.323487302938725
1877089017216,0.8989596518788483,-8.535380205837736,-4.508032659866933
1877089017233,0.5896678193424076,-8.944807592564057,-4.688298746598664
1877089017250,0.5931879493149861,-8.595545215447142,-5.093275888041902
1877089017266,0.8640049109774957,-8.51780787852821,-5.1463149478702315
1877089017283,1.3440299154535156,-8.365939982539363,-5.2772091437337085
1877089017300,2.047023003722698,-8.52220395362891,-4.9476986275848205
1877089017316,2.551813145340759,-8.045132129079356,-4.7373549741480945
1877089017333,2.1572212327840194,-8.078761608293219,-4.641070574884989
1877089017350,1.6841420503420705,-7.838483432685143,-4.924163552711537
1877089017366,1.3723630205689306,-8.379281667702724,-4.929605998384193
1877089017383,1.4105808210206439,-7.985709356755347,-5.0563963539375685
1877089017400,1.7678132346543611,-8.749806579905835,-5.048136671171725
1877089017416,0.8382496925278291,-8.393964658843345,-5.053843721230601
1877089017433,0.9257680220590174,-7.896526029140676,-4.943410480576749
1877089017450,0.5856737751363825,-7.620667049752767,-5.0876840423766705
1877089017466,0.28897014320632675,-7.627921849775629,-5.108084564307201
1877089017483,1.3762188985991113,-7.826931170635046,-5.415622154428822
1877089017500,2.35037643071088,-8.186326178359666,-5.582101866690039
1877089017516,2.101276819684469,-7.682455201064285,-5.305776869224591
1877089017533,1.9493380089747525,-7.999603961457317,-5.013608600790931
1877089017550,2.0015332618651005,-7.800321284706131,-5.0738420222051
1877089017566,1.829444702317148,-7.373450647871369,-5.051296951661337
1877089017583,1.2689668954366473,-7.983654463625285,-5.630448396032237
1877089017600,0.6252915578989588,-8.041845545932865,-5.985034087760408
1877089017616,-0.1286058104574881,-8.037106662414468,-5.496715823469376
1877089017633,0.603186808525388,-8.116081624873253,-5.503236378813668
1877089017650,0.06041051255078855,-8.359575256541412,-5.464704948068449
1877089017666,-0.1652958118830119,-7.894778518129358,-5.885312231538568
1877089017683,-0.5071395843084856,-8.206344812865172,-5.859284679994922
1877089017700,-0.8156832086681955,-7.999463902209783,-6.332819941361427
1877089017716,-0.223167280590153,-7.94579922298964,-5.7848856214099404
1877089017733,-0.9129803437161605,-7.641779065219264,-6.107374757588376
1877089017750,-0.9467493622351455,-7.650273422954436,-5.941086482192427
1877089017766,-1.2185977959675767,-7.950067581681745,-6.462080073188608
1877089017783,-1.0654533990147215,-7.782017449967997,-6.303851967466579
1877089017800,-0.9733561824269921,-7.782189563888814,-6.579630788115649
1877089017816,-0.6451351994241694,-7.433847882352188,-6.596034756276609
1877089017833,-0.4587294324267619,-7.636185665960297,-6.223925148054058
1877089017850,-1.2408478415416035,-8.269119498195819,-6.214714152354993
1877089017866,-1.8861743940811833,-7.976376517243616,-6.332437769774382
1877089017883,-1.6709692781000953,-7.868157680726831,-5.914824031317812
1877089017900,-1.7112130817032232,-7.554005898506661,-5.727415592660881
1877089017916,-2.2116307200471614,-7.357794558066268,-5.491071545999235
1877089017933,-1.929932174102082,-7.547010898075752,-5.367421819648983
1877089017950,-2.3101175467941504,-8.21057366909236,-5.611786328821083
1877089017966,-1.614251462868801,-8.226892549048168,-5.332603805262574
1877089017983,-1.134954394642349,-8.097281181335239,-5.066636652160432
1877089018000,-1.4283794912292849,-7.8466045898678445,-5.005710265296219
1877089018016,-1.1175338219850577,-8.097424223234261,-5.387169032855838
1877089018033,-0.16884370048291597,-8.31418871971254,-5.263064804205868
1877089018050,-0.2747488880576423,-8.290989239780782,-5.101992658882335
1877089018066,0.3188217139187852,-8.649157056180453,-5.166126055484522
1877089018083,-0.38930484189899683,-8.007524155765468,-5.243595317405812
1877089018100,-0.6843506814118037,-7.680229480893696,-4.971486682140782
1877089018116,0.25044867985503316,-8.207276431871037,-5.493962901365839
1877089018133,-0.12506839176847429,-8.301373247007552,-5.508513398734613
1877089018150,0.6029982323201466,-8.54394360878849,-5.330051867203997
1877089018166,1.051856609823588,-8.350810080931975,-5.081655717934786
1877089018183,1.0958509447449583,-8.225146212745889,-5.233229926175042
1877089018200,1.7927790924896527,-8.453540730141997,-4.830926161887146
1877089018216,1.1878016119378252,-8.002571945898676,-4.652076071487826
1877089018233,1.0733431348154756,-8.366432076086157,-4.508004120777922
1877089018250,0.5331161449201476,-8.01229480134849,-5.199000943226148
1877089018266,0.4502874425045915,-8.27004870149386,-5.018168497379812
1877089018283,0.0002457239296145275,-8.472564988273154,-4.89165625847825
1877089018300,-0.22159814404219258,-8.627413747799082,-4.816944154679649
1877089018316,0.6498694378625167,-8.900312107530787,-4.653579823790594
1877089018333,0.7701173854048387,-8.623660977640046,-3.8419696664992293
1877089018350,-0.3446578133184728,-8.031197152832462,-3.733260611644086
1877089018366,0.9270991553979862,-7.9154139994614665,-4.057791050484957
1877089018383,0.7428200436884591,-8.167656223364482,-4.2012223968132805
1877089018400,0.7970374921208583,-7.848188788448989,-4.322642404957193
1877089018416,1.3999229071342185,-7.650461943452932,-4.34261302079009
1877089018433,1.5361115968019412,-7.592972102090931,-4.1023574558241105
1877089018450,2.0504716816253357,-7.489405109707212,-4.28494738761953
1877089018466,2.0591368268513683,-7.08993080151832,-4.203335471010983
1877089018483,1.9279973979720548,-7.111211257821419,-3.346047654945029
1877089018500,1.5818326362734476,-7.093846246655943,-3.7984514978363917
1877089018516,0.838430124718017,-6.865285982909766,-3.713420720344887
1877089018533,0.5078071556763728,-6.636515552134314,-3.708096711048477
1877089018550,1.2177664519943274,-6.791055491954618,-3.6728761668445875
1877089018566,1.4651870386271266,-6.406887503743507,-3.5019410504129866
1877089018583,2.020520500413342,-6.498844360288503,-3.3276537544119664
1877089018600,2.1644955097154472,-6.8735292780337085,-3.389124967081071
1877089018616,2.3118238647142926,-7.014459293930754,-3.244062478997993
1877089018633,1.8632659188198621,-6.832825822029198,-3.4493759911573028
1877089018650,1.8779049576831994,-6.59544058585588,-3.0867873971915123
1877089018666,1.866522495840547,-5.975792579917436,-2.8207823468567823
1877089018683,1.3001352789150076,-5.887451164588177,-2.428101514471828
1877089018700,0.4442857171375376,-5.752229456615048,-2.0754528266425645
1877089018716,0.41109015827074913,-5.229793573933366,-2.3506064044102724
1877089018733,0.7514651284491691,-4.8239850912521005,-2.036062934122291
1877089018750,0.7965791616784097,-5.0878995092527495,-1.9144055890682858
1877089018766,0.27179514352075884,-4.397589622888688,-2.41800400239016
1877089018783,-0.11338541430522664,-4.770006479954552,-2.662064984248124
1877089018800,-0.10162093486051749,-4.838290128383775,-2.4076867303779617
1877089018816,-0.35705665664856046,-5.391550815764654,-2.7314779044497723
1877089018833,-1.1907260753786808,-4.987186872179033,-2.6769524201912036
1877089018850,-0.33856804367734483,-5.159376982336219,-2.762437537767062
1877089018866,-0.24855049088349457,-4.93237887686074,-2.997357053351878
1877089018883,-0.9962246768608018,-5.3870141136092125,-3.1709947179021998
1877089018900,-0.7108006425769573,-4.871442193229487,-2.942957286527582
1877089018916,-0.42479608678376035,-4.907220122614414,-3.3192723170951
1877089018933,-0.6208869072663319,-4.507599327651789,-3.724778745397926
1877089018950,-0.33145140897736614,-4.873763311305268,-3.674313039957931
1877089018966,-0.21053711772859796,-4.5308732906883185,-4.074569749824998
1877089018983,0.33709456499731605,-4.4786690881358275,-4.1848694875248835
1877089019000,0.3301148085785437,-4.304034683087593,-3.875651036787941
1877089019016,0.5846923018012831,-4.78065622709562,-4.231075296604358
1877089019033,0.5355020780254574,-5.179262954425253,-3.8607893979451764
1877089019050,0.2634720014552441,-4.48162666973568,-3.754455160479393
1877089019066,0.015185761966995948,-5.027071356442276,-3.7187903805250078
1877089019083,-0.4645740192926322,-4.864674946279295,-3.912264027954358
1877089019100,0.28453394107969743,-4.747460857758293,-3.503349238296134
1877089019116,-0.1435679833211525,-4.672276775197681,-3.5419270861165684
1877089019133,-0.36086867063402295,-4.840837985173865,-3.6848643072738425
1877089019150,0.1595814914602247,-4.8337552292917785,-3.397585307973064
1877089019166,0.26687045242290974,-4.784993198975643,-3.4805355785702226
1877089019183,-0.2176931223241283,-4.966019436265214,-3.5756971083221134
1877089019200,-0.15513882177143223,-5.137709901893863,-3.271827279862386
1877089019216,0.352764260059069,-5.210579874746818,-3.5653284615745324
1877089019233,0.5005725186409009,-4.988829409263197,-3.9224520496958157
1877089019250,0.9678391397779018,-5.160438573340953,-3.7174212360066106
1877089019266,0.23239807943286372,-5.100383065464488,-3.308251061929351
1877089019283,0.6935683932687908,-4.805724189631182,-3.1594359822278086
1877089019300,0.05179646154171991,-4.976563294940031,-3.468386586481507
1877089019316,0.4739130122187287,-4.677611424950634,-3.8803645676596625
1877089019333,0.4555794663647399,-4.822706211671405,-3.675937106807745
1877089019350,1.4311154305424312,-4.61180965296656,-4.245957260691931
1877089019366,1.0234683637072948,-4.5059747182567875,-4.314292289343014
1877089019383,1.6334511110319303,-4.615170970442627,-4.201474510758025
1877089019400,1.7968421387219156,-4.859371668892181,-3.794899861319396
1877089019416,1.109827474620296,-5.02947518744366,-4.263512269987292
1877089019433,1.379070471696453,-5.218079393774418,-4.791466520949745
1877089019450,-0.02736684615543261,-4.994916585801663,-4.975255171874839
1877089019466,-0.022491694398411255,-5.5515493255527675,-5.132726558838557
1877089019483,0.20515133658695905,-5.053569351355326,-5.1799405035499895
1877089019500,0.14056461217862548,-5.173249178202943,-5.525489744933178
1877089019516,0.4420394900980513,-5.487884170363769,-5.917560701724396
1877089019533,0.09677622505906402,-5.33349908750112,-6.067100792935725
1877089019550,-0.29458784028265406,-5.127605813682321,-6.018687626176353
1877089019566,0.181688193941703,-4.964853119363004,-6.023165183127105
1877089019583,0.10356234524907215,-4.924787762546785,-5.490945528505223
1877089019600,-0.3609036987155587,-4.214308272005955,-6.046334270717354
1877089019616,-0.2795631057803085,-4.697753187075271,-6.467144780603933
1877089019633,-0.23439595303492577,-5.106045997914912,-6.520246622835207
1877089019650,0.2796397571992122,-5.373258537790804,-6.315426907531834
1877089019666,-0.14133814625077612,-5.808205568213811,-6.040302568470343
1877089019683,-0.5766989861534899,-5.386696614243524,-6.067990568801185
1877089019700,-0.3855688837684239,-5.09317569776717,-6.458962531958791
1877089019716,-1.0847657876110501,-4.772851853540647,-6.5982914654467555
1877089019733,-0.18823667817753176,-4.316231383526658,-6.178367213905062
1877089019750,-0.8146406952057426,-4.304923481179033,-6.110182203021475
1877089019766,-1.5275798441749187,-4.0962354677368005,-5.4140555538674295
1877089019783,-1.5599704523218265,-4.394137513858951,-5.57075021541948
1877089019800,-1.5703246317964883,-4.262330078821956,-5.015593726699873
1877089019816,-1.8773338796880998,-4.284451453293171,-5.2433500510810225
1877089019833,-2.500473532077645,-3.8220004565840764,-4.82595201303539
1877089019850,-3.0415103038127853,-4.006836839674193,-4.790230315652507
1877089019866,-3.2594803612423853,-3.0978294375298305,-4.83234753844849
1877089019883,-3.4781208345379513,-3.056229835215044,-4.597636028968591
1877089019900,-3.6409028510825405,-3.408875438837741,-5.152279913005852
1877089019916,-3.720686275937652,-2.5286814590410827,-4.992299057605811
1877089019933,-3.3444633484010176,-2.643091808982202,-4.837076409238374
1877089019950,-3.166160516186951,-2.577822877926876,-4.692802040079509
1877089019966,-3.4325614588181175,-2.707598168400585,-4.693800965828244
1877089019983,-3.609052875112918,-2.261556582299138,-4.394291029063165
1877089020000,-4.143697780461986,-2.2999793836672175,-3.8135102666049585
1877089020016,-4.9613754538586115,-2.1575813487299165,-4.586506681091818
1877089020033,-4.606640667784389,-2.006406278945758,-4.6671885354822535
1877089020050,-4.518739092385083,-1.9407733999733416,-4.547149651273738
1877089020066,-4.296089446900587,-1.8349203968068757,-4.410315993808209
1877089020083,-4.019375347232814,-2.3576242906607776,-3.8242076487914654
1877089020100,-3.8109705111536023,-3.049097138683031,-3.7222246560874788
1877089020116,-3.8529937956158817,-2.5720865469660925,-3.6266067543326743
1877089020133,-4.303055132301624,-2.136378402506459,-3.936200974387094
1877089020150,-3.867409570291546,-2.3797953580090074,-3.8417305710231395
1877089020166,-3.542386597241137,-2.4664837141383926,-3.2753444029452132
1877089020183,-4.314289112180585,-2.291994129555954,-3.641210813757849
1877089020200,-4.369013423654574,-2.665298973963338,-3.547260004340621
1877089020216,-4.050563592257737,-3.231985018794324,-3.536515484430362
1877089020233,-3.791934537653154,-3.225902129052229,-2.7717284803966127
1877089020250,-3.9643577273830997,-3.0991660123383724,-2.7700230434386333
1877089020266,-4.19792499248517,-3.2050058459244806,-2.9997497451152313
1877089020283,-4.128502550693558,-3.0973403717002195,-3.2070106607190816
1877089020300,-4.116541749505639,-2.6549699425377353,-3.3861397117125436
1877089020316,-3.17874006039054,-3.067086328414207,-2.935036198490767
1877089020333,-2.8008260083587815,-2.8277992524157307,-2.241891663231771
1877089020350,-3.238024933589454,-2.700213697171966,-2.536816313777536
1877089020366,-3.5353352649839396,-3.1259902299626714,-2.5328785088432344
1877089020383,-3.3107777407719854,-3.4981398024636663,-2.562650394251666
1877089020400,-3.4470950537821765,-3.4539394725997945,-2.4964896204385685
1877089020416,-3.2367888241945324,-3.0623368876304315,-2.518449029541497
1877089020433,-3.42845302668463,-3.077419337711683,-3.0189372407485826
1877089020450,-2.687167699372832,-3.0061828950366785,-2.648683934633952
1877089020466,-3.076427094240498,-2.870264849832365,-2.229300403866768
1877089020483,-3.0329074990739686,-3.013823292210245,-1.8113304742611231
1877089020500,-3.1301747878950774,-3.4563984797337888,-1.815571329275599
1877089020516,-3.297467240619521,-3.2771952248027625,-2.41851180828601
1877089020533,-2.733354680203526,-3.396202411944253,-1.9831910429608977
1877089020550,-1.744930009544578,-3.0950581833458095,-2.289898410990097
1877089020566,-1.3638451516716303,-3.210405495249843,-1.7814429545963042
1877089020583,-1.8964337682689933,-3.3456164156708432,-2.4261290448755846
1877089020600,-2.5811729652416044,-2.820489367903345,-2.3481489092365226
1877089020616,-1.7675577557719153,-2.9905432474342177,-2.76656293866031
1877089020633,-1.7403968445317304,-3.1126225915338517,-2.810361218921665
1877089020650,-2.1648505008281904,-2.7081471227174165,-2.7880947022756746
1877089020666,-2.1338381961818875,-2.511435088868117,-2.32364812595068
1877089020683,-1.9969255318473706,-2.4906576528867186,-1.8919793194299015
1877089020700,-1.3662867243728973,-2.8823292682830433,-1.7333399356907917
1877089020716,-1.2889895024357254,-3.0135840521471517,-1.5420184936569543
1877089020733,-1.92496436500182,-2.3887178291501105,-1.0234980433101244
1877089020750,-1.6170491318304951,-2.2744895022402862,-1.042850427417064
1877089020766,-2.0952652154352527,-2.2191685106671573,-1.4992382556799284
1877089020783,-2.0485101412452034,-2.6119707660381106,-1.1842098545346027
1877089020800,-1.4141265574131414,-2.4976632553839524,-1.2747997617002085
1877089020816,-2.267905761511831,-2.903866004285165,-1.9350039800963987
1877089020833,-2.137064719908015,-3.0204451149070795,-1.775396050160625
1877089020850,-2.1221477494043137,-3.695415792257707,-1.4149370310328944
1877089020866,-2.25512824738052,-3.5511792013251933,-1.56195040431087
1877089020883,-2.456323465139668,-4.171108669296169,-1.9985469601469181
1877089020900,-2.2129444044967324,-4.137604421580538,-2.1177483047911583
1877089020916,-3.0916057962085297,-3.920681832756857,-1.6290063870140772
1877089020933,-2.750082214867935,-3.900385636845806,-1.0515910601127456
1877089020950,-2.6774390295931436,-3.4292927694461013,-1.1058005142747853
1877089020966,-3.077837514298898,-3.612951720639246,-0.7304247653977587
1877089020983,-3.6801480809521,-3.649933817628725,-0.8124683033571611
1877089021000,-2.8567912288565465,-3.9464063731750905,-0.9696404272360062
1877089021016,-3.2198658464283536,-3.7529365888534363,-1.3198864280585483
1877089021033,-2.173852920131176,-3.7185487464333242,-0.817936781587771
1877089021050,-2.5474497284139805,-3.1761597234317986,-0.7737291454512603
1877089021066,-1.8647157865614052,-3.08714228017536,-0.3461818783204764
1877089021083,-2.1641515852135664,-3.3714196317926715,-0.37357734546490384
1877089021100,-1.012795147716837,-3.405915827769426,-0.3765403812483701
1877089021116,-1.279136507945681,-3.4563362890789775,-0.17080286345239504
1877089021133,-0.7515054852205907,-3.586366435538766,0.10541343459734076
1877089021150,-0.8803370591916693,-3.8785237048357812,0.21736572664466713
1877089021166,-0.8403478722671833,-3.6694488471183506,0.29778441120877996
1877089021183,-1.6524801892818464,-3.944981798211434,0.11492790432538147
1877089021200,-1.831024163577906,-3.9961644890805323,-0.3210849213022211
1877089021216,-1.7454723853918601,-3.9928483998226008,-0.3759289939735222
1877089021233,-1.3262530007995226,-4.066793580006104,-0.38658629679494494
1877089021250,-0.8317331355587592,-3.8883539115812136,-0.40335422868682347
1877089021266,-1.485001104818314,-4.140988171980787,-0.08419471942974122
1877089021283,-1.4606461153492392,-4.809928386532409,-0.08485633507250201
1877089021300,-2.116164297109955,-5.184190569537342,-0.7043169312377784
1877089021316,-2.079611600977072,-4.753722910142371,-1.0049314434667953
1877089021333,-3.167504469215304,-4.8731753024285975,-0.869072142348251
1877089021350,-3.103596235547755,-4.475497232580192,-1.1093525864862546
1877089021366,-2.7993694371618063,-4.494359889659272,-1.2946902690852609
1877089021383,-2.1255639952084326,-4.4019037071935285,-1.096031179599609
1877089021400,-3.167431641398726,-4.773471576225854,-1.3018841523694387
1877089021416,-3.0828968843395472,-4.735618302419342,-1.4922502363460293
1877089021433,-3.8294409578840707,-4.814344314044387,-1.6603708236051689
1877089021450,-3.9066773647636737,-4.69448866860762,-2.1112638573453015
1877089021466,-3.4184813511247967,-4.343980675065057,-1.7212880882582537
1877089021483,-3.4354933003838894,-4.632822422818562,-2.28288391675655
1877089021500,-3.9638925162783987,-4.347184136013718,-2.0888032267106817
1877089021516,-3.939014001195035,-4.690440958106964,-1.91296306299315
1877089021533,-4.464355574210608,-4.345681575177772,-2.0666405822965186
1877089021550,-3.5808379865206312,-4.251825901539494,-2.3182651549373796
1877089021566,-3.4820406931199526,-4.267576043548715,-2.3888626788758294
1877089021583,-3.1575382360670075,-3.7946495829641833,-3.206279842052765
1877089021600,-3.123857390004182,-3.2854531691177074,-3.571876503354276
1877089021616,-3.0082274131616478,-3.236477372680842,-3.4491776081258156
1877089021633,-1.5423294168127497,-2.5572734608068854,-3.4782996390239243
1877089021650,-1.1174735736798644,-3.1887648762621117,-3.623853142374275
1877089021666,-0.28133213012158986,-3.7755054008152618,-3.6211399051774595
1877089021683,-0.121946680687123,-3.77469800272864,-3.665965467419383
1877089021700,-0.5719630291035136,-4.088080293086673,-3.58958407309411
1877089021716,-0.5233994656904546,-4.081192563009335,-3.437359476086928
1877089021733,-0.29080032579068593,-4.068741075490955,-3.6759192567219343
1877089021750,0.18418608706650197,-4.553096858662709,-3.9349126003527743
1877089021766,0.09955884047023211,-4.529239221576682,-4.2792562650119645
1877089021783,1.1223786493436227,-4.177714767421255,-3.899190858320863
1877089021800,0.7551226828532096,-4.169491844834183,-3.69810123788018
1877089021816,0.08094030803853958,-4.563144711779724,-3.689080917630392
1877089021833,0.2352695743832598,-4.765903450945036,-3.8724030409993384
1877089021850,0.6152005203276874,-4.889389558324177,-3.7749997813317395
1877089021866,0.4064713171048009,-4.543711001993675,-4.145196902307762
1877089021883,0.4814153587602723,-5.10115160728042,-4.3808421531347435
1877089021900,-0.39044925672898056,-5.022868526760046,-4.48144107137091
1877089021916,-0.18794199620853824,-5.091362815555027,-4.410372365989724
1877089021933,-0.21185198247910364,-4.586019681779338,-4.254268691795309
1877089021950,-0.7214961496275287,-4.885431006086938,-4.764886124271607
1877089021966,-1.1248305773730674,-4.491205461602395,-4.705330990649245
1877089021983,-0.92661278731872,-4.524421880651698,-4.735033125070287
1877089022000,-0.8381484829132297,-3.8676550264321556,-5.02527799536367
1877089022016,-0.6875003884564395,-3.386234996686833,-4.849036321955721
1877089022033,-0.5436632696909847,-3.20401317739343,-4.9875662254203865
1877089022050,-0.40810373238289355,-2.9216712751823644,-4.6923473546246965
1877089022066,-1.0407539310287772,-2.809408438592683,-4.47301877796397
1877089022083,-1.0937767966070862,-2.8492203592734238,-4.226565203568256
1877089022100,-0.8700310042258179,-2.566512881251048,-4.246472529622142
1877089022116,-1.215068052346239,-2.6056626885791165,-4.483777704191063
1877089022133,-2.1244880264368224,-1.9830721434998706,-4.617233677196551
1877089022150,-2.788982491672442,-2.267815463071406,-4.981695776035346
1877089022166,-3.2154299773574695,-2.528283638952073,-4.604928936471404
1877089022183,-3.5684602167504273,-3.0927571137987493,-5.034744313695475
1877089022200,-2.5857503808776956,-2.7818641527609036,-4.448478108085318
1877089022216,-2.6695809336206,-2.8204935166429017,-4.302715363225319
1877089022233,-3.0121478345628043,-2.4763383451046783,-4.69047551220539
1877089022250,-3.251112177681439,-2.8724583999461397,-5.031343896561822
1877089022266,-3.139323125009194,-3.3738315416498343,-4.878577535207523
1877089022283,-3.921731062597244,-3.3154660741950805,-4.994918959425877
1877089022300,-3.6339090086623385,-3.847370773516648,-5.398985362522865
1877089022316,-3.926158834263993,-3.99789659557439,-5.267299813986693
1877089022333,-3.298581318699398,-4.499383894588955,-5.276379653806339
1877089022350,-3.5832130015640296,-4.493869847504022,-5.2449174440805555
1877089022366,-3.211248417477669,-4.519851986502596,-5.1429084575750075
1877089022383,-3.7098820779751756,-4.937943854091932,-5.6091961810396676
1877089022400,-3.6630972432209603,-5.13977865869781,-5.076636483622642
1877089022416,-3.4538014437081896,-4.878404133008422,-4.583633476858514
1877089022433,-4.7945450675481505,-5.341918053801069,-4.31349225253763
1877089022450,-4.373931735185476,-5.653595787028953,-3.830243827511475
1877089022466,-3.978586218005383,-5.4401050416261425,-3.6538632993592857
1877089022483,-4.434180009749795,-5.510257719763999,-4.093712140101425
1877089022500,-3.7875377959430763,-5.437515999695778,-3.6503140395218443
1877089022516,-3.5244649078085466,-5.013410160612565,-3.5312936896964904
1877089022533,-3.0502870318035527,-4.984563668398952,-3.0210485012955663
1877089022550,-2.783904890411578,-4.8205656349704284,-2.7610991515089687
1877089022566,-2.3679632431574165,-5.061888258554336,-3.001163902946305
1877089022583,-3.042556439651369,-5.067273064600852,-3.101286383321222
1877089022600,-3.026144086501717,-5.111271697211259,-3.740676754182729
1877089022616,-3.4276287066881617,-5.43444164495879,-3.8042580552349095
1877089022633,-3.077214121916203,-5.6737259373504365,-3.4570324987181698
1877089022650,-2.6207579193507953,-5.643795949607334,-3.4371904232162738
1877089022666,-3.0724410722966553,-5.537112623988736,-3.402882755514268
1877089022683,-2.4609420220558045,-5.705144297409182,-3.5017645334793137
1877089022700,-2.625060406386461,-5.4151027555666005,-3.2702317972929693
1877089022716,-2.8567532370261337,-5.6676179264456135,-3.7339935598581606
1877089022733,-3.1772801086004323,-5.522786333811906,-3.5635852978972418
1877089022750,-3.673365082448141,-6.013784219028913,-3.4661695734049434
1877089022766,-3.2052446179834355,-5.621990131995677,-3.5828145456325124
1877089022783,-3.3559438978083813,-4.974949508255467,-3.3156826054741746
1877089022800,-3.7323539238462295,-4.885033054447814,-3.554385327990273
1877089022816,-3.7357711363196526,-5.174875529220164,-4.227336734211608
1877089022833,-3.754779680116357,-5.333862062293397,-4.143270073110269
1877089022850,-3.734374027415715,-5.3193786995226455,-4.256926196905085
1877089022866,-3.7098908215942004,-5.33941441252039,-4.512273634188353
1877089022883,-3.5126196991358567,-5.3395340974183245,-4.2424036096854225
1877089022900,-2.8018108927413437,-5.837009465960933,-3.7374528307183126
1877089022916,-3.538864202404582,-6.185612461410026,-3.3376934774103835
1877089022933,-3.0572433578522364,-6.026411955804047,-3.0253706933383286
1877089022950,-3.372163012601291,-5.7052933950554126,-2.861157963601696
1877089022966,-3.684826939774506,-6.002657859539166,-2.539592263009373
1877089022983,-3.564954219464954,-5.809761953376785,-2.733691778728491
1877089023000,-4.197945471866083,-5.982714208696317,-2.801539668831361
1877089023016,-4.655285005422151,-5.774374103149428,-2.1910907843753704
1877089023033,-5.081368444971738,-5.674964533152647,-2.1215575660105266
1877089023050,-4.770966293468919,-5.332199711340868,-2.2279805842299574
1877089023066,-4.225786080112419,-4.841814620638197,-1.7176193318033128
1877089023083,-4.466599696280346,-5.026125155455895,-1.9510548503693934
1877089023100,-4.312774875020187,-4.820730470084338,-1.8177011598788526
1877089023116,-4.4822679564485854,-4.89973690445515,-1.9213087014063064
1877089023133,-4.309009452582887,-4.474987947474561,-2.1166265664996424
1877089023150,-3.750111684306322,-4.413346270643359,-2.5530763685536866
1877089023166,-4.158985660008167,-4.213703460879761,-2.7438594661321782
1877089023183,-5.0391708684308645,-4.630736363196448,-2.5814629973918493
1877089023200,-5.084366154371281,-4.828018060723615,-2.77971498083589
1877089023216,-5.042254289075966,-5.056287721282416,-3.110224962951349
1877089023233,-4.605729105674839,-5.088110070488017,-3.5743906093603672
1877089023250,-5.329901482011516,-4.849274913326072,-4.136773073320221
1877089023266,-5.068213572386146,-4.965994827123125,-4.349701964297566
1877089023283,-5.48672419744441,-5.12884337721667,-3.989370276712676
1877089023300,-4.833660532893718,-4.93722675552697,-4.413337359842853
1877089023316,-5.1239526715497075,-4.181171464434303,-3.8940488219013165
1877089023333,-5.270026802855534,-3.726992868789342,-4.114502740775523
1877089023350,-4.600237926515644,-4.250898355002025,-4.356962124936941
1877089023366,-4.463504344571455,-3.837592703822734,-4.064749456919424
