timestamp,x,y,z
2151457500000,-5.764364697731234,-6.567076841286327,-3.382625680558224
2151457500016,-5.398653157987609,-6.8075217017571585,-3.3667998071666303
2151457500033,-5.352208409611416,-6.498695563918245,-3.543491940354429
2151457500050,-5.6253192656528395,-6.7185007066145594,-3.5670291259957656
2151457500066,-5.916515908228586,-6.560522778835746,-3.4466804884012894
2151457500083,-5.952670153800926,-6.2722693653509545,-3.636632855709921
2151457500100,-5.8857293003980615,-6.005908026048809,-3.6087062984177143
2151457500116,-6.0174265377369025,-6.2949741699519866,-3.4512318680635437
2151457500133,-5.991142383251145,-6.1365688227777,-3.3959193298891766
2151457500150,-6.3504802887839675,-5.92759706410411,-3.022134107719544
2151457500166,-6.600073205034212,-5.788877608337902,-2.694287208060846
2151457500183,-6.7285056201349605,-5.959899711435657,-2.411930956835422
2151457500200,-6.54654805225299,-6.329170930351766,-2.3853894165507725
2151457500216,-6.570237989488815,-6.506720786744423,-2.3987974896500615
2151457500233,-6.1065724929187954,-6.510514950416978,-2.153946447366936
2151457500250,-6.730149460242027,-6.585998710055151,-2.190273245220984
2151457500266,-6.549352373374066,-6.104809705841375,-2.0821672746388677
2151457500283,-6.760053493349028,-6.083473904957429,-2.152346879469519
2151457500300,-6.9093314015596965,-6.400466085125485,-2.1969952571784326
2151457500316,-6.879228838652921,-6.015652808427121,-2.197392819666886
2151457500333,-6.907960812045552,-5.416379122497776,-1.9525498042693736
2151457500350,-6.821076234426325,-5.121518095162448,-1.7028642326664725
2151457500366,-6.810749074425765,-5.058412329832585,-1.9167408957486476
2151457500383,-6.512603891268149,-5.639817311087627,-1.8393508285351912
2151457500400,-6.64301640243373,-6.086034528537823,-1.7262671268401728
2151457500416,-6.423091932047887,-6.2938199061446545,-1.7092831931036745
2151457500433,-6.8578498649835575,-7.15779763754251,-1.5950173672915704
2151457500450,-6.798392733393274,-7.608063752140076,-1.1343785587704285
2151457500466,-6.945194751137328,-7.8888830643733385,-1.0396624775216297
2151457500483,-6.488554196205443,-7.707937325161474,-1.1598141534244566
2151457500500,-6.160812972467362,-7.765942863670386,-1.3544356595552685
2151457500516,-6.327880942062373,-7.753561566942222,-1.1860796247626828
2151457500533,-6.211667253688786,-7.540911789592339,-0.8720389846157297
2151457500550,-6.553115699463783,-7.079716258813613,-0.8594138644174141
2151457500566,-6.386280215639886,-7.261063693981134,-0.8225846156143195
2151457500583,-6.048435705481088,-7.549286335938542,-0.7831423950634275
2151457500600,-5.985313509906238,-7.69823375640471,-0.9676828908235442
2151457500616,-5.763294614260051,-7.630929865247593,-1.0155774010764969
2151457500633,-5.3910306772909555,-7.225115867853063,-1.213032836482686
2151457500650,-5.22461526132112,-6.372513600356045,-1.3914189083541797
2151457500666,-5.095186701630436,-6.566393214045186,-1.495001210563445
2151457500683,-5.085239552133132,-7.025747407773574,-1.4370356501561052
2151457500700,-4.918951050666651,-7.060871140088241,-1.6329398943323077
2151457500716,-4.512982092109679,-7.698708875946019,-1.4846523859228604
2151457500733,-4.9550688081465415,-7.66549967747189,-1.2102460228841783
2151457500750,-4.9106559600669435,-7.8008806505297,-1.4419044025532153
2151457500766,-4.527167066475895,-7.719233758652897,-1.1581810690761016
2151457500783,-4.381491637912582,-7.875931264462711,-1.176136863610902
2151457500800,-4.838329098843871,-7.592553370480507,-1.0952674460400331
2151457500816,-4.5946449740238,-7.76867636908637,-1.1210103446582922
2151457500833,-4.628388245963404,-7.639481243431871,-1.3447546337322864
2151457500850,-4.7543026967082485,-7.267717580880053,-1.211988658227873
2151457500866,-5.17598900136453,-7.741157084304352,-1.545961517621738
2151457500883,-5.230505634333517,-8.037425430292352,-1.9036714376865893
2151457500900,-5.277890532753309,-8.36442191175395,-2.1254418448758123
2151457500916,-5.093298415807506,-8.797803192135557,-2.284403801014644
2151457500933,-5.185987642060966,-8.462542033730061,-2.73464487276967
2151457500950,-4.855674516429519,-8.143078940154975,-2.6387649703296145
2151457500966,-4.212744953549148,-8.712848155419735,-2.4543756562785903
2151457500983,-3.985642648164767,-8.412434101454823,-2.372754479484862
2151457501000,-4.044635432006987,-8.376718335140595,-2.6174869861553445
2151457501016,-3.6598797324710945,-8.327951427440574,-2.5294567163792925
2151457501033,-3.858520926390667,-8.304288260270223,-2.8292769575608334
2151457501050,-3.6252799157995557,-8.668077295784048,-3.2490759973465497
2151457501066,-3.534890700991888,-8.525974714779403,-3.6630662137895933
2151457501083,-3.603539552824136,-8.15855184032777,-4.000108644334811
2151457501100,-3.258071523912693,-8.08267556824038,-3.9703180383957153
2151457501116,-3.858684695301167,-8.00207554463545,-3.8091358016137242
2151457501133,-3.9749311282144983,-7.692711457790658,-3.6941005137770206
2151457501150,-4.192326248359251,-7.944896141067764,-3.7562360803124344
2151457501166,-3.9599782009565816,-8.081797567799452,-3.442899380393942
2151457501183,-3.96253658657404,-8.175506914965812,-3.296840748389897
2151457501200,-4.044946873271,-8.085192542270372,-3.197583870373426
2151457501216,-4.00154650417122,-8.501312956793955,-3.6380325654217107
2151457501233,-4.036976179975418,-8.802720385522962,-3.607506412128282
2151457501250,-3.913978124240044,-8.400790603163932,-3.732107971298663
2151457501266,-3.8812784028204375,-8.56493949978756,-3.8110481879597096
2151457501283,-3.553696047620503,-8.324165558744234,-3.7967809892903372
2151457501300,-3.6510178842513623,-8.26479103400757,-4.145994626317727
2151457501316,-3.7958282563508066,-7.440685808856457,-4.054277986431446
2151457501333,-3.8659882404981154,-6.712639065174984,-4.055996630096939
2151457501350,-3.2921273660630708,-7.072363943160162,-4.470710821544272
2151457501366,-3.0553467742801015,-6.791191476076495,-4.448188287813193
2151457501383,-3.274843758057269,-7.303054734790308,-4.329901999251819
2151457501400,-3.0118096219187436,-6.772333426144374,-4.495750604843656
2151457501416,-2.9597553450298624,-6.646459459765248,-4.9187490809148855
2151457501433,-2.788266885607946,-6.206580250447367,-4.8632385452894376
2151457501450,-3.0937697251648366,-6.460392271297083,-4.533334480798716
2151457501466,-2.9949009040107524,-6.459058031674969,-4.582290185197233
2151457501483,-3.2759192659084975,-6.06371911732806,-4.690625307754741
2151457501500,-3.5640511938103385,-5.6362227803646165,-4.604035946832101
2151457501516,-3.394213935907633,-6.461270747013586,-4.615638954172883
2151457501533,-3.2431001829987993,-5.902968574369998,-4.541524087965767
2151457501550,-2.778304707267961,-5.7737140639327444,-4.73693334883564
2151457501566,-3.04096583532949,-5.7230524285431414,-4.3748685640083185
2151457501583,-2.9952865537372277,-5.702985097263877,-4.414290831502447
2151457501600,-3.2553485271943456,-5.439609142567988,-4.618278586467104
2151457501616,-3.6542327933997987,-5.303368991762194,-4.342912501827497
2151457501633,-4.172411582334211,-4.682225963915728,-4.751701024315652
2151457501650,-4.227017651238911,-4.012570570382884,-4.426934300624456
2151457501666,-4.406810020242975,-4.211287118320977,-4.323793624861702
2151457501683,-4.312267092082751,-3.9060035118341316,-4.653400775164583
2151457501700,-4.473029733271947,-3.917154471826872,-4.322540985524723
2151457501716,-4.1342450754725055,-3.7766157473083344,-3.6551744984067773
2151457501733,-3.75321925143773,-3.828665829611613,-3.6553506421135658
2151457501750,-3.5487286682749026,-3.6646231043381556,-3.6289816515720674
2151457501766,-3.491483629543711,-3.2544804614963923,-3.7938072062532533
2151457501783,-3.920390092688131,-2.7959780529116145,-4.151560246196054
2151457501800,-4.453323282076155,-3.287446948728824,-4.459791160410592
2151457501816,-4.641451125242468,-3.327048211559623,-4.5495227318637
2151457501833,-4.621711704487512,-3.4849140270870107,-4.840122300224247
2151457501850,-4.024340974947446,-3.5497373361519595,-4.802830974197102
2151457501866,-4.170810437529776,-3.358840825107723,-5.054041842475682
2151457501883,-4.236572792467462,-3.8424487467746786,-5.148436699022581
2151457501900,-4.781074153379768,-3.388494670225871,-5.338773974633684
2151457501916,-4.897280694366217,-2.3434144481943977,-4.9725375754372685
2151457501933,-5.086788707046264,-2.165392361134145,-5.226532574333725
2151457501950,-5.002451560868943,-2.149877169892535,-5.063270391063079
2151457501966,-5.1641977706080935,-1.9511440270072922,-5.156179423287114
2151457501983,-5.038600214301955,-1.9742318364867577,-5.264188403245017
2151457502000,-5.0404094158255335,-1.3839323224930418,-4.862716589785155
2151457502016,-5.457585644285412,-1.0557118489719208,-4.792615656708117
2151457502033,-5.229566855526686,-0.32996251290363343,-4.714277603417366
2151457502050,-5.0748660271952115,-1.1583897272029402,-4.527692822332424
2151457502066,-5.204243638657179,-1.3680531570862264,-4.61681369825318
2151457502083,-4.690306704609817,-1.2146344563670866,-4.626699789126416
2151457502100,-4.330364181430365,-1.3041076672160719,-4.657683188691841
2151457502116,-4.355421361555516,-1.6222155846787105,-4.279579707759725
2151457502133,-4.388555120872454,-1.6041118789610769,-4.36537806012878
2151457502150,-3.8520906503656835,-1.7886352474335063,-3.966488236987007
2151457502166,-3.6731602846857134,-1.1905443650924035,-4.303621613734168
2151457502183,-3.798716883508331,-1.2690544940073831,-4.464504731449374
2151457502200,-3.690454805744892,-1.1321824091879424,-4.0664659376093715
2151457502216,-3.5563398485401336,-0.7289560707627318,-3.7872049583769067
2151457502233,-3.6664837791112346,-0.40089042969821875,-4.1852055701577395
2151457502250,-3.5391094639794805,-0.9299672054244912,-3.9362107803567303
2151457502266,-3.955478543193892,-1.2433374593935778,-3.9277708243148384
2151457502283,-3.913582135953247,-1.7485045746873293,-3.9169070952873524
2151457502300,-3.6967525729096558,-2.002588166922444,-4.438047109066751
2151457502316,-4.022052737563706,-1.1921231036268969,-4.3495373337378656
2151457502333,-4.52831740987596,-1.3663854591758664,-4.465588423107727
2151457502350,-4.310656372557491,-1.9787726782809552,-4.380236234196599
2151457502366,-4.051356412024019,-1.8436259258655823,-4.256273856195353
2151457502383,-3.7547831440429134,-2.3707091621932257,-4.61090761461578
2151457502400,-3.5031128000704155,-2.6909958798658713,-4.834710563956351
2151457502416,-3.368706287381646,-2.5385498711282435,-4.677276657804034
2151457502433,-3.1581730120199927,-2.815866588002456,-4.519041506074393
2151457502450,-3.395927370159427,-2.3456225046689365,-4.668628259202969
2151457502466,-3.290106425221326,-2.2847470924087316,-4.549063467397836
2151457502483,-3.403221481576775,-2.6100303746344777,-4.0198885910361435
2151457502500,-3.723278732571659,-2.1691556889253865,-3.8769998814108058
2151457502516,-3.7135219599441855,-2.1417586749090494,-4.059914345384314
2151457502533,-3.5958933860769164,-1.6533000053894957,-4.062035423876236
2151457502550,-3.8864500364913845,-2.0804432437422022,-3.751235396905592
2151457502566,-3.5543417682467737,-1.6181721746235498,-3.547639953227796
2151457502583,-3.9154324636099354,-1.6915568486219597,-3.91426759541758
2151457502600,-3.8043202298022503,-1.5432424869805192,-3.963947241969512
2151457502616,-3.669442783391437,-1.6593948107696699,-3.8775969344458474
2151457502633,-3.5901871942588377,-1.653543673018123,-3.8845610011698986
2151457502650,-4.027533240291934,-0.9510905993609926,-4.020457128994122
2151457502666,-4.0828379753182125,-1.0593076266704484,-4.237989258255171
2151457502683,-4.57238910369154,-1.237983171037027,-3.9936792426868184
2151457502700,-4.693901923451058,-1.2510497274671675,-3.8237094068150155
2151457502716,-4.422400998180228,-0.9881924352190694,-3.8134115381780935
2151457502733,-4.3071190436361695,-0.4107594158354546,-3.9391186127746063
2151457502750,-4.300973917925906,-0.004942918315842704,-4.144103685008056
2151457502766,-4.294212555009045,-0.003484463891004097,-4.095638669427898
2151457502783,-4.477616586390067,0.42729341622002526,-3.793387861165894
2151457502800,-4.731564272919401,0.6639125440028693,-3.9622428446517985
2151457502816,-4.310427820137943,0.3039606499379861,-3.8256034365175102
2151457502833,-4.4486176771674595,-0.1799952701774652,-3.7931820079094516
2151457502850,-4.108369014858634,-0.0887331186546394,-3.9327020664383396
2151457502866,-3.8651754284704096,-0.35150094358971096,-3.8634509562072417
2151457502883,-3.896584257421849,0.05384046289842548,-3.996068255335029
2151457502900,-3.8021441790991517,0.16325242519538907,-3.6986525053542634
2151457502916,-4.33742581026779,0.1366230690187482,-3.8190746752179208
2151457502933,-4.127294754943499,0.23761705554322443,-3.4764990133586346
2151457502950,-4.325682032694158,-0.3899298026894469,-3.3701885853050038
2151457502966,-4.313589335022383,-0.4315709250959099,-3.0643637291708896
2151457502983,-4.143482773955569,-0.7069698017853447,-3.1058927660963156
2151457503000,-3.9540547407612197,-0.408213643700881,-3.1013083104163846
2151457503016,-4.244384263447971,0.2510635195342976,-3.037930583874669
2151457503033,-4.299326449717035,0.46199778981966233,-3.0095047650960103
2151457503050,-4.7446726400914825,0.3392627264194976,-2.9653734362064275
2151457503066,-4.694042223212912,0.3992356439510276,-2.7043868708982024
2151457503083,-4.917502178876622,0.18586785151295615,-2.854602151539268
2151457503100,-4.817317809166184,-0.011856869387059987,-2.825747271250838
2151457503116,-4.629348757520948,-0.7343913109526108,-2.9450690476368226
2151457503133,-4.9087691269803875,-0.26236451010135564,-2.7775888446956634
2151457503150,-5.047208128485591,-0.5569243278740048,-2.735990279553539
2151457503166,-5.083552546942428,-0.5191050643610673,-2.9123028827119817
2151457503183,-5.3136512746905264,-0.7315392876763847,-3.1599915655267727
2151457503200,-5.116458921372104,-1.2639511220447996,-3.189066622135875
2151457503216,-4.756603951837245,-1.9706507366533241,-3.6401366364700487
2151457503233,-4.916456686300998,-2.5327634997887913,-3.437145276097508
2151457503250,-4.857264467822897,-3.0121312287564592,-3.455491153914716
2151457503266,-4.723782449491781,-3.2721000997005896,-3.5204805670053325
2151457503283,-4.698282822254242,-2.641246869765594,-3.321280338712886
2151457503300,-4.852635356797452,-3.0769674739302513,-3.4376748221061173
2151457503316,-4.962801201321603,-3.4535477459315844,-3.589566085258156
2151457503333,-4.750267475752178,-3.9283104050151536,-3.5488706781011112
2151457503350,-4.5814629281671575,-4.1471704213501015,-3.3772112020659413
2151457503366,-5.005112893486813,-4.323804820786335,-3.7213731824244567
2151457503383,-5.521008953386589,-4.236101866837691,-3.651646830837807
2151457503400,-6.133094072392501,-4.177463094670591,-3.671248469355021
2151457503416,-6.13408629780546,-4.340781607612124,-3.258535794274069
2151457503433,-6.245279204673601,-4.1328168006873245,-3.1158162306037305
2151457503450,-6.282989024854232,-4.073824319450464,-3.458596356935422
2151457503466,-6.665060268804639,-4.288754484246558,-3.471935789214731
2151457503483,-6.6396227062487805,-4.517451375997411,-3.6694446644592906
2151457503500,-6.514927899931683,-5.421195312023234,-3.6047012638855946
2151457503516,-6.254616591684841,-5.948333914998272,-3.642790871129683
2151457503533,-6.545224994963837,-6.001154215306099,-3.4507907435408303
2151457503550,-6.5088492231850115,-6.144388445830843,-3.35406774433168
2151457503566,-6.2863001468847015,-5.834274191708754,-3.499415561008033
2151457503583,-6.3099229464684,-5.851467882652917,-3.407450395604977
2151457503600,-6.175311505038089,-5.945479057777134,-3.078718562941385
2151457503616,-6.308153805687179,-5.9050102711102275,-3.2007834120324556
2151457503633,-7.001268021374029,-5.815622105547591,-3.2455431868667177
2151457503650,-6.596079657781344,-5.583258020438528,-3.2608461655033922
2151457503666,-6.635445331299401,-6.014138557387676,-3.198704799279267
2151457503683,-6.946350367782519,-5.790176508072602,-3.3529339036065426
2151457503700,-6.769621602179237,-5.666167764440214,-3.540337488824918
2151457503716,-6.722906518536545,-6.1061214227747564,-3.6767135734356953
2151457503733,-6.703846858871524,-5.800077939511141,-3.7089481289518975
2151457503750,-6.866280792046631,-6.206800500491764,-3.423760264821717
2151457503766,-6.75240373320713,-6.301518574667702,-3.2783439582810563
2151457503783,-6.3484985608794195,-6.456544824450054,-3.091165793206053
2151457503800,-6.240477153414148,-5.846078324283303,-3.1541682125532042
2151457503816,-6.46878847224647,-5.705426653382653,-3.0189489639676554
2151457503833,-6.609843307772412,-5.281550749022011,-3.125821447268565
2151457503850,-6.539357048966012,-5.779893718872244,-3.5228406112465125
2151457503866,-5.839683988571455,-5.933810683668655,-3.239003116028334
2151457503883,-6.148399474622206,-5.904686893360768,-3.0655456442377638
2151457503900,-6.253333308532299,-6.6691196244800395,-3.2576596428482376
2151457503916,-6.620027860444422,-7.1448831305374405,-3.0421347878078793
2151457503933,-6.715587877099377,-7.233214219092921,-2.9701859395541472
2151457503950,-6.75717418202253,-8.075666538253193,-3.031985909363328
2151457503966,-6.7016610056925,-7.773948751897471,-3.2255466388848757
2151457503983,-6.730639408669558,-8.205928832650082,-3.3474055689170368
2151457504000,-6.338410502007344,-8.23387852523948,-3.5431209692929393
2151457504016,-5.944320601960191,-7.609047833652578,-3.7626764676787987
2151457504033,-6.6682222693497435,-7.650562137330551,-3.8050608263646195
2151457504050,-6.55248445402934,-7.618342881376836,-3.8845353468202966
2151457504066,-6.92459914875894,-7.888875512781922,-3.5390628115618825
2151457504083,-7.287850532364043,-7.4608261247799454,-3.3247258189965723
2151457504100,-7.298975077432516,-6.830872020100307,-3.1399489152154327
2151457504116,-7.187874917615486,-6.720834876394693,-3.3172658609467507
2151457504133,-6.8173160028544055,-6.669335509058495,-2.9260091176858687
2151457504150,-7.18435795903083,-6.295162974126692,-3.188039048052611
2151457504166,-7.008009134576685,-5.891006312566751,-3.4344246941894765
2151457504183,-6.851871677972908,-6.317215557620101,-3.545041351763677
2151457504200,-7.06605795537476,-6.383950367325421,-3.7546917509058746
2151457504216,-7.179078171856053,-6.407837393182399,-3.6309543419637835
2151457504233,-7.1390730195283485,-6.514333540773947,-3.380563143181053
2151457504250,-7.336795398162261,-6.349997009933644,-3.129522748839043
2151457504266,-7.225398868393224,-6.1224527680830745,-3.3000674224200655
2151457504283,-7.384487311075334,-5.998677497521781,-3.196595129682113
2151457504300,-7.435321826789364,-5.880737477548452,-2.758711757331944
2151457504316,-6.937173717968714,-6.078516983469114,-2.874732976056309
2151457504333,-6.522474366829438,-6.608096156714734,-2.583570713614291
2151457504350,-6.2949835992751435,-6.296868111527925,-2.3496856356501006
2151457504366,-6.190403920705539,-5.86264667533011,-2.5649658523959777
2151457504383,-6.304755788312445,-6.222677598922523,-2.9709452300688564
2151457504400,-6.491281637781104,-6.108411443254451,-2.85373412949329
2151457504416,-5.961018227783938,-6.4845788285661365,-2.7418076781373766
2151457504433,-5.980902825271862,-6.217923448465902,-2.9080595577395907
2151457504450,-5.791682990793703,-5.930535581631297,-3.0371875668008603
2151457504466,-5.829800436571506,-6.405303831617175,-2.974907886424686
2151457504483,-5.665187716164425,-6.425737609932713,-3.2715535195028256
2151457504500,-6.042039460917005,-6.405317999219689,-3.65159615612268
2151457504516,-5.814439562782614,-6.460519519583765,-3.5670399908999637
2151457504533,-5.351092291795467,-6.794001720167023,-3.3044629984233236
2151457504550,-5.125752490580372,-7.082489988774597,-2.8093777998364367
2151457504566,-5.245303097150588,-6.673541670483408,-2.918207392379282
2151457504583,-5.005478838293107,-7.329362320629378,-2.641222280112972
2151457504600,-5.325634148894754,-7.6498406384339415,-2.695534397464238
2151457504616,-5.4917333124895595,-7.412840744228626,-2.9599329590071926
2151457504633,-5.377176376930859,-7.498361061205644,-3.1587192288398076
2151457504650,-4.961323936702817,-7.258701400159518,-2.9628120598460903
2151457504666,-4.905121815568117,-7.6751927751622695,-2.800831399279569
2151457504683,-4.869856600992232,-7.742419082609334,-2.575793475986712
2151457504700,-4.967834099144278,-7.418417113403836,-2.3847665744530366
2151457504716,-4.961772724279924,-7.566599014636892,-2.109865161918656
2151457504733,-4.815600531290698,-7.148559080503462,-2.4102719572616493
2151457504750,-4.665000567464378,-6.958402423433652,-2.3827665205467587
2151457504766,-4.604137086864968,-7.079063274904667,-1.9807980288717428
2151457504783,-4.478937803509127,-7.071946838166642,-2.049375649299474
2151457504800,-3.9659766779690777,-7.102491961602409,-2.078816248809873
2151457504816,-4.100981228182708,-7.095452512975691,-2.2926944491217713
2151457504833,-4.584982272438033,-7.486707470311887,-2.2627167071756453
2151457504850,-4.607395549747718,-7.990639454640169,-2.148767394113216
2151457504866,-4.646121239523551,-8.303718556931779,-2.3102208889227924
2151457504883,-5.154717429479141,-8.180773778470428,-2.1506562488910292
2151457504900,-4.769580964935204,-8.524388002919231,-2.1632092775532166
2151457504916,-5.198931605516688,-8.252228770908731,-2.2050187003954704
2151457504933,-4.655928428483085,-8.027635076619706,-2.6087156462448826
2151457504950,-4.966720477406887,-7.598818119027332,-2.4776394394995784
2151457504966,-5.093197207559717,-8.014841135881092,-2.307712266155396
2151457504983,-4.945644089875201,-7.867413276330517,-2.6270524518347655
2151457505000,-5.3302396635493725,-8.058775456071738,-2.5579136269262683
2151457505016,-5.652529913099639,-7.913255501127043,-2.437050084352595
2151457505033,-5.585633551424389,-7.290373996237026,-2.96391462930967
2151457505050,-6.52463749756937,-7.4100317665944875,-2.7363908738001204
2151457505066,-7.006070292758887,-6.50887433992585,-2.5310049651093722
2151457505083,-7.187734653163904,-6.7605760006710245,-2.7427803800860744
2151457505100,-7.065287959912342,-7.021411209003148,-2.942630263139607
2151457505116,-6.929015679915848,-7.019374941380609,-2.9077892330380846
2151457505133,-7.1723128961666305,-7.509194866912041,-2.834396310150683
2151457505150,-7.052486284768898,-7.240489306454972,-2.870081155350047
2151457505166,-6.6673086341826195,-7.228059980766533,-2.6393129472131687
2151457505183,-6.449826485034361,-7.0356664929829975,-2.6927366108954263
2151457505200,-6.691105080703094,-7.142042715651354,-2.9061167869334854
2151457505216,-6.890747362378478,-6.709370900331687,-2.8431306194542123
2151457505233,-7.1687429143193775,-5.988718148070458,-2.86644310762951
2151457505250,-7.277968062438848,-6.201276185671701,-2.4689904321752487
2151457505266,-7.043165691781871,-6.302537172178885,-2.5729155917270567
2151457505283,-6.660174267896893,-5.612714077222163,-2.5616556105276773
2151457505300,-6.676279680255561,-5.16619193654995,-2.684601392478865
2151457505316,-6.116890156922766,-4.9712457964358405,-2.5434472955462035
2151457505333,-6.2416170922816505,-4.413313058884941,-2.69091014896712
2151457505350,-5.846206132923967,-4.696326292006457,-2.6409926670556647
2151457505366,-5.771022087679009,-4.489138110949455,-2.4906498750148236
2151457505383,-5.4384080963745065,-4.294773997343347,-2.57688818815977
2151457505400,-5.186783518297316,-3.9641439165608228,-2.7983889182141732
2151457505416,-5.094080383639418,-4.346682342158311,-2.834052565077759
2151457505433,-4.597148516344733,-4.627821344623506,-3.0479948404778057
2151457505450,-4.703099028738545,-5.091844314694027,-3.03786060533594
2151457505466,-4.860342483263494,-4.843953030416267,-2.9457891472281124
2151457505483,-4.670531585641861,-4.583767904115795,-3.032011291640355
2151457505500,-4.964057048799879,-5.272468581764166,-3.1064966741136537
2151457505516,-4.81719132979656,-5.949009967858706,-2.7285828650559507
2151457505533,-4.5674081390687835,-6.069826600472906,-2.9303590950139253
2151457505550,-4.891540840622832,-5.28094856731551,-2.8283511877961325
2151457505566,-5.2819808090137474,-5.649364386347732,-2.6325704179656486
2151457505583,-6.023472930824795,-6.611081597615793,-2.5660855771381943
2151457505600,-6.086810316211886,-6.77778721697933,-2.6230211725762347
2151457505616,-5.975222926993925,-6.6778355303697365,-3.3667851449083357
2151457505633,-6.269755658951269,-6.869770089095828,-3.1911284590966713
2151457505650,-6.4090243410061225,-7.37099539255216,-3.12841261668985
2151457505666,-6.220444657189045,-7.316372624797032,-3.1304013340268506
2151457505683,-6.036883722065153,-7.4013481317071745,-3.3189421483462933
2151457505700,-5.516890566899248,-7.337869580809777,-3.140872864255565
2151457505716,-5.184859218129887,-7.39159618515299,-2.8679968068862793
2151457505733,-4.915893880133186,-7.643173889018053,-2.981092031353503
2151457505750,-4.9436574347662745,-7.689356461969977,-3.0519709974601037
2151457505766,-4.636652148804666,-7.499394037331309,-3.0363924730448857
2151457505783,-4.201995695844673,-7.926412093388354,-2.8544886872950386
2151457505800,-4.0474278470372145,-7.764424222602743,-2.818296472588126
2151457505816,-3.7679163817948194,-7.932800435829245,-2.8822664684526003
2151457505833,-3.307450272317335,-8.218986504269997,-2.9545588521095887
2151457505850,-3.479184593791344,-9.005742288414705,-3.125894459710782
2151457505866,-3.4656702826513444,-8.927159164843458,-3.0609165014143462
2151457505883,-3.141249782875265,-8.84908663724119,-3.157735530847449
2151457505900,-3.067039178136163,-8.807412906695763,-3.215704172615001
2151457505916,-2.709237700153397,-9.193980673184289,-2.9487299825099997
2151457505933,-3.0040057357092214,-8.315388951259793,-2.80237752690664
2151457505950,-2.6472749409373844,-8.254817018879834,-2.976378823383846
2151457505966,-2.202719486357381,-8.338898657432665,-2.9812331816799036
2151457505983,-1.8355533953936267,-8.67332064788903,-2.62924512366783
2151457506000,-2.030996245725266,-9.319547169180693,-2.4617875094137207
2151457506016,-1.4738040435482076,-9.495090274481512,-2.5025415402167224
2151457506033,-1.6912692817022235,-9.699186717124839,-2.444088707846822
2151457506050,-1.2804192547013455,-8.888835696222941,-2.2575034940971026
2151457506066,-1.5952597377772402,-8.191419925961165,-2.1568718389206856
2151457506083,-1.808189650679879,-8.362927061268476,-2.190287928594567
2151457506100,-1.8727496016486995,-8.675905927681779,-2.428001185329988
2151457506116,-1.8534219264350078,-7.787824035542247,-2.358202377028165
2151457506133,-2.0889110658872325,-7.8949946666482855,-2.365720565979829
2151457506150,-2.116213789134734,-8.872070978328678,-2.414901780919228
2151457506166,-2.4632733091186156,-8.606564222460992,-2.190050488030373
2151457506183,-2.438963939976591,-8.189275191155478,-1.8687827665392085
2151457506200,-2.7303295293760406,-8.140341422412252,-1.9560637645930525
2151457506216,-2.509220718481495,-8.539641310840059,-1.8744075934357702
2151457506233,-1.975311250692334,-8.63468612808872,-2.0187478512631234
2151457506250,-2.0137788597607376,-8.507315450631394,-1.8239286180745762
2151457506266,-2.01191755015927,-8.96330232919032,-1.7834708671903494
2151457506283,-1.7579705429846535,-9.200915778114929,-1.9279702242469154
2151457506300,-1.9202497735066557,-9.405407769021446,-1.700981311790636
2151457506316,-2.0299632916808603,-9.408552860222072,-1.686228953542342
2151457506333,-2.071559958610517,-9.059267054867993,-1.5376497120973738
2151457506350,-1.6147865176933007,-8.936781957099512,-1.3047486918502962
2151457506366,-1.6205347125401803,-8.742004680965412,-1.2477648041159468
2151457506383,-1.9189312387326147,-8.829638213444138,-1.3595202110942317
2151457506400,-1.8091599422874172,-8.951153437849957,-1.2865823336977757
2151457506416,-1.4512705635171463,-7.810827683953675,-1.1899441708552643
2151457506433,-1.0440834397507954,-7.829118527620466,-1.473503326634759
2151457506450,-1.6507823678276803,-7.996228772823336,-1.2316204477723627
2151457506466,-1.9013764631622192,-7.6976058948284996,-1.490877007017447
2151457506483,-2.077515497195982,-8.075500777449296,-1.6630441592600784
2151457506500,-2.0991467174791767,-8.46149736961709,-1.583829167462701
2151457506516,-2.0287305161306173,-8.600349841412024,-1.523638040565746
2151457506533,-1.9802505246204185,-9.089227536260942,-1.6508032262172554
2151457506550,-2.3324614405453814,-8.578603348453797,-1.9925782139524388
2151457506566,-3.0609044827303036,-8.826410797133363,-1.8433342106601613
2151457506583,-3.317361189554675,-8.623098982891433,-1.5670101632975837
2151457506600,-3.4798570531495825,-8.346890503183015,-1.7130081611257877
2151457506616,-3.549168867183722,-9.114177895822717,-1.6269513936816522
2151457506633,-3.8319042661921157,-9.011608289310464,-1.627166717960078
2151457506650,-4.294444146360779,-8.534627250376328,-2.113184539209406
2151457506666,-4.549589231840407,-8.773574021493324,-2.1382906673806996
2151457506683,-4.911392507062804,-8.938900905980244,-2.096598939314241
2151457506700,-4.947046951519919,-8.911940224861144,-2.2417687841745475
2151457506716,-5.43109742926335,-8.56118164569128,-2.2642114159694167
2151457506733,-5.437442754926607,-8.514828698918102,-2.2884462545277238
2151457506750,-5.354627233270973,-8.590769760154698,-2.073766139624957
2151457506766,-5.552203998716303,-9.552096277891135,-1.9815879630549176
2151457506783,-6.017728401634575,-9.180548301996282,-1.9051558086975335
2151457506800,-5.613625805999463,-8.368531527828836,-1.830751002906885
2151457506816,-6.068346189156767,-8.398104290874542,-1.6788074086046172
2151457506833,-5.797620611266218,-8.485759892594528,-1.4752187830409567
2151457506850,-5.762818073484446,-8.09434501238114,-1.5441221012815292
2151457506866,-6.3690539254877425,-7.64653455227133,-1.4821744904840621
2151457506883,-6.284660825473529,-8.049185621647476,-1.355786109003692
2151457506900,-6.0849353383573686,-8.261452321932266,-1.3876279899958857
2151457506916,-6.413469316757626,-8.000927536823353,-1.5698933687068697
2151457506933,-6.477564520590244,-7.425968381245726,-1.7743286047945033
2151457506950,-6.8145135017138525,-6.644551008591494,-1.765784714824362
2151457506966,-7.05095397763564,-7.1218249610338855,-1.6431023659647888
2151457506983,-7.057214957752948,-7.413374409326842,-1.6223283687179937
2151457507000,-7.0192971177986765,-6.976330651575168,-1.7991230173875115
2151457507016,-7.024473138903598,-6.920780388424696,-1.554663781301261
2151457507033,-6.792202810232646,-6.772972849233649,-1.8031842593635248
2151457507050,-6.91062575862625,-6.198307532366034,-1.6371472467406814
2151457507066,-7.143892629791889,-6.392794231620454,-1.9026013135426763
2151457507083,-7.4151451138568305,-6.362018086575665,-1.9324445735674456
2151457507100,-7.40172320741728,-6.7300086309299125,-1.8793510568739247
2151457507116,-7.486926878185065,-6.422253406078189,-2.189273317114477
2151457507133,-7.3486713033378095,-6.455687395519395,-2.381602702309995
2151457507150,-8.038620668872793,-6.488701359302677,-1.7850313978527512
2151457507166,-8.464797106691334,-6.667621698250224,-1.799051392671195
2151457507183,-8.690757682198424,-6.492960327707207,-1.6361613613901822
2151457507200,-8.496198589971776,-6.407036363110802,-1.5126262160239767
2151457507216,-8.918995314370715,-6.34026311139744,-1.6059630934325668
2151457507233,-9.41651350261967,-6.4678950035717575,-1.5307808868624984
2151457507250,-9.744941962421239,-6.5444913399753775,-1.5708490226768228
2151457507266,-9.94850194863312,-6.167857466813358,-1.6796849431069236
2151457507283,-9.789501061737225,-5.844919804927061,-1.3618109173084905
2151457507300,-9.620747981629524,-5.413770501568096,-1.8306447146957985
2151457507316,-9.847373633278934,-5.077547376509324,-2.0677822894028433
2151457507333,-9.7743250705954,-5.056446852347851,-1.9798139330282862
2151457507350,-9.512761864600781,-5.1853706999760485,-2.0264416517520774
2151457507366,-9.926514407780417,-5.647080180848206,-1.9006986065601217
2151457507383,-9.711126901862471,-5.13542251750559,-2.108924080658944
2151457507400,-9.660197081000227,-4.682835754662702,-1.7137934077995893
2151457507416,-9.516334509458328,-4.519731006071995,-1.858808142622311
2151457507433,-9.842754713981424,-4.074937840030378,-1.7131159201455723
2151457507450,-9.715264711088096,-4.310302027543026,-1.613842106747022
2151457507466,-9.485842185511393,-4.980569531833234,-1.777701870440114
2151457507483,-9.10602689821334,-5.298644598928494,-1.4477496237736383
2151457507500,-8.92745327199186,-5.14466548329907,-1.3204866872124668
2151457507516,-8.965368996152936,-5.750688832532742,-1.2913464015548768
2151457507533,-8.5596700663181,-5.152117674050114,-1.4623622712794957
2151457507550,-8.684920662885277,-5.822148064120532,-1.4225823218653153
2151457507566,-9.171870118126204,-5.652330932841561,-1.11032520147864
2151457507583,-9.443489063439493,-5.056811547888771,-0.9522761857630915
2151457507600,-9.377576418087322,-5.329631068775485,-0.9256952442857957
2151457507616,-9.085699290942177,-4.908334046836951,-1.2875356095540629
2151457507633,-8.416531040121665,-4.926946649372306,-1.4245994790596908
2151457507650,-8.631756570114087,-4.692472252415982,-1.5068253751987482
2151457507666,-8.65140548882468,-5.1552741143172485,-1.5778085664307313
2151457507683,-8.717715821798384,-5.806808444804978,-1.546216199675947
2151457507700,-8.421819203513119,-5.664573054533246,-1.529273749977061
2151457507716,-8.128747876916563,-6.2931215359997505,-1.4490608463792052
2151457507733,-8.69281464231037,-6.425909127784894,-1.6606652511017648
2151457507750,-8.800319456593343,-7.041959138335924,-1.8490034358498528
2151457507766,-8.950430496410576,-7.649692912633347,-2.010052201953722
2151457507783,-9.233845511212552,-7.293489114921815,-2.258733351979852
2151457507800,-9.471471315419103,-7.7602133047439725,-2.617687135396924
2151457507816,-9.573694633340848,-8.151539696786497,-2.6123083727015777
2151457507833,-9.552665367671503,-8.161469392703346,-2.6111913168996814
2151457507850,-9.884411602662214,-8.225814722437532,-2.479624027980251
2151457507866,-9.939578051319586,-8.67591983986775,-2.569666380753687
2151457507883,-9.500214858785894,-9.046648511506609,-2.3382867219731134
2151457507900,-8.962079617778203,-8.190419357109906,-2.040553689345176
2151457507916,-8.786003972721256,-8.440220887518427,-1.9501163732894562
2151457507933,-8.774852416422588,-7.9372214490834265,-1.9409422087438575
2151457507950,-8.484225306252188,-8.103618084609424,-2.5121961240469934
2151457507966,-7.942454767394815,-8.954946353165942,-2.164896807515375
2151457507983,-7.786397408011387,-8.882898894861723,-2.3298273041844166
2151457508000,-7.436489081817293,-8.555967761093196,-2.203165550198203
2151457508016,-7.782585958289122,-8.87266677455829,-2.0618254424029168
2151457508033,-8.289122523153786,-8.724659584737864,-2.230462143248774
2151457508050,-8.28426339230981,-8.430684160889607,-2.236277742708568
2151457508066,-7.394056379953387,-8.668021048704354,-1.9052069617439944
2151457508083,-7.683369059369026,-8.728810770343799,-1.6676873196285735
2151457508100,-7.4566957772154705,-8.521305311697644,-1.7522282584916569
2151457508116,-7.3600975645497275,-8.602262361045899,-1.7100226169911266
2151457508133,-7.444738224950475,-8.935248533494265,-1.8394508167001875
2151457508150,-7.2232908928543935,-9.185866796874706,-2.154519437322285
2151457508166,-7.065023689968846,-8.600397069691049,-2.2604030377941284
2151457508183,-7.218525100643998,-8.213573015890486,-2.428437929491812
2151457508200,-7.053778568843857,-8.188932160896249,-2.402636947795895
2151457508216,-7.532442949340971,-8.510968811912397,-2.46314131245126
2151457508233,-7.636042159498331,-8.402709595844215,-2.787387719531503
2151457508250,-8.032523231198809,-8.274622100007228,-3.17902804814946
2151457508266,-8.366016198257347,-8.887621868345068,-3.089276121122649
2151457508283,-8.22372194880494,-9.402742910047445,-3.402176802791569
2151457508300,-7.890976895896832,-9.249883862393187,-3.2414296694161795
2151457508316,-7.991712756846805,-9.797413917172765,-3.4192846379076722
2151457508333,-7.645755745434924,-9.874340165154862,-3.7586916303374887
2151457508350,-7.618310573619016,-9.696413100484133,-3.857746737253872
2151457508366,-7.126769151162701,-10.038704378392403,-4.078900261746018
2151457508383,-7.022337272952564,-10.573528604461554,-3.741983519935779
2151457508400,-6.776464245056783,-11.206663988154894,-3.7063550499430473
2151457508416,-6.968245317930429,-11.64566897927942,-4.108654161920559
2151457508433,-7.329589744306011,-11.72196693451547,-4.08252843790621
2151457508450,-7.389488766479355,-11.486245394940138,-4.489731002871081
2151457508466,-8.134971447387926,-10.527554074314699,-4.33019913637037
2151457508483,-7.764647481188208,-10.258270482720324,-4.112828140781423
2151457508500,-7.6061219236862865,-10.192236156801764,-4.264071356022011
2151457508516,-7.394941568342766,-9.618823983032476,-4.2220535964144785
2151457508533,-7.41432153302355,-9.424110892775097,-3.8600436612937585
2151457508550,-7.679398301505662,-9.593280156098984,-3.8163608722570532
2151457508566,-7.858944837843886,-9.375341968441315,-3.9665643021412844
2151457508583,-7.861588230089369,-9.139054547168472,-4.0091309337451415
2151457508600,-8.034711544633634,-9.310721667941923,-3.9894759471544514
2151457508616,-8.074163359508635,-9.604159257821482,-3.924692945312532
2151457508633,-8.114084825627394,-9.541301008025053,-3.8145847632828707
2151457508650,-7.9976883816141005,-9.286408049772362,-3.724762007910796
2151457508666,-7.827741805666895,-9.434976080794376,-3.4454541517592574
2151457508683,-7.9426798856467045,-9.338932081681707,-3.3511315066370746
2151457508700,-8.140976526267663,-9.615793143386654,-3.520712793258908
2151457508716,-8.203608053725626,-9.919867717097034,-3.7805086956401697
2151457508733,-7.835212509611003,-9.87862798802366,-3.8581923009213703
2151457508750,-7.407043992662513,-9.688739195363937,-3.7935751788491663
2151457508766,-7.260478927088769,-9.785046280728684,-3.8129813012316585
2151457508783,-6.491931744361092,-10.241028124328722,-3.8209129665057575
2151457508800,-5.956839939102523,-9.796522982102076,-3.9190166871239698
2151457508816,-6.442279552499908,-9.9074397572466,-3.8924576943768407
2151457508833,-6.662274588932504,-9.691602500302272,-4.048188488870716
2151457508850,-6.967610041269257,-10.102997004762544,-4.131950961675924
2151457508866,-6.920303373225926,-10.303908493941549,-4.425152055674184
2151457508883,-6.921786148222601,-10.54926475506454,-4.602492481605153
2151457508900,-6.983300866549444,-10.905808742338188,-4.855293513326758
2151457508916,-7.5101573522102605,-10.52262741656404,-4.510328626954838
2151457508933,-7.302133966605261,-11.170239307820143,-4.599004537422231
2151457508950,-7.423212584046777,-11.500342731434724,-4.5021340487854715
2151457508966,-7.8936700418294965,-11.021403509252494,-4.541721822366637
2151457508983,-7.8265284197257206,-10.266683421232447,-4.714848021592715
2151457509000,-7.92018410835248,-9.314373169563952,-4.5608062038738835
2151457509016,-8.043325640601992,-9.422189434427487,-4.871333849078463
2151457509033,-8.294542631038343,-9.861365130572104,-4.534461527399114
2151457509050,-8.123288508841606,-10.022625819882734,-4.3614712739380295
2151457509066,-8.125858742928584,-10.386125870571327,-4.337309052971519
2151457509083,-7.934164221273583,-10.400286473655466,-4.629980268123211
2151457509100,-7.798577248982013,-10.378954820670806,-4.813618565529317
2151457509116,-7.788688596152269,-10.309152008091917,-4.866081634910474
2151457509133,-7.660849536170387,-10.137791719029462,-4.884787681366159
2151457509150,-7.803294797305915,-9.12156852580799,-4.740884499153687
2151457509166,-8.010369453697065,-9.384158394582998,-4.412389225801489
2151457509183,-8.137067064109381,-9.055832400843187,-3.924579917613764
2151457509200,-8.540617144947038,-8.935645147301077,-3.955013472255937
2151457509216,-7.805667898454565,-9.597314241047746,-3.8876541209074347
2151457509233,-8.09777077570362,-9.72965167718858,-3.5696890905887892
2151457509250,-8.72279686783082,-9.223801051132705,-3.2106816926690582
2151457509266,-8.45173268976215,-8.943367026043314,-3.367150561380754
2151457509283,-8.802109301040872,-8.641548026964276,-3.5666932096309734
2151457509300,-8.442554929401332,-8.42087558338329,-3.7884542666540257
2151457509316,-8.69384823985346,-7.756719372970491,-3.747198663150296
2151457509333,-8.533888165435833,-7.189231887662426,-3.847521226415423
2151457509350,-8.479105858442951,-6.716575742820832,-3.873308910875531
2151457509366,-8.18159132261799,-6.264240704625148,-3.6035247757311835
2151457509383,-8.217698848587546,-6.543094815087339,-3.9434098809545803
2151457509400,-8.182996678936341,-6.659195749470879,-4.055162767763081
2151457509416,-8.13815540673064,-7.094401630215604,-3.6821889796253506
2151457509433,-7.880343395554235,-7.961475215562179,-3.4737940481609093
2151457509450,-7.615054341108653,-7.848640189103099,-3.860888570464031
2151457509466,-7.306110553368171,-7.374361110275856,-3.6097984432824664
2151457509483,-7.470096779011255,-7.610678745090653,-4.0071274514454345
2151457509500,-7.0758363879870085,-8.320041101206666,-4.12204784328683
2151457509516,-7.333521071905311,-8.666810471205913,-4.284804259864637
2151457509533,-7.03331281554726,-8.530016939560015,-4.3370551872402565
2151457509550,-7.13982848965014,-9.014759141772473,-4.0681106767048245
2151457509566,-7.341194168962,-8.717760206587815,-3.870739967957842
2151457509583,-7.634950042348402,-7.8578103905901315,-4.068796463400856
2151457509600,-8.142401762159404,-7.680383083497105,-3.9838890825298963
2151457509616,-7.886504853922689,-7.364065584421086,-4.315302071992347
2151457509633,-7.678207837824001,-7.476152678778098,-4.622314791633426
2151457509650,-7.765040742335156,-7.9658150685098335,-4.895736565438141
2151457509666,-6.8325444707848195,-7.712256553582442,-4.696428219446695
2151457509683,-6.60442254007185,-8.214967271234206,-4.653314601976945
2151457509700,-6.4594205079188045,-8.338230309632463,-4.778288421478026
2151457509716,-6.146607843974671,-8.83499416262345,-4.461384930918099
2151457509733,-6.227271618270933,-8.863042870037924,-4.44974741780226
2151457509750,-6.554035460183721,-9.351337826526942,-4.704223329677333
2151457509766,-6.075431897742211,-9.235581272233269,-4.398090507598772
2151457509783,-6.316600590476895,-8.906999622703875,-4.293349039569714
2151457509800,-6.215052259029832,-8.727612380869207,-3.9850359522371144
2151457509816,-6.159483894926134,-8.789687246098996,-4.006986317515912
2151457509833,-5.931118014856484,-8.343094334958417,-3.9385728299400364
2151457509850,-6.009182609432638,-9.036242878960335,-3.837042400912882
2151457509866,-5.66071058860213,-9.470134706058817,-3.601423238549933
2151457509883,-5.9339899418340645,-9.427530472100132,-3.8936486852140737
2151457509900,-5.671773447000811,-9.842767085563004,-3.7638360237704918
2151457509916,-6.085758667874535,-9.580168858368456,-3.472110358582213
2151457509933,-5.921035490358502,-9.784210820680173,-3.8815176568596748
2151457509950,-6.00100282676333,-9.986894020958868,-4.057209057266052
2151457509966,-6.360540616592949,-9.724520078302193,-3.8978109425428533
2151457509983,-6.222962468303388,-10.346694870241652,-3.912746502685356
2151457510000,-6.345667515624349,-9.914697281491318,-3.9227976634000585
2151457510016,-6.4702772766377175,-10.429628101954123,-3.8155884142718124
2151457510033,-6.2093330713112405,-10.17561091821712,-3.6058958537064036
2151457510050,-6.496315148986423,-10.239966239877912,-3.4845334074895837
2151457510066,-5.883748989550953,-10.388559106360674,-3.4559954861716258
2151457510083,-5.545117553432959,-10.52797887087546,-3.4415065937394282
2151457510100,-5.043275355219188,-10.405510761064587,-3.5646456034391134
2151457510116,-4.9404414088060475,-10.053649506674537,-3.3957809507729824
2151457510133,-4.9371292825834034,-9.942473778193353,-3.051671114852354
2151457510150,-5.249078245178864,-10.398193486333124,-3.5311816289885987
2151457510166,-4.924153256734979,-10.290256127375434,-3.461282797969896
2151457510183,-5.4339046816252035,-10.462003669379087,-3.2703484514198182
2151457510200,-5.089322238360548,-10.252711079561184,-3.1754559083931557
2151457510216,-5.4075853166638534,-10.614047322397724,-3.4466882337669422
2151457510233,-5.346280468137439,-10.41691272340438,-3.3670619038118677
2151457510250,-5.561681143810934,-9.892969045750478,-3.348004107135218
2151457510266,-5.619572582031848,-10.184440557742438,-3.484419698878971
2151457510283,-5.605243733838595,-9.79715424811419,-3.322639772442879
2151457510300,-5.515435539960188,-10.66745140528713,-3.034734104717143
2151457510316,-5.2480630591255775,-10.799806037844904,-3.232348085254379
2151457510333,-5.0639878857850285,-11.189755909423845,-3.047998893458248
2151457510350,-4.863981969572464,-11.486463021873021,-3.1876560550184454
2151457510366,-4.791079055178729,-11.656360635570739,-3.351778945626631
2151457510383,-4.2611616783000645,-11.075413442427081,-3.057663483987707
2151457510400,-4.2429543551659386,-12.012843173205479,-3.1326841686774745
2151457510416,-4.139800685332226,-11.757100540488029,-2.9357072662678534
2151457510433,-4.398381210149374,-11.890011051927704,-2.967667132156682
2151457510450,-4.07391055989903,-11.977665172768404,-2.94956451298025
2151457510466,-4.3867314429297455,-12.079827537038053,-2.6727919766363097
2151457510483,-4.227463898677577,-11.686863439113424,-2.9007845538834234
2151457510500,-4.190706020858322,-11.446334037712791,-2.487323418955203
2151457510516,-4.670615542776776,-12.171431775393142,-2.841176828549045
2151457510533,-4.824320060232001,-11.762271487045615,-2.7995648268362423
2151457510550,-4.964332258762942,-11.788805161868808,-2.727065998098231
2151457510566,-4.772082386500051,-11.953766911432417,-2.6306044969253297
2151457510583,-4.743792076772388,-11.756091220927921,-2.5873211344762765
2151457510600,-4.342536283012974,-11.656823281760124,-2.925537072465728
2151457510616,-4.740791058377035,-11.324985555062657,-2.9149492137325956
2151457510633,-4.757241167957946,-10.820844407158706,-3.0691714172034907
2151457510650,-5.318666989621872,-10.740953043755958,-3.230395616994661
2151457510666,-5.7272453165311665,-10.485819213957287,-3.347077846705608
2151457510683,-5.778095849775566,-10.236968431316786,-3.348394392502547
2151457510700,-5.597473346561814,-10.469548378970998,-3.3638907084325402
2151457510716,-5.634378277798659,-10.599955005973047,-3.6842342346768793
2151457510733,-5.722289097893139,-9.80592998647821,-3.7582771475396095
2151457510750,-5.3710862999519815,-9.74242318401517,-3.460998762741146
2151457510766,-5.6885495789271525,-9.963993986275728,-3.5430790475262874
2151457510783,-5.498607587841101,-9.573008420176627,-3.8738200985891957
2151457510800,-6.069470361998597,-9.77086315761692,-3.836712480310738
2151457510816,-5.702549990975328,-9.418371506746372,-3.9415039190998797
2151457510833,-5.946671196646204,-8.972325237746322,-4.02899793413339
2151457510850,-6.465376482496864,-9.662127075029487,-4.041570160093024
2151457510866,-6.886692066735262,-10.076561494541743,-3.9413761948905615
2151457510883,-7.327373176425814,-10.351576962022365,-4.063914986752603
2151457510900,-6.937593629961695,-10.337288367587451,-4.0979916000210945
2151457510916,-6.958599035228866,-9.877330727176762,-4.098802257609538
2151457510933,-6.725002673515695,-9.81795342186765,-4.140301699388309
2151457510950,-6.856348952618432,-9.41796796043875,-3.9152962928282524
2151457510966,-6.713887351145697,-8.621148795934728,-4.043935771979118
2151457510983,-6.566599564779958,-9.601158376241699,-3.9370443284462397
2151457511000,-6.3870341102680985,-9.376978712140403,-3.6258206337167542
2151457511016,-6.607183288717215,-8.757762643744908,-3.544109393310157
2151457511033,-7.228813899964963,-8.619262063970329,-3.9227351758152733
2151457511050,-7.095243018872465,-8.97300064361406,-3.70010881142634
2151457511066,-6.76149555395066,-9.217898487142726,-3.8061064985304416
2151457511083,-6.517637479164346,-9.550828016060228,-3.7026879295647985
2151457511100,-6.175494794061746,-9.449125791325274,-3.5393996124419544
2151457511116,-6.465030486875753,-9.531342301680318,-3.5096642444638917
2151457511133,-6.686153313967448,-9.126379199349826,-3.4729723925995604
2151457511150,-6.477085852103893,-8.90985599558866,-3.3868931247352942
2151457511166,-6.469982849980522,-9.076918246788194,-3.467048261262428
2151457511183,-6.607063746605406,-8.98491121240413,-3.3234919954925086
2151457511200,-6.556536552167334,-9.293239736710674,-3.3055346883919148
2151457511216,-6.871830522175787,-8.717410829002207,-3.4301392933262678
2151457511233,-7.241377269071926,-8.149810725328699,-3.3009141352778326
2151457511250,-7.032072616704365,-6.885802111943127,-3.5795482767272437
2151457511266,-7.135222878929435,-6.141563812746139,-3.815239285942969
2151457511283,-7.2806361140388685,-5.85899242288622,-4.001176884975763
2151457511300,-7.119021686352957,-6.057925611410138,-3.8801872728121003
2151457511316,-7.303357387821856,-6.3828770641923995,-4.1487384779616825
2151457511333,-7.358828941563621,-6.595502029622985,-4.0114273093524115
2151457511350,-7.48707058734046,-5.969532724426586,-3.7227704472527092
2151457511366,-7.760091817548755,-6.727761816182504,-3.792027581491247
2151457511383,-7.840375660902944,-7.132784351286391,-4.022745539019561
2151457511400,-8.101262984165547,-7.1622307940576855,-3.9766095228886584
2151457511416,-8.088571011008849,-7.008998632349497,-4.108332918653625
2151457511433,-7.803555802225827,-6.418803230242262,-4.46175826555007
2151457511450,-7.850798522607807,-6.748569641794297,-4.628488758191418
2151457511466,-7.822589229604908,-6.518920589643728,-4.456768681587301
2151457511483,-7.521286776013894,-6.14144561382014,-4.464823099780916
2151457511500,-7.334676146228678,-6.318240353201165,-4.193866578659705
2151457511516,-7.200751871851878,-6.772716091026029,-4.280989668742791
2151457511533,-7.057487668214725,-6.671350093698745,-3.6814652713398974
2151457511550,-6.841729584035969,-6.190052358828885,-3.996993633217722
2151457511566,-6.660813847606599,-6.612814419870291,-4.057011861872279
2151457511583,-6.681508789802535,-6.944460509595788,-3.8935549423394082
2151457511600,-7.100322738114219,-6.233267173939191,-4.316129609772779
2151457511616,-6.96028939442174,-6.820826247290718,-4.246756402733164
2151457511633,-6.987644425310136,-7.025932622604676,-4.120901718069832
2151457511650,-6.919386291019119,-5.761133500181871,-4.167223930183487
2151457511666,-6.6696936857863305,-5.742092486510699,-4.265921900541816
2151457511683,-6.356659350454872,-6.048678618370795,-4.906910162242058
2151457511700,-5.670401984820678,-5.936747124244966,-4.796888813489971
2151457511716,-6.499013782111242,-5.848991906248172,-4.863717237333505
2151457511733,-6.768674263131972,-5.9056438942808605,-4.70378895749509
2151457511750,-6.696319906126967,-6.214222308334766,-4.586174781638331
2151457511766,-6.4029003371969555,-6.135391612735728,-4.523097874505769
2151457511783,-6.51918500550924,-6.352197068509014,-4.260290947859776
2151457511800,-6.3888227521475125,-6.506586872759046,-4.391532893365097
2151457511816,-6.396709463227589,-6.73806324833556,-4.414058133945277
2151457511833,-6.733405574983885,-6.870556174761063,-4.307491755152704
2151457511850,-6.593305896687371,-7.402554652685292,-4.163997026410065
2151457511866,-6.093412723897048,-7.580575977974314,-3.9330532014121076
2151457511883,-6.125884626891357,-7.51117915705611,-3.6396156816806293
2151457511900,-6.0402800228773055,-7.821026829840083,-3.317002059668998
2151457511916,-5.6697819438239545,-7.917807198131708,-3.1339274525882512
2151457511933,-5.398508727433305,-8.695270502897655,-3.184066118982448
2151457511950,-5.471296954816444,-8.598085468881152,-3.139404496536076
2151457511966,-5.477151383416647,-8.594746667457372,-3.0139197873956913
2151457511983,-5.843497626795727,-8.65900254756589,-2.9931807839669333
2151457512000,-5.468182815823003,-8.039203613065794,-3.103622677757429
2151457512016,-5.4090159927582455,-7.878287516374219,-3.1470864887112686
2151457512033,-5.513380317875194,-7.530330566276299,-2.9347163880198353
2151457512050,-5.867079083318421,-7.23456555922856,-3.043595907160172
2151457512066,-5.888874272993898,-7.751855396116686,-3.2388125301007475
2151457512083,-5.48134721904796,-7.969265249860254,-3.010258735834689
2151457512100,-6.049482976562014,-7.9237660572457695,-2.7018141447296107
2151457512116,-6.0184444412544345,-8.180761995503017,-2.8273265751005243
2151457512133,-6.048481051393298,-8.087471457898177,-2.408125099178389
2151457512150,-5.729175943294834,-8.086836133518394,-2.368169727697736
2151457512166,-5.634228114520182,-7.93779723571431,-2.6130907574023405
2151457512183,-5.568360146075047,-8.196097162805792,-2.59401971991941
2151457512200,-4.924213056429297,-8.229989133930484,-2.445035693363312
2151457512216,-4.346016627560846,-8.211317463752692,-2.462876089659888
2151457512233,-4.2808881675921775,-7.753863069962826,-2.298799101804634
2151457512250,-3.7926843027341324,-7.5175545727786055,-2.1012573151207086
2151457512266,-3.917436538613308,-7.004628082598064,-1.7147627522474547
2151457512283,-4.038444949816304,-7.13530127624983,-1.9641508878325757
2151457512300,-4.291902041008586,-7.52720494520411,-1.7294407002218677
2151457512316,-3.787387987245518,-7.692493042089996,-1.7522881453303099
2151457512333,-4.2039926058342445,-7.7394734418868,-1.7864844055404592
2151457512350,-4.235467550904925,-7.56228243348378,-1.2631912993143097
2151457512366,-4.2196429810988025,-8.086351821828945,-1.3080558879963526
2151457512383,-4.530496272976267,-8.023049328580939,-1.383783840683231
2151457512400,-4.518405036310337,-8.016716052890413,-1.2960555318126044
2151457512416,-4.037973207999768,-8.505660459006798,-1.4129310189847943
2151457512433,-4.073973246016054,-8.630964497999832,-1.3952419941876055
2151457512450,-4.468641913359657,-8.002581557732352,-1.5560998252830214
2151457512466,-4.589985004775867,-8.002069725163778,-1.815486047819523
2151457512483,-4.522452763891749,-8.008820327547653,-2.0170928064642357
2151457512500,-4.985142204683419,-8.143109502976781,-2.1224939570505663
2151457512516,-4.7839609509717995,-8.476931164166109,-2.28130593996301
2151457512533,-4.875179669291079,-8.31888227363763,-2.381950189115854
2151457512550,-4.952322179588249,-7.757927965856595,-2.3677218769716166
2151457512566,-5.031454779421201,-8.245388272655205,-2.5172799497053653
2151457512583,-4.7474423587945,-8.5844297065434,-2.387456910566131
2151457512600,-4.890231140431934,-8.299492684670573,-2.5256535165106384
2151457512616,-4.8232115831639915,-7.520326090680966,-2.7918117923871315
2151457512633,-4.950571791210916,-6.627105889142063,-2.6552584462277764
2151457512650,-5.205426848785583,-6.412158915025215,-2.558861983915962
2151457512666,-5.172362693617919,-6.312987020837352,-2.3380662711097906
2151457512683,-5.186389811246645,-6.026716982725596,-2.2460653154396795
2151457512700,-5.563143394274211,-6.103025897490441,-2.57748090745391
2151457512716,-5.516789537817323,-5.841889631917914,-2.4541051667821177
2151457512733,-5.799117115337411,-5.2579566754812195,-2.305384746479339
2151457512750,-5.905061850928957,-5.246582158237188,-2.002282685311772
2151457512766,-6.19597729635271,-4.859780185844796,-2.1517434615663467
2151457512783,-6.610510023477531,-5.139598017269696,-2.4654422130986973
2151457512800,-6.582459357236516,-4.823667194503345,-2.441268234430071
2151457512816,-6.283206013526907,-5.0350619914269705,-2.377223391963327
2151457512833,-6.031902791570553,-6.118814972572348,-2.9442516824762297
2151457512850,-5.817831938210683,-5.137067216303659,-2.6008943909634326
2151457512866,-5.966132336812557,-4.979998408702342,-2.5495515553468957
2151457512883,-6.141295783212292,-5.534291143548136,-2.4357302925465407
2151457512900,-6.2382836431039,-5.882734072316621,-2.508349764637373
2151457512916,-6.160359267220058,-5.643057043074587,-2.454586852155551
2151457512933,-6.310780363400088,-5.514329171340245,-2.3361945622666562
2151457512950,-6.261938616346849,-5.576735333672993,-2.12993481343593
2151457512966,-6.236575191440945,-6.00714633012116,-2.120914886454129
2151457512983,-6.052498350610933,-6.22148735174949,-2.4091868762184845
2151457513000,-6.439150369351209,-6.294236604420806,-2.1858403328635605
2151457513016,-6.508023232242917,-6.163305592312699,-2.205862774182988
2151457513033,-6.123071962322371,-6.080994571947881,-2.787653782246567
2151457513050,-6.473329460805408,-6.12314189180621,-2.8635851373131187
2151457513066,-6.519502674070643,-5.9690215781153375,-3.1699140827881958
2151457513083,-6.557525459046215,-5.806412965587789,-3.0245772761660907
2151457513100,-7.107241901236949,-5.546708750225269,-3.24287949283585
2151457513116,-6.679033310103193,-5.48681865710471,-3.5478406312280573
2151457513133,-7.00648227789525,-5.162202474341427,-3.860163907720607
2151457513150,-6.96740887582366,-5.654255534231096,-3.7647406279972553
2151457513166,-7.140321835663883,-5.585162297363872,-4.1111524614473085
2151457513183,-6.903259321471113,-5.1282626057834,-3.8508569105341137
2151457513200,-7.3752561278682975,-5.444014611851577,-4.33329589331878
2151457513216,-7.284236473262359,-5.623805187729593,-4.073197938333199
2151457513233,-7.340287585579672,-5.8316483470126395,-3.5863789386420803
2151457513250,-6.795936799631645,-5.9680513822620735,-3.4420250796137197
2151457513266,-6.750879446184058,-6.379819485168256,-3.311413216579616
2151457513283,-6.648132038992095,-5.937938089329927,-3.6610374944590367
2151457513300,-7.2607842138934995,-5.739356631263615,-3.6853077973997674
2151457513316,-7.23407707671803,-5.189249652026087,-3.8038648134905695
2151457513333,-6.792414637600889,-5.6241019875314535,-3.964023085467561
2151457513350,-6.875713631300448,-5.940851176034583,-4.160076764909452
2151457513366,-6.912422095057874,-6.467627770614842,-4.035586056470984
2151457513383,-7.328438279113549,-6.48281530397051,-4.254748233781607
2151457513400,-7.797489364070119,-6.468699262194543,-4.4410247993731
2151457513416,-7.564902007873203,-6.780078145968611,-4.434438240776553
2151457513433,-7.542325240246978,-6.414370914458716,-4.642691313073306
2151457513450,-7.917812491355928,-6.356961789081657,-4.9170410262769515
2151457513466,-7.370628564136955,-5.789905707683913,-4.895527000549242
2151457513483,-6.828557485938333,-5.768816107068057,-4.949637295255924
2151457513500,-6.758378883448023,-6.103208723653256,-4.4972711477362886
2151457513516,-7.280397551817636,-5.775749139527513,-4.746728828944832
2151457513533,-6.884217575843005,-4.977778621347498,-4.558619771411077
2151457513550,-7.013308670794272,-4.342555236611855,-4.248584374890223
2151457513566,-6.56659664272483,-4.2229170208217335,-4.095945712460293
2151457513583,-5.8073254057950106,-4.21753479113281,-4.415875074293998
2151457513600,-5.926351453647983,-4.308365279803322,-4.554877525404586
2151457513616,-6.05293174851738,-4.30081937038781,-4.321816548348326
2151457513633,-6.185340562616012,-4.5962859501501745,-4.522489504233167
2151457513650,-6.58746069932299,-4.209718897629978,-4.530700834275736
2151457513666,-6.624666755625261,-4.126990498413358,-4.73526700303698
2151457513683,-6.6016463959495635,-4.146641833192886,-4.806663636414109
2151457513700,-6.483811926743448,-4.39313819599127,-4.82654862562391
2151457513716,-6.256692301645296,-4.773018775963252,-4.7291300171423
2151457513733,-6.553088683792575,-4.3105499969726075,-4.789626936954284
2151457513750,-6.761903629171095,-3.7729454971785055,-4.505959999386798
2151457513766,-7.046059228528271,-3.850501154267758,-4.807469954273662
2151457513783,-7.023438994970682,-4.203180470807929,-4.7084048077998055
2151457513800,-6.777451856487903,-4.518288358429931,-4.758849394850735
2151457513816,-7.107496737952376,-4.2773881203059805,-4.421994975970431
2151457513833,-7.032858690231523,-4.443768291084469,-4.5693775433639665
2151457513850,-7.376888897492574,-4.182779840133463,-4.485941313099334
2151457513866,-7.486477191999358,-3.5335162033776966,-4.1613815610381835
2151457513883,-7.428159685651583,-3.5594134913284132,-4.289796712224685
2151457513900,-7.458066872175181,-3.887063366469626,-4.242613884495719
2151457513916,-7.55453682874654,-3.605852970021234,-4.101026979986248
2151457513933,-7.3554003302543105,-3.4997512360424063,-3.9428467675009515
2151457513950,-7.278456058184988,-3.6476922377885868,-4.165796342028805
2151457513966,-7.320090203865549,-3.44586741064405,-4.575058876546826
2151457513983,-6.838605853648659,-3.739376794022435,-4.71450410936502
2151457514000,-6.801044408586151,-3.6346466280140795,-4.898879540847325
2151457514016,-7.107163727157932,-3.482800909210419,-4.871265915219645
2151457514033,-7.016615369734929,-3.4767619209849636,-4.877891223105298
2151457514050,-7.160443933740876,-3.6414391376453095,-5.122899521389032
2151457514066,-7.049636908352848,-3.866065299478146,-5.3172862340756115
2151457514083,-6.8870664703920745,-3.461117275446859,-5.37268138567426
2151457514100,-6.9037053625251055,-3.7706465777194547,-5.002547206531528
2151457514116,-7.5184563162637685,-3.3152249260760485,-4.941888771362116
2151457514133,-7.619482810907987,-3.5394027246665853,-4.841674637248932
2151457514150,-6.893058809273844,-3.8687553691999925,-4.792760501132656
2151457514166,-6.94140483317916,-3.9244159420520166,-4.527970609952834
2151457514183,-6.611909507192344,-3.4552681746929945,-4.197464381246607
2151457514200,-6.790753597387747,-3.8864423438460785,-4.039564842847004
2151457514216,-6.340282691646653,-4.321610968863671,-4.322642097625205
2151457514233,-6.172239264995734,-5.221204973759648,-4.576129288020995
2151457514250,-5.8999381678061775,-5.3738731112626414,-4.514953068778245
2151457514266,-6.12192584775126,-5.178735563528433,-4.435463957796708
2151457514283,-6.225167464414448,-4.617168891284527,-4.464867605846424
2151457514300,-6.104508690950553,-4.4902684000053545,-4.237008072783284
2151457514316,-5.633129818558015,-4.731329931531996,-4.209209220076618
2151457514333,-5.975886917672146,-4.50104716392526,-3.703202340862399
2151457514350,-6.260765282120023,-4.747209900851333,-3.9981301806676304
2151457514366,-6.341570929246792,-4.581469448298529,-4.359262149121763
2151457514383,-6.236979448840507,-5.027264770306127,-4.018504161303397
2151457514400,-6.335684910689089,-4.977302294395746,-4.116232846940374
2151457514416,-6.254292122827531,-5.0583491059031065,-3.7781236346795564
2151457514433,-6.320298348570277,-5.721775255391007,-3.832638629049002
2151457514450,-6.418400425402183,-5.419248397635751,-3.90673939494486
2151457514466,-6.037403085423851,-4.918353407261851,-3.6765729065189032
2151457514483,-5.895703991502313,-4.373756285540761,-3.9404033744856997
2151457514500,-6.125921284872767,-3.6173417780960855,-3.9956407259921485
2151457514516,-6.346668848492199,-4.157403756678999,-3.8685120685569077
2151457514533,-6.462800960547197,-4.240336956518403,-3.9718953782517596
2151457514550,-6.17429616781432,-3.8616053179299854,-3.996424984040333
2151457514566,-5.499424481713674,-3.903253928415112,-4.083311700854745
2151457514583,-5.1870657805573215,-4.157172355335005,-3.9738948039415813
2151457514600,-4.595891897696846,-3.6821939307762626,-3.864783676407673
2151457514616,-4.360748123668753,-3.520876064120075,-3.7574180808936437
2151457514633,-4.537428454861932,-3.4679484607758373,-3.7875367635711896
2151457514650,-4.678181079942116,-3.5906572284062985,-3.72990105103337
2151457514666,-4.6875237513598575,-3.243697481240021,-3.691479904914255
2151457514683,-5.085679203345218,-3.859790291008391,-3.510806859018449
2151457514700,-5.076193878522521,-3.939026374333568,-3.4642994355818932
2151457514716,-5.163268905740686,-3.6209365873194566,-3.4476878415456373
2151457514733,-5.347441750630907,-3.3194001232824495,-2.7909969686036757
2151457514750,-5.377389394534198,-3.8663871228653246,-2.917479847758059
2151457514766,-5.061187504072996,-3.69031198104136,-3.102887451333796
2151457514783,-4.5946491140980585,-4.100113354502491,-3.288559410370216
2151457514800,-4.46922937203853,-4.4808188091021535,-3.184715300811269
2151457514816,-4.697111632605339,-4.188691115016741,-3.433283850413777
2151457514833,-4.606283678482251,-3.950555353920701,-3.5733929137408653
2151457514850,-4.291280150095294,-4.84507029096175,-3.755985772108724
2151457514866,-4.03440212368086,-4.767367266317445,-4.008351982419421
2151457514883,-4.031599859128165,-4.816468734985756,-3.9845786441761244
2151457514900,-3.3218269985389925,-4.354388460022243,-4.3010618830257314
2151457514916,-3.391233374679322,-4.961604456796244,-4.260546684612844
2151457514933,-3.86638584334547,-4.9700098045541585,-4.0114651283441844
2151457514950,-4.343366621144115,-5.1631661027177795,-4.10371369765848
2151457514966,-4.47007078277898,-5.872487724114129,-4.1275206769587935
2151457514983,-4.551653859541971,-5.739233418788851,-4.611135309254866
2151457515000,-4.721229851550191,-5.68215698173599,-4.7574217119181785
2151457515016,-4.580472753387982,-5.504844737765037,-4.74248052706224
2151457515033,-4.444147328501886,-5.643703195889776,-5.163301140484844
2151457515050,-4.570148298756979,-6.109719978088955,-4.944126299934171
2151457515066,-4.264009558399366,-5.885599679087808,-4.848529743569482
2151457515083,-4.8179323353652,-6.267125113347192,-4.48421450595766
2151457515100,-4.7142268383224195,-6.151890656461656,-4.378883932978937
2151457515116,-4.544574195069896,-6.087245871755597,-3.7684307366921748
2151457515133,-4.506063313204361,-6.211141181736266,-3.8637710578788718
2151457515150,-4.923108672002598,-6.1117173963131926,-3.601925718260155
2151457515166,-4.444610412488733,-5.990873491812789,-3.4832575113260837
2151457515183,-4.825404858822154,-6.563141473508817,-3.2238425228753456
2151457515200,-4.955652566072974,-6.618797725390008,-3.281891500727464
2151457515216,-5.128373463648985,-6.336225106008481,-3.1920085598589645
2151457515233,-4.851177157552292,-6.429508789758848,-3.497858433222504
2151457515250,-4.4110895698868555,-5.987501330748433,-3.578704258420823
2151457515266,-4.494198827527411,-6.158496901817136,-3.442806295332829
2151457515283,-4.80381304780062,-6.253910673481073,-3.2545364167650197
2151457515300,-4.721567743554213,-6.562893237002223,-3.411604042239523
2151457515316,-4.114197599789019,-6.7376116819644345,-3.279748573645184
2151457515333,-3.4088750592148562,-5.592596109256899,-3.339744131271526
2151457515350,-3.6296790164515116,-5.317849704138966,-3.469878019366708
2151457515366,-4.083524772714293,-5.369594930183165,-3.3976290292464078
2151457515383,-3.9236215138646937,-5.192734793151784,-3.2239534006952426
2151457515400,-3.870364240664321,-4.822214471640671,-3.213491531459272
2151457515416,-3.9864949643890584,-4.8388421288102235,-3.3724697637189407
2151457515433,-3.7681643742769917,-4.16335645353268,-3.0861918789602956
2151457515450,-4.134921924527948,-4.423939072817715,-3.2925203272107106
2151457515466,-4.068669853252228,-4.135204369623612,-3.3334810085920856
2151457515483,-4.1263588875456385,-3.402305440607517,-3.276443578132494
2151457515500,-3.871025218353437,-2.9117211286016875,-3.1968048501399786
2151457515516,-3.606468381564642,-2.792402141168813,-3.328936230462599
2151457515533,-3.6522975636294923,-2.778867802557532,-3.723510739005685
2151457515550,-3.8045288601268665,-2.7010902943590605,-3.522686559553659
2151457515566,-3.720821597922088,-2.5302488589416394,-3.5369557348728313
2151457515583,-3.527789144291501,-2.0102818761633925,-3.6927398686371764
2151457515600,-3.8326982304077784,-1.7477253165212296,-3.9160449199951133
2151457515616,-3.640546546512999,-1.9006674315520904,-3.7543835889713817
2151457515633,-3.938393059666638,-1.8476664230548203,-3.531330374901107
2151457515650,-3.960812987679456,-1.906116278338982,-3.600131662423415
2151457515666,-4.119399311254869,-1.9794844024532163,-3.3887746489503345
2151457515683,-3.8733246490768174,-1.8967814447699705,-3.079267408324942
2151457515700,-3.904614659989667,-1.7141101086414867,-2.9950098514248324
2151457515716,-3.5267727147441756,-1.6579983639781695,-3.2299800517006196
2151457515733,-3.5303338333825076,-1.4023421331225894,-2.793573813637886
2151457515750,-3.052942996935138,-1.785586831987584,-2.9656025384898923
2151457515766,-3.041103242809299,-1.7403990567759822,-2.7879839229409304
2151457515783,-2.57616573200597,-1.7591293925153164,-2.740733916741768
2151457515800,-2.808700056970608,-1.9057707016428616,-3.0039841900352395
2151457515816,-2.993787673028744,-1.9979623082876543,-3.048568168952166
2151457515833,-2.786432031267873,-2.4206658268876127,-3.0067207933661755
2151457515850,-2.30753846133299,-2.743436750220049,-2.755627837620257
2151457515866,-2.586855501061533,-3.4299067064100215,-3.102320975226293
2151457515883,-2.4655539696458493,-3.0954170797767784,-3.835307475350644
2151457515900,-2.861590351976236,-2.990961743286899,-3.8441057150376574
2151457515916,-3.1137572639733984,-3.058754213955571,-4.050555315543136
2151457515933,-3.009878192245296,-2.997270124496587,-4.173788069080891
2151457515950,-3.3301361826105813,-2.692542152754269,-4.018568915239137
2151457515966,-3.6747205121627995,-2.2148277327427968,-3.9189351236473957
2151457515983,-3.5671718137832897,-1.7899954372893427,-4.042942218747268
2151457516000,-4.364839249024891,-2.6645818257804734,-3.8132380296746344
2151457516016,-4.170527950297514,-2.63140019101485,-4.147265848126587
2151457516033,-4.291899287630623,-2.5394423650550006,-4.252068113000737
2151457516050,-3.942071170254584,-1.8432382049672351,-4.015870415677526
2151457516066,-4.3446563976781,-1.5106041469085802,-4.055937199783886
2151457516083,-4.253406249524156,-2.508680629554554,-3.7536764056457557
2151457516100,-4.413212071109812,-2.4606845088099587,-3.6788495869390996
2151457516116,-4.857973889569524,-2.6091298295045044,-4.189687892986829
2151457516133,-5.110364382086215,-3.03126730861771,-4.361836895974219
2151457516150,-4.781700970209101,-3.564855145548718,-4.122665263552294
2151457516166,-4.4514211051967685,-3.5576106820945674,-4.177262604450752
2151457516183,-3.961365934168244,-3.9042511553221972,-4.125034907623169
2151457516200,-3.434119217321455,-3.5368594659092234,-3.8627463748690225
2151457516216,-3.5586537454097495,-3.2978517299158923,-3.521167621763773
2151457516233,-2.95857660957648,-3.3637065643590747,-3.4362017275667167
2151457516250,-2.6995483015493154,-3.6156140838025865,-3.341138652707993
2151457516266,-2.6256643554157097,-4.020067380553708,-3.657653668779319
2151457516283,-2.3695667762431416,-4.629434787098816,-3.5917114114764113
2151457516300,-2.1900109693622,-4.8700300105354986,-3.6968534891083507
2151457516316,-1.8364406537585385,-4.47328872581132,-3.4431219965731206
2151457516333,-1.931725572565187,-4.371996269628759,-3.187355913301941
2151457516350,-1.4540072165422013,-4.429792393421021,-3.272137439529156
2151457516366,-1.2025698535122866,-4.243062017545651,-3.2016498568512652
2151457516383,-1.232916725909715,-3.5194115485488418,-2.9833056547423284
2151457516400,-0.9197230904545126,-3.268817109445927,-2.7118770939389827
2151457516416,-1.5677949267891127,-3.2253750874872367,-2.665531730596458
2151457516433,-1.003876091228292,-3.178934059693074,-2.683221789955912
2151457516450,-1.179226604620959,-2.5098354322642455,-2.692385204242136
2151457516466,-1.1319469519698093,-2.631025885941013,-2.6338083652741124
2151457516483,-0.9380873867678838,-2.3771341480119226,-2.5327969672061554
2151457516500,-1.1794702716391927,-2.646993460860889,-2.474230745360472
2151457516516,-1.247498205288463,-2.7971663807570706,-2.3195781893812164
2151457516533,-1.009106214985707,-2.9707755487970258,-2.6332892712081915
2151457516550,-1.1507668695684665,-2.6019478312753956,-2.701769724651843
2151457516566,-1.2215594533003382,-2.9645873797273525,-2.634341659390077
2151457516583,-1.5209862085318648,-3.1537814273444114,-2.6970390337991983
2151457516600,-1.466811025941158,-3.593293253419236,-2.4773043279009976
2151457516616,-1.485501086996515,-3.4821667835849945,-2.892093850881926
2151457516633,-1.7617418158325235,-2.780582570398283,-2.63955894182645
2151457516650,-1.7969907087507258,-2.5308674225537837,-2.80539251689347
2151457516666,-1.7044530747519762,-3.708215914487723,-2.9654377206006655
2151457516683,-1.785461768055876,-4.1364155517152215,-2.791766666971577
2151457516700,-2.1531837587833556,-3.360903952623864,-2.768734758754557
2151457516716,-2.5053538563943216,-3.637592401778204,-2.490936464769888
2151457516733,-2.8566653747915978,-3.5792038402295288,-2.3925947515900607
2151457516750,-2.7908091174494594,-3.3728204572096727,-2.4171779072821593
2151457516766,-2.4398686542175723,-3.1532927872461802,-2.44897941052787
2151457516783,-2.214856459017927,-2.5488175176745838,-2.462404172122173
2151457516800,-2.46564431630698,-2.1783206984652383,-2.9288038331969752
2151457516816,-2.8966746050181946,-2.3120658278534854,-3.182759399225405
2151457516833,-2.7821525736022563,-1.8231558226164681,-3.0328565511748318
2151457516850,-2.7651460630330376,-1.904126753116421,-3.144071333639787
2151457516866,-2.6179741675027546,-1.8734755824124925,-3.180812709742668
2151457516883,-2.701551334446538,-1.3717457204109325,-3.453831282261673
2151457516900,-2.5697262031309602,-2.0013298389885392,-3.371027451197318
2151457516916,-2.0208609920555576,-1.4526795432937645,-3.324425208356914
2151457516933,-2.1672149394744773,-1.9413198809882664,-3.6181561404043867
2151457516950,-1.8661449888089354,-2.039650774423586,-3.827949802359016
2151457516966,-1.7335561834457578,-1.8798370520707994,-3.9576919757668634
2151457516983,-1.6467496561409738,-2.2406365956397973,-3.647174205021398
2151457517000,-1.1985345897016275,-2.34108959965346,-3.7363892913683037
2151457517016,-1.4013439746158296,-2.537108263117231,-4.031881250925018
2151457517033,-1.2791888008374022,-2.619257897673608,-4.173520946495949
2151457517050,-1.3764604887740783,-2.4703758138895697,-4.096311694992706
2151457517066,-1.0211546696027307,-2.612051439276409,-4.0095159911427665
2151457517083,-0.8181237833189021,-2.738372905756174,-3.926278489014904
2151457517100,-0.8065713614871592,-2.586847552198121,-3.7588724458958036
2151457517116,-1.1096305167008187,-2.6218751032082466,-3.7044752746202665
2151457517133,-0.9250697172585234,-2.856017456769794,-3.673157237410676
2151457517150,-0.8627694156223535,-3.439901146831615,-3.6823581593616046
2151457517166,-1.018672499973182,-3.3197916705555706,-3.76707048845428
2151457517183,-0.8638359080877427,-3.8511373823664568,-4.160357597616415
2151457517200,-0.7727532115156013,-3.9807296384208293,-4.073242188379895
2151457517216,-0.8577140889723704,-4.286046975087956,-3.9083679211539644
2151457517233,-1.157318924535676,-4.663335273627248,-3.8802151310074877
2151457517250,-0.7421157625863231,-4.467743247131034,-4.110852095196582
2151457517266,-0.6298803424851043,-4.258451047736869,-4.1702872192360125
2151457517283,-0.44704013701101086,-4.081972579416302,-4.3956512627405475
2151457517300,-0.5171028688948383,-3.575806370054308,-4.4175681266756825
2151457517316,-0.6087064232822188,-3.446307166602913,-4.19230404993097
2151457517333,0.0022237558005331337,-3.4195896994552144,-4.415173602320939
2151457517350,0.2483754401529712,-3.3742494815399557,-4.925866336680613
2151457517366,0.7675276217192124,-3.9965714117562285,-4.634022438576671
2151457517383,1.1189596459315645,-3.635332378097278,-4.365519529794704
2151457517400,0.9953894165345227,-3.4549559890343766,-4.229168070175977
2151457517416,0.7053483071340096,-3.719369482534783,-4.443145262085172
2151457517433,0.1280677372362815,-3.707569622056696,-4.600428575731431
2151457517450,-2.9128655546273308e-05,-3.8625735768960925,-4.38681547673442
2151457517466,0.20993493023226506,-3.5270817193547246,-4.412697107976507
2151457517483,-0.3224918755419557,-3.0278049388038615,-4.386962658059265
2151457517500,-0.11446634923562726,-3.0343982199063615,-4.515353888918858
2151457517516,-0.22082936241389994,-3.025651292921207,-4.475990293050717
2151457517533,-0.02670249165941918,-2.3071520323736716,-4.471975381361637
2151457517550,-0.16577413927189077,-2.6902287842701105,-4.521588145457017
2151457517566,-0.7065746634717822,-2.0712442721283315,-4.607286707265464
2151457517583,-0.7690320674150257,-2.0295732080449658,-4.991724312162313
2151457517600,-0.6456943108682669,-1.463172814633043,-4.841684833192833
2151457517616,-0.5901620769387161,-1.2060148637721717,-4.924256128357329
2151457517633,0.10212751533010955,-1.3802147490691068,-5.308030591893759
2151457517650,0.021499610315774298,-1.2680267850422524,-5.124045061044229
2151457517666,-0.39168125833995315,-1.0893831798864273,-5.104619823132585
2151457517683,-0.7482419787550825,-1.6783315392270746,-4.910420435320071
2151457517700,-0.6769167424781051,-1.7581952009062416,-5.0769042686213615
2151457517716,-1.310984963772511,-1.7934410633924114,-4.776235700722932
2151457517733,-1.1241126577366138,-2.1256084950065195,-4.714613291578876
2151457517750,-1.3047252609335036,-2.2229652110386726,-4.74986819868308
2151457517766,-1.8094741419891007,-1.2995924667533991,-4.734706669686727
2151457517783,-2.1879362972137453,-1.65819684277794,-4.627419343144794
2151457517800,-1.9301864111543936,-2.5852010268509953,-4.456724215142167
2151457517816,-2.1764510097297936,-2.505743973770808,-4.556275718886226
2151457517833,-2.0447366594868313,-3.031357186400131,-4.039314902012314
2151457517850,-1.8923203254027205,-2.497734971660516,-3.629298461439173
2151457517866,-2.0025817656522404,-2.2433939628276005,-3.4556802112392897
2151457517883,-2.0537496672535847,-2.654922132848079,-3.394210943009207
2151457517900,-1.8037074856252953,-2.931059919516968,-2.9180734258490064
2151457517916,-2.236360185990752,-2.483559722829177,-2.751616109124348
2151457517933,-1.8225089193347888,-2.862273245168719,-2.927917049199649
2151457517950,-2.2428923472796516,-2.9166588870924905,-2.585580644173308
2151457517966,-2.1020450295286994,-3.0000970887661302,-2.386171696677879
2151457517983,-1.7858873328715812,-2.912232485021205,-2.727648656408689
2151457518000,-2.0035909526975146,-3.169110132101684,-2.3902227432121435
2151457518016,-1.898898618150632,-2.917761463996457,-2.315615002644155
2151457518033,-2.143742313324152,-2.4713652062744518,-2.063811152778154
2151457518050,-1.812793040321952,-2.286393444659595,-1.7681060219984808
2151457518066,-1.8112265113519803,-1.7496980416635575,-1.4173164158193265
2151457518083,-2.3472049775273685,-1.6895873125359078,-1.6012262490797728
2151457518100,-2.413110442149888,-1.9052112590434738,-1.7899156958690141
2151457518116,-2.570576552190217,-2.426934661319026,-1.8899679619792467
2151457518133,-2.1635591845996767,-2.3688168204799602,-2.0708510226759325
2151457518150,-1.9945772301855422,-1.6340883393655714,-2.2552127941112565
2151457518166,-1.8441245851194723,-1.5971737558129222,-2.444497494110025
2151457518183,-2.1850527630511523,-1.0682253913706514,-2.850171862180004
2151457518200,-1.8789109389252738,-1.7208920326058204,-2.434156926551791
2151457518216,-2.0232732266863294,-1.0607509434861608,-2.643898975672099
2151457518233,-1.6034072803816004,-1.1537756258215364,-2.8119105062145096
2151457518250,-1.0894293363262033,-0.8810328697097969,-2.7105326647685257
2151457518266,-1.112456171678052,-1.1144166273149265,-3.0740647320142034
2151457518283,-1.0421298553797236,-1.0963011373652645,-3.0167135689103306
2151457518300,-1.620414465478238,-0.8648713109752935,-2.871460814100102
2151457518316,-1.1893667583301126,-0.4785104970838283,-2.7265340907669193
2151457518333,-1.1418498226051796,-0.5146825535294086,-2.4570968903286072
2151457518350,-0.49603843053552854,-0.2184003958043137,-2.3872096429848924
2151457518366,-0.9394502425244795,-0.5360982424626313,-2.310419947633741
2151457518383,-0.9959032764004898,-0.040706812885881405,-2.462672057676574
2151457518400,-1.0512453133462545,-0.4753638489687102,-2.7458357823003205
2151457518416,-0.5464378592104744,-1.2559153965912664,-2.5860876204575893
2151457518433,-0.8350318483471497,-1.737288265813648,-2.7044988055230172
2151457518450,-0.8676027776419231,-1.6189210341228524,-2.6654729998527085
2151457518466,-1.078936177265525,-1.7436518346919687,-2.6729255011104804
2151457518483,-1.438978268604174,-2.330945291502367,-2.6880712326505973
2151457518500,-1.1960236654671692,-3.125055828105167,-2.5253271986771777
2151457518516,-1.1758458421710958,-3.7351502270384223,-2.38390157270637
2151457518533,-1.2062366985248776,-3.6975749701928122,-2.3880258524125217
2151457518550,-0.6970347125113951,-3.6243301634702947,-2.3327913762978887
2151457518566,-0.7403687578526998,-3.8700021759065644,-2.3002340466936904
2151457518583,-0.6979076122064054,-4.284721172684858,-2.5390735596328105
2151457518600,-1.040527784933634,-4.4334765472892474,-2.5620625278176385
2151457518616,-1.1893239417075034,-4.259996721521414,-2.8630143791280656
2151457518633,-1.8638984404742125,-4.316812352735992,-3.080039909131664
2151457518650,-2.182511774922464,-4.31904865524143,-2.8575294805842444
2151457518666,-2.2993985616317154,-4.392175055875291,-2.6908116670357622
2151457518683,-2.7855874182013345,-4.366929904768229,-2.62578375769963
2151457518700,-3.3765735571780144,-4.651563863760494,-2.9149559391349054
2151457518716,-3.1333018976398406,-4.246732888764629,-2.965908696209084
2151457518733,-2.7546988667274084,-3.212378438482127,-2.691415830782177
2151457518750,-3.217150161001908,-3.0425849670802725,-3.1383682010710836
2151457518766,-3.703173267312499,-3.222709764221594,-3.1815427365472733
2151457518783,-3.926793510567506,-3.468365238727334,-3.0784691879602146
2151457518800,-3.7809283146060375,-3.3977064663841428,-3.238957490396615
2151457518816,-3.768666415270101,-3.149515549904824,-3.1037387917933614
2151457518833,-3.8587620908868,-3.4813406445903534,-3.4896373127037945
2151457518850,-3.5741417131887654,-3.7519009936301684,-3.187709959480103
2151457518866,-3.4938374744840153,-3.526369566337951,-3.3664729488689393
2151457518883,-3.4821830100949707,-3.171516477555582,-3.4494856061253745
2151457518900,-3.8121658582982456,-3.3829041922224854,-3.3912202089179466
2151457518916,-4.199367794087036,-3.015078534168957,-3.10576380774809
2151457518933,-4.134289700729809,-3.1447999951171544,-2.9845996273298847
2151457518950,-4.421073767913681,-3.2433993481047914,-3.2183552315691384
2151457518966,-4.114919777792936,-3.1518827125435434,-2.969714336421241
2151457518983,-3.7814250553306232,-2.950722965481274,-2.868155275575303
2151457519000,-3.583308167949321,-3.117035855113448,-2.900753505215718
2151457519016,-3.394369030343505,-2.5109041950075377,-2.7546870416022933
2151457519033,-3.4638725727261868,-2.505262654520797,-2.5655293219461095
2151457519050,-3.0855605070557015,-2.1935948568844945,-2.3674947844688616
2151457519066,-3.6771320573864466,-2.31354637237207,-2.592008550989785
2151457519083,-3.475935776956285,-1.607967082649532,-2.744538803198554
2151457519100,-3.5143241665073455,-1.2009963003737791,-2.7278421792549317
2151457519116,-3.5142526255725826,-1.3506746257915259,-2.5399401812288134
2151457519133,-3.569782553893086,-1.373758904287567,-2.7649334552777174
2151457519150,-3.8744063151587795,-1.4478249434422903,-2.3953857087664776
2151457519166,-4.05806055278443,-0.6036622904548237,-2.60622175257939
2151457519183,-4.20259409234058,0.02290735115024134,-2.3674152698196536
2151457519200,-4.329878907744122,0.04396885117705551,-2.248020017533271
2151457519216,-4.499552074397794,0.541567625355782,-2.507747668146383
2151457519233,-4.199964627753038,0.17960916026319662,-2.478504502031225
2151457519250,-4.051827635833686,0.6769402766187733,-2.635749613616391
2151457519266,-4.0845043513877055,0.8870854677812714,-2.7689872260683597
2151457519283,-3.841054676485352,0.9978027753921763,-2.728632001548874
2151457519300,-4.018044160886396,1.1205938137224392,-2.619933811768387
2151457519316,-3.7637751221508475,1.3926824494525825,-2.6416303317132677
2151457519333,-3.502114468216997,1.2103189403522379,-2.7203079817243294
2151457519350,-3.4178192529123375,0.5783906725569379,-3.050087579074236
2151457519366,-3.7067165865289864,0.33954797986755914,-3.260995353771612
2151457519383,-4.019830688916506,0.38221204478050996,-3.439291348929177
2151457519400,-3.3329310871285576,-0.4416856632222439,-3.838755684522952
2151457519416,-3.3978144725955275,-0.3463411346841232,-3.824168164882717
2151457519433,-3.545513589698067,-0.448185148638796,-3.6386203137842204
2151457519450,-3.456868057213544,-0.16026268602624505,-3.460542766664088
2151457519466,-3.426100918900891,-0.14064469041815375,-3.8587283721481374
2151457519483,-3.244041239769909,-0.25181315333495125,-3.983258664297541
2151457519500,-3.0863203959970407,-0.8317708387775307,-4.420934641618181
2151457519516,-3.4803162105084127,-1.2105242063722264,-4.398790174051831
2151457519533,-3.179157572883292,-0.7827734850205319,-4.324663268608861
2151457519550,-3.2994860129667325,-0.8365433733585617,-3.9591510965539323
2151457519566,-3.5013202067319265,-0.9975267817319304,-4.440639109676967
2151457519583,-3.71311111726801,-1.0941025584424269,-4.480913350707754
2151457519600,-3.9963908695184776,-1.7478064320546505,-4.168411587640051
2151457519616,-3.7473298781115494,-2.2974275149488492,-4.285326679665528
2151457519633,-3.5596832487474455,-2.458431675940423,-4.352556870907436
2151457519650,-3.910736972310363,-2.4651995311213906,-4.622614952566719
2151457519666,-3.5441353796980133,-2.2610968656524073,-4.571374587186814
2151457519683,-3.5175539342523185,-2.5767782025056944,-4.840333693860555
2151457519700,-3.6368018295038267,-2.3987085655361047,-5.015338703699285
2151457519716,-3.1965462291675077,-2.2559972583443515,-4.924200383750438
2151457519733,-3.105215353315846,-2.04866222381083,-4.847064904368752
2151457519750,-3.242910428591801,-1.5568283818886615,-4.98196327869979
2151457519766,-3.1533089029361294,-1.9211582782825785,-4.984397593795642
2151457519783,-2.366466109935369,-2.124240416651017,-4.964358134416504
2151457519800,-2.441872149565767,-2.4020006053555063,-4.530784857859295
2151457519816,-2.8130924904366554,-1.9741221200655592,-4.509328280187997
2151457519833,-2.729410271805279,-1.6987613237875498,-4.779458059768712
2151457519850,-2.384842141164714,-1.8804985681032647,-4.948038555559066
2151457519866,-2.1791005949699365,-1.610654232569643,-5.1144203239876305
2151457519883,-2.3111657786687956,-1.2013273134977762,-5.247179541298202
2151457519900,-2.3597696353720323,-1.341063864804271,-4.970024002098517
2151457519916,-1.830805029090723,-1.2272827782349376,-4.795949398129766
2151457519933,-2.248873192089919,-1.0250572673443745,-4.911105679190422
2151457519950,-2.0996277595633646,-1.4035727317098257,-4.873766971134705
2151457519966,-1.8805561859053035,-1.3421666685794342,-5.024872757764591
2151457519983,-1.753585248046901,-1.7332761462135489,-4.754778465566236
2151457520000,-1.922630232161882,-1.743020463945406,-4.993781559009772
2151457520016,-1.4099953321870817,-1.5964397928994742,-5.330933213000387
2151457520033,-1.8704894834047638,-2.013829365626176,-5.188033140752045
2151457520050,-2.031180695228176,-1.6229051280175213,-4.8845723041066424
2151457520066,-1.7785299302888222,-1.8253077191701421,-4.96489630780645
2151457520083,-1.3326849396982916,-1.8985544298024926,-5.2005278406825095
2151457520100,-0.9929063991804763,-1.613517418454495,-5.009668105871162
2151457520116,-1.1677128867953805,-1.4689739209205834,-5.075387852651433
2151457520133,-1.2225491145264091,-2.120212160316489,-5.065960443744638
2151457520150,-1.29809186716396,-2.1352031575965205,-4.887425525345719
2151457520166,-1.270874808824288,-1.9112056327460452,-5.053446179355507
2151457520183,-0.9998807922341779,-1.9201072375453445,-5.450828044553557
2151457520200,-1.0221149345101042,-1.8297883289152979,-5.45013260505837
2151457520216,-1.5261785944147994,-1.8780144393129046,-5.595431924317602
2151457520233,-1.9748241405485416,-1.7010409592205233,-5.094510161824653
2151457520250,-1.931381899463553,-2.2313444428814986,-5.264266753488917
2151457520266,-1.7493333073078698,-2.358346160152172,-5.189386956731654
2151457520283,-1.3477151366075746,-2.4572070153136942,-5.168468975153319
2151457520300,-1.0306523507297833,-2.1435653955144476,-5.134034921281961
2151457520316,-1.1186739670881738,-2.464058504789687,-5.399418022860336
2151457520333,-1.483555421617206,-2.502958901389741,-5.977283008256079
2151457520350,-1.419397146278476,-1.7257239728271099,-5.650341660597651
2151457520366,-1.184518860026066,-1.5637160476225453,-5.823358987819782
2151457520383,-1.0800269780660998,-1.901636322302462,-6.052189756080314
2151457520400,-0.7750075011327935,-1.897048510268461,-6.167427418001191
2151457520416,-1.2583594303017778,-2.0053234222696408,-5.935756446883829
2151457520433,-1.292620023931716,-2.572552071259542,-5.824825251124093
2151457520450,-1.858355324335299,-2.703136540431505,-5.759928786839156
2151457520466,-2.3047848665168247,-3.453381370182617,-5.512286091871981
2151457520483,-2.047734763844376,-3.8803587209638297,-5.390330490826343
2151457520500,-2.051149532404377,-4.23087749985738,-5.768307836636657
2151457520516,-2.191486105058845,-3.913487374464896,-5.771251788177859
2151457520533,-2.108596204189427,-3.757051202221146,-5.577933392048054
2151457520550,-1.7777044522584506,-3.2303695240133714,-5.096862047422251
2151457520566,-1.915235257853793,-3.136232229774146,-5.080710647584564
2151457520583,-1.9623418963372368,-3.50639845207321,-4.7941843190104585
2151457520600,-2.47991815427437,-4.180081950363659,-4.895918365577904
2151457520616,-2.910673289140333,-3.9422559969756525,-5.417540814014204
2151457520633,-2.583032434855561,-3.8941970832640687,-5.128127167167687
2151457520650,-2.4916733084205274,-3.7148536273764647,-5.1116444882863465
2151457520666,-2.610653639448261,-3.4636093268777404,-4.943745765278617
2151457520683,-2.7452674553432685,-3.303902174721674,-4.837661191541156
2151457520700,-2.699189057413626,-3.5199466343202017,-4.719925799006828
2151457520716,-2.774967029081406,-3.5689468025406015,-4.646674474423095
2151457520733,-3.0307934186846888,-4.012713624794191,-4.472152286611655
2151457520750,-3.270906450375765,-4.264475065610751,-4.4455033248125835
2151457520766,-3.4448339831369266,-4.679105712630138,-4.8226717715765215
2151457520783,-3.6609029618879836,-4.519477638200511,-4.732151466002925
2151457520800,-3.7549511898977803,-3.761846900195822,-4.758297394279414
2151457520816,-3.9584265545899244,-3.7995614641448707,-4.7344287779120435
2151457520833,-3.9201486919518134,-3.3368981011161543,-4.917640233696676
2151457520850,-3.723842133402226,-3.8131608360151166,-4.550132844086259
2151457520866,-3.7608550020297478,-3.314881790686962,-4.668727792593076
2151457520883,-3.7376517139695156,-3.711496985039238,-4.446763224762325
2151457520900,-3.8408030582493926,-4.400229348732863,-4.487786087815716
2151457520916,-3.8882434118295506,-4.773671041229523,-4.262939578798076
2151457520933,-3.6529610540895288,-5.095706931350336,-4.131852793419397
2151457520950,-3.7459987271838924,-5.778061379779943,-4.198390078681416
2151457520966,-3.8784221866278337,-6.293095850453201,-3.8176176861223055
2151457520983,-4.05914668806207,-6.106032457533044,-3.7262409725556758
2151457521000,-4.279375721160947,-6.091303283609254,-3.713891400688165
2151457521016,-4.428188205687268,-5.183910028160106,-3.5988557938814933
2151457521033,-4.571451013811621,-5.078851899457726,-3.4719229674753755
2151457521050,-4.364148609335887,-5.435607132494158,-2.9208337070180157
2151457521066,-4.42639842179655,-5.86603390294458,-3.2881770680524838
2151457521083,-3.9725852620773594,-5.597320074891552,-3.2624416797902756
2151457521100,-3.9912248098492884,-5.476843456426367,-3.100771580999662
2151457521116,-4.398482526484891,-5.607852969405513,-3.288594567171339
2151457521133,-4.47956887737825,-5.602206602777191,-3.5416808388524483
2151457521150,-4.191054317923828,-5.752326563845176,-3.212809995656888
2151457521166,-4.175678969129173,-6.606195002586263,-3.3455542348644283
2151457521183,-4.494326065282589,-6.72718727174707,-3.5952900195123485
2151457521200,-4.528601573673608,-6.707700392004536,-3.8278017687596995
2151457521216,-4.470203001779472,-6.297308345258685,-3.5964818013506443
2151457521233,-4.85417573124219,-6.253952685271969,-3.6882564382268295
2151457521250,-4.944862634174195,-6.6368457053107806,-3.7678940490798167
2151457521266,-5.107140746572205,-6.958311515886736,-3.4041045894156388
2151457521283,-5.241024844266719,-6.8797415584780826,-3.451200810880333
2151457521300,-5.224217938551672,-6.559877939259888,-3.0163630212898043
2151457521316,-4.910991807756606,-6.280639685818362,-2.9374795709000807
2151457521333,-5.15595032779898,-6.056943418272239,-2.9997439600277835
2151457521350,-5.4336401119778746,-6.016947601210405,-2.6758332054580305
2151457521366,-5.065607128703723,-6.092802006484446,-2.453411052105644
2151457521383,-5.1282867724243495,-6.429300189609769,-2.3278279862349223
2151457521400,-5.8398315173618975,-6.737906869151414,-2.193799486109561
2151457521416,-5.850296044642099,-6.876763173046148,-2.2527483889580635
2151457521433,-6.363520155441365,-6.658685943337043,-2.1589162606830197
2151457521450,-6.064180106739324,-6.106634041801263,-1.9103246608058289
2151457521466,-5.906386925628237,-6.394944025423304,-1.5393613128152355
2151457521483,-5.4785899216762095,-6.017986401595531,-1.6748470934849418
2151457521500,-5.296304343926856,-5.637890145294548,-1.855312938197583
2151457521516,-5.227201407514877,-5.927237932732455,-1.7944935943515656
2151457521533,-5.154719496323592,-5.540940316870475,-1.5209430834768278
2151457521550,-5.013659558509478,-5.1226220184606595,-1.25239214081994
2151457521566,-4.502689623217757,-5.159768814066325,-0.9903406134658375
2151457521583,-4.595437221328881,-4.77521192815323,-0.6866196464841341
2151457521600,-4.3723106455208,-4.283122402320897,-0.8769091526879853
2151457521616,-4.4256117361270375,-4.081335371061012,-0.7557122368334439
2151457521633,-4.243385184101015,-4.016995520671659,-1.0772911994971044
2151457521650,-4.031080416346815,-4.590756783720006,-1.20386464542467
2151457521666,-4.3129967725868585,-5.001410201272291,-1.2837242939338407
2151457521683,-3.924524173633637,-4.652921720485196,-1.5112633161788778
2151457521700,-4.077244472145916,-4.013284946337439,-1.5788688385557017
2151457521716,-3.7523470612396377,-5.083766146832085,-1.7331364290277593
2151457521733,-3.532410689911642,-4.674931775297643,-1.8441853703762419
2151457521750,-3.8244010612395756,-4.901874224939679,-1.5145926419970586
2151457521766,-3.2994451217879313,-5.19914372211284,-1.6908988094247188
2151457521783,-3.3635056405206836,-4.959229556382081,-1.6555928410426664
2151457521800,-3.292962847065117,-4.818716342284368,-1.3989195853595542
2151457521816,-2.8067414625566878,-4.710823902397199,-1.8662844257514728
2151457521833,-3.0362146616276062,-4.814766690339165,-2.102362431886012
2151457521850,-2.765389991419288,-4.666967671547919,-1.907076995088636
2151457521866,-2.8389294462601606,-5.103177905909831,-2.244403840191583
2151457521883,-2.9532270820735085,-4.8391931716239736,-1.9975382495028104
2151457521900,-2.5187436621845354,-5.111773998851187,-1.6651965308684957
2151457521916,-2.403665511314564,-5.75236619299554,-1.5392090550337991
2151457521933,-2.903009044382272,-6.2357828015949295,-1.8157277381752426
2151457521950,-3.313067807024235,-5.879523684927957,-1.376914899563998
2151457521966,-4.017234766199113,-5.839234250642688,-1.344824242208099
2151457521983,-4.2938287588480275,-6.222296298202362,-1.3488744395736203
2151457522000,-3.9518140369154686,-6.329247734398754,-1.6116903555132949
2151457522016,-3.4674300557900675,-5.928800228584907,-1.6006552219215664
2151457522033,-3.322151007471945,-5.631656284647056,-1.9580666978043715
2151457522050,-3.4942119637990627,-5.5974374179808715,-1.6009202416765018
2151457522066,-3.7819973199356727,-6.174924312753649,-1.8031443692151896
2151457522083,-3.8851906105269376,-6.2533183026369725,-1.9577911909133707
2151457522100,-3.5919779761766506,-5.591794766772088,-1.931578567454833
2151457522116,-4.145916139240592,-5.371537864411235,-2.1430086108349555
2151457522133,-3.681575879830416,-5.556440397265433,-2.0458071597579273
2151457522150,-3.898197008201567,-5.560274930603471,-1.9434716495689395
2151457522166,-3.7206241254679426,-4.566250612539301,-1.8795425943198134
2151457522183,-3.7004339788761293,-4.8595900359856135,-1.7031746255710356
2151457522200,-3.2927565270048142,-4.618276103682161,-1.9011466470704994
2151457522216,-3.000915972168673,-4.7489833053459,-1.7859410594543064
2151457522233,-3.061917603326501,-4.953080850250261,-1.8565002167387257
2151457522250,-2.79911788250574,-6.048364083143172,-1.7664679273106512
2151457522266,-2.5153437336090825,-6.036481499946398,-1.9064818612753438
2151457522283,-2.321592933025452,-6.439035977024943,-1.8844753262688978
2151457522300,-2.4668352220990895,-6.453848782708023,-1.9002560552966192
2151457522316,-2.562236857091479,-6.158850326994267,-1.7848008034589455
2151457522333,-2.6000011605731372,-6.975772036522671,-1.257206068082823
2151457522350,-2.49769771140483,-6.8387145551951,-1.3379492187105886
2151457522366,-2.6669279304333964,-6.469138569461248,-1.3434697337537742
2151457522383,-2.895539992672492,-6.302952920370522,-1.3978853921683827
2151457522400,-3.1542265745075,-5.891565774171749,-1.4844572926051156
2151457522416,-3.3033013357102865,-5.527841798697834,-1.6012869203153097
2151457522433,-3.46682981701196,-4.925694610339202,-1.925791635956495
2151457522450,-3.69732436893214,-5.073343223233273,-2.1897264514082693
2151457522466,-3.7114352043591863,-5.785756602501526,-2.168869008232896
2151457522483,-3.401660533674958,-6.013133023411198,-2.2421446148450404
2151457522500,-3.3491256877073994,-5.975680761584115,-2.1227239016109216
2151457522516,-3.0544301626207373,-5.809053067553003,-2.0812513612383396
2151457522533,-3.1148676064872745,-5.967314954692924,-1.6724140979120476
2151457522550,-2.9146110012123687,-6.064201983167203,-2.189236690519534
2151457522566,-3.37832175330208,-5.574727830742075,-2.5115558146502237
2151457522583,-3.5652799124527066,-5.745980564266009,-2.6509805161479703
2151457522600,-3.830933272570747,-5.8395189854165075,-2.4962783789163594
2151457522616,-3.78650694843426,-5.869597419561457,-2.1314940457068823
2151457522633,-3.4645377674503255,-5.897181616377912,-2.3009200449264275
2151457522650,-3.641272906567062,-5.686255118107999,-2.505749854102335
2151457522666,-3.6235871047387276,-5.167850389182021,-2.7414121650852072
2151457522683,-3.499543165202966,-5.474900963183259,-2.6974112763581903
2151457522700,-3.5025064485521153,-4.984733905756105,-2.5804908500660777
2151457522716,-3.94476474887567,-4.916535680200042,-2.6798392315248396
2151457522733,-3.637986833301528,-4.712383656669002,-2.9961413046290764
2151457522750,-3.325339501082325,-5.085277263320141,-3.41559685864814
2151457522766,-3.428130863447243,-4.702363157617455,-3.677871594396222
2151457522783,-3.5552671321219704,-4.282198376692931,-3.7632446197990297
2151457522800,-3.6691566084224108,-3.943029384602866,-3.5489298337962825
2151457522816,-4.147085395565886,-4.239604372578149,-3.2554557535821975
2151457522833,-4.023232285593652,-3.9489742396932552,-3.515792866989069
2151457522850,-4.382994094314666,-4.691641556020189,-3.3816203455938223
2151457522866,-4.702063094981408,-4.728777808776724,-3.3904126624299766
2151457522883,-4.586008887162439,-5.391189073790282,-3.3181617056365904
2151457522900,-4.835709325774057,-4.897063080420228,-3.5243277350439244
2151457522916,-4.74484578060439,-4.908117322098388,-3.3616847105465024
2151457522933,-4.707244095520715,-5.006442126448668,-3.5340164957496873
2151457522950,-4.989006020820923,-4.956649028993408,-3.4037819812690944
2151457522966,-5.5470758133565825,-5.515451382615263,-3.345211750729241
2151457522983,-5.89757847876419,-5.464782817300188,-3.42973159141937
2151457523000,-5.854646186573345,-6.451121293307842,-3.309987881656894
2151457523016,-6.510081967375476,-5.945573426219502,-3.540405686605016
2151457523033,-6.349171107606446,-6.197050983645026,-3.089035475797148
2151457523050,-6.123539041465557,-6.906643454059145,-3.135696104471844
2151457523066,-6.005171084297645,-7.066218648555708,-3.3603433476726936
2151457523083,-6.150699370729166,-7.343891100950147,-3.3614538775148954
2151457523100,-6.077180361577382,-7.560613813830958,-3.5943895702251156
2151457523116,-5.7298229163390895,-7.668215476802579,-3.692535712557514
2151457523133,-6.073222485111183,-8.060413203858488,-3.621993310648999
2151457523150,-5.721315117599561,-7.627969968151122,-3.8333488743991047
2151457523166,-5.838061297130455,-7.4129360432997675,-4.117241393034841
2151457523183,-6.314308902624487,-7.7496491057181585,-4.397652642094965
2151457523200,-6.885321584339033,-7.780441469502769,-4.577345088769949
2151457523216,-6.751868569779548,-7.430155429801228,-4.532203519529326
2151457523233,-6.958156176223613,-7.215786221625422,-4.281784183451249
2151457523250,-6.990068028558551,-7.66927693577177,-4.092000136782804
2151457523266,-7.045137358421876,-7.991885706353678,-4.266744621392107
2151457523283,-7.110315423284705,-8.535032395245851,-4.119082490676693
2151457523300,-6.895191662104815,-9.098839085118621,-4.1036382745736315
2151457523316,-7.11928657502526,-9.18262680214981,-4.150816991153258
2151457523333,-6.877823886316387,-9.796177846666929,-4.426228966389616
2151457523350,-7.2955267085116144,-9.524492590705616,-4.2620708592839245
2151457523366,-7.293091760487376,-9.570254598397613,-4.249941420183281
2151457523383,-7.521878755594533,-9.96306729291364,-4.0309140005135475
2151457523400,-7.285683739178867,-9.725720341334561,-3.927602786200481
2151457523416,-7.615738129251602,-10.212279500571155,-3.7333891376343518
2151457523433,-7.699494888360176,-10.319501914103935,-3.5561190071258393
2151457523450,-8.069203114475018,-11.045370091926216,-3.421733714945533
2151457523466,-7.882196703811303,-11.130048962718469,-3.501610288276358
2151457523483,-7.75136227626937,-10.727686641983606,-3.368486378100859
2151457523500,-7.831797601319155,-11.014101746986096,-3.1742147291844702
2151457523516,-8.50030726854565,-11.385220160334782,-3.5440731753307992
2151457523533,-8.616173765736963,-10.98940553309286,-3.4316255665350113
2151457523550,-8.789308007363326,-11.709373832550678,-3.3777753252546905
2151457523566,-9.034824891168448,-11.50737731073302,-3.1472806321415296
2151457523583,-8.514949389618003,-11.967462647493488,-3.185597941076197
2151457523600,-8.957564257830482,-11.864990732429627,-3.5116450423457017
2151457523616,-9.169776113453146,-11.522092635035353,-3.6043886823130724
2151457523633,-9.022805421986284,-11.883254198960419,-3.529516253911819
2151457523650,-9.249691412337267,-11.722034033880192,-3.2233742783524515
2151457523666,-9.755337833308158,-11.64359288305291,-3.142871990657746
2151457523683,-9.859396156777034,-10.538371330791884,-2.8142412479678187
2151457523700,-9.814078190592298,-10.198375118232406,-2.8275844623657127
2151457523716,-9.89491726064587,-10.138473551284665,-2.278115454209929
2151457523733,-9.732895572131197,-10.48812275178738,-1.957983516805967
2151457523750,-9.487905777858959,-10.967738826525993,-2.232001555988807
2151457523766,-9.70377107001077,-11.21757387400911,-2.230756775502046
2151457523783,-9.410054401136628,-11.130748290425267,-2.1103416568117064
2151457523800,-9.25283351281799,-10.557433555551844,-2.0237246875949833
2151457523816,-9.63405829220174,-10.782211866499981,-2.266842977347361
2151457523833,-9.474065237527581,-11.054616780338304,-2.510901461361154
2151457523850,-9.734459722507875,-11.396068752420657,-2.679118981106528
2151457523866,-9.665928876845888,-11.68718766122888,-2.66524338780654
2151457523883,-9.529502342959422,-12.127917077590443,-2.4763958499950833
2151457523900,-9.491204981577326,-12.20812899461216,-2.3261818983577953
2151457523916,-9.071667186421912,-12.163843987792092,-2.402459480459057
2151457523933,-9.146234550624996,-12.176043545536666,-2.5678443864258713
2151457523950,-9.194519101623834,-12.267515834686428,-2.3648267283915776
2151457523966,-9.494656938981148,-12.527067825318781,-2.2155623953965145
2151457523983,-9.539816854116516,-12.340585411532626,-2.722403254374547
2151457524000,-9.464343650617899,-11.4734181565686,-2.802877182873402
2151457524016,-9.503485451543048,-11.24441275124525,-3.037740005107355
2151457524033,-9.846108444846873,-11.171603286558874,-2.8097289371904433
2151457524050,-9.724846122036073,-10.763008096320913,-3.14242100713905
2151457524066,-9.562176044106998,-11.148527511326776,-3.42874995386639
2151457524083,-9.562586016735363,-11.473429202681253,-3.3198429727189347
2151457524100,-9.59613799847603,-11.474878951063474,-3.4487684486690187
2151457524116,-9.647578205040393,-11.703928306520291,-3.3052016654705363
2151457524133,-9.65195850028281,-11.697162479015635,-3.194758981017459
2151457524150,-9.407736776249967,-11.706261610749419,-3.200573201170932
2151457524166,-9.197948029190496,-11.833939847054424,-3.4501088424121242
