timestamp,x,y,z
1862384500000,2.164214977088159,-6.776950551718517,-1.1135802025793073
1862384500016,2.671364323204781,-6.139092577979613,-1.2297274621085266
1862384500033,2.75582947261662,-5.732334452945823,-1.3821639633173959
1862384500050,2.2717137498770468,-5.026577021372065,-1.4740724534070755
1862384500066,2.0953472669331834,-5.825013548573183,-1.705271013284491
1862384500083,1.4776755145569416,-5.059612324554828,-1.5278323541456087
1862384500100,2.1964036228538912,-5.462496842364059,-1.6696929355679415
1862384500116,2.059150318838424,-5.7836558304623225,-1.417760575775215
1862384500133,1.4964009400125589,-5.635990394197893,-1.5796666038518146
1862384500150,1.7497977167932914,-6.0459147275911915,-1.6254827005269878
1862384500166,1.4257530923801989,-5.9833847279763726,-1.3338547280045965
1862384500183,0.5836141949303251,-5.868701550797129,-1.2245467297876016
1862384500200,0.5685854135060433,-6.216681729614065,-1.119286566231509
1862384500216,0.5974697703928094,-5.851589223854914,-1.2799594408820976
1862384500233,0.23146721372823542,-4.602301106373642,-1.3186075939746456
1862384500250,-0.09910723409274436,-4.8893268609112805,-0.9411655455083365
1862384500266,-0.4380504693664413,-5.1997505245615345,-1.177225178503362
1862384500283,0.7080847077580739,-6.1666523261552015,-1.25908549113504
1862384500300,1.3367944640617333,-5.279592035858686,-1.2165082773804607
1862384500316,1.7327817824473737,-5.17805392694238,-0.7929648283238862
1862384500333,2.6864351021043307,-4.5017878532476265,-0.7221177509031275
1862384500350,1.9740640543206398,-3.952388638137962,-0.9005258911339327
1862384500366,3.099954352581716,-3.790757924730907,-1.0563194718311741
1862384500383,3.0358072793363746,-2.538353790052824,-1.2431859308194144
1862384500400,1.77449562145439,-3.694144576388493,-1.3461507172141274
1862384500416,1.7860124955062844,-3.901372665419002,-1.4611010357025502
1862384500433,1.8555531026361969,-3.4062270437649023,-1.3507445728247276
1862384500450,1.2699233571190964,-3.817293494782671,-1.4239337365438407
1862384500466,2.416017864536127,-3.452763004024198,-1.5642783266159868
1862384500483,1.8206022792402088,-3.7007083900244124,-1.7465859107759854
1862384500500,2.112776380263421,-2.729617888969041,-1.4740068084904392
1862384500516,2.832302425469557,-2.988068154416554,-1.2465627966708417
1862384500533,1.7752898324856918,-2.825360753465994,-1.72083874362434
1862384500550,2.2927070535261276,-3.356169647454708,-1.5854657654459745
1862384500566,2.3081047490734843,-4.284935396701555,-1.3881652454457458
1862384500583,2.433574548446656,-5.2693914846119885,-1.235959566095408
1862384500600,2.853958818840449,-5.414856497577068,-1.188726331952703
1862384500616,2.4422200937988015,-4.125836990675895,-1.4243097718384188
1862384500633,2.090752602884824,-3.1449024163455928,-1.6576891208268072
1862384500650,1.9149444292393705,-2.068820919779812,-1.2567829097505507
1862384500666,2.6734763306685254,-1.1128438010860595,-1.2847093474256186
1862384500683,1.9477134925041826,-0.9683408161400413,-1.2575794782473833
1862384500700,2.2439308682923063,-1.0379010243285318,-1.3988488372784997
1862384500716,2.0957792066696985,-1.1720724034152532,-0.991953371817494
1862384500733,3.774207524185787,-1.4743659201872719,-0.5807787075781897
1862384500750,3.8890441028775893,-1.1261240268952966,-0.7018331033126625
1862384500766,4.44455819019505,-1.9882342490638782,-0.6456838406713576
1862384500783,4.305072129438365,-0.772311179491644,-0.8097570654075574
1862384500800,4.269022450937609,-0.7577682315958167,-0.6275940624429743
1862384500816,3.7167972727044685,-0.25565022712443053,-0.7188880243079488
1862384500833,3.853225787656381,-0.8889396030331289,-0.735889359276293
1862384500850,3.0020761137117917,-1.9081193474096065,-0.47478066517513673
1862384500866,3.424590827040932,-1.8415777863469405,-0.6240100483363566
1862384500883,3.7484877786974753,-1.3779985111029989,-0.4875888798615049
1862384500900,3.599188440615597,-1.5126957387526634,-0.501530821638466
1862384500916,2.6377565439274075,-1.3401765666115395,-0.5843771534685154
1862384500933,1.6930080245968364,-0.34183510042930454,-0.46451664329948206
1862384500950,1.1047605060499608,-1.0074184586837518,-0.35597777043055623
1862384500966,1.3751090553480285,-1.2576058720304362,-0.7401353640843578
1862384500983,1.7553006725144344,-1.1692767233163979,-0.7593637417735614
1862384501000,1.744916928711544,-0.716344319079087,-0.8578329634974966
1862384501016,1.6749927518331083,-1.3296406836604655,-0.5283900062885264
1862384501033,1.183018171977296,-0.6257245269489902,-0.9157866146215319
1862384501050,0.839389125143688,0.0480742953272939,-0.9303955668976904
1862384501066,0.7724293894461498,0.23720269734192367,-0.8520899229955538
1862384501083,0.37731118253757767,0.18636938480028586,-1.105882483267452
1862384501100,-0.5808552919430783,0.9385583743033781,-1.3138331659281557
1862384501116,0.2959581358045833,-0.070642447279881,-1.4485954445108993
1862384501133,-0.329570001626708,-0.4655874692921058,-0.8414930371631979
1862384501150,-0.3235704779635764,0.33661428871220256,-0.4488379410318507
1862384501166,-0.19168967974634743,-0.503406286885097,-0.39264360719035185
1862384501183,0.18894560238509328,0.08174569014631672,-0.23431611415352616
1862384501200,1.673885756892867,-1.1121832660089126,-0.4336223763517648
1862384501216,1.266208905561287,-1.1819516568074473,-0.38904016194792046
1862384501233,1.1141653423284916,-1.4712306305799991,-0.6822949704401979
1862384501250,1.164934772053119,-1.0288436839593853,-0.9205612661719016
1862384501266,2.199528780821848,-0.6588352661503771,-0.9229452910280818
1862384501283,1.3595009687906172,-0.372421203888158,-1.2691324898992626
1862384501300,1.6207918959277308,-0.5332880812830325,-1.5663495122402165
1862384501316,1.7680437221526928,-1.3464792029664112,-1.6492091249514957
1862384501333,1.924295382966136,-0.8604452207141104,-1.6794594221368662
1862384501350,2.056915754068144,-0.040650685030994005,-1.7667625587158649
1862384501366,1.9962394683346778,-0.4933429386253332,-1.8505200170595701
1862384501383,1.4147477429624313,-1.09503315477959,-1.6659567501439425
1862384501400,1.9266507200306435,-1.4754427335135922,-1.259457702873713
1862384501416,1.6629371217790387,-1.8138495873328853,-1.4862628606389032
1862384501433,0.9502783495805041,-2.7853908449423694,-1.6277384489050293
1862384501450,0.7595524777457507,-2.285889736480167,-1.545198680790359
1862384501466,0.41778709091596955,-1.5189167633041345,-1.554639807353113
1862384501483,0.5276344250817546,-1.6599813834117612,-1.7726712482066471
1862384501500,0.7090564017756567,-3.638178631535709,-1.9274748870376124
1862384501516,0.6205477446078014,-3.937960729560068,-1.8488904107223045
1862384501533,-0.27084319947785396,-4.155326712778608,-1.9598412540613284
1862384501550,-0.7677742933517773,-4.750535592017639,-1.7999447982657695
1862384501566,-0.7742768621307374,-4.426248625451089,-1.255932432775083
1862384501583,-0.237733653570098,-4.331709514733894,-1.2534393482329376
1862384501600,0.17896776203255094,-5.249745206046482,-1.1125871209646832
1862384501616,-0.7988178603691325,-4.611878340548835,-1.4072922964734857
1862384501633,-1.0178009242614166,-5.049386886470053,-1.5800455574072936
1862384501650,-1.402991359244945,-6.039319948361082,-1.7482621658343134
1862384501666,-2.2063252928057446,-6.661738350488395,-1.4761622265854786
1862384501683,-2.5798785331835914,-5.921675989908266,-1.4290862070324464
1862384501700,-2.305627122148702,-5.339343158872216,-1.5767764503587787
1862384501716,-2.6120497919423915,-5.726580690719926,-1.7638381354930917
1862384501733,-3.2654300734815775,-5.334770393242579,-1.519434413340282
1862384501750,-3.7904760737122793,-6.54983397451033,-1.6613142631782036
1862384501766,-3.954691244966347,-7.223356057126862,-1.914886832612647
1862384501783,-3.340541002578002,-6.851228308539273,-1.7786053687968577
1862384501800,-3.1031692462519542,-6.371245614116281,-1.8799810544138493
1862384501816,-2.7140479077635336,-5.704132826764131,-1.9863223488913564
1862384501833,-2.939206131604593,-6.404387580131523,-1.8998252366770298
1862384501850,-4.057763124552725,-6.889403600246828,-1.9196876735419548
1862384501866,-3.7542320026372717,-6.761314545457665,-1.7746322665304388
1862384501883,-4.871556293814934,-5.6949905679060135,-1.9096852569056524
1862384501900,-4.782488277226266,-6.367566985257482,-1.5441872640478682
1862384501916,-5.422775427905144,-6.350201353596614,-1.3780072940684696
1862384501933,-6.036760964450129,-5.529739875571974,-1.4696008464020625
1862384501950,-6.13156151328755,-5.006652350609085,-1.3042451605938536
1862384501966,-6.272001175876297,-5.030083589177723,-1.222135616738098
1862384501983,-5.463507423289806,-5.093799279328325,-1.2797814087158013
1862384502000,-5.5670094361301246,-4.830779227145979,-1.3920148293174621
1862384502016,-5.453971144941676,-6.126309910307246,-1.4627992209639158
1862384502033,-6.029211055694622,-6.166282885506219,-1.2871265371609437
1862384502050,-5.5996853534731414,-5.851056107719093,-1.0489252141095755
1862384502066,-4.773562479858496,-6.217346468311226,-1.0198424488413669
1862384502083,-4.303012571447392,-6.499330533993941,-0.9488952219530274
1862384502100,-5.00098466382905,-6.184671847452509,-1.1195510709580379
1862384502116,-4.6620846389170385,-6.311985622109715,-1.007672281427301
1862384502133,-3.734936504213176,-7.265331029959599,-0.926592091356983
1862384502150,-2.9965157855110083,-6.498254428334854,-0.9716430936754951
1862384502166,-2.9102738994564046,-6.91536750002065,-1.1066808894852107
1862384502183,-3.4831740044090673,-6.732432130202854,-1.0481514759896613
1862384502200,-4.088472708231576,-6.349421399393757,-0.5709668905912547
1862384502216,-4.118092419887729,-5.42522212058145,-0.3719429374921519
1862384502233,-4.450542622759561,-5.27984628814914,-0.971130237045428
1862384502250,-3.921212240376777,-5.237420477332969,-0.9422786835511048
1862384502266,-5.199455807917721,-6.250805794787299,-1.0993359931421647
1862384502283,-3.954441450719639,-7.020149664593303,-1.2000566283925433
1862384502300,-3.5695767814055666,-7.402098599610937,-1.3188335911262392
1862384502316,-2.1681253383642547,-7.123129049553499,-1.0912963517972138
1862384502333,-3.0476001798236747,-7.406529519830956,-1.0537143580087935
1862384502350,-3.52727952421387,-6.961401508126535,-1.1114851947935565
1862384502366,-3.4895805303497447,-7.165383321017411,-1.2984426524837809
1862384502383,-3.446107492641236,-7.813620190845684,-1.5298249954059748
1862384502400,-3.0331505814172326,-8.511129555188964,-1.3599277764641726
1862384502416,-3.0336780517336224,-7.9426850459992195,-1.673231856292339
1862384502433,-3.5508697082310134,-8.130586299998395,-1.4522384445994265
1862384502450,-3.9926965198074855,-7.484569676534026,-1.6359836439341386
1862384502466,-4.12370856169049,-7.747224408514883,-1.5820853048848835
1862384502483,-4.076802293445025,-8.226147420327463,-1.6003258273388088
1862384502500,-3.5467985966846065,-7.847143913680247,-1.3950352011366365
1862384502516,-3.4136325426061704,-7.543463625244081,-1.5238894444953466
1862384502533,-3.336170914060235,-7.253239886445985,-1.3101413202367063
1862384502550,-2.1488369772004745,-7.339864953894252,-1.4215795142301901
1862384502566,-3.0162032365408473,-7.200159286275234,-1.635561293203181
1862384502583,-3.086601687637101,-8.654948698401054,-1.5085173363984508
1862384502600,-3.6332724639672906,-7.654025963100121,-1.2460179031272058
1862384502616,-4.082843134285834,-7.694125562795454,-1.3219125045277265
1862384502633,-3.9311105234745796,-7.921847403159184,-1.4984242213623606
1862384502650,-3.7352783049076104,-7.909133724993557,-1.5065145505418382
1862384502666,-3.192651871173174,-7.570556684465071,-1.1274680760703484
1862384502683,-3.096054711040005,-8.342712797314045,-1.2107976442253658
1862384502700,-3.300779691797044,-7.16702657515777,-1.0868526908602139
1862384502716,-3.2569187031362805,-6.912622187743313,-0.9708749628029818
1862384502733,-3.4252990551402367,-6.289872506434588,-1.2455239534873386
1862384502750,-3.7757803229911895,-6.423672039752345,-1.2695508082199807
1862384502766,-4.6970389825453145,-6.686969686679714,-1.3607618966123896
1862384502783,-4.348104051244432,-6.7292130262148575,-1.7291045556969207
1862384502800,-5.178728475079368,-7.247793574612622,-1.5771625056581082
1862384502816,-5.969261200604713,-7.5202634709898,-1.4071864812410761
1862384502833,-5.887894286916197,-7.232977368029329,-1.290408275492414
1862384502850,-5.3141029362820165,-7.070488484765419,-1.1981395601042757
1862384502866,-5.67522635977577,-5.65929136056345,-1.3768445550184405
1862384502883,-4.684716845087088,-4.910792204015232,-1.4794747690764265
1862384502900,-4.365404092011753,-5.007040611114347,-1.538509255091987
1862384502916,-4.0355728940313025,-5.74882371296481,-1.5973883839439709
1862384502933,-4.3329877292981545,-5.806443989326554,-1.7465017745140334
1862384502950,-4.867157195699034,-5.113241753719423,-1.7206031352949744
1862384502966,-5.198264775569645,-4.995374411205637,-1.5916231195960895
1862384502983,-5.040219520901538,-5.096012959678523,-1.5658086752970584
1862384503000,-5.706839746956798,-5.657031385933347,-1.674284139727205
1862384503016,-4.945742220763591,-5.367988802420267,-1.888466609173284
1862384503033,-4.625780236047973,-5.704213979399795,-1.7849191276033614
1862384503050,-5.461840013102511,-5.719114905682534,-1.5506329759043065
1862384503066,-6.048175645013222,-6.442707786008376,-1.7823129398842679
1862384503083,-7.040634872438675,-6.534762083318837,-2.1592617922150885
1862384503100,-7.128138888876279,-5.7693023741499765,-1.6811558987123252
1862384503116,-8.055632053692143,-5.838571026561588,-2.0588946913726804
1862384503133,-7.886147196686183,-6.089946694885436,-1.8683309089043927
1862384503150,-8.094303716974677,-6.2167066655060355,-2.079281963133302
1862384503166,-8.8931054728497,-6.562062366129034,-2.442047171137446
1862384503183,-9.073800706957773,-7.351013032848502,-2.4638487575312995
1862384503200,-9.658936457976687,-7.561705377062106,-2.3615189271065073
1862384503216,-9.649175694884729,-6.825919382839589,-2.6776572413619766
1862384503233,-10.270562128518865,-6.769999840830588,-2.439269355394508
1862384503250,-9.52197742919477,-6.554659456821643,-2.4188990776872443
1862384503266,-9.453145270366957,-7.388343419063609,-2.602790900285256
1862384503283,-9.286010219641174,-7.206796861887962,-2.5208553021922953
1862384503300,-10.120614562893987,-6.100137561723021,-2.4040025005711714
1862384503316,-9.83332896405987,-6.58365429077785,-2.740147876377519
1862384503333,-9.451920826552495,-6.408123873890808,-2.7170918289305237
1862384503350,-8.819779471171739,-6.683322184335738,-2.51851201398224
1862384503366,-8.83254942147775,-4.672986916149071,-2.2959872357204607
1862384503383,-9.067498736485321,-3.7688020763413053,-2.3403073912705916
1862384503400,-8.628101641916672,-3.8725361764404655,-2.3135161247206817
1862384503416,-8.149942317808147,-4.723519616839209,-1.9641282659272628
1862384503433,-8.216165871888206,-4.248880794273203,-1.928657428105573
1862384503450,-7.802949700136912,-3.964105495887376,-1.9511024678842714
1862384503466,-8.32370494328814,-4.657197289499019,-2.6420291435857095
1862384503483,-8.74852752093037,-4.431253895608808,-2.393718602536163
1862384503500,-8.738087477313059,-3.054718737334835,-2.883068845282951
1862384503516,-8.232229179033405,-2.927858214115829,-2.8211598458051914
1862384503533,-7.876969609366105,-3.188785240302761,-3.3141336416846627
1862384503550,-7.570575720221447,-3.8551568668072402,-3.3565812541321143
1862384503566,-8.084473804586537,-4.42431008567527,-3.2865084697388496
1862384503583,-8.614951867141798,-5.1229729008067455,-3.0390739488671143
1862384503600,-8.98044172974684,-5.1738423162026095,-3.2429516789514024
1862384503616,-9.509104255580443,-5.899644111379928,-3.3209482946810587
1862384503633,-9.643375573213667,-6.9389521181899365,-3.324536801670064
1862384503650,-9.826977480888036,-6.575645081914454,-3.1563248493743146
1862384503666,-10.827854780255775,-6.388104133370741,-2.927617152521406
1862384503683,-10.390360803563647,-6.019782242677025,-3.3011193807706984
1862384503700,-10.795148154525707,-5.336594547000288,-2.962876236935709
1862384503716,-10.356750696896354,-5.518266564906124,-2.9761487523481813
1862384503733,-10.405656819913105,-5.616452061791376,-2.7332787410324606
1862384503750,-10.609221387532319,-5.402089976302228,-2.8193428264587235
1862384503766,-11.11570289073246,-4.76674826343206,-2.9911760271659062
1862384503783,-10.614962161606364,-6.506607732453556,-3.4254164688070867
1862384503800,-9.684197181611772,-7.910149151629948,-3.3934713970052592
1862384503816,-9.54679884646309,-7.77921612366668,-3.2494653642007942
1862384503833,-8.507160915117934,-8.312840686674814,-3.3703437243804735
1862384503850,-9.163526945635265,-8.800020467805556,-3.4611320905212866
1862384503866,-9.531008099651412,-8.900977182041252,-3.4833899870798692
1862384503883,-9.496622013410597,-8.39459694660297,-3.614285256795002
1862384503900,-8.687237879678108,-8.545451631764646,-3.1929440131514224
1862384503916,-8.54751596310732,-9.279647618735128,-3.073107919990589
1862384503933,-8.347176022020262,-8.428238697632581,-3.120044653306643
1862384503950,-7.348302354591919,-8.414339351467806,-3.070112063106761
1862384503966,-7.340099401551585,-8.321014607993025,-2.946498236827269
1862384503983,-7.295631185482563,-7.826828399181589,-2.8006352765992384
1862384504000,-7.652989493283762,-6.773189204012872,-2.587022764378381
1862384504016,-7.6854912819226255,-7.372385165932098,-2.5791579572362924
1862384504033,-7.572434260248734,-6.39705891563535,-2.4150043979169946
1862384504050,-7.5074086663477795,-4.814436932617034,-2.617559611808124
1862384504066,-7.835765863471899,-4.933698796106931,-2.935826435114628
1862384504083,-8.007660895065445,-5.361363965155182,-2.943508490888707
1862384504100,-8.307884762204619,-5.016778581178666,-2.660766234237533
1862384504116,-8.297238128710905,-4.928907127390991,-3.148488504301377
1862384504133,-7.4023806068681575,-4.723383416856829,-3.240780630318226
1862384504150,-7.18826136291908,-4.774990122577147,-3.2404092534587225
1862384504166,-6.811640372511905,-4.806638606632132,-3.493119180746211
1862384504183,-5.763042334848537,-5.130432253905703,-3.123226006291535
1862384504200,-5.221007237935377,-5.0494218454693875,-2.8489474457529225
1862384504216,-4.277556941836551,-4.111186757142708,-2.6388012820623135
1862384504233,-4.254423732772901,-4.066777029227781,-2.4342653904483624
1862384504250,-4.595496890947763,-4.106216081205537,-2.6675211583034613
1862384504266,-4.739883668192347,-2.861651155486754,-2.5646935238909965
1862384504283,-5.719934414446226,-3.3487924600638705,-2.750001380473223
1862384504300,-5.839068860574639,-2.840551986951765,-2.6243409072169417
1862384504316,-6.205221250679101,-3.1885905314712466,-2.740621186430421
1862384504333,-6.321480787818272,-2.2217415013473034,-2.4918539375265567
1862384504350,-5.597660757402723,-1.8375479958133547,-2.459510369076429
1862384504366,-5.329645642573475,-1.304769328613971,-1.971896245086409
1862384504383,-4.900126886699157,-1.1103741600022676,-1.7170810073761307
1862384504400,-4.344495964876933,-1.4574304883693072,-1.3669411132800375
1862384504416,-5.250452980907079,-1.4552663339663212,-1.046633999517551
1862384504433,-5.237850716253268,-1.8416852427732824,-0.6982167350479157
1862384504450,-4.812629081966434,-2.023149119641265,-0.9279011218113604
1862384504466,-5.532399967126911,-2.0073140403425227,-1.242309285934717
1862384504483,-5.165679953170666,-2.937297578814277,-1.5946921215176066
1862384504500,-5.207031191958555,-2.8703221652022815,-1.83794903148811
1862384504516,-4.995657475525784,-3.311624450520259,-1.7849951984187893
1862384504533,-5.424262974679529,-3.5906710220835154,-1.7985663710860087
1862384504550,-4.735542866390437,-2.6165151932998723,-1.9933010158512614
1862384504566,-3.9347177053004536,-2.6662672969489165,-1.8551765723319593
1862384504583,-4.18752208252888,-2.0796160924137697,-1.9205879384445328
1862384504600,-4.55520880312783,-2.4038999385175663,-1.8300796680316134
1862384504616,-3.7326907488245316,-2.9644829322343043,-1.6657594961021378
1862384504633,-2.912009773786719,-3.561120047831243,-1.39723048765685
1862384504650,-2.6665458724696345,-3.499900398554856,-1.421911743212765
1862384504666,-2.263591898938245,-3.1738157779874507,-1.553010411603523
1862384504683,-2.819235135344228,-3.329165964084987,-1.481798081268692
1862384504700,-3.6809687671557496,-3.6857180900018482,-1.39529121223678
1862384504716,-3.8971976211136248,-4.320082239408072,-1.35266753869614
1862384504733,-3.819579153773602,-5.479132407625724,-1.515936314426952
1862384504750,-3.759046569051397,-4.959294001531894,-1.4419934050429053
1862384504766,-3.3901423403159807,-4.339463624105203,-1.6959717742728038
1862384504783,-3.5708875712567814,-5.104413205805956,-2.0032442922445526
1862384504800,-3.7719464279004367,-4.978451463497869,-2.5193843183765114
1862384504816,-3.6684059095659647,-5.1870744338945585,-1.9682140767219098
1862384504833,-3.581069152134159,-4.937831929113332,-2.149796067692932
1862384504850,-3.7219231339889234,-4.954120870281981,-2.485727538471025
1862384504866,-3.161013176582605,-6.009066499140455,-2.3430483977993375
1862384504883,-2.868066057486515,-6.058389439299062,-2.6261392406769333
1862384504900,-3.8539724051318514,-6.103212745205988,-2.533295803481212
1862384504916,-3.5859712046452414,-6.115753798694557,-2.317244927435099
1862384504933,-3.9911303668167197,-7.197952258565206,-2.6866653025822513
1862384504950,-3.2632378589670017,-8.24498289883392,-2.9624485139410988
1862384504966,-3.102314612369046,-7.212295586678096,-3.0940608725883774
1862384504983,-3.2049029803427005,-6.811639905893502,-3.4093932876478723
1862384505000,-3.4271530787410747,-6.991031248582138,-3.265025659835012
1862384505016,-4.261223151917259,-7.075968943984265,-3.079712869090319
1862384505033,-4.894613512877597,-7.118207394916299,-2.950287447521916
1862384505050,-5.469440658501753,-6.7781070322106745,-3.0991270193727054
1862384505066,-4.661283759850372,-6.3178480284882905,-2.8434851653880644
1862384505083,-4.103681384438148,-6.668881698316101,-2.886908696074285
1862384505100,-4.455130297826972,-7.790234140352613,-2.64425215247767
1862384505116,-5.422448679152375,-7.2426509348932395,-2.6008519694820005
1862384505133,-5.121616657231304,-8.651515205492604,-2.56261348038392
1862384505150,-4.409946286597496,-8.081685059493168,-1.9909241062505902
1862384505166,-4.544269374917641,-8.773094029513725,-1.7354966974114001
1862384505183,-4.749363493334023,-8.596427478422013,-1.995456650329769
1862384505200,-5.037023482970185,-9.514156608236874,-2.03265891104863
1862384505216,-5.995064251001928,-9.486498124431535,-2.1416047529853564
1862384505233,-6.550113025426919,-8.681952862815457,-2.114079546048819
1862384505250,-6.328974464499776,-8.169946228068135,-2.027231826643982
1862384505266,-5.871852887697962,-7.05280542165797,-2.2160319360503866
1862384505283,-5.524553269503738,-7.411624417912517,-1.8617458047486044
1862384505300,-5.349085895396127,-6.862582501522528,-1.8816512326821757
1862384505316,-5.317981043018197,-7.2472546151640564,-1.7445583284068253
1862384505333,-5.613457704765815,-5.686909686681241,-1.7733438201231753
1862384505350,-5.904250112707384,-5.329645959878162,-2.1486698142388754
1862384505366,-5.338124858818496,-5.065161400472082,-1.9546698961890248
1862384505383,-5.704402431928532,-5.492147784831716,-1.7458594933754468
1862384505400,-4.38968520120826,-6.515544711286714,-1.6518253301744499
1862384505416,-4.258467490229247,-6.483250114216974,-1.290102804923693
1862384505433,-4.2782193643950714,-5.8000886629383706,-1.1191437269717328
1862384505450,-4.486177853074965,-7.274230041424742,-0.9722378454078175
1862384505466,-4.612864893050189,-7.937456975698238,-0.7743947857667061
1862384505483,-4.010188379526887,-6.575365847545795,-0.09836966673135916
1862384505500,-3.5527143426914933,-6.498062899470791,-0.2987751582651266
1862384505516,-3.305476665348046,-6.472366793194371,-0.24061924417735536
1862384505533,-3.9302481699953824,-5.68083628038571,-0.3743052282638166
1862384505550,-2.84720098971074,-5.135380284048874,-0.2850614070554258
1862384505566,-2.8994152950281205,-6.004601997081431,-0.29413010590863076
1862384505583,-2.0337545515546904,-6.153750820339915,-0.5357224802055515
1862384505600,-1.6174182167183084,-7.099495605438118,-0.7859532832329398
1862384505616,-1.4963442256005735,-8.091134274439213,-1.282909751991123
1862384505633,-0.5589228405093989,-7.974783409190541,-1.3052156346706252
1862384505650,-0.6405968669672557,-7.906256110961589,-1.3192552976894063
1862384505666,-0.9712581375913008,-8.030344528507754,-1.5971718823372667
1862384505683,-0.5778711908354346,-9.161944794030452,-1.4561167711271839
1862384505700,-0.7923959217451246,-8.808708610983668,-1.3905108901824255
1862384505716,-1.025805904655074,-8.681064388238134,-1.1273196544807997
1862384505733,-0.37116427932863516,-9.61941799225926,-0.8337553496809027
1862384505750,-0.014951708610728254,-9.566931058766443,-0.895785922028709
1862384505766,0.0004889507961527428,-10.535803117912728,-0.8569595931065142
1862384505783,0.11459575249170317,-10.843073760590817,-0.5595385093802647
1862384505800,0.032952257972209686,-10.99750122036266,-0.513316409016096
1862384505816,-0.34164950373475644,-10.907090593963392,-0.8680531840390618
1862384505833,-0.46110770402543455,-10.393198524123324,-0.5666092967858232
1862384505850,-0.2385799768049326,-10.044616450722845,-0.22319224171055407
1862384505866,-0.3808073611594027,-10.603168412711101,-0.4745075379207303
1862384505883,-0.5932941854316081,-10.923288770731393,-0.43069410998432867
1862384505900,-0.37542247819312635,-10.092553506266132,-0.07690430525964698
1862384505916,-0.9984917475063746,-8.940549334586063,0.03205261849572638
1862384505933,-0.7091069335539464,-8.354649448610218,0.14237281785551859
1862384505950,-0.18892334542467104,-7.530955348397743,0.09499748240897388
1862384505966,-0.12604431842669772,-6.431032079219582,0.3299822797578891
1862384505983,0.2770796902063104,-6.150258551372276,0.04354226919798987
1862384506000,-0.2204754523528729,-6.2893743667342425,-0.04393372058891054
1862384506016,-0.33677847996842925,-6.40609847474356,0.1063903974166549
1862384506033,-0.7216487844062911,-7.326541954150693,0.21571524589777735
1862384506050,-2.7725274599289684,-7.224901212783633,0.2879873526904171
1862384506066,-2.1006250873845933,-8.419422362999306,-0.08314670839481808
1862384506083,-2.6253047673665724,-7.914777539775362,-0.06897287575779387
1862384506100,-1.8149205487331557,-6.136859063490585,-0.32989931759122926
1862384506116,-1.6883304047653422,-7.098620395466205,-0.2995844254454767
1862384506133,-1.8307946912848352,-6.876220213669785,-0.3337784512104973
1862384506150,-0.7895355289863843,-7.415126052531374,-0.6122535433168919
1862384506166,-1.3707458014401164,-8.135997132186777,-0.3283712887561092
1862384506183,-1.7863763064319773,-9.306511233278837,-0.2657511113209712
1862384506200,-2.437979927588461,-9.363758615817055,-0.29449774105734483
1862384506216,-3.1917852131028814,-9.060372284357966,-0.05169905475014325
1862384506233,-3.7691028863697493,-8.969728678418146,-0.3073081137188307
1862384506250,-3.98127526929977,-9.389580932730507,-0.589491815221207
1862384506266,-4.037011135466184,-9.134286719221395,-0.9717495828998302
1862384506283,-4.943217110587193,-9.0835458954606,-0.8318598020188377
1862384506300,-5.385670074554663,-8.080666355414118,-1.0437248833414736
1862384506316,-4.5272600604122015,-8.596062802803779,-0.8930636278200275
1862384506333,-4.623786952427603,-8.433417685902882,-1.0570485973068295
1862384506350,-4.605856986381213,-9.031736469168454,-0.9846438230417254
1862384506366,-4.52884374259111,-9.271590241431493,-0.7433013985882204
1862384506383,-5.091031792383276,-11.274835394744432,-0.6235089656247044
1862384506400,-4.4582311813826365,-12.82970769993519,-0.541246022161161
1862384506416,-5.615303421266354,-13.20885666704119,-0.8465055574076785
1862384506433,-5.71721904497833,-12.770035586100061,-1.1275973032597073
1862384506450,-7.029415854021954,-12.108901943984932,-1.275141430647349
1862384506466,-7.018934610940202,-12.523554487800347,-0.8240576216768257
1862384506483,-6.458396781258669,-11.601266280505916,-0.374615714104626
1862384506500,-5.15195388146058,-11.28159904469308,-0.3260557183196702
1862384506516,-4.562189932286074,-9.478211428659149,-0.32389277327722077
1862384506533,-4.60962322466132,-9.951930270914344,-0.41782393188517986
1862384506550,-5.001286193503756,-9.095864528766166,-0.5038393004137401
1862384506566,-4.58416108155357,-9.456870367648813,-0.5444924266104669
1862384506583,-4.288007136542078,-8.811190375178795,-0.38544088511317476
1862384506600,-4.158559454403448,-8.223294924189323,-0.6796779536827844
1862384506616,-3.7276389642890697,-8.429884110224291,-0.6881262366959751
1862384506633,-4.00845436545874,-8.511745450948172,-0.6882743276281373
1862384506650,-4.721896086743965,-7.7998115285835015,-0.5209375834196167
1862384506666,-4.663258150340141,-7.507344186844815,-0.11682281967537955
1862384506683,-4.812778976271182,-7.602841176656808,-0.12824775757044216
1862384506700,-3.5914380558265235,-6.924200346017457,-0.0953115238252975
1862384506716,-3.2589715372398604,-7.174805451036593,-0.21593819033433337
1862384506733,-3.6809409862349156,-6.271878019740456,0.2645881325135808
1862384506750,-4.5877669324321335,-6.992623163819733,0.2575667294191222
1862384506766,-4.167494257291795,-7.05625006291724,0.4452069800946308
1862384506783,-3.7329257564281133,-6.151480681706525,0.7218706390546246
1862384506800,-3.751191220658011,-6.290216850794688,0.5281025623830062
1862384506816,-4.789347036812346,-7.719819938745937,0.5497699694159972
1862384506833,-4.566421185570315,-7.527460966653799,0.6237951574370662
1862384506850,-4.233231952961415,-7.365953302518691,0.8091752735550723
1862384506866,-4.075923590410853,-6.565574884950947,0.8349882916090821
1862384506883,-4.239218028692115,-6.108535278698211,0.8560402908601639
1862384506900,-4.740420774072196,-7.009047762231339,0.5805248324137815
1862384506916,-4.507751053945287,-6.91700925736119,0.5796769536486579
1862384506933,-4.548655470014474,-6.740148662464868,0.5556369989985042
1862384506950,-4.171641262065809,-6.85875851446393,0.2670645570195356
1862384506966,-4.5324445738273385,-6.4217387798264856,0.05953341314948357
1862384506983,-5.364075820564915,-6.405033965659181,0.35063715339613744
1862384507000,-5.572773558910434,-6.2698208008531235,0.4090987568520541
1862384507016,-4.904071231735018,-5.948017171837111,0.5922271596182609
1862384507033,-4.658537466137593,-6.469618494674914,0.8082383811700888
1862384507050,-3.395980373732062,-6.305257994503524,0.8766308734285462
1862384507066,-3.023124641214483,-5.984054850313382,0.8482394705098681
1862384507083,-2.9758997454677605,-6.9440785069753925,0.9584057810766071
1862384507100,-3.2003532516854087,-7.547329636590071,0.638300194690834
1862384507116,-3.33242102509813,-6.612691485644004,0.6489777155957441
1862384507133,-3.7542284388199274,-6.34139176988568,0.8094797918464243
1862384507150,-2.4148870700992733,-7.4652281064652355,0.3468282680343808
1862384507166,-2.770555131298419,-7.609448582711687,0.2790300387724254
1862384507183,-3.3533132740892064,-8.046970478904694,0.22182089283829676
1862384507200,-3.490201019910492,-7.701924383711812,0.38001739976950266
1862384507216,-3.8049818486564426,-7.018818277240951,0.4440454412660746
1862384507233,-4.043686830099016,-7.013533515130506,0.3402496256583609
1862384507250,-2.9568587432865505,-6.32225654696517,0.1879682850484199
1862384507266,-2.5393298724383766,-6.493800104134356,0.4011275216899537
1862384507283,-2.70918211779696,-6.774689426819651,0.4079361177597618
1862384507300,-3.7053468733049657,-6.420840568062247,0.6995591809889554
1862384507316,-2.518649235283529,-6.526736227894816,0.701227438426985
1862384507333,-3.9773969419476476,-6.1483030860417704,0.7164105107895773
1862384507350,-3.6449655459196304,-6.943833866810469,0.9837146899765263
1862384507366,-4.025480642014191,-7.213429043581711,0.6408686584624832
1862384507383,-3.908203336913112,-7.689411852615569,0.8080850166864331
1862384507400,-3.9085874969981114,-7.447248775971633,0.6024147607803954
1862384507416,-4.1678768704389455,-5.42445473801455,0.5044242648472863
1862384507433,-3.9244695402506324,-6.225916078110921,0.001621295863040384
1862384507450,-3.473729319286581,-6.583627683099516,-0.17423930564169732
1862384507466,-3.1499178657281206,-6.57613820613069,0.22848005648366687
1862384507483,-4.26913621924561,-7.909366436785905,0.05391810761307814
1862384507500,-4.529436263898472,-7.653449186044931,0.09178026515574955
1862384507516,-4.4028611880552795,-7.794054495525965,0.49786899620214675
1862384507533,-3.7956246403604688,-7.928532734110039,0.19370557761056673
1862384507550,-3.8755735000626346,-8.424431778726774,0.26010966943927993
1862384507566,-4.74043662843196,-8.04442238770718,0.4335151425571926
1862384507583,-4.7779599650676445,-7.834807817064563,0.12445150312172215
1862384507600,-5.234257310114412,-7.045559059211697,0.35473475715052505
1862384507616,-5.175140541023527,-6.648933511266117,0.14034085232781357
1862384507633,-5.321883314908026,-7.355595340628165,-0.03835603301075352
1862384507650,-5.529991617019687,-6.974502762415132,-0.0648712727888896
1862384507666,-4.7491079226497055,-6.087708306848658,-0.28983663761454515
1862384507683,-5.2691776931520975,-6.770249051625032,-0.1555407381760474
1862384507700,-4.725462184460394,-7.68318209395033,0.09669065555533263
1862384507716,-4.16647861976988,-8.122629360204577,0.23648580929237273
1862384507733,-4.802976038141853,-7.801391818739243,0.06519378330832959
1862384507750,-3.919901780381627,-7.587684381235587,-0.2959831265930635
1862384507766,-4.223790734972209,-6.508072677310167,-0.20225391057335784
1862384507783,-3.812245978153583,-7.350727132052847,-0.32512771301899357
1862384507800,-4.058866646564371,-6.116595696031304,-0.2940660259787877
1862384507816,-3.919796976356957,-6.4999215013688385,-0.20687769480509788
1862384507833,-3.6550364445333567,-6.246148158547325,-0.0649722900298566
1862384507850,-3.650855721512458,-6.332344673550739,0.10186349606788947
1862384507866,-3.8153135465998202,-6.932768394323321,0.0907778756723685
1862384507883,-3.006258022255703,-6.5208445457355975,-0.07053635824938254
1862384507900,-2.171407773919709,-5.696833433648578,-0.1655667575686104
1862384507916,-3.1339659586198536,-5.02216166149521,-0.6904444942428344
1862384507933,-2.9736205115102656,-4.609058684005978,-0.8630696519066243
1862384507950,-2.5020368895545895,-5.4993175234994585,-0.5775575612606303
1862384507966,-1.9525747243000366,-6.022308398467122,-0.6371826795566393
1862384507983,-0.8247114556637665,-6.329410354049418,-0.4909842746179117
1862384508000,-0.9095367583926173,-6.077911488139641,-0.3741028889807412
1862384508016,-1.353068798036687,-6.375183643028062,-0.374105856837027
1862384508033,-1.656541637442031,-5.820678016902021,-0.1715861764575073
1862384508050,-0.8184533584288385,-5.986823613565399,-0.4772359340192792
1862384508066,-1.2497597517565944,-6.253596750060456,-0.31788071631354464
1862384508083,-2.086584619354116,-5.90442570310104,-0.36374393418000817
1862384508100,-2.0866439092573863,-5.259511893172426,-0.4476035621160416
1862384508116,-1.8709351138125698,-3.8176530188418867,-0.7402964097555542
1862384508133,-2.2826676889686146,-3.7977538896700076,-0.4898157736620874
1862384508150,-2.0867150919362194,-3.878665288541357,-0.8015366552173799
1862384508166,-2.231978744524787,-3.228208323543323,-0.961269632339813
1862384508183,-2.787585281044567,-3.450697287520015,-0.8281205874821767
1862384508200,-2.6164656809623708,-5.078340107879607,-1.1920433012351512
1862384508216,-2.3104757591377525,-5.11306923316521,-0.9022308973440334
1862384508233,-2.4793105584088955,-4.9840464365853165,-0.7714410193832737
1862384508250,-2.914073299446617,-5.457957174824904,-0.8406918926291719
1862384508266,-4.416308397224833,-5.211772944260157,-1.0032721586684192
1862384508283,-4.492601832630487,-5.293922939294618,-1.2674835167166567
1862384508300,-4.090344649440945,-5.156936462023805,-0.7039076822251932
1862384508316,-4.322056988765488,-4.255729827279845,-0.7536549783473254
1862384508333,-3.9993585058314665,-3.2229000995271573,-0.8702090827240037
1862384508350,-3.513546396966907,-2.92204269815035,-0.7393039810882897
1862384508366,-3.2868750591914324,-2.608801438751188,-0.9949653395206802
1862384508383,-3.6647329184605746,-3.426773155259182,-0.8201924719308955
1862384508400,-3.4850135446533796,-3.553807298288434,-0.6139987967868371
1862384508416,-3.47013573992605,-3.918309020124523,-0.7107752570863064
1862384508433,-3.1235380349499287,-4.341407912019066,-0.7643297355041353
1862384508450,-4.442922623488231,-4.642732654811635,-0.6993928463853437
1862384508466,-4.1226413147716485,-5.006008583415662,-0.7493151191302365
1862384508483,-3.732897667666604,-4.564718411612491,-0.761816896453836
1862384508500,-3.7383418836370224,-4.440012732114395,-1.0329292413707951
1862384508516,-3.581721012629446,-4.0487660949868465,-1.0754539112600108
1862384508533,-3.721303888563655,-3.011350926845693,-1.4325250920425099
1862384508550,-4.140778945301182,-3.9012592387834215,-1.3262938957290995
1862384508566,-4.474927492153378,-2.398242977543967,-0.9795629844345919
1862384508583,-4.342142171709071,-1.9248662618927064,-0.5929738646071337
1862384508600,-4.633556341814213,-2.3247261988092127,-0.47104238125717546
1862384508616,-5.20180456210311,-1.6705663430233528,-0.6007637350872853
1862384508633,-4.906995690767768,-2.232328773787912,-0.8530205133800424
1862384508650,-4.928893446271957,-2.7576608732392978,-0.6496807432835953
1862384508666,-4.77880275967449,-2.6702028153358603,-0.9942710661381966
1862384508683,-4.955967183372472,-1.9641445876130863,-1.2213447458948226
1862384508700,-4.713017879077041,-1.49728120784681,-0.8856602009510953
1862384508716,-4.541562317026536,-2.1111296284369274,-0.9832613503778103
1862384508733,-4.96618269287981,-2.9717605074785034,-0.9538482888331226
1862384508750,-4.113056266766764,-3.436934002376087,-1.1233015805781341
1862384508766,-4.300066644408628,-4.754864291987041,-0.9969732817618189
1862384508783,-3.5320326083665345,-5.182324572676734,-1.2691185776743155
1862384508800,-3.17268744684073,-5.143537107773101,-1.317572396067005
1862384508816,-3.3424218746911607,-4.83585941159835,-1.4167882827191804
1862384508833,-3.7039892273254598,-4.625147449323593,-1.4059977627015547
1862384508850,-3.4738409911785224,-4.579449347924454,-1.387236625189724
1862384508866,-3.5997729395417704,-3.7500143092362626,-1.2638644476487702
1862384508883,-3.729229137610349,-3.966268972175318,-1.6122478939065723
1862384508900,-3.7491404798985255,-4.539483828600646,-1.42301155951653
1862384508916,-3.9070452177846424,-4.825627375191599,-1.5270046331850695
1862384508933,-3.4597489533475763,-5.435776567810098,-1.5197580155346744
1862384508950,-3.165064766049915,-6.513697009434294,-1.3267302228704771
1862384508966,-2.5703903386387923,-6.075547012527593,-1.3281083287425226
1862384508983,-2.8888582934326683,-5.469385392574297,-1.3837988241744075
1862384509000,-2.5940728217336826,-4.7421788504933495,-1.34100203254242
1862384509016,-2.68901301914476,-2.961264802007421,-1.3678982701586693
1862384509033,-2.1267308064052663,-2.938524260923377,-1.0732851432020234
1862384509050,-2.1535645852303404,-3.590616646162385,-1.0772775072910405
1862384509066,-2.2658589286281554,-2.182165566536948,-1.0733370343405495
1862384509083,-1.5033329008776875,-2.272380334548313,-0.6604572292265284
1862384509100,-1.6464816634858104,-1.408397272190653,-0.9576919221340247
1862384509116,-1.8633205290119714,-2.2942627695213895,-0.7353644551260154
1862384509133,-1.3248953312368892,-2.1211474945728783,-0.280771338141266
1862384509150,-0.5938983172158903,-2.5343725285212577,-0.43028116668602445
1862384509166,-0.825520269102237,-1.5966124046236487,-0.40533168364111016
1862384509183,-0.7656403868009032,-0.24303772244573008,-0.3538197238159517
1862384509200,-0.7470308303698756,0.54331241153045,-0.41460220293822747
1862384509216,-0.7157059374285932,0.5207012192156011,-0.6876791668684145
1862384509233,-1.3109668404480255,1.2716982244175181,-0.48668870077232174
1862384509250,-1.2220884406426462,0.8818362537740585,-0.2903492950414446
1862384509266,-1.0938748096519393,0.9809571093190943,-0.23981369432352828
1862384509283,-0.6903470229493598,-0.1864944638032684,-0.32878965375533076
1862384509300,-0.6638688541196114,-0.12055873616701529,-0.7406050617276349
1862384509316,-1.2822693615399317,0.5774365585330345,-0.6559452903584716
1862384509333,-1.5722131575438785,0.342660970365368,-0.521078302407631
1862384509350,-1.529313380175675,-1.7146801777894387,-0.780155681248949
1862384509366,-0.28206787528182886,-2.470024327223643,-0.7098732827350559
1862384509383,-0.3715426245721707,-3.1632914420354488,-1.095637790642369
1862384509400,-0.9196836640448591,-3.48756461319466,-1.1226070758355386
1862384509416,-1.5683291306212142,-3.724132213304445,-1.1522213249486235
1862384509433,-2.0893089025934843,-3.6642007927616973,-1.5681815167421589
1862384509450,-1.9831851576859267,-3.92108956731183,-1.8839090241225533
1862384509466,-2.0576846343975435,-3.618251990264308,-1.7203021775969116
1862384509483,-2.4096638611088195,-4.354158164849734,-1.697632673834404
1862384509500,-2.587816755125676,-5.193009077131672,-1.5072320982038983
1862384509516,-2.156891789715157,-4.4537786036139515,-1.1916527021731664
1862384509533,-1.5712011883033759,-3.5068824764456936,-1.2318364497043086
1862384509550,-0.6065500511974422,-4.076329013846647,-1.2320808984825016
1862384509566,-0.5035795786351365,-4.141619689256042,-1.492752764977895
1862384509583,-0.6665307164980483,-4.4090906059612776,-1.7647767253018607
1862384509600,-0.745252098243558,-4.440135123783357,-1.602992334858083
1862384509616,-1.1283338950530375,-3.8017896330479335,-1.51051718269285
1862384509633,-1.1955612098228041,-3.953497898655975,-1.3544648778305752
1862384509650,-0.9114481814620436,-2.417850415925768,-1.1880231695883294
1862384509666,-1.196608754994815,-2.8369974354335437,-0.8642953500702854
1862384509683,-1.0203977149978494,-1.8519902104234514,-0.8035420010989779
1862384509700,-0.9327278463683037,-0.9004674948709877,-1.0080788364484037
1862384509716,-1.2376631531829347,-0.6643274680317255,-0.7914721178951971
1862384509733,-1.0931410327924937,-0.12496279243826613,-1.049436829044028
1862384509750,-1.4309609168666158,0.21206604606716262,-1.3081085877033585
1862384509766,-1.3456785987666442,1.0724873432382074,-1.4694629493778741
1862384509783,-0.6147265593452316,1.8179743704564348,-0.9559055100890612
1862384509800,-1.5581817337388353,1.6820639669432937,-0.6063387848629581
1862384509816,-1.115814680838576,1.872115263365023,-0.6200406832309292
1862384509833,-1.5756606324313376,0.5657384138445289,-1.0032600847357367
1862384509850,-2.0468919686034104,1.1831668188821336,-0.8756081691693096
1862384509866,-2.72101456632842,0.9865490683999907,-0.889125516528767
1862384509883,-3.2687484907453603,1.064790063304132,-0.7147077430660614
1862384509900,-3.9356937908575755,1.2543500288123957,-0.7512008895193816
1862384509916,-4.072833190433043,1.3309162080280599,-0.5938267907793563
1862384509933,-3.7320404330333368,1.1745925661061785,-0.6543600438542944
1862384509950,-2.6120092625771267,0.8591804464926707,-0.8645519514332015
1862384509966,-1.9808813981948195,1.1724151152154905,-0.8965565276775518
1862384509983,-2.12245887893216,1.761328644349513,-0.6871186003705287
1862384510000,-2.4837489343268166,1.9735710238662723,-0.8052251887395107
1862384510016,-2.4973493462341207,1.1551338675761915,-0.6963763590926555
1862384510033,-2.2881833929676225,2.0371664624169448,-0.6350563299999867
1862384510050,-2.128810916250721,1.862488902014534,-0.8877790109174725
1862384510066,-1.614899741530086,1.367747067314169,-1.0094099692849183
1862384510083,-2.1752713388113363,1.4223150917452614,-1.1179453587402834
1862384510100,-2.0271539714858053,1.8152832559770902,-1.0028300221580555
1862384510116,-2.127865932307477,2.073520617076756,-0.9686792909652853
1862384510133,-1.7828405574767339,1.5629385670418676,-1.1464553969175229
1862384510150,-1.9745613174403553,2.6679876995218113,-1.0609640467340296
1862384510166,-2.0553786570317385,3.8016578178269977,-1.1817956947442347
1862384510183,-1.7778974672287964,3.317165867562071,-1.4145549304502665
1862384510200,-1.9669181121292834,2.375972035996263,-1.3294158430741543
1862384510216,-2.1609210149435625,2.2754741448063784,-1.3567914775803838
1862384510233,-1.5499160091831117,2.2131509753977454,-1.397882090816298
1862384510250,-1.8521558245393077,2.432030409108174,-1.4031498305652867
1862384510266,-2.3085537788964063,3.097845271862454,-1.5559454033770583
1862384510283,-2.245174863145753,2.023474924411917,-1.3761508050471014
1862384510300,-2.664480458853657,2.0945794808471323,-1.4070558680005214
1862384510316,-2.9085806354687302,1.6623344760673406,-1.3114900565603778
1862384510333,-3.5986281847718837,1.4720865813572415,-1.4213110538702585
1862384510350,-4.301524312724753,2.2265849761450296,-1.2859830010039615
1862384510366,-3.840028991612033,2.679502774196365,-1.207303501922024
1862384510383,-4.178145010732367,1.9004003671251155,-1.0927433904076769
1862384510400,-3.6752661774508932,2.6277177501663846,-1.123680162887323
1862384510416,-3.6856822253113584,2.3601865355158633,-1.129365181028175
1862384510433,-5.133069752601051,2.6024547281718746,-1.2319415833878753
1862384510450,-4.182038839817742,2.7604603123986653,-1.3953992016595032
1862384510466,-4.2642701689058,3.373524862964672,-1.2084153662425254
1862384510483,-4.319382624581052,3.5453450724063025,-1.1560920714016978
1862384510500,-3.956635996278531,3.3182137071165574,-0.9651273307788066
1862384510516,-4.2266676790581945,3.3400323204566504,-1.0678053751358798
1862384510533,-4.341630729493051,3.5323448134128625,-1.034162011516978
1862384510550,-4.210204085527783,3.7456404191107158,-1.1796457285024082
1862384510566,-5.182481721734706,2.7729179111872195,-1.0505868263284335
1862384510583,-5.624893830072034,2.8678189400692347,-0.9422569009625534
1862384510600,-5.924560597410245,1.7496130100151674,-0.8103117229419076
1862384510616,-6.007336481693762,1.3472609672146003,-0.9566746985587522
1862384510633,-5.728076015265806,1.7265434882910284,-1.027673770974647
1862384510650,-5.877705877156775,2.7978968340626214,-1.2218681885164513
1862384510666,-6.214237003291441,1.6459615480762304,-1.5437883819806548
1862384510683,-6.796083266990735,2.045144355417489,-1.3058050760779631
1862384510700,-6.637445243200958,2.719458231752734,-1.3183644474169562
1862384510716,-6.835141505326904,2.638575419457929,-1.8959558231160558
1862384510733,-7.425556133407657,1.6185920402261669,-1.9975135128655164
1862384510750,-7.413388882074081,1.8074113934766691,-2.0760366598981426
1862384510766,-7.07543736961086,1.5302134907292055,-2.0920286183769874
1862384510783,-6.685300082430411,1.5465175697414741,-2.2094011038906847
1862384510800,-6.723257927108736,1.5553124252710528,-2.141378727903288
1862384510816,-6.742213434442343,3.003426026444272,-2.086651906013533
1862384510833,-7.636086069498522,2.5709759413845017,-1.8907668880887383
1862384510850,-7.176094879862282,2.156726807159817,-1.5427388124426322
1862384510866,-7.365757317346551,2.2952852403850885,-1.7680103015276083
1862384510883,-7.342699890787105,1.7747792931858832,-2.1930396457999373
1862384510900,-7.91242962280853,0.15697019665865497,-2.193858464486055
1862384510916,-8.927255808378572,0.36932340797990104,-2.083033273249407
1862384510933,-8.560043126024564,0.5611359014771322,-2.3135355619561935
1862384510950,-8.363965980513363,-0.1730135281048124,-2.369042153249023
1862384510966,-7.990973545060072,-2.079936073281824,-2.4445919260811095
1862384510983,-7.7778195063711255,-2.7155309656861704,-2.289922800355129
1862384511000,-7.58335978932956,-2.0352491947449627,-2.5360990155210246
1862384511016,-7.873304806777224,-1.1199929471409362,-2.615858780702254
1862384511033,-7.212036333315714,-1.0647001249742436,-2.5475878894340473
1862384511050,-7.080154068536975,-1.1879411618813878,-2.9737590841079173
1862384511066,-6.624110341457271,-2.735819293235454,-3.3155130176106895
1862384511083,-6.007472593112034,-3.028522045640005,-3.3073813987022778
1862384511100,-5.719015345352539,-3.395491788183946,-3.426074556655493
1862384511116,-5.327400236141878,-3.2909496164465337,-3.3743770024722384
1862384511133,-5.740742548329102,-3.551210787616332,-3.589719848401036
1862384511150,-5.371582050148514,-2.771179486837185,-3.2186179864498423
1862384511166,-6.14949626528318,-1.73360685191878,-3.4689900375405456
1862384511183,-6.51805799593024,-2.416382893920472,-3.4472308622936936
1862384511200,-5.64631780434877,-1.7301743177764548,-2.8380318466254346
1862384511216,-6.0287467933981524,-1.5943051958377135,-2.543978766350521
1862384511233,-5.866740341918771,-1.440360619606932,-2.4329644985926366
1862384511250,-5.768580131205821,-0.8243461019391889,-2.0604687375690727
1862384511266,-5.842911159396129,-2.0720153499969176,-2.2392150980191907
1862384511283,-4.919449872004043,-2.102390662164906,-2.272180838547268
1862384511300,-4.653739937639753,-1.061070443964569,-2.5846530459168218
1862384511316,-4.895971342008092,-0.7851993156765751,-2.1030970907237703
1862384511333,-5.14385125436497,-0.2431231118123005,-1.8807352227168908
1862384511350,-5.529021358062007,0.9391410533077851,-1.7821357269680462
1862384511366,-5.753089953004483,1.4605863825595495,-2.203127056678606
1862384511383,-5.7448988382992585,1.1554800735054096,-2.1885716031756166
1862384511400,-6.581542287097262,1.1244576558924058,-2.2091749633845303
1862384511416,-6.469903826038497,0.5609567604872918,-2.2744736108053707
1862384511433,-6.847774668978676,-0.1836274654329939,-2.20246421914145
1862384511450,-7.521371991155856,0.0015818185801848017,-2.2304538585186746
1862384511466,-7.298814353120081,-0.120309467972735,-2.6954479528881423
1862384511483,-7.968076777467669,-1.0924582518426291,-2.892308158192913
1862384511500,-8.571819257627178,-0.11870368942401566,-2.9908880028517646
1862384511516,-8.24371341238468,0.29198959987684603,-2.769822856625811
1862384511533,-7.937856870996761,0.47589708471255143,-2.583465401490127
1862384511550,-8.708195590758308,1.6095470296850838,-2.588203657142804
1862384511566,-8.586392663918529,1.3989035170414565,-2.4663836819998943
1862384511583,-7.942885467804409,0.41179578296034336,-2.5722152050143627
1862384511600,-7.73213201348922,0.22078096114776802,-2.500888134289397
1862384511616,-7.066875473565835,0.2577594607351017,-2.031631903360922
1862384511633,-7.131095944083554,-0.4107711019989395,-1.7501357929489219
1862384511650,-6.533245616145612,-0.5170001443419485,-1.696968212525935
1862384511666,-6.752249027106842,-0.6958505278302187,-2.104756806752923
1862384511683,-6.268040167076693,0.2125625326027718,-2.50338753380347
1862384511700,-6.515590297350846,-0.3425015539368559,-2.1909546996015363
1862384511716,-6.934630246564359,-0.2730355871812895,-2.089320838116197
1862384511733,-7.6794463616701245,-0.46058422879230854,-2.176076130850624
1862384511750,-7.669544079308439,-0.566057908616302,-2.4491791686793016
1862384511766,-7.309485731575382,0.29431213249037125,-2.5660642871446377
1862384511783,-7.305116204467444,0.28926364852929165,-2.802757473691152
1862384511800,-7.502952985881247,-0.4502461507287032,-2.6428257576344887
1862384511816,-6.63861108274559,0.34884189147120637,-2.4519169482580585
1862384511833,-6.260687940681935,0.5149262046580434,-2.1243216896418233
1862384511850,-6.680442054820723,-0.9040156524566783,-1.8601626095453363
1862384511866,-7.360895755966911,-0.1688965389622883,-1.5329801506117975
1862384511883,-7.162061085821739,-0.1868808213687787,-1.6355032055534222
1862384511900,-7.8190737360413465,-0.7999665812554229,-1.7894740061052261
1862384511916,-7.246899830338559,-0.8908280162842397,-1.6536387120258318
1862384511933,-7.69118193035102,-0.4974551907276892,-1.9683715193181923
1862384511950,-7.871913874264564,-0.33170361198586207,-1.9256828652260634
1862384511966,-8.915777261226662,-0.8825457889673292,-1.7793402784163033
1862384511983,-9.634497248091497,-1.3475920071529073,-1.3940168697795567
1862384512000,-10.125133076105007,-2.658890135740767,-1.5218527382651386
1862384512016,-10.215523297381651,-1.7730104453281554,-1.733142766860472
1862384512033,-10.818426562040951,-2.7109799999422965,-1.459432091965761
1862384512050,-10.236960662298717,-2.8538692696926193,-1.1689900471665609
1862384512066,-10.498499025568567,-1.9882013976128743,-1.1884857489082143
1862384512083,-10.144466600942987,-2.326207449762663,-1.902344590318361
1862384512100,-9.851272789538793,-2.999432792507082,-1.852171939559542
1862384512116,-9.656143049615128,-2.3966178030813245,-1.4546950825580862
1862384512133,-9.451174347342576,-2.2617461135125003,-1.4433310318132861
1862384512150,-9.908545447180561,-1.8851552966442053,-1.6199087647972392
1862384512166,-9.87392553563177,-1.6725165341395245,-1.4308293738196156
1862384512183,-9.773410087944512,-1.258605282008661,-1.901490893540868
1862384512200,-9.61769889957889,-1.6138453123721472,-1.7326020348131768
1862384512216,-9.74423544371491,-2.694538359010334,-2.064186472928063
1862384512233,-9.111510100980453,-3.217205734729997,-1.7638242516753546
1862384512250,-9.323721782386986,-4.121358534958498,-1.7299141390111372
1862384512266,-9.35263704939948,-4.3228182915557944,-1.719868252137207
1862384512283,-9.967724848545956,-4.649625113727399,-1.6856538704381856
1862384512300,-10.440835245802544,-4.888009229623381,-1.3287199375989023
1862384512316,-10.083428792249531,-5.44432359868482,-1.6275025436402233
1862384512333,-10.059241023609585,-5.286611972251865,-1.4774391829693743
1862384512350,-10.230011405891414,-6.243705782668233,-1.1587348391099799
1862384512366,-10.402084966065848,-5.4967850009652865,-1.449240180803705
1862384512383,-10.42590732516649,-5.634050737365687,-1.7335522922231674
1862384512400,-9.69883141747452,-6.516558851719367,-1.3847899465813038
1862384512416,-9.338556037117044,-6.214183928263969,-1.4949002592721004
1862384512433,-8.387806317276187,-6.7554220832347776,-1.2121845508304054
1862384512450,-9.32801769661164,-5.9719430232424,-0.8489121333172497
1862384512466,-9.60198278401305,-6.21253520180031,-1.2886131535472163
1862384512483,-8.290565322667653,-6.261011552598769,-0.8713262057480647
1862384512500,-8.536884321348937,-5.809970322527418,-1.2161039509185454
1862384512516,-8.28750200527162,-5.069172835982255,-0.7624468920307458
1862384512533,-8.174945062597255,-4.619895359946423,-0.6373478810741461
1862384512550,-8.242769804085357,-5.346441155310027,-0.6850358407631176
1862384512566,-8.006437616214601,-6.36753375269362,-0.37769473937345666
1862384512583,-8.463022332890928,-6.55296939791415,-0.5756074761158146
1862384512600,-8.149927322532696,-6.4464119214792355,-0.2595558044200794
1862384512616,-8.456235804782644,-5.7272530957143095,-0.18980493780389174
1862384512633,-7.576003170379481,-7.004844513650319,-0.4761714450510438
1862384512650,-7.577559178402407,-8.55084432233376,-0.5077553667219652
1862384512666,-7.624970648785777,-8.014681160137629,-0.35351015916817863
1862384512683,-7.799417386874772,-8.526416286717806,-0.26849544124473734
1862384512700,-7.905193584802081,-8.212567822875586,-0.1715614624063435
1862384512716,-7.0803903233780225,-8.76597080524888,-0.3870950370597439
1862384512733,-6.769717651865227,-8.861334768259175,-0.4335134560237207
1862384512750,-6.718983813083608,-9.146404646662578,-0.08062019726085246
1862384512766,-5.946611640500853,-8.924596024584911,-0.201815133959945
1862384512783,-6.131100583484249,-9.8437385807281,-0.17766429947110374
1862384512800,-6.708518536354864,-10.730163527540753,-0.09603086193377575
1862384512816,-6.718603040453962,-10.524076844667995,-0.29085058826399046
1862384512833,-7.162175352874541,-10.948247190321101,-0.2699545910524448
1862384512850,-7.027872021593874,-10.543109264655062,-0.2992023067745919
1862384512866,-7.084139013811743,-11.246821987551728,-0.02360615443209113
1862384512883,-5.220353265541019,-11.544507887340753,0.04385724622354337
1862384512900,-5.27534144877553,-11.98550104601077,-0.3414834193715999
1862384512916,-5.20779837673191,-12.58184958143988,-0.2048235227408688
1862384512933,-5.015904142428565,-12.48689592376896,0.045348935704616844
1862384512950,-6.230233163225714,-12.80304757002034,-0.19855241456826245
1862384512966,-7.289406068940179,-13.468380228419704,-0.33212020234323747
1862384512983,-7.1509126588147485,-14.238706197861042,0.04920352973709963
1862384513000,-8.16984386398183,-13.244299563328816,0.25106703405454933
1862384513016,-8.336232486421356,-13.69699443440631,-0.13443074418577128
1862384513033,-8.50996898593593,-13.819317847048191,0.26944068959323886
1862384513050,-7.987080489939045,-13.339382569645117,0.21492203810017907
1862384513066,-8.390811410123078,-13.346631004071002,0.39767467036592596
1862384513083,-8.302874086661744,-13.02304129054145,0.5745623973604039
1862384513100,-8.079771757498605,-13.39131479562314,0.4062649334729789
1862384513116,-8.211977791553316,-13.868416495484901,0.6694133444312296
1862384513133,-8.521546955976042,-13.278677774789418,1.0195928346820622
1862384513150,-7.866036944649074,-12.243161480245146,0.7773391481495084
1862384513166,-7.3402104777777755,-12.51844868194057,0.9174640833832488
1862384513183,-7.0719073798771035,-12.063370596453762,1.0966565723277981
1862384513200,-7.752331860950539,-12.175181491986034,0.6806125283384004
1862384513216,-8.205079884754488,-12.169462398755115,0.8967185854993354
1862384513233,-8.116098160442693,-12.799919579747012,0.7167218714399508
1862384513250,-8.679088868880076,-13.944106266040002,0.42282608901591656
1862384513266,-8.391033717957647,-13.404266087449649,0.35118942361266403
1862384513283,-8.213001130972888,-13.081966355616657,0.30440030454221456
1862384513300,-7.617925739772719,-11.830416155766544,0.19742495284345574
1862384513316,-7.740905461355765,-11.246498137934037,0.28176487151482754
1862384513333,-8.132610210321058,-11.191789428587235,0.27726252483075653
1862384513350,-8.753300695719075,-11.065168402522529,0.32037912091899656
1862384513366,-8.960242032799052,-9.710674241670002,-0.15163651788378152
1862384513383,-8.970802597759032,-9.498453612271447,-0.1984542419377957
1862384513400,-9.464042389731425,-10.20708356400536,-0.05652558634406768
1862384513416,-9.251438612388995,-10.535565989820894,-0.2134819102831722
1862384513433,-9.157674047103407,-10.356482815604062,-0.17011955537059764
1862384513450,-8.318721747370983,-9.91382083974452,-0.4980184971471725
1862384513466,-7.685200630811731,-9.904937057836577,-0.7349743257660447
1862384513483,-7.316762069057573,-9.712814773876925,-0.6844940884813061
1862384513500,-6.623992613187865,-11.022891392863993,-0.7453442957642891
1862384513516,-6.067248698128601,-9.962104150018003,-0.9051054103851075
1862384513533,-7.106970700444893,-10.52346976476655,-0.962910248615642
1862384513550,-6.797840538083792,-10.165795569031516,-0.8836209362036647
1862384513566,-7.469079021408136,-10.131497348048825,-0.4061669348864797
1862384513583,-7.202538639963173,-10.973683933156375,-0.5481457261510919
1862384513600,-7.404662754654059,-10.876876561036948,-1.0340282255419413
1862384513616,-7.237053087456605,-10.035627622795813,-0.6619747351158428
1862384513633,-6.969957849231198,-9.337334379042886,-1.0130955165866802
1862384513650,-7.048117704640635,-9.88827206382529,-1.5079831893351867
1862384513666,-7.140068370513157,-10.250972725405056,-1.8478180473808157
1862384513683,-7.573699652253893,-9.474763066438598,-1.9090915015862189
1862384513700,-7.235983577884049,-9.622392981224877,-1.343013976546528
1862384513716,-6.680995090417399,-9.456884193210398,-1.5041319133600286
1862384513733,-6.3055784546106395,-8.619416289681109,-1.48927423654588
1862384513750,-5.812864980144537,-8.814610349243672,-1.3676305797554003
1862384513766,-6.009288718404571,-9.096621395571727,-1.0501351941254726
1862384513783,-5.666756795789016,-8.354253924996124,-0.6522225408766774
1862384513800,-6.025052416404218,-9.657158290658117,-0.6621248671037634
1862384513816,-5.77013064568751,-9.650708580215841,-0.6378054228793884
1862384513833,-6.2246821838418445,-10.320267282652425,-0.6728585686995648
1862384513850,-6.207885981712597,-10.768042656382594,-0.4819129732601144
1862384513866,-6.20794330402159,-10.961992938329598,-0.4447541840028082
1862384513883,-6.174838593132272,-10.36853183953501,-0.8146047005557004
1862384513900,-5.540503279995446,-10.50657115205388,-0.9626505220619654
1862384513916,-4.759205760835224,-10.355259760755665,-0.7247082687240349
1862384513933,-4.856854013721986,-10.463857617640755,-0.665138673716174
1862384513950,-4.820149133712261,-9.748779790899626,-0.5648325343884288
1862384513966,-5.201741003064543,-9.487989440191747,-0.4567417087786243
1862384513983,-4.850982899445914,-9.862730347758541,-0.9617473163476233
1862384514000,-4.790041713868609,-11.672807471293632,-1.3639307969490844
1862384514016,-4.2281654518250456,-12.463971743109962,-1.3023481516425397
1862384514033,-4.197800290968584,-12.392067730176695,-1.3569147049975492
1862384514050,-3.8103496989819803,-11.297497489431734,-1.3976941987605367
1862384514066,-3.954742657717653,-10.11269717063677,-1.688795139645086
1862384514083,-4.120840213064956,-9.378740805600044,-1.5033843012081531
1862384514100,-3.7481333521101674,-9.640702305236635,-1.2546860421329655
1862384514116,-3.273634988382455,-9.382419811849052,-1.2301416202903235
1862384514133,-3.6159326120812034,-9.331216292222692,-1.4057785525402589
1862384514150,-3.7493691448867468,-8.785702579016142,-1.986154187878653
1862384514166,-3.446194700991695,-9.456808046687,-1.8303078645392767
1862384514183,-2.5916693183410455,-8.7843402213693,-2.055456008042877
1862384514200,-2.6565690480295348,-8.89841806878008,-2.132482491719788
1862384514216,-2.995006599742834,-9.10536002195313,-2.0817712571170066
1862384514233,-3.2022715935588604,-8.794111811323596,-2.290895697668641
1862384514250,-2.2005162190748533,-9.552410797293128,-2.5571231676840935
1862384514266,-1.5599737745258286,-10.285868437495704,-2.7376904546908594
1862384514283,-2.5215991707565193,-9.908557164148313,-2.236914994984559
1862384514300,-2.875456612527929,-10.134277925232364,-2.3123389227707714
1862384514316,-2.587876214132656,-9.658854885870445,-2.3652761244964777
1862384514333,-3.0744516890759837,-9.158404416592582,-2.633393965706932
1862384514350,-3.431078067233412,-8.346617257901556,-2.895574486581178
1862384514366,-2.6366775738584534,-8.562730619580018,-2.290487530434613
1862384514383,-2.7898687030311784,-9.062977734541919,-2.3031084971667295
1862384514400,-2.6529119088949873,-10.019222451420518,-2.5932063314034273
1862384514416,-2.165249844557577,-8.946582228793302,-2.7595113960535462
1862384514433,-2.0154041564084473,-9.194099028923942,-2.593107460072659
1862384514450,-2.3678105302610066,-9.706984068536272,-2.709899804444907
1862384514466,-2.06627012310794,-9.757259950773154,-2.56389912472457
1862384514483,-1.6166649046768642,-9.392921880236576,-2.5600801417658925
1862384514500,-2.2052806938590535,-8.578950802545158,-2.4945818652211025
1862384514516,-1.8375399392926388,-9.299401586506601,-2.085242312264704
1862384514533,-1.7193647315135983,-9.198747538666328,-2.5669649743015768
1862384514550,-2.073053493499701,-7.821065063623303,-2.6119807964454136
1862384514566,-1.883702421832004,-8.88564492630034,-2.493305954202252
1862384514583,-1.7853047106414137,-9.092858312791435,-2.7350053230948594
1862384514600,-1.3672072919467002,-9.074725363129712,-2.8612124305165834
1862384514616,-1.11674194181679,-8.872618557336104,-3.1933790089231775
1862384514633,-0.4358173969519896,-9.04737689775534,-3.264589886727718
1862384514650,0.11185998756594095,-9.533747172915072,-3.330407343438873
1862384514666,-0.21406951992785483,-10.483801275951386,-3.3995325517857182
1862384514683,-1.1738543249617752,-10.467950011710784,-3.502476015212471
1862384514700,-1.7975461575443754,-10.93552968277386,-3.406301603307666
1862384514716,-1.781073262552113,-10.737170404337167,-3.3036875715745686
1862384514733,-2.0951788455513642,-10.367055172403216,-3.155634511238736
1862384514750,-1.998486884484353,-10.05225340872096,-3.1936266866565393
1862384514766,-1.070587099514742,-9.177298128472763,-3.227003236134199
1862384514783,-0.19017422383863192,-10.024912012223599,-3.33539684410671
1862384514800,0.14418807152596536,-10.148170969119176,-3.188129244848695
1862384514816,0.13520813437358115,-9.648598462087971,-3.202751301597327
1862384514833,-1.1368609952771727,-9.878000823934432,-3.136059482171983
1862384514850,-0.9778091992538998,-9.975058167001114,-2.976178719001308
1862384514866,-0.3165536992421387,-10.502539240340838,-3.0242115325510524
1862384514883,-0.6730492128808105,-10.61714206706347,-3.140367614308643
1862384514900,-1.0286784017953723,-10.969618182785844,-3.0064742570062
1862384514916,-1.0714590620333588,-10.555825652000653,-2.8583064740749737
1862384514933,-1.2554874332571173,-11.371218525938838,-2.9270276117335383
1862384514950,-1.3060763568037306,-11.607239254797541,-2.821207305285122
1862384514966,-1.3660446201731844,-11.878536173140136,-2.5404128170653344
1862384514983,-1.5209699790217637,-11.77914783214798,-2.60572523081409
1862384515000,-1.6671415555722842,-11.081568730824795,-2.1583279719455337
1862384515016,-2.1364063237248065,-11.669407148036097,-2.216834538147036
1862384515033,-2.088129662629805,-12.1256217600822,-2.26768982406935
1862384515050,-2.476374583101904,-12.196592150863637,-2.1786333810607417
1862384515066,-2.6892264571296245,-13.458475975207907,-2.594895744828891
1862384515083,-3.6845788504395047,-12.580932382956803,-2.3824231128050526
1862384515100,-4.100250467618483,-11.461083756752174,-2.556397308972902
1862384515116,-4.474904963385592,-10.74861199989762,-2.6045648626335973
1862384515133,-4.203457860100948,-10.26765124855178,-2.606491154454652
1862384515150,-5.27251158810487,-11.544407261841904,-2.509531069930602
1862384515166,-5.087897601752976,-11.8448165188809,-3.029842996060572
1862384515183,-5.150418499044234,-10.846716949919834,-2.7861079326795446
1862384515200,-5.108879267045962,-10.0248180384908,-2.840397269370967
1862384515216,-5.299289988377803,-10.334266353402835,-2.6329805983888375
1862384515233,-5.176236577147424,-10.798293584453955,-2.838907900473693
1862384515250,-5.43885599122108,-12.271648338513913,-2.9082155682942057
1862384515266,-5.80369962889787,-12.349505156991219,-3.1381729131651683
1862384515283,-6.297096423517742,-11.657152166041381,-2.745808752000081
1862384515300,-5.742710773301805,-11.430520089172175,-2.5904128255736696
1862384515316,-4.8561420455178474,-11.714670590322513,-2.6569723266711454
1862384515333,-3.999004131394047,-12.518671690928748,-2.816235788684941
1862384515350,-3.7160924448828334,-14.204130389164106,-2.9378524331702613
1862384515366,-3.779395288905965,-12.990234398154655,-2.880290180794193
1862384515383,-3.184612372911123,-13.40177153808846,-2.485531962825082
1862384515400,-3.0640543133727207,-13.510948931279518,-2.5125876239947447
1862384515416,-2.8807101642555097,-13.620212109540052,-2.2977420182194543
1862384515433,-2.0923980756749563,-14.169239142120722,-2.5030183155317576
1862384515450,-1.7998611897836323,-13.914746088076786,-2.474355086900667
1862384515466,-2.387887881847025,-14.738581705417419,-2.8274439867716015
1862384515483,-2.770381983326628,-15.969932736361951,-2.937768373485998
1862384515500,-2.191059651706912,-15.456252991679547,-2.891871333526201
1862384515516,-1.9086083236220608,-15.193670778066952,-3.0544516872848098
1862384515533,-1.464698760721621,-15.027554538872542,-2.9725965805185157
1862384515550,-1.1136652594952032,-14.831786795346733,-2.447628663096454
1862384515566,-0.9665179612438974,-14.87386486194913,-2.541708623121746
1862384515583,-0.8688344161602362,-14.785873319278977,-2.3008228038145857
1862384515600,-0.3515046439157903,-14.010855577982689,-2.313402239154299
1862384515616,0.1972204497400467,-14.286886349653118,-2.28069645520312
1862384515633,0.5501385811549371,-13.964254181354491,-2.512373706715957
1862384515650,0.7326544331726739,-13.565640518384473,-2.232761725984629
1862384515666,1.0297321703138351,-13.970450915347195,-2.0210633412740617
1862384515683,1.1417105383861808,-14.194984499852637,-2.1655339217873446
1862384515700,1.216547947550561,-12.541574331867789,-2.327178521385703
1862384515716,0.4950731003613855,-12.383998654533928,-2.0415223640339564
1862384515733,1.7594056453466393,-11.784504565372181,-1.8763388937503365
1862384515750,2.3846738893084494,-12.386650075820459,-1.862424468092094
1862384515766,2.39344208552762,-10.935953166439042,-1.9914038672527914
1862384515783,1.6248147694763766,-10.009786848866149,-2.092936610709566
1862384515800,1.5947688409789071,-9.594463620992261,-1.7531906126983574
1862384515816,1.6976301357358379,-9.056652135777657,-1.7760226546167859
1862384515833,1.983171673071026,-9.093380922043874,-1.9260448632796936
1862384515850,2.459308130442179,-8.883212237972646,-1.5978062149763597
1862384515866,2.9178207388656645,-8.915942158037709,-1.4184260907722106
1862384515883,3.126786634842765,-8.004128531827384,-0.6482507404277228
1862384515900,3.6377822796289685,-7.37545664106887,-0.8515027756920411
1862384515916,3.8163465593118016,-6.901688959231028,-1.1340863924688478
1862384515933,3.5322357192346967,-6.087866733953673,-1.2863230744558316
1862384515950,2.969328992110082,-6.261918451104188,-1.512176768138678
1862384515966,2.7607958273294155,-5.190349559724886,-1.4464899425660254
1862384515983,1.8189558945541933,-5.135044406742147,-1.0138578298498462
1862384516000,2.0630833427750153,-5.574653482160211,-0.7722686831647982
1862384516016,2.2132496759873623,-5.977095732623276,-0.6366333576390145
1862384516033,3.10660807094575,-6.019953487963708,-0.7583637683971979
1862384516050,2.500983124698833,-5.990205605575152,-1.0639481554450532
1862384516066,1.7924888308071507,-5.820510299007075,-1.0102901635329016
1862384516083,1.0214613406731345,-7.0821639049631395,-0.934038915516824
1862384516100,1.2189383971319332,-6.061845440950037,-0.6966175277634864
1862384516116,0.8879190274112236,-5.737130302382301,-0.5068696551802321
1862384516133,0.6443320353833313,-6.437943553187431,-0.761333821673217
1862384516150,0.4667271332723688,-5.899551246983976,-1.0158512473446455
1862384516166,0.06448574975239119,-5.9655606559165975,-1.2487269482745764
1862384516183,0.2968226737502535,-5.515997017007757,-0.9632484214002395
1862384516200,0.2861766534605694,-6.04379834386081,-0.8102845086800247
1862384516216,1.0260420780739237,-5.823899638274309,-1.3268214649602519
1862384516233,0.9922009465873174,-5.442358738280872,-1.2306892307390491
1862384516250,0.054601558903687675,-5.758544318813054,-1.5621447555090655
1862384516266,0.21081222333824723,-4.952350591444582,-1.487418104155882
1862384516283,0.2845155356853839,-4.331804834807589,-1.6305399049729985
1862384516300,0.3588935335842054,-5.114878932032707,-1.4904001782418894
1862384516316,-0.08280362568686428,-4.584581667725315,-1.6760626765932405
1862384516333,0.23494937775327607,-3.9978384748156666,-1.7903334534474227
1862384516350,0.20536289229414972,-3.9097119133279916,-2.3421405232933195
1862384516366,0.21408895478999312,-4.01288684011528,-2.161617636787464
1862384516383,-0.08157305323624175,-4.193335217918214,-2.2503955649524285
1862384516400,-0.05476890044335825,-5.398401032054323,-2.221155160238941
1862384516416,0.20820310586257573,-4.954734651744185,-2.439832970493094
1862384516433,0.020029236168697118,-4.709091309564469,-2.189142463984343
1862384516450,0.2527984902881375,-4.66505711303717,-2.7592000518530226
1862384516466,0.7350787573859137,-4.3006606369005995,-2.6310196695132855
1862384516483,1.2875489099806652,-4.940316407999154,-2.2625689746635587
1862384516500,1.7832051001143423,-3.8222390891805276,-2.0144316278740035
1862384516516,0.9812700758256625,-3.9656110741448387,-1.785867775334647
1862384516533,1.405086396869164,-3.6467545149632725,-1.8017474233541662
1862384516550,1.829675219634904,-4.00121381836335,-1.703381541652337
1862384516566,1.7297129562078313,-3.937729231866961,-2.013823019090079
1862384516583,1.8618642045646565,-3.30887531588625,-1.5252697919199023
1862384516600,2.392684321233549,-2.486080527965746,-1.4937560275905202
1862384516616,2.380048937526298,-2.2169767737227004,-1.4109063147252923
1862384516633,2.6296018064540485,-1.001746619788654,-1.3553172868200554
1862384516650,2.713095675703011,-1.3545523885722321,-1.293611100984225
1862384516666,2.850414846956081,-2.2750128899154345,-1.0821169905185588
1862384516683,3.2363020199577326,-2.9793438630195412,-1.3715932616235524
1862384516700,3.642965433781722,-3.3798338331004945,-1.180702577988647
1862384516716,3.467849976335893,-2.87349492637542,-1.3405914002740988
1862384516733,3.5964369488156525,-3.739840893116036,-1.4080883726533198
1862384516750,3.054419623066293,-3.8742826583245744,-1.45580386984665
1862384516766,2.8036980330863877,-4.148465479779771,-1.7254086120082999
1862384516783,2.5807623301524796,-3.7319770613015413,-1.4657808253456646
1862384516800,2.1906411428383663,-3.120379326040014,-1.6353446297809207
1862384516816,2.519778134293399,-3.6871132105577096,-1.5987098751415552
1862384516833,1.7239887953347166,-3.1288676003574483,-1.2814637483379647
1862384516850,1.1927456911694385,-3.0556873018999946,-1.4796849705570647
1862384516866,1.028665189595265,-3.9379872458655,-1.478771431082884
1862384516883,0.8520552530604126,-3.598963188991717,-1.4053997420898374
1862384516900,0.1803871757761657,-4.453498390137643,-1.503672882475963
1862384516916,0.23341488941150956,-3.7215881852815906,-1.7032588093475796
1862384516933,0.5990498814671508,-2.738185149700481,-1.4051684779679872
1862384516950,0.7959390670808997,-3.582724060084487,-1.4532930022412613
1862384516966,1.1565949246505687,-3.7917078502850625,-1.8267578877411508
1862384516983,0.7357363435634614,-2.9412674994700447,-2.010543844944155
1862384517000,0.06868134729465059,-3.553834262025845,-1.838744807654873
1862384517016,-0.16486464671519396,-4.085895996261432,-1.6723406127579037
1862384517033,0.40114766375549493,-3.0575907579494457,-1.447135219505181
1862384517050,0.1536339306759098,-2.643511552624806,-1.3545197091448309
1862384517066,0.663145836244631,-4.172116510366616,-1.6564404675168103
1862384517083,0.785256543829493,-4.528535048584406,-1.1618523729915184
1862384517100,0.778861862797334,-5.335762079747415,-1.0147366236166935
1862384517116,1.0180329323840729,-4.6022002503024275,-0.9905469895197723
1862384517133,1.145750173232404,-4.928941404649098,-0.9327879883139794
1862384517150,0.4478334493006262,-5.227500653893713,-1.4077610242849155
1862384517166,0.8642369530266398,-6.3036510503199334,-1.8593858757439656
1862384517183,0.8735182331654814,-5.737507588310085,-1.7110048745971294
1862384517200,0.5315797396313062,-5.367906231758986,-1.3835883228559132
1862384517216,0.9172340132256629,-4.12920823140574,-1.5763688780006233
1862384517233,1.6958753541485985,-4.619062441340207,-0.9131644116582384
1862384517250,1.3630498993728226,-3.927014846696655,-0.7549656459473706
1862384517266,0.7182868206270436,-3.810481381752144,-0.6914212542097534
1862384517283,0.6277826780696723,-4.64644304066572,-0.6058361879499697
1862384517300,0.5014764330652932,-4.331216835638224,-0.659912348536741
1862384517316,0.7417034158284617,-3.3093042897767937,-0.5694080141537752
1862384517333,0.17076734317335251,-3.517726263640489,-0.6901696996142677
1862384517350,0.7888063884163206,-2.6457090144287165,-0.5345431105890606
1862384517366,0.06664647850435568,-1.057060534123364,-0.8263890286674244
1862384517383,0.16706789948446055,-0.25180794734979006,-0.6980357363240738
1862384517400,0.4804901534574819,-0.9131639822157913,-0.4742497871572572
1862384517416,-0.06411115171158777,-2.3441325665253476,-0.7273681318517455
1862384517433,0.623183390512497,-2.3345072987282682,-0.5137565019319832
1862384517450,-0.9311602083999109,-3.434150199969177,-0.8749329962641433
1862384517466,-0.23048419881966886,-4.129237844222048,-0.9852761622680574
1862384517483,0.06195363388384223,-3.9352287259105,-0.5791897191739854
1862384517500,-0.07302374805287837,-3.9184725976608634,-0.6669855515452513
1862384517516,0.25108357809340287,-4.87278274651745,-0.8960228614514254
1862384517533,0.8378167625271891,-6.125654414996601,-1.015383323224681
1862384517550,0.23536381533211514,-6.461242396044528,-1.1850423362001044
1862384517566,-0.7479425546110461,-6.539735052883128,-0.8534020596764539
1862384517583,-0.2864891340141522,-6.562655298065173,-1.2775118300019646
1862384517600,0.5082209365779473,-6.935476103546767,-1.002397827141634
1862384517616,1.3178446788343594,-7.21668280476648,-0.9299946297650026
1862384517633,0.9812430561238168,-5.987569183156723,-1.5347731315236208
1862384517650,0.5145303308889639,-7.547904258924128,-1.643198713208611
1862384517666,0.5680114065489574,-6.191739412156929,-2.121920214772651
1862384517683,0.9275337121190965,-6.012314881774757,-1.963910143258328
1862384517700,0.74325781360292,-6.799219945437597,-2.1320690735231658
1862384517716,-0.04620244595402845,-5.732861940260317,-2.1304329320476443
1862384517733,-0.5142035317348057,-5.317566361227481,-1.8884369460043176
1862384517750,-1.2655345269251197,-3.7424596317141066,-1.3457218392032966
1862384517766,-1.3750878573167293,-4.385636418709357,-1.0137135165055653
1862384517783,-0.8225916328499054,-4.030280799310231,-1.6317505007468085
1862384517800,-1.4560208121239446,-3.22113825468553,-1.969250585385725
1862384517816,-1.3853519157508707,-2.7484814172409315,-1.7302222678068848
1862384517833,-1.7225120066372352,-3.5285636113675225,-1.7078733694819852
1862384517850,-2.8418941275512126,-3.4198260878210713,-1.7420701927466848
1862384517866,-2.7617262734062438,-3.2907887186786873,-1.8926424084678466
1862384517883,-3.1376409207049134,-3.648958259588947,-1.8489860158613847
1862384517900,-2.724930598018267,-2.3635764132689614,-2.112095244582777
1862384517916,-1.978267819692602,-2.6634610362993927,-2.025051342476447
1862384517933,-1.737857037972188,-3.097580118527324,-1.6501395652687327
1862384517950,-1.039467276031858,-3.1332677158083597,-1.443466300778502
1862384517966,-1.526292914154951,-2.1931846832987185,-1.2691449325038393
1862384517983,-1.4247801389981491,-3.2030496158833017,-1.453153128196001
1862384518000,-1.8204556290616223,-2.6632144859653484,-0.9344809446220704
1862384518016,-1.6917539377427793,-2.1262323124054063,-0.996753808495433
1862384518033,-0.4503150875220028,-1.025043192535195,-0.8758937375561959
1862384518050,-0.7791768922164555,-0.9904151344627952,-0.9592851145789404
1862384518066,-1.3508439182833287,-1.1168848215080587,-1.2716836258337576
1862384518083,-2.3845777694520995,-1.9487086366220345,-1.2459103195708634
1862384518100,-2.209614748544817,-2.356203277550831,-1.315876390853322
1862384518116,-1.7181804310333297,-2.1618932901929044,-1.7499218178780032
1862384518133,-1.4459039427340312,-1.6909900177631814,-1.4292901580907662
1862384518150,-0.7965225503471536,-2.0846447572368243,-1.4871500103039794
1862384518166,-0.9477157309312423,-2.699419572933326,-1.7226769271894646
1862384518183,-1.4853869411222123,-3.9556901977948256,-2.305990065315957
1862384518200,-2.329405175922873,-3.9054725942365254,-1.937356461373537
1862384518216,-2.3175973330264372,-4.44091074588118,-2.2231520927387964
1862384518233,-3.3737906302224836,-6.314907087613584,-1.9074466683086646
1862384518250,-3.386204928973712,-7.04392840332021,-1.66357169914279
1862384518266,-2.4353693195578923,-7.236067178897284,-1.6453974197154688
1862384518283,-2.8314521888108546,-6.839922334851229,-1.475584352632211
1862384518300,-2.989095500764647,-6.5245251801490785,-1.1953867923652481
1862384518316,-3.173108344752622,-6.561185827238752,-1.542095374549918
1862384518333,-3.1360788871439054,-6.303068605088306,-1.5712038900292271
1862384518350,-3.0049928923836173,-6.705866264971079,-1.7584909832007272
1862384518366,-2.938809843911831,-5.797132429944971,-1.887186356675415
1862384518383,-2.8839697590552134,-5.939153218625107,-1.9294996097868973
1862384518400,-2.6496446284651136,-6.6670183401656935,-2.206015125353865
1862384518416,-2.521475948874368,-6.552399425142058,-1.9024122598086155
1862384518433,-2.3980617172747944,-7.120630761929046,-1.8879031419834975
1862384518450,-2.3365308167710572,-7.422644582221377,-2.0878092324130906
1862384518466,-2.9795945953084724,-7.92384492932611,-2.140574237730395
1862384518483,-3.4075628281914243,-7.19277888075826,-2.108640207378571
1862384518500,-4.492120248882558,-8.071652926452,-2.4983126721938183
1862384518516,-4.067214247355414,-9.955905256090238,-2.235601688137347
1862384518533,-3.9955120303313105,-10.210039673626692,-2.041010547888963
1862384518550,-4.545437628127093,-10.799609820397812,-2.4694985010584496
1862384518566,-4.539941419726897,-10.68401992382514,-2.357425589394101
1862384518583,-4.72598623710827,-10.662186962324867,-2.2694367902172146
1862384518600,-5.881856228835804,-11.807542410729196,-2.23175790222692
1862384518616,-5.985929728412878,-12.84992007088399,-2.372746645200181
1862384518633,-6.360289174477579,-12.706246413518265,-2.537928351225679
1862384518650,-6.096807833536383,-12.57957839157881,-2.265376992762703
1862384518666,-6.579882264982865,-12.024462754381613,-1.744719542126679
1862384518683,-6.384899130677887,-10.68605248500064,-1.819028796227665
1862384518700,-6.835651830549637,-10.70805493790184,-1.9654035743353524
1862384518716,-7.689407180251676,-10.730203553461317,-2.17635320316536
1862384518733,-7.429961619831863,-9.865022525867635,-1.9123066504118627
1862384518750,-7.399479913512797,-10.149335297254977,-1.9291925924599886
1862384518766,-6.495563774493515,-10.281847266014488,-2.1821913539787676
1862384518783,-6.015663274994138,-9.41706039154315,-2.250528788513375
1862384518800,-6.189370886092855,-8.476198459228847,-2.2770103350993427
1862384518816,-6.419126433716536,-10.087996098498135,-2.0365279281177813
1862384518833,-6.674897976825657,-8.663157696365964,-1.9565380584291325
1862384518850,-6.00940252978504,-8.606108767032728,-2.0731317411972823
1862384518866,-5.939980744607977,-8.46884876670671,-2.683912917454734
1862384518883,-6.082271698960117,-8.149448335458613,-2.770605688639338
1862384518900,-6.052455988448845,-7.4597898976758765,-2.631902305709599
1862384518916,-5.553359605856062,-6.5771740222854636,-2.8186712864062873
1862384518933,-6.443657745671285,-5.852345817204043,-3.1560939074977834
1862384518950,-6.448765315847641,-5.610307526010241,-3.120650555654784
1862384518966,-7.123576954813805,-4.4738859890973215,-3.059271883300966
1862384518983,-7.81471349308651,-2.3667721010599805,-2.8980010073362372
1862384519000,-8.565442977887432,-2.8851576487791406,-3.0648080283320938
1862384519016,-7.6560668835965,-2.2654797463552123,-2.7348439774167606
1862384519033,-8.615677298544085,-2.1807234849145036,-2.398343577722903
1862384519050,-9.04638345027412,-2.2254609636716713,-2.4760030302890392
1862384519066,-8.478532100997644,-2.0114538782962192,-2.5556176802331922
1862384519083,-8.309984176483496,-2.3957748548318105,-2.544643085451534
1862384519100,-8.761631975126017,-3.163624383754503,-2.5233535398222484
1862384519116,-8.582005562411796,-2.6985841968119266,-2.456489059650214
1862384519133,-8.193085859910465,-3.149918296599457,-2.6184148851874176
1862384519150,-7.906009757245242,-3.5479889954472994,-2.5839216823650704
1862384519166,-6.679497049792915,-4.151473225923952,-2.1404699226550385
1862384519183,-7.033055047083055,-4.907088067370954,-1.8745672691509094
1862384519200,-7.521739516231349,-5.706958594121826,-1.673225248284657
1862384519216,-7.298371118566225,-5.567389103967455,-1.8521781875524947
1862384519233,-7.13534991386512,-5.3349073866332555,-1.7600548734216286
1862384519250,-7.03155831755889,-5.967145176397182,-2.0807239047216872
1862384519266,-7.0605601903706905,-6.028725639525303,-2.3156417842221315
1862384519283,-6.955959104803883,-6.071523073747077,-2.6746057958643803
1862384519300,-7.341371108492579,-6.742359606664527,-2.779986697723455
1862384519316,-7.796711242838281,-7.097859496199118,-3.1629535216071103
1862384519333,-8.388968859191353,-7.917760651406017,-3.2715427375547277
1862384519350,-8.370539071292706,-6.850385395412942,-3.3915810226602536
1862384519366,-8.123960745183634,-6.959127461088533,-3.4992258792205506
1862384519383,-8.352619285888501,-5.598461932044458,-2.97110508295758
1862384519400,-8.379224479997832,-6.232880186728734,-2.62736199949691
1862384519416,-8.962405473221871,-6.893730216405621,-2.537278530479849
1862384519433,-9.043473069018512,-7.8734615568287545,-2.26180443617177
1862384519450,-9.047442886294112,-7.832198817749719,-2.4199312685114145
1862384519466,-9.751613149391844,-7.075306679623599,-2.4818426338290993
1862384519483,-10.289411795474507,-6.1835123074764855,-3.0177797068169223
1862384519500,-11.927817586464005,-6.786112700774823,-2.8105790833731676
1862384519516,-11.56542797621245,-7.01797634747,-3.0212035218564255
1862384519533,-11.091617499230264,-7.3003232830152305,-2.908938919791451
1862384519550,-11.580358296009932,-7.887329468538459,-2.2287884619200162
1862384519566,-12.510979710073759,-8.394709526089201,-2.5718945311737285
1862384519583,-12.702194465208791,-8.462337510831945,-2.124639930574272
1862384519600,-12.790757367369967,-8.363293260158436,-2.3936714983877936
1862384519616,-12.090585333523928,-8.057342753611957,-2.4882339415466523
1862384519633,-11.616206483134402,-9.474525583809333,-2.186072838780448
1862384519650,-11.638720055159268,-10.019831211665483,-1.9059983840873997
1862384519666,-11.23634647156225,-8.492730544785392,-1.7858661792497479
1862384519683,-10.056224276205876,-7.7494683204406325,-1.682399882525699
1862384519700,-10.176112662352871,-7.3925162614144115,-1.2461898396619877
1862384519716,-10.82529869892608,-7.484742108941424,-1.5588918652936692
1862384519733,-10.172109029358827,-6.8810670096908275,-1.2234750866387947
1862384519750,-10.320150995854764,-7.239600276392871,-0.9717593125194826
1862384519766,-9.8955184146688,-6.215607905658413,-1.2799419107098706
1862384519783,-9.22038937986662,-5.552250069807165,-1.0251591337384849
1862384519800,-9.33636647914491,-4.187488208466776,-1.0224895577717068
1862384519816,-9.358462562404018,-4.3242854518660625,-0.9227327616278909
1862384519833,-9.091194313840356,-5.047325213440297,-1.0923166545789162
1862384519850,-8.573482108683635,-4.635884420314563,-1.096027089170219
1862384519866,-8.74969490017185,-5.125217810340742,-1.1230772046265436
1862384519883,-8.91164060159693,-6.823536549626741,-0.7351489556481329
1862384519900,-9.901306581786447,-8.088627585544764,-0.9413849383309292
1862384519916,-10.0020680883826,-8.454709766089481,-1.0703840490539516
1862384519933,-10.700561695947098,-8.378639170159476,-1.517377279071681
1862384519950,-10.972530848527649,-9.5240796843053,-1.7824214162482719
1862384519966,-11.213222040952468,-9.591107310240051,-1.5597638706870154
1862384519983,-11.946457059452014,-8.796016017772619,-1.3300476807795631
1862384520000,-11.245886824127089,-7.486055003250589,-1.342166271713671
1862384520016,-11.745317232956666,-8.413578648642801,-1.2646173908684302
1862384520033,-11.316381785653313,-9.4363608314064,-0.8723587752622066
1862384520050,-11.574679696190223,-10.206564933322827,-0.6726894629218024
1862384520066,-12.656529076007171,-9.939279974106558,-0.2698336881963852
1862384520083,-12.651248594719197,-8.802311943884696,0.012933941520209435
1862384520100,-12.322014706171231,-8.810849330680824,-0.13910986293701044
1862384520116,-11.821891402668886,-8.886477123056881,-0.673351792362993
1862384520133,-12.074178824761969,-9.06113916805002,-0.7904202835745122
1862384520150,-12.440789597008887,-7.877077572785215,-0.5437388859345648
1862384520166,-11.881183138423806,-8.68443032312985,-0.40364683231327203
1862384520183,-11.431649479002761,-8.411302510956958,-0.5202790260592008
1862384520200,-11.54409962651436,-7.8663240296689985,-0.47614769404972346
1862384520216,-10.9235315378363,-8.396932004823263,-0.7655538912208639
1862384520233,-10.197598688885385,-8.884583840115951,-0.7865001417441265
1862384520250,-10.713147268838714,-9.743134845780041,-0.8662324480696298
1862384520266,-11.241333776084309,-9.244033181728007,-0.8035235522397312
1862384520283,-10.969929312726357,-9.424269261151867,-0.9211073964950015
1862384520300,-11.232913792697438,-9.594173916382069,-0.7073286158361524
1862384520316,-11.791963980290408,-10.232727939732282,-1.1717992604399718
1862384520333,-11.592024350275002,-9.402650929103276,-1.463548807796999
1862384520350,-11.806585959763094,-10.016973817551735,-1.61025826042291
1862384520366,-11.11830069118636,-9.643743898946637,-1.579057873808706
1862384520383,-11.37860016712692,-8.708036558175763,-1.4635393673146813
1862384520400,-10.793393212818277,-7.747278253685,-1.7015452305607006
1862384520416,-11.508026166516292,-8.234349087722006,-0.902045374201633
1862384520433,-11.142382533037733,-8.681836192215936,-0.9046021338993377
1862384520450,-10.491497523955507,-9.521231394631979,-1.0233069116131759
1862384520466,-11.309199756513063,-8.931404000214162,-1.1219706372063372
1862384520483,-11.282441932955894,-8.262089258772393,-1.0610171615206956
1862384520500,-12.287486870615885,-8.715238676738657,-1.2287570516154598
1862384520516,-12.010258666729321,-9.4480981033461,-0.9888103582733525
1862384520533,-11.882657272470855,-9.556837307078986,-0.6178938146071992
1862384520550,-11.474132407726128,-10.17892362595415,-0.5501606032973031
1862384520566,-12.060266025497565,-10.605061728929554,-0.611766400453978
1862384520583,-12.397938885471941,-11.483736326467458,-0.6396759634380798
1862384520600,-12.903943829557663,-12.360765363972376,-0.5935358726739282
1862384520616,-13.011881342358603,-12.489454492914728,-0.8890574230168364
1862384520633,-12.386792140540193,-11.583192474499958,-0.8642484133132265
1862384520650,-13.179159164838085,-12.39489678311761,-0.8658792642099506
1862384520666,-12.326349506401236,-12.587480621525103,-0.8444986277608626
1862384520683,-12.147093462878257,-11.864864912843956,-1.073959844664558
1862384520700,-12.577973616579335,-10.581841249181146,-0.787245487160388
1862384520716,-12.734106431906723,-9.373541322894715,-0.9428342889408414
1862384520733,-12.919384121916487,-9.45182532259661,-0.9773376678329446
1862384520750,-13.013161294007526,-9.653019493055162,-0.6220925089995955
1862384520766,-13.220597678921973,-9.948668088495056,-0.6866062896727886
1862384520783,-12.967577710867817,-9.51635195630271,-0.6819495497393055
1862384520800,-12.98898335687341,-9.34566858046455,-0.3761614388714427
1862384520816,-12.40952092689212,-7.674057709381759,-0.6988860282889318
1862384520833,-12.111933532314783,-5.558062262087749,-0.6561952413216222
1862384520850,-12.521454318370573,-5.74881931985866,-0.4814365587660495
1862384520866,-11.907084703444918,-5.89579971883701,-0.6079960465606653
1862384520883,-10.973861592802557,-7.746621406072096,-0.53701177942066
1862384520900,-10.466500638965385,-8.007314251462393,-0.28628841782730974
1862384520916,-10.140095465761208,-7.43681987739229,-0.2626267783809917
1862384520933,-9.919520312074575,-6.813027528486252,-0.22395361412011328
1862384520950,-9.701172393791179,-6.047528568757722,-0.1622842644115099
1862384520966,-8.673487303082435,-6.555253075097756,-0.40392096176060344
1862384520983,-8.718036928325056,-6.311962094534685,-0.5218696707765546
1862384521000,-8.885600858593481,-6.480599859643355,-0.9293486759416552
1862384521016,-8.71489505720518,-5.1230906806558165,-0.7473045259007621
1862384521033,-8.266195209543895,-5.699610751262516,-0.8567103098118644
1862384521050,-9.620460891465905,-4.447246533031393,-0.6566115614724412
1862384521066,-9.899844337557724,-4.740552417835868,-0.7693061670689756
1862384521083,-9.76116574969517,-4.867024100123127,-0.9694347997230031
1862384521100,-10.043799670159382,-4.902979502948472,-1.2043396393174275
1862384521116,-9.67586818769416,-4.857865059596724,-1.1935505316478607
1862384521133,-10.233052164374321,-4.986363135826754,-1.5697526885003534
1862384521150,-10.22456165250116,-5.126609187275286,-1.7672167853541692
1862384521166,-10.802598031945632,-5.564247747430457,-1.5133666135344654
1862384521183,-9.534870010834506,-5.858723248013166,-1.3428889305222156
1862384521200,-9.301017814687278,-4.73560697663337,-1.1151863691436872
1862384521216,-9.652847688186203,-4.936887905361857,-1.047113498181895
1862384521233,-10.37382682092889,-6.390743417863047,-0.4469064090306042
1862384521250,-11.039238478952957,-5.68770761065704,-0.21319979128017796
1862384521266,-10.950930140449989,-6.0617555786987785,-0.3355460913573358
1862384521283,-11.742383757568607,-5.421737741354304,-0.35928117134645876
1862384521300,-10.696251081027883,-4.174908396494558,-0.3675890940451747
1862384521316,-10.883967353552913,-3.9899175768656288,-0.4578927562782017
1862384521333,-11.292538204690597,-3.2080149759445336,-0.5749745533141521
1862384521350,-10.661706109215093,-3.5622444169006626,-0.5337919620352999
1862384521366,-10.42051903183188,-4.031765043416671,-0.39412548471168884
1862384521383,-10.506723885722327,-5.16069116854861,-0.4766173623884332
1862384521400,-9.8968286479465,-6.564336979568409,-0.638944733727642
1862384521416,-9.4962880110759,-6.031488098103193,-0.5366656802294932
1862384521433,-9.844652355700457,-5.941635056958812,-0.48817319328455033
1862384521450,-9.492944433884288,-5.646689692078585,-0.42905177019281016
1862384521466,-8.978667598233503,-4.793530944947953,-1.0603165886310495
1862384521483,-8.672736198560637,-4.920198933093911,-1.1710447351600206
1862384521500,-8.627882661143447,-5.426975452741402,-1.1341481398883326
1862384521516,-9.027370025361726,-6.23764900046725,-1.10805969786876
1862384521533,-9.140327786219181,-7.02577292603285,-1.5716747031169505
1862384521550,-8.924281210609799,-5.696700722443591,-1.5841712328804973
1862384521566,-8.051362428765074,-6.667663919237137,-1.307645381403756
1862384521583,-8.422126039916,-5.7043393649329275,-1.675268946461325
1862384521600,-8.474360118718872,-5.936483281506072,-1.22434067319576
1862384521616,-8.446430639045223,-7.352910638942392,-1.3580879416026712
1862384521633,-9.029620606596811,-6.757837108403998,-1.334936476692281
1862384521650,-9.403848277577618,-6.841087187189245,-0.8336411940275477
1862384521666,-8.535131060657825,-7.355507364447917,-0.7060952567167614
1862384521683,-8.999867865044308,-6.7409363463969,-0.648066523689932
1862384521700,-9.403186412605425,-6.257948379766441,-0.6464399867461191
1862384521716,-8.783475440828104,-6.967536803199497,-0.7882554509790035
1862384521733,-8.153890329963193,-6.123908268124541,-0.7666176689966336
1862384521750,-8.317205253974414,-6.020396839620932,-0.3979114588679773
1862384521766,-7.794334945206096,-6.3613516618471175,0.10729493586491778
1862384521783,-7.248577498001596,-5.818757849172825,0.20353309021535693
1862384521800,-7.553597731433258,-5.677085375204818,0.12554166999257488
1862384521816,-7.677114879084737,-6.279594486179322,0.36928279466498815
1862384521833,-7.359536634009439,-7.080214857100213,0.30911323136048563
1862384521850,-7.579939178201309,-7.552237891892582,0.34147052763702046
1862384521866,-7.965330825692144,-7.48304984300357,0.6404508362450321
1862384521883,-8.103964491007087,-6.708258004547144,0.7467274858989013
1862384521900,-8.602567740778849,-6.567655454016993,0.7657239545945693
1862384521916,-8.669950779196894,-5.487722536837602,0.6470534617874744
1862384521933,-8.67279602293005,-6.7872664172077055,0.4187894424736902
1862384521950,-8.810885910757477,-6.406400179316599,0.5988392678483392
1862384521966,-8.529723247742421,-5.596824956541926,0.35842413847910093
1862384521983,-7.791636371842344,-6.60085372935685,0.09710900260742639
1862384522000,-7.967435568816202,-5.71455470836207,0.13603820292743363
1862384522016,-8.236698183557582,-5.308492867305695,-0.025291896428358163
1862384522033,-8.715739707346204,-5.30766312773686,-0.23178755744510293
1862384522050,-8.61250833153226,-5.550265441184199,-0.18648060360133667
1862384522066,-8.64378771246033,-5.003810799983743,-0.43769927180173007
1862384522083,-8.477357881898383,-4.6945954423436085,-0.5139174009835957
1862384522100,-8.108976441911404,-5.206189072918633,-0.5636904290607923
1862384522116,-8.422420151748987,-4.899007656977169,-0.6834927839459611
1862384522133,-9.651930411949472,-5.68154522641003,-0.6975036617462302
1862384522150,-10.035947747505837,-5.459929607382863,-1.1421483309904057
1862384522166,-10.63327731255568,-5.919225172076663,-1.3257308698696728
1862384522183,-9.842419975201288,-6.263308062289269,-1.1882278748787631
1862384522200,-10.186369408831402,-7.635316018996431,-1.1381603860130678
1862384522216,-9.547015848161188,-7.022503419148877,-1.0064125634362076
1862384522233,-9.440336328535341,-6.840841629152181,-1.1635598933487945
1862384522250,-10.101310154676401,-7.026749151521688,-1.0674857275460985
1862384522266,-10.111428233739417,-7.466236918022273,-0.6706051006900892
1862384522283,-9.99469894546702,-8.461319219149736,-0.6155332696951653
1862384522300,-9.964602494707872,-7.001199080324184,-0.6037515192093983
1862384522316,-9.887670381099724,-8.13534276624764,-0.3159970073554905
1862384522333,-10.606224292102752,-6.924177448669095,-0.03091650906817378
1862384522350,-9.926424651084279,-6.429054162439986,0.395647067701824
1862384522366,-9.30888972132723,-7.564500174946838,0.10333610438162655
1862384522383,-9.816778228679635,-6.753473444146691,0.1597710280508755
1862384522400,-9.756144780436298,-7.449910154295601,0.34402321277777226
1862384522416,-10.500509545728587,-7.232107051981531,0.45276609775604304
1862384522433,-10.232321818200235,-7.120896123340936,0.2709802797604728
1862384522450,-10.604859509932908,-7.3258768927971065,-0.09518539504132506
1862384522466,-10.087239304421566,-7.2526149401428315,-0.43944571296369206
1862384522483,-8.959356273064152,-7.854044459737789,-0.1635785742812934
1862384522500,-9.488647976482095,-8.254524210258523,-0.049858019009800136
1862384522516,-10.113787759337907,-7.784868125029718,-0.1719233628555501
1862384522533,-9.628990845558185,-8.78307023574104,-0.1826557231300605
1862384522550,-10.559224545492135,-8.846659084219425,-0.06241040307721235
1862384522566,-10.307115100138429,-9.938420637259679,-0.23467377796390143
1862384522583,-10.358051630771426,-10.739120719749177,-0.6112109928882078
1862384522600,-10.408144439109947,-9.803082921203188,-1.0202364530056918
1862384522616,-11.497463896545327,-9.463962712555523,-0.8722356902273973
1862384522633,-11.330094573807003,-10.880630449641119,-0.8902882363598186
1862384522650,-11.47781153759167,-10.866320856969587,-1.4023605783434592
1862384522666,-11.680622435038273,-10.000052565276198,-1.4454786459412257
1862384522683,-11.639967628943264,-9.283970758633949,-1.3967592194328327
1862384522700,-11.086573608143377,-8.130022025355101,-1.1874093832943793
1862384522716,-10.5989516992181,-8.678686686566108,-1.5686024734100739
1862384522733,-10.529602996817461,-8.2877540298287,-1.8454063646747116
1862384522750,-10.403315708540886,-7.852393737380659,-1.8441670900220486
1862384522766,-10.669190533809992,-7.223131042796027,-1.9942468912203601
1862384522783,-10.766644432604764,-7.489746132444672,-1.637584313793834
1862384522800,-10.910653016968519,-8.155046946402411,-1.0869195887118321
1862384522816,-11.232063602909069,-7.082563957471656,-1.1852708865730093
1862384522833,-10.914451193342568,-5.929774697510888,-1.0038941388904996
1862384522850,-11.367623656064273,-6.5723451340550705,-1.0177545244554551
1862384522866,-11.377875624192207,-7.223956170775068,-1.1903332682715027
1862384522883,-11.074477830406085,-7.290934325977432,-1.121868139908593
1862384522900,-10.912113594940488,-7.204492210861897,-1.1404937325951645
1862384522916,-10.552091419627443,-6.695176302446019,-0.8949397447812628
1862384522933,-9.322331376190029,-6.077337854749304,-1.208715986928734
1862384522950,-9.129457991780107,-6.1212923905313765,-1.1962797142007437
1862384522966,-10.060209538839809,-5.888954482075781,-1.396893073896258
1862384522983,-9.453152682010543,-6.0325029616347665,-0.9833522774332981
1862384523000,-8.86199011862183,-5.60056288613639,-1.2399033708092868
1862384523016,-8.797222187197319,-5.42333214512131,-0.9668206848551488
1862384523033,-8.115788198980532,-4.826100655209784,-1.3614245804347114
1862384523050,-6.833135810270766,-5.735426579561892,-1.7671217045776313
1862384523066,-7.431253126214328,-6.641368493025813,-2.2122235759720574
1862384523083,-6.474014815791264,-7.526200990079451,-1.823297679344791
1862384523100,-5.47854131244682,-6.906781910113578,-1.7113431946597117
1862384523116,-5.645286123808439,-6.784709326752205,-1.7474902218056165
1862384523133,-5.4357598410917864,-6.613787565622393,-1.9976407812639743
1862384523150,-5.674520741966822,-7.014832329897136,-1.9781861799972034
1862384523166,-5.504472485137062,-6.485866324067523,-2.422495616880118
1862384523183,-4.359683852669117,-7.392839321381259,-2.919236501224348
1862384523200,-4.315745570926843,-7.965597890104449,-2.973371106924886
1862384523216,-3.895457648575247,-8.830759547417012,-2.809730667385425
1862384523233,-4.025400376631833,-8.669605609142396,-2.597166940949359
1862384523250,-3.5857207621382283,-8.357289357927135,-2.5301797082418824
1862384523266,-3.670576310306714,-8.744236388619807,-2.3814519924047968
1862384523283,-3.308912759992392,-8.11521331479599,-2.368181077992596
1862384523300,-2.887734274802841,-7.381956001677686,-2.395216878554121
1862384523316,-3.792644353248901,-7.586830820192514,-2.3063303620518414
1862384523333,-4.288323501563352,-7.514655111002752,-2.11219156078697
1862384523350,-3.866517853085865,-7.9563859233630945,-1.736842372930394
1862384523366,-4.0166471037903175,-7.484138685389527,-2.0268003101469376
1862384523383,-4.591400328309795,-7.851005057680959,-2.2736042823691536
1862384523400,-3.938812971674447,-6.589826379054443,-1.9811540548133029
1862384523416,-4.74537639053489,-5.296237097105608,-1.7372568519378597
1862384523433,-5.186821023261421,-5.5547332371388745,-1.4864890666300923
1862384523450,-5.205829916997082,-5.44663950640148,-1.447869865684998
1862384523466,-5.048844187458014,-5.495876186188071,-1.6343625848687588
1862384523483,-4.917989319120858,-6.401795555093569,-1.787373628273361
1862384523500,-4.457495876185991,-6.263688905370808,-1.9967795437571083
1862384523516,-4.224142554975622,-6.258628905410892,-2.4081537793228334
1862384523533,-4.985041956842199,-6.885467101702469,-2.3020167737112067
1862384523550,-5.080871247736559,-6.684970463967112,-2.684241759941806
1862384523566,-5.613095884799971,-6.74156053157913,-2.6403091977956996
1862384523583,-5.268028272939791,-6.498948019779483,-2.729439146731297
1862384523600,-6.187538284684727,-6.539501435592624,-2.5104574297436537
1862384523616,-6.1083913245043355,-6.162868092950281,-2.2346645135974033
1862384523633,-5.899838496875669,-5.52981591336244,-1.8068046172836445
1862384523650,-5.428693401393287,-5.738712572338298,-1.713059747991625
1862384523666,-5.822537957406375,-6.899450139086289,-1.7018231213364547
1862384523683,-5.445299564561637,-6.18876382413113,-1.430042244600548
1862384523700,-5.760689174370792,-6.297248966263027,-1.4913741236324665
1862384523716,-5.963233865922884,-6.051462142874543,-1.4334270383750778
1862384523733,-6.405354935161875,-5.986165264184123,-1.40364205644552
1862384523750,-6.958040482131475,-6.2734684931240485,-1.7251509274077526
1862384523766,-6.599218070769654,-5.200469276825278,-2.269353021481517
1862384523783,-6.512603835974081,-6.46553850701652,-2.5037725869772576
1862384523800,-6.352350256443818,-6.234600987410133,-2.662223281327885
1862384523816,-5.47300105072105,-4.969871835475025,-2.884791198653881
1862384523833,-6.02954325275955,-3.9540181905984264,-2.828201313766227
1862384523850,-6.705755719293229,-4.288667738501767,-2.8271659915248346
1862384523866,-7.358186744829755,-4.827394684783092,-2.73894399153193
1862384523883,-7.345012488218723,-4.371504452803807,-2.968499126260075
1862384523900,-7.255201904691203,-4.445855077458004,-2.6157123461382707
1862384523916,-7.650116583092725,-4.617822845217523,-2.7494956439800733
1862384523933,-7.087091905040345,-5.661337889777033,-2.9112845718495177
1862384523950,-7.555636388024896,-5.670455014559881,-2.9110953518632976
1862384523966,-7.425000853332959,-5.385790014791101,-2.862956941934644
1862384523983,-7.70206087060753,-4.722923498946667,-2.6811432619808
1862384524000,-7.836444150265006,-2.9785982001554565,-2.5052291634580093
1862384524016,-8.162614156911356,-2.680743612612195,-2.255980966166065
1862384524033,-8.898235192171263,-2.9631041509399894,-2.2744107290324806
1862384524050,-8.766095153208205,-3.098305530689945,-2.4709264926835206
1862384524066,-8.336296931332768,-4.462353455620347,-2.545840585123307
1862384524083,-7.86334640618723,-4.28350957849697,-2.3141763888083844
1862384524100,-7.133489939716994,-4.566510990870805,-2.2415658351157837
1862384524116,-7.151736647601268,-4.425970322355148,-2.072708345292117
1862384524133,-7.595890776017484,-4.763239749440916,-1.8047474952040274
1862384524150,-8.754775206319671,-5.326673826333557,-2.049016817600511
1862384524166,-9.330064215265503,-5.524718927718338,-2.0763492130692485
1862384524183,-9.19516337969661,-6.054452549227563,-1.9378560664591207
1862384524200,-9.295473791415397,-6.127912952227804,-1.5474151329291177
1862384524216,-9.893252279777798,-7.290486876587211,-2.0320260720105447
1862384524233,-10.438245503115288,-6.400209892888238,-1.9342683549976427
1862384524250,-11.06060415748006,-5.919505117682762,-1.8006083919155855
1862384524266,-10.05624892310297,-7.27191973060841,-1.8240723027827914
1862384524283,-10.297599346844645,-7.558863500434675,-2.1848276704248035
1862384524300,-9.71106146391815,-7.602544865344974,-2.6629939612851086
1862384524316,-8.961395670510862,-7.607265046940812,-2.4534932214378857
1862384524333,-9.170024258929292,-7.131975252333119,-2.719451322384274
1862384524350,-8.49739504159501,-6.99598604093834,-2.4590455117076115
1862384524366,-8.163945834709372,-6.1210024123263524,-2.528907247920835
1862384524383,-8.319893288014983,-6.35853062433693,-2.691984363224071
1862384524400,-9.070266742271437,-5.927805773776358,-2.527867586607481
1862384524416,-8.56275420730563,-6.302899961412186,-2.139480535179706
1862384524433,-8.121841045966484,-5.846800571543893,-2.3078591923630145
1862384524450,-8.197481968033191,-5.998603731046086,-2.2184913292496766
1862384524466,-8.445363481003579,-6.893932375712953,-2.497408253823224
1862384524483,-7.750463825838342,-6.674136815873111,-2.5257902592207118
1862384524500,-7.652799440128961,-7.404286024853484,-2.692298719600233
1862384524516,-8.04104105951137,-5.602917098812325,-2.836541594136553
1862384524533,-8.024145839785925,-5.646965064178538,-2.4244704730564335
1862384524550,-7.381427796299203,-4.969518537639464,-2.3589908953926058
1862384524566,-7.326493255991571,-5.010852512974614,-2.317992473635332
1862384524583,-6.70516185704969,-4.672973849122899,-2.307739795499755
1862384524600,-6.1189599216961525,-3.896047128981455,-2.4479884459258137
1862384524616,-6.053467779116769,-4.717333248519969,-2.21287415040866
1862384524633,-5.798466297993731,-4.687586278422569,-2.3258352253523507
1862384524650,-5.0538997577427915,-4.88067943314141,-2.2384235454207984
1862384524666,-4.071160690171675,-4.17930882477133,-2.4735409246946523
1862384524683,-3.7744697019688287,-4.025583192095983,-2.256243695131581
1862384524700,-3.5539214994314907,-4.283535651223203,-2.4110398619744755
1862384524716,-3.767133166150374,-4.039854194848889,-2.3361606907991113
1862384524733,-3.1464956601102245,-4.817589733822048,-2.3407291208598724
1862384524750,-2.548133662315215,-4.126492094518097,-2.382441375367504
1862384524766,-2.6480576654244063,-4.424819286761872,-1.95711670082438
1862384524783,-3.565980754406378,-4.692708575966336,-1.6706987988599062
1862384524800,-2.573662496464279,-5.06789958651466,-1.6636391736105107
1862384524816,-2.586927381235249,-5.193281055700521,-1.6157644274048868
1862384524833,-2.160969987951891,-5.0162215849352245,-1.8405521902373079
1862384524850,-2.1043299744631128,-5.055791716330479,-1.4991393283012222
1862384524866,-2.0558001210732852,-5.307589324726251,-1.0246033160651593
1862384524883,-2.101141977053484,-6.1123440339508965,-0.8603490368939527
1862384524900,-2.8235499810365168,-5.520543429531544,-0.9311043884299822
1862384524916,-3.40827801068866,-5.0744349398477056,-0.5852714657650732
1862384524933,-2.7865833184503535,-6.073483751841618,-0.8598072365690467
1862384524950,-2.3770650104138706,-5.359219680365928,-0.8276438390498695
1862384524966,-2.968848222714136,-6.502520312480714,-1.1215980425592371
1862384524983,-2.693567517069267,-6.323935717380511,-1.4328917456045014
1862384525000,-2.331674594238552,-4.45434319068964,-1.1539865051241511
1862384525016,-2.8868220941958063,-3.1338274959537227,-1.2515998164251512
1862384525033,-3.491260991591538,-3.6197949185306424,-1.5190402592049959
1862384525050,-3.8689588708220586,-4.343072710952801,-1.588696941915885
1862384525066,-3.9210588570490685,-4.439741824644653,-1.617276285796133
1862384525083,-4.4421298409564365,-4.238789459722421,-1.4625609729193665
1862384525100,-4.235851912805827,-3.7596716471281866,-1.4011082024770065
1862384525116,-3.9246438646566997,-3.2768435059914385,-1.3475344770913433
1862384525133,-4.046062433761559,-3.6381599907205593,-1.4701957419169815
1862384525150,-4.317077330132992,-4.384491635540246,-1.287772879096496
1862384525166,-4.222650344491802,-5.6187937017562035,-1.7250800239391453
1862384525183,-4.3613740275330635,-4.324913233921855,-1.586253117447339
1862384525200,-3.6372109820419123,-4.0339178547135965,-1.4338424391388465
1862384525216,-3.6881830782855918,-2.9239573965282117,-1.317772630047918
1862384525233,-4.291565230164736,-2.1795063536310524,-1.256582927530716
1862384525250,-4.571059896034843,-1.8501178980804576,-1.1658508619445227
1862384525266,-4.483547855061344,-0.6443489528750073,-1.5815814131394548
1862384525283,-4.07934978332713,-0.6021430801602721,-1.7377556344607399
1862384525300,-4.7226906608089365,-0.9618668857597275,-1.7022511863731615
1862384525316,-4.970895057414139,-1.564537112070635,-1.8865115366702072
1862384525333,-4.989127819423007,-1.5403218030318024,-2.175666526352408
1862384525350,-4.464155109710143,-1.2933167099297496,-1.9499169732024377
1862384525366,-5.103874008294723,-1.0313136944595005,-1.5626335992987106
1862384525383,-4.361829470415564,-0.5710568566479433,-1.4044571741351342
1862384525400,-3.7814586377060793,-0.4374093405351571,-1.3612184525014543
1862384525416,-3.7829444458415127,0.2547978828321318,-1.4243509307563886
1862384525433,-4.344444167450686,0.2610829283452114,-1.6986084820505742
1862384525450,-3.95608094771916,-0.35572623463539266,-1.1834732659896687
1862384525466,-3.9245441698825028,0.6656503582600504,-1.182866163563282
1862384525483,-3.7101817777030135,1.6616642678267182,-1.4896722360882326
1862384525500,-4.797864204733557,1.1428927219612008,-1.2930571132038682
1862384525516,-4.573289619437849,2.3120108124089986,-1.3490421686021088
1862384525533,-5.013855316217228,1.7075232678414585,-1.3402911305977783
1862384525550,-5.505529027048839,2.0751753301864913,-1.286171393607003
1862384525566,-5.4566484196550515,2.0788712679545114,-1.1937946784419324
1862384525583,-5.6517653888434065,2.064875450672572,-1.097293084840811
1862384525600,-5.457434353848629,0.9392151318613671,-0.9255505989057149
1862384525616,-5.546788223088602,0.14704500871098602,-0.8637254074472607
1862384525633,-5.477653600700484,-0.270428695836487,-0.9632640931689624
1862384525650,-5.372602491852337,-0.6388118458904337,-1.1654971790677633
1862384525666,-5.989247984254824,-0.8861841738219223,-1.4139983252228276
1862384525683,-5.850934829389105,-0.6999482768578229,-1.6815432368566736
1862384525700,-6.4361934625869335,-0.9322475383213842,-1.8656424032340997
1862384525716,-7.306938662775398,-1.2713491770031382,-1.9360191819172132
1862384525733,-7.291946839821394,-0.7941410422448056,-2.2229293115244957
1862384525750,-7.874639289100086,-0.9992062774727648,-2.248828679876048
1862384525766,-7.479374643392231,-1.2307475383400153,-2.0299486088973673
1862384525783,-6.453003026053102,-1.824174557458623,-1.6155093930414388
1862384525800,-7.402139831612061,-2.5994503138450553,-1.445544132234363
1862384525816,-6.7534705293080926,-2.263439303555097,-1.6736905347221724
1862384525833,-6.930527205254302,-0.9767051914356104,-1.5694481053609532
1862384525850,-7.3563398516359335,-1.5193233236879067,-1.406531925802176
1862384525866,-5.772292369716624,-1.5923203058985491,-1.169815964037003
1862384525883,-5.611103976024289,-1.7206800194935639,-1.1686291802338393
1862384525900,-5.478241447472501,-1.772790265912647,-1.4129178070146267
1862384525916,-5.44617155943666,-2.3788866933622086,-0.9703489210656393
1862384525933,-5.624837157422894,-2.7191293548846405,-1.1232750554253348
1862384525950,-5.502016812496029,-1.634550377646895,-1.1516775577999774
1862384525966,-5.5349993479286,-0.7511053200980573,-1.138226886593436
1862384525983,-5.62338576609881,-0.5796218491674825,-1.0917264490929468
1862384526000,-5.95645621944268,-1.264849056764099,-1.2071729564454063
1862384526016,-5.483078409963133,-2.0208170390151032,-1.1915596528160994
1862384526033,-5.240937025453678,-2.185908937753392,-1.4515136521463845
1862384526050,-5.694033532712693,-2.2568548800196613,-1.6705479246476416
1862384526066,-4.895095878200126,-2.039476088631317,-1.543204945932576
1862384526083,-4.620531389868299,-1.5381992805422575,-1.2457422546386372
1862384526100,-5.315596147911892,-2.448299573649074,-1.251937004458716
1862384526116,-5.181038844626036,-3.135709060084068,-1.1321610138259606
1862384526133,-5.939517760590377,-3.644632306057348,-1.1717950214405741
1862384526150,-6.344857369737005,-3.5209759537062055,-1.112210201668757
1862384526166,-5.516830303828296,-4.37654673131199,-0.9610895362842105
1862384526183,-3.871772128852949,-3.9531989184837926,-1.3737080654088984
1862384526200,-3.108677678632737,-4.149230397899925,-1.469109282614707
1862384526216,-1.35171318995094,-3.650843409016116,-1.3733500634523164
1862384526233,-1.3575656040820676,-2.547337837475867,-1.2249319274755344
1862384526250,-1.1992047253426747,-2.0198854044842474,-1.3507045795919095
1862384526266,-0.6290928010818879,-0.23265894060662973,-1.2058716737603732
1862384526283,-1.2131593319839071,-0.44554391674438953,-1.1328647804142882
1862384526300,-1.2959308855881129,-1.8018903199070713,-1.2792077614317088
1862384526316,-1.5480689466416413,-3.3295940572120073,-1.484039598941624
1862384526333,-0.5387406146655884,-4.005579147563946,-1.8226387008824627
1862384526350,-0.23151480461022445,-5.031320159479691,-1.6997978360939234
