timestamp,x,y,z
2158813500000,-5.615576541285975,-6.48859009948344,-0.7026759543429004
2158813500016,-5.382570992167168,-6.346929832333573,-0.6076946682642529
2158813500033,-5.453451548543228,-6.044522284849229,-0.6621326069893567
2158813500050,-5.645746494164639,-6.590044605632268,-0.6211543403609743
2158813500066,-5.603039184132274,-6.081046962999063,-0.830989681969093
2158813500083,-5.582247385937855,-5.921364221843226,-0.6348470031436646
2158813500100,-5.588115871161179,-5.807744955502967,-0.8657617329629503
2158813500116,-5.590433505004206,-5.828916340955875,-0.9134226094956966
2158813500133,-5.565798816006306,-6.015087411838564,-0.5900722177713655
2158813500150,-5.362455523588254,-6.597388865880991,-0.4292897805787771
2158813500166,-5.057837920392464,-6.630519171162474,-0.469842180384421
2158813500183,-4.973700755604979,-7.17750379688753,-0.44500425410512334
2158813500200,-4.9427848165272295,-6.861542105775874,-0.34810491334536137
2158813500216,-4.7852293476949495,-7.156303858413023,-0.24747609887387995
2158813500233,-4.8054768975344615,-6.875030862867075,-0.17798192805809643
2158813500250,-4.699887456848714,-7.103839549415067,0.029137146982296636
2158813500266,-4.747639699566032,-6.817210578153967,-0.10736462471152342
2158813500283,-4.575741618956053,-7.333382990522421,-0.21813059232447501
2158813500300,-4.407678660389415,-7.403071416007735,-0.37299895548106454
2158813500316,-4.700479813388152,-7.505094795356371,-0.5094154686631467
2158813500333,-5.03700115420571,-7.329366519798288,-0.4710388128876201
2158813500350,-5.17235319260087,-7.94002134512642,-0.22733205295008269
2158813500366,-5.418482705790024,-7.727731422240633,-0.302030182012372
2158813500383,-5.226033587571825,-8.094088123490623,-0.17139206281873193
2158813500400,-5.022502892596645,-7.838955647595168,-0.17489614115799745
2158813500416,-5.162440865128683,-7.548910598788732,-0.04334942646968942
2158813500433,-5.353107136890549,-7.463374037048056,-0.13163559426379967
2158813500450,-5.257620526259524,-7.722905148154254,-0.34406936839265945
2158813500466,-5.483832811510779,-8.295462182277953,-0.314090934890425
2158813500483,-5.40080841561575,-8.708182484358378,-0.2104147495537444
2158813500500,-5.787702282987182,-8.820237742531932,-0.08831518549777362
2158813500516,-6.078487816027562,-8.454051999464681,-0.12427604436257433
2158813500533,-5.749156548355486,-8.860608631813573,-0.08175061321504773
2158813500550,-5.935133989307363,-9.562427729094445,-0.23528583360709093
2158813500566,-5.9603521771769925,-9.871588117179666,-0.24128200966585023
2158813500583,-5.842679722631386,-10.192174431592269,-0.1007145653194983
2158813500600,-6.221000208290582,-10.539231853749367,-0.2948297515402527
2158813500616,-6.21748072742794,-11.101951055811995,0.03484955813008317
2158813500633,-6.098431260675881,-10.471954112030817,0.09564653175154769
2158813500650,-6.358707262072366,-9.665914771568898,0.1506299046357844
2158813500666,-6.305991931179642,-10.118731487311603,0.14503009413860124
2158813500683,-6.935368246719862,-10.476978791273066,0.14896667439953315
2158813500700,-7.108486220185988,-10.086506414718343,0.25031878170450284
2158813500716,-7.201630707609971,-9.72564606328863,0.3064364280113998
2158813500733,-7.417104749092218,-9.69423862001743,0.23207492142607233
2158813500750,-7.575213001728276,-9.56699642118261,0.11966628306501981
2158813500766,-7.188363912453875,-9.196955483704672,0.030931944594592142
2158813500783,-6.423384343250229,-9.422682196127072,-0.18895564488405614
2158813500800,-6.552767789713648,-9.201552811619763,-0.009318211538634769
2158813500816,-6.7342681075203625,-8.729064956551047,-0.15790896879790772
2158813500833,-6.826375213139052,-8.869014757184623,-0.06773598575837225
2158813500850,-6.3159978056336685,-9.625202651241517,-0.27697537324147653
2158813500866,-6.296119439134927,-9.17607703330551,-0.3710683997267376
2158813500883,-6.660617127336978,-9.60440899657879,-0.6570740152036095
2158813500900,-6.799636891833627,-10.114494707994265,-0.8854303191368524
2158813500916,-6.524548618252734,-10.24528927039773,-0.8023806661910167
2158813500933,-6.325992469628657,-10.979546716334044,-0.8920251879507767
2158813500950,-6.825235851629728,-10.560178994412745,-0.9248542890158323
2158813500966,-6.996534916117065,-10.443086438223279,-0.7330555856498772
2158813500983,-7.235465771972495,-10.81779555264345,-0.9583661995175115
2158813501000,-7.195132668386352,-10.337380115365185,-0.7689085419642616
2158813501016,-7.024507802873167,-10.717811141872772,-0.934566476211381
2158813501033,-7.020016321096216,-10.178570312917506,-0.6894079587273461
2158813501050,-6.988833143246128,-10.331910851395072,-1.0323049563825717
2158813501066,-6.795474200849338,-9.969769455561725,-1.1100128086494907
2158813501083,-6.8513984831356165,-10.382760875984214,-0.9531105788796597
2158813501100,-6.645090939794479,-9.988465798970832,-0.9210732436852395
2158813501116,-6.4769901242150905,-10.07227149211064,-0.9866390299661847
2158813501133,-6.484512071207602,-9.94672855044707,-1.1101051312882344
2158813501150,-6.7320914783667,-9.741697031092498,-1.1532772460339231
2158813501166,-6.750933105902446,-9.389987804650442,-1.0345910193581789
2158813501183,-6.422706534745815,-8.48406272233462,-1.2093394217883802
2158813501200,-6.388629867416068,-8.333678755852382,-1.3080911009908112
2158813501216,-6.250627787980309,-8.62298661496807,-0.9824046824604857
2158813501233,-6.607012116422099,-8.51974437378345,-1.0854580805804679
2158813501250,-6.433277108498378,-8.671647711004592,-1.1257889685700118
2158813501266,-6.309530899801768,-8.518543391447663,-0.833253444433603
2158813501283,-6.478971531410565,-8.782808425138708,-0.8054088828902115
2158813501300,-6.266999635149782,-8.735869910082918,-0.9053547306601593
2158813501316,-6.544508709261476,-9.528227358153035,-1.1660019758977052
2158813501333,-6.29486885203756,-9.654890777723224,-1.1358727898788774
2158813501350,-6.505078571044301,-9.49913635062363,-1.0443607101279009
2158813501366,-6.463754237167627,-8.976568992087381,-1.0710893808768671
2158813501383,-6.251804238357489,-8.742513981694042,-0.9904323219841884
2158813501400,-6.439593965830792,-8.342479234782608,-1.0195506239543437
2158813501416,-6.384376392205785,-7.369532296344698,-0.8256427086909149
2158813501433,-6.296934401508182,-7.848671606680063,-0.9034867037390717
2158813501450,-6.209137276939995,-8.723869178203046,-0.6600919384391524
2158813501466,-6.334377366526847,-8.41102226723184,-0.5634356401809472
2158813501483,-6.424265074019728,-9.606106356501227,-0.4108463710818329
2158813501500,-5.78640466723368,-8.90272322797217,-0.1886613937913832
2158813501516,-5.737877664019439,-9.232516649000177,0.005634262780483956
2158813501533,-6.031427330173577,-9.624408300321694,-0.10961597956635893
2158813501550,-6.17996985678506,-9.376324698819433,0.09902964084549082
2158813501566,-6.126623838631889,-8.790031418920133,-0.11653407824062056
2158813501583,-6.420159987363652,-8.6998477972686,-0.4279692977630084
2158813501600,-6.4577737291732955,-8.79654850490515,-0.24482935298216152
2158813501616,-6.351805902327363,-9.019482246950853,-0.3001030839056643
2158813501633,-6.057568747395951,-8.743626303229195,-0.3962066056082809
2158813501650,-6.182285587263483,-8.341089977189505,-0.4144971478216265
2158813501666,-6.057267413283336,-7.472566199521122,-0.29627393919095013
2158813501683,-6.268279385680634,-7.387800662181101,-0.44408733040109827
2158813501700,-6.045031906439372,-6.353300717623483,-0.4880949516424935
2158813501716,-5.80199127026874,-6.363591193288809,-0.4719012289890704
2158813501733,-5.963381789061855,-6.338368161522616,-0.5998095481517832
2158813501750,-6.062219186342124,-6.5577883614188455,-0.6900886749356333
2158813501766,-6.445674683636642,-6.378862532114069,-0.8030209801280102
2158813501783,-6.258245563823614,-7.265053203348036,-0.7212125868790918
2158813501800,-6.150515268089712,-7.241824589145154,-0.5165885463177297
2158813501816,-6.442917048597418,-7.099977379965776,-0.4367675241010105
2158813501833,-6.612145485262878,-6.904067645901668,-0.30871013258869123
2158813501850,-6.978790965295158,-6.961770594051002,-0.4232719404320483
2158813501866,-6.777618786111175,-7.939090894206691,-0.318299090010033
2158813501883,-7.071479231879402,-8.386154524466498,-0.27973330761962273
2158813501900,-7.230861830011108,-7.783590839317066,-0.19617288128135624
2158813501916,-7.325153925125464,-8.6426452510111,-0.11868629385971952
2158813501933,-7.288305610578795,-8.574128561194764,-0.3184486526274174
2158813501950,-7.244957350671655,-8.436043885991303,-0.15885596027567905
2158813501966,-7.552181835887425,-8.831999557224488,-0.09174752863626245
2158813501983,-7.727710140072034,-9.37110171931739,-0.39598343143196435
2158813502000,-7.313610450325016,-8.718191263347244,-0.26811799154543686
2158813502016,-7.498430168293703,-8.999890012603428,-0.46509932686137523
2158813502033,-7.965805392213143,-9.248531533636456,-0.4590229075000605
2158813502050,-7.432840163324682,-9.24648658426022,-0.6476150364012128
2158813502066,-7.6780471838033755,-9.160390218176724,-0.7862110427273507
2158813502083,-7.4239106173787155,-9.134478541148237,-0.7937095890227922
2158813502100,-7.761987679060097,-8.878481589335822,-0.7845960341396623
2158813502116,-7.906335776444244,-9.137579141457515,-0.8165839244243113
2158813502133,-8.22989772962372,-8.864062931522572,-0.9692147356992342
2158813502150,-8.302664980785071,-9.12464933466243,-0.9065544754491505
2158813502166,-8.041554655107523,-9.11493102939638,-0.79852027485727
2158813502183,-7.916688962889381,-8.547669719265283,-0.8585610985982522
2158813502200,-7.7972535041493565,-8.476881144934541,-0.7040057731074963
2158813502216,-7.8827436785951335,-8.302410834389253,-0.692450954508216
2158813502233,-7.8626530002920525,-8.657424155145458,-0.6131370619021732
2158813502250,-7.6759237972856,-8.825590682496609,-0.6676581901399238
2158813502266,-7.599441968908451,-8.983884824163205,-0.5558905802494769
2158813502283,-7.780735123779181,-8.761491080559018,-0.44824677989253825
2158813502300,-7.72963491310129,-8.572589184487864,-0.6018886082255565
2158813502316,-7.719858510103885,-7.6464586190578805,-0.6483660396550022
2158813502333,-7.51401645067158,-8.568060441114747,-0.6878756340823988
2158813502350,-7.845724822321943,-8.477949440136324,-0.6721898812364431
2158813502366,-7.796403211656956,-8.059409895309553,-0.5883344515066139
2158813502383,-7.92689481109918,-7.819462481210021,-0.6125156601301148
2158813502400,-7.963155944533743,-7.3318702516739815,-0.8271758231973193
2158813502416,-7.878444916381481,-7.310998203250638,-0.7065254905803032
2158813502433,-7.995132553310851,-7.4158073799369255,-0.7208738128659609
2158813502450,-8.022510414710325,-7.521897158088143,-0.9046113886372923
2158813502466,-8.026279388110575,-7.256028046701273,-0.7774880207773215
2158813502483,-8.308290285015271,-6.930643764862993,-0.4367341639084273
2158813502500,-8.498140498501868,-7.031265386552324,-0.4708958361741645
2158813502516,-8.483788406129737,-7.382842109825168,-0.4267716475111627
2158813502533,-8.201421936772187,-8.009404696722715,-0.31671145258442784
2158813502550,-8.1829502405789,-7.5829067619991015,-0.41296554503556326
2158813502566,-8.013909754217506,-7.674377598875852,-0.32856276951403807
2158813502583,-8.201686439550762,-8.054520015099373,-0.2593789539599429
2158813502600,-8.36929238059144,-7.576151444271248,-0.44459643031715135
2158813502616,-8.363320663320387,-7.719049852692201,-0.1615224812409205
2158813502633,-8.139528636585709,-7.232014701945339,-0.23599999104383068
2158813502650,-8.21523847609899,-6.776066864976346,-0.466113096011155
2158813502666,-8.138696880243424,-6.5030443402134575,-0.5901261293002873
2158813502683,-7.983351960724996,-6.551948348272514,-0.6518951998777932
2158813502700,-7.655224120540851,-6.865375015111548,-0.7213953238416634
2158813502716,-7.8636253082531855,-6.354064913612347,-0.5786098287266174
2158813502733,-7.815235107031054,-6.63956012087625,-0.32253347130236903
2158813502750,-7.7350463017226545,-7.009033820084376,-0.24701019709787692
2158813502766,-7.940476039103459,-7.309169494207195,-0.09233380515102652
2158813502783,-7.753201946389959,-7.936893703336962,-0.1701541083532555
2158813502800,-7.919393910908216,-7.486606294411935,-0.14363009987321929
2158813502816,-7.543944087990473,-7.2905876575601525,-0.243799049932921
2158813502833,-7.294245523202971,-7.4027819386704214,-0.02362591873494424
2158813502850,-7.01241198010709,-7.329615242190434,-0.028718665238633423
2158813502866,-7.279012414053143,-7.83194650883414,0.010465942427884567
2158813502883,-6.955952126208125,-7.83375884606732,0.11267100669921548
2158813502900,-6.707525889090421,-8.322643663842802,0.37943710114610474
2158813502916,-6.257464408300942,-8.709779183237623,0.31844901222168653
2158813502933,-6.329150012541923,-8.762659735083723,0.5357833282667702
2158813502950,-6.382522476457015,-8.81423859701495,0.5954371250568976
2158813502966,-6.289824036605128,-8.355891892369442,0.5436001460066561
2158813502983,-5.964736828228902,-7.888265102633596,0.32642801414857137
2158813503000,-6.110170016010592,-7.856510876354295,0.048271311159231556
2158813503016,-5.954404011660759,-8.504545833832935,0.030837419020464107
2158813503033,-5.844565493917297,-8.337352501699081,0.12996803852418282
2158813503050,-6.067867772504692,-7.8710928692004325,0.07108384233870024
2158813503066,-5.978481253725085,-7.775357705515146,0.06374819128217535
2158813503083,-5.896927121475435,-7.871048164966471,0.04841461583495765
2158813503100,-5.90213844612597,-7.876430638154297,0.02352468352189463
2158813503116,-5.924410754474928,-8.31376517411888,0.0681708748378842
2158813503133,-5.9861608019328765,-8.581564720806352,0.2408752396741759
2158813503150,-6.0777352217665435,-7.885097237307992,0.2154549851856009
2158813503166,-6.141439740625291,-7.204149766156069,0.10618668754335026
2158813503183,-6.132070770750239,-6.810878984080562,0.2794706056073796
2158813503200,-6.416141367310993,-7.377075968688736,0.4655652967540175
2158813503216,-6.284577058885787,-7.139981414751374,0.3836175157409537
2158813503233,-6.273874959558078,-7.052592104049462,0.34446736627705776
2158813503250,-6.397175647167659,-6.046035995368121,0.4016877055703417
2158813503266,-6.602987121558987,-6.582352928455124,0.3481695061704909
2158813503283,-6.606895227121783,-5.954917360663791,0.3988576515119494
2158813503300,-6.699654345881519,-5.665940331690109,0.40657188505058206
2158813503316,-6.707102389786035,-6.429197341385209,0.2875942248915009
2158813503333,-6.848933101688694,-6.5818694430067435,0.15335425919116563
2158813503350,-7.050482667858661,-7.474302387993948,0.07962980661308228
2158813503366,-7.004343434611898,-7.238688318134723,-0.03834022023286854
2158813503383,-6.9696195616622125,-6.83596659141844,0.052513150844640144
2158813503400,-6.944647773105346,-6.966854526709447,-0.2520079520705072
2158813503416,-6.593074200572639,-6.7903636326605765,-0.2780957764338399
2158813503433,-6.57737038232432,-6.355150135322616,-0.39982086612240303
2158813503450,-6.570775630018397,-6.695247019331812,-0.45542222181214764
2158813503466,-6.328882618603188,-6.44221584174074,-0.4132438097942446
2158813503483,-6.174540573140925,-6.852733584216667,-0.33306661606909715
2158813503500,-6.21330475077188,-6.9677561054315,-0.47911316794218956
2158813503516,-5.9915049763155865,-6.966234671849604,-0.4868928434019213
2158813503533,-6.2103547121095986,-6.68940802100296,-0.7031857964835941
2158813503550,-6.321348936721697,-5.980155917306921,-0.785216620610405
2158813503566,-6.452975256355222,-6.4243543849200355,-0.7520512061716802
2158813503583,-6.350963787387818,-6.218391402502864,-0.8421846833841914
2158813503600,-6.509376850256465,-6.287449635570757,-0.8357444476527607
2158813503616,-6.505103821846364,-5.946331199514164,-0.7161774358404449
2158813503633,-6.486984161325981,-6.160404237046639,-0.6353897513212737
2158813503650,-6.592065734334075,-6.846814421836446,-0.46176690662325304
2158813503666,-6.3340330042905855,-7.237544601230356,-0.1284985989526718
2158813503683,-6.202671075409599,-6.852899174580656,0.007220043178875035
2158813503700,-6.175955731627793,-6.60302433468603,-0.3083280959689084
2158813503716,-6.122621546660035,-6.296547641651628,-0.33894107756062214
2158813503733,-6.2383178320754205,-6.264141677010102,-0.2231832393019879
2158813503750,-6.186122557634414,-5.949097399718235,-0.14368773912971955
2158813503766,-6.193317895717393,-6.0992993465681815,-0.4129027871283492
2158813503783,-5.630164071366037,-5.945441956822598,-0.5409254748421031
2158813503800,-5.658454644922885,-6.614657321978793,-0.7843579099677085
2158813503816,-5.684987246906099,-6.555212207538247,-1.007872968534676
2158813503833,-5.517865245021104,-7.227510809332598,-1.0286984732816766
2158813503850,-5.30417874827479,-6.804749662771932,-0.841183071527841
2158813503866,-4.970336486382641,-7.354057583186337,-0.9137179842493932
2158813503883,-4.903011338735686,-7.34619880809407,-0.8997510056815617
2158813503900,-4.736272094937225,-6.970440193866307,-0.9755857077738721
2158813503916,-5.011489509755414,-8.067485092761498,-1.0817254523799278
2158813503933,-4.651924361627356,-7.46429554941009,-1.1906092629110483
2158813503950,-4.922366932554528,-7.3344097455980615,-1.1936992236311346
2158813503966,-5.198733927953322,-7.508235459146104,-1.3284685535599663
2158813503983,-5.2473828296304275,-7.643064004750892,-1.4553973383363898
2158813504000,-5.135869523928882,-8.074730277103262,-1.2386614754698633
2158813504016,-5.193677982804125,-8.13786095034214,-1.014766097031322
2158813504033,-5.329640603938318,-7.617030433105095,-0.7365650924581927
2158813504050,-5.0669538286257065,-7.65306247175519,-0.8746629797546503
2158813504066,-4.9633610696553765,-7.887833788776211,-0.9372668932901624
2158813504083,-5.039513031444131,-8.144012250064787,-1.125129410669751
2158813504100,-4.906214920405779,-7.55526159638278,-1.111514521016499
2158813504116,-4.541624187348112,-7.29959034519424,-1.2142533253500778
2158813504133,-4.807915688232276,-7.553814229108406,-1.3504777041639122
2158813504150,-5.23184690217954,-7.635233509889875,-1.1701794617866281
2158813504166,-5.205701597588774,-7.178282708720617,-1.2098592057598117
2158813504183,-5.018852123017965,-7.595843408216908,-1.5258223042445804
2158813504200,-4.941673117233102,-7.385476958450226,-1.5395779096249416
2158813504216,-4.532459595182023,-7.39654283054728,-1.3666175782211907
2158813504233,-4.606630365213073,-7.578887213119535,-1.3400315439643449
2158813504250,-4.371433047769105,-7.063722928458394,-1.3696713549198323
2158813504266,-4.174575300798057,-6.842394204902608,-1.3300617084199722
2158813504283,-4.092082088101303,-7.173023525583384,-1.4106192869117797
2158813504300,-3.8277032861199025,-6.648630777572901,-1.1590204585418329
2158813504316,-3.539555702927643,-6.087904504061697,-1.180054976741308
2158813504333,-3.6464296886676855,-5.842666112681993,-1.3008871081783042
2158813504350,-3.6009886942231932,-6.334323348052038,-1.296052925603175
2158813504366,-3.479101349535791,-6.943914571870666,-1.1363046846014053
2158813504383,-3.80005924257867,-6.789684092649684,-1.1617758482908505
2158813504400,-4.1277904706156985,-7.023631501851897,-1.299851413748781
2158813504416,-4.027621899827075,-7.225471241999176,-1.4180566123426017
2158813504433,-4.198626174647057,-7.337693463590599,-1.5489803594688696
2158813504450,-3.8579218207041768,-7.029051400207559,-1.358826134455257
2158813504466,-3.8293896238153264,-7.179859550166723,-1.4616196075350392
2158813504483,-3.8371616738078265,-6.7499619230200665,-1.5047489294601584
2158813504500,-3.8276288690855953,-7.192703956325003,-1.2849086961901497
2158813504516,-4.355325974469451,-7.9290739108443775,-1.410359379444833
2158813504533,-4.662035788133064,-7.916099332356193,-1.1185643130050908
2158813504550,-4.518110297729667,-8.361808267032448,-1.1259852896899258
2158813504566,-4.821429681570828,-8.64772404165432,-0.9887163060183091
2158813504583,-4.7714165437882645,-7.965763500637381,-0.8338263013355596
2158813504600,-4.668044909480627,-7.899032931069138,-0.7042960461357548
2158813504616,-4.411355367988933,-7.269859795303777,-0.7317724850145574
2158813504633,-4.2288915122978326,-6.851362061174365,-0.8117199372686349
2158813504650,-4.461089533555119,-6.349620311370701,-0.9773703146798141
2158813504666,-4.261893015785578,-6.1388099917609695,-1.3405117480976334
2158813504683,-4.7151935060764565,-6.127234919131207,-1.2884815673229604
2158813504700,-4.930952743323129,-5.569924918969054,-1.3669442495811328
2158813504716,-5.475290134714111,-5.696902906585683,-1.4358837708560759
2158813504733,-5.515076040723768,-4.6899306335794995,-1.4897060824444939
2158813504750,-5.399191680762772,-4.879766076126588,-1.4947882700736155
2158813504766,-5.346787373866313,-5.514526521978017,-1.5664719631029866
2158813504783,-5.533300168448522,-6.11463020821356,-1.6397019654070286
2158813504800,-5.654515378570192,-6.06447921112516,-1.533633915475137
2158813504816,-5.723676663580598,-6.611447496033536,-1.4676620090001287
2158813504833,-5.86770468019124,-7.071287796101895,-1.54691820253606
2158813504850,-5.770553841688788,-6.461447128311652,-1.5363332932353762
2158813504866,-5.712373699928547,-6.937198617270155,-1.4907304389638691
2158813504883,-5.765127938830958,-7.200372810644069,-1.6453211181819234
2158813504900,-5.6553792132223295,-7.292297512558285,-1.496333213437476
2158813504916,-5.5471305926912855,-7.081639674461262,-1.4842310801156757
2158813504933,-5.336566592386484,-7.138844322367582,-1.5526316815740058
2158813504950,-5.192716034035939,-7.376812540460311,-1.4684435526555912
2158813504966,-5.197778699603395,-7.551633587639672,-1.4405245060710448
2158813504983,-4.958484074464739,-7.770328884102877,-1.5496609008205144
2158813505000,-5.147450442000254,-8.414731518504148,-1.5336076498799978
2158813505016,-5.213178519379392,-8.929363106335728,-1.5911961035177233
2158813505033,-5.19152742968494,-8.417209584869601,-1.593229114967722
2158813505050,-4.9081072176873874,-8.295278745225868,-1.5989041772432508
2158813505066,-4.901715376203114,-8.007822779928985,-1.4143816002317164
2158813505083,-4.906158225340311,-7.977287024550932,-1.3313224358259186
2158813505100,-4.541940096731681,-8.872070094200051,-1.6230575987838294
2158813505116,-4.361133417695514,-8.881911003526973,-1.4881403459813471
2158813505133,-4.4131038770624205,-8.849392906445985,-1.4428611500792947
2158813505150,-4.278909985094604,-8.937897035739185,-1.2528961350062695
2158813505166,-4.012776672177063,-8.908588161541008,-0.9168682752493508
2158813505183,-4.020524243924827,-9.082495218883484,-0.7893956331289139
2158813505200,-3.6993917118279915,-8.91151149675679,-0.845444590716632
2158813505216,-4.000626059270532,-9.482880223330671,-0.6720773112440978
2158813505233,-3.8114893930548024,-9.108535259413088,-0.7737675395537137
2158813505250,-3.736049617650729,-9.71196190268772,-0.8632476151437951
2158813505266,-3.7624603591558,-9.459193360898992,-0.8686142441973067
2158813505283,-3.7408660310323802,-9.35211943810836,-0.8999256387355334
2158813505300,-3.4093070484830705,-9.001043686382456,-0.8324168204633156
2158813505316,-3.6075000698242765,-8.963240603107106,-0.6887565667490964
2158813505333,-3.8469049178327324,-8.579138548369865,-0.6802839290394026
2158813505350,-3.999897105268663,-8.26742789237165,-0.5832167949377371
2158813505366,-3.77935451270121,-9.415214118799108,-0.6416483119956569
2158813505383,-3.5927861793357434,-9.33062099059265,-0.7131240545224244
2158813505400,-3.95457481843096,-8.689788341842041,-0.7270469443719502
2158813505416,-3.803181381518373,-8.707874388914783,-0.8872657284778265
2158813505433,-3.8233440142044213,-9.325930927735062,-0.9635144903881544
2158813505450,-3.7562709857379053,-9.358491827730528,-0.8810725606371161
2158813505466,-3.608326075192671,-9.234130145024208,-1.0399817869404642
2158813505483,-3.3786389579945095,-9.461362961987334,-0.9153495435065753
2158813505500,-3.2709885083262527,-9.746370149597812,-0.8477348606279382
2158813505516,-3.652932919603927,-9.273528420220162,-0.9846416990936697
2158813505533,-3.350956628992425,-9.163581063557638,-0.9781046489712174
2158813505550,-3.4439800319398426,-10.09776828836462,-1.0841241593907176
2158813505566,-3.502216293273418,-10.196003581636575,-0.9961720704024264
2158813505583,-3.349566373728243,-10.359859461219056,-1.142016063593406
2158813505600,-3.2796965950843378,-9.662257997445645,-1.2768836172335791
2158813505616,-3.420760080025802,-10.059347352025421,-1.2723882814015677
2158813505633,-3.7554993901191716,-9.587849482144303,-1.2527165035134598
2158813505650,-3.915067084120391,-9.589194480787995,-1.0830025573125024
2158813505666,-4.307550226445206,-9.327300815930174,-0.9187675425891686
2158813505683,-4.7399647040129835,-9.453393165380305,-0.7994622730885774
2158813505700,-4.707077153796106,-9.427723964762402,-0.7183651222941769
2158813505716,-4.438641403145519,-9.649460789664307,-0.5183138460996707
2158813505733,-4.16757421683656,-8.818868789840778,-0.490481169645271
2158813505750,-4.110997694511393,-8.76479622460184,-0.4706350912173267
2158813505766,-3.7456260560579677,-8.530119468782324,-0.5055490436802402
2158813505783,-4.2602643152739175,-8.782408106217115,-0.5091386414583274
2158813505800,-4.179493859755815,-8.82866387922405,-0.6705684455670835
2158813505816,-4.320816571254095,-9.024740449341074,-0.5932151833058794
2158813505833,-4.265253580417844,-8.595805504288004,-0.4166151232449544
2158813505850,-4.504948395932904,-8.885145640449895,-0.23233222379573126
2158813505866,-4.0594181876868625,-9.044487744481422,-0.3564238710613658
2158813505883,-3.9540357873360867,-9.139415543821507,-0.3349395736571593
2158813505900,-4.073906482754753,-9.100784834508243,-0.4679738628738757
2158813505916,-4.482385808412127,-8.449882083986099,-0.518145351089077
2158813505933,-4.098732304365591,-8.306358717796968,-0.4465340772120313
2158813505950,-4.097612409765729,-8.48604548006708,-0.5485310096149524
2158813505966,-3.9661513493242238,-8.714523125654956,-0.4973883024564121
2158813505983,-3.581812125378257,-9.417869089933442,-0.7455216833483906
2158813506000,-3.655558349851492,-9.19023979651966,-0.7588954332375037
2158813506016,-3.67121235567482,-8.742603238530599,-0.6297378327416652
2158813506033,-4.057923989714597,-8.868271575635053,-0.8405388211354224
2158813506050,-4.51368551421894,-8.644896650240433,-0.6784310150238543
2158813506066,-4.125113012318476,-8.430188642079152,-0.5552202116835027
2158813506083,-3.8279475011191426,-8.360322122540046,-0.5516270388145214
2158813506100,-4.34318948472035,-8.589651715626573,-0.7153664478267903
2158813506116,-4.487526351890306,-7.891314841823205,-0.644499163348125
2158813506133,-4.492551572331979,-7.140812583519393,-0.46577793850633065
2158813506150,-4.32520777569981,-6.782937346228009,-0.3768339295146919
2158813506166,-4.169384525425343,-6.480990476181354,-0.3170609893243993
2158813506183,-4.375313170063778,-7.083884841840927,-0.3610980587827587
2158813506200,-4.343366548044354,-7.3226841500277935,-0.19681124172506903
2158813506216,-4.487985319394118,-7.320603021882768,-0.12204485433503487
2158813506233,-4.302699501418282,-7.249051874394295,-0.18897265530365648
2158813506250,-4.583476647670713,-7.4843500822167,-0.07121169801989258
2158813506266,-4.283781641986294,-7.517189186079115,-0.29046321674838244
2158813506283,-3.994613717674814,-7.0757432633747745,-0.34146317226035083
2158813506300,-3.9452541341757748,-7.432947579386893,-0.3265287159753999
2158813506316,-3.9026938737094987,-8.332937975284642,-0.3673279405178342
2158813506333,-3.6792040603445706,-8.400848215652982,-0.3986078831687723
2158813506350,-3.9361269855949295,-8.555796024169311,-0.24266640901760378
2158813506366,-3.878921865230548,-9.281666415672136,-0.17752438741118814
2158813506383,-4.01737713150373,-8.443342410705204,-0.2813262372757872
2158813506400,-4.128519337523757,-8.610888087061614,-0.36337250417143196
2158813506416,-4.101885338751842,-8.337993759827825,-0.4761151328147105
2158813506433,-4.066857068245546,-8.185479062905543,-0.526711765089943
2158813506450,-3.8914947733342573,-7.766007537055991,-0.38817470820715394
2158813506466,-4.00769737321166,-7.975586252842327,-0.22273358474157207
2158813506483,-4.139423577348335,-8.060654814107584,-0.13049065683665317
2158813506500,-3.4503810468021388,-7.795229681170721,-0.1763626426129502
2158813506516,-3.6066487299434553,-7.51719943073735,0.18563674838673638
2158813506533,-4.279028258082011,-7.88264742792279,0.13366200785298377
2158813506550,-4.376751663194026,-8.44361372753473,0.2548182005330015
2158813506566,-4.263910396956502,-8.163703198687484,0.33971162853237236
2158813506583,-4.35567415469239,-7.582666894021795,0.40966707187024587
2158813506600,-4.499250561414776,-8.119619708766146,0.20303371620555943
2158813506616,-4.54862860968341,-8.738123789429139,0.2725674788650315
2158813506633,-4.687018722634717,-9.119942268445364,0.37135186277258037
2158813506650,-4.93193248263629,-9.169501482117727,0.387709661418954
2158813506666,-5.007158722537765,-9.131873385239722,0.4130014314696543
2158813506683,-5.369949835540688,-8.74879958552382,0.6293360594227201
2158813506700,-5.161465163013832,-8.72633158791313,0.5721773536268006
2158813506716,-5.212537857481041,-8.713990489458045,0.6136222462517046
2158813506733,-5.41851916999994,-8.265138803437505,0.4209794637057275
2158813506750,-5.0854383582169165,-7.94464255638991,0.4065642823112875
2158813506766,-5.2432967181913686,-7.692985893697548,0.7344024186149688
2158813506783,-5.262795618920049,-8.410533569193417,0.5104477630465677
2158813506800,-5.1111241834586565,-8.212870555686411,0.19812531099545438
2158813506816,-5.134130655260457,-7.769425603563469,0.23061292383192744
2158813506833,-5.567280114095665,-8.382298689933226,0.04416185776738535
2158813506850,-5.618422840782237,-8.264406829234439,-0.07901861711300062
2158813506866,-6.146360395511039,-7.7197705517604644,-0.10513028916396194
2158813506883,-6.206280723317352,-7.275049981007331,0.17370747799761255
2158813506900,-6.211777950649787,-6.840913931806629,0.031866261785162275
2158813506916,-6.691403045264974,-7.102661094809138,0.005865368187609299
2158813506933,-6.818512489418525,-7.214477051732182,0.024268414020506723
2158813506950,-6.9204324725190975,-8.047815823545125,0.025341979053662755
2158813506966,-6.977151340942748,-7.73119466675506,0.32522635878965267
2158813506983,-7.159375870321855,-7.331264585069902,0.3784674012225516
2158813507000,-7.30276306314807,-7.147398195108681,0.25507250656840375
2158813507016,-7.035327711726318,-6.262903501285147,0.26619469938677065
2158813507033,-7.139780238722922,-6.390516276470519,0.20508941379855294
2158813507050,-6.93218557067995,-6.568136104154334,0.5664721150737008
2158813507066,-7.167566143488314,-7.473213973476082,0.6268212808778933
2158813507083,-7.107920887854007,-7.638152035907536,0.5723964106274319
2158813507100,-7.0629514189250235,-7.800942018996654,0.4481056857512943
2158813507116,-7.179534978813749,-7.946084427881082,0.5885155561030709
2158813507133,-7.182913830166678,-8.245651342720022,0.643459278518871
2158813507150,-7.295940382728286,-8.193875227871679,0.5482253935467932
2158813507166,-7.558296810137136,-8.414871601289288,0.3617090152859711
2158813507183,-7.742344683588087,-8.491267864635859,0.23451772580382024
2158813507200,-7.669232528304905,-8.717087347716927,0.3193616781678895
2158813507216,-7.509312752779154,-9.504621384185953,0.3952332343360424
2158813507233,-7.590755199282575,-9.585072560961965,0.4086829215535005
2158813507250,-7.841881328167361,-9.499792647318689,0.2673151984995944
2158813507266,-7.745125270363733,-9.653718321250931,0.5564473953513415
2158813507283,-7.4103102298941534,-10.632470596582149,0.6429464883563217
2158813507300,-7.330882619466071,-9.869980264636814,0.750422016733208
2158813507316,-7.4699744398673795,-9.33334439747567,0.8462298308347388
2158813507333,-7.724273601948314,-8.642507674336077,1.059868533126016
2158813507350,-7.830462248141551,-8.40422198381118,0.9900186497365705
2158813507366,-7.655251693983136,-8.304645528975499,1.400819318665468
2158813507383,-7.328929160103128,-7.5500502291149125,1.2842219406860775
2158813507400,-7.482302047104303,-7.135784855147194,1.3067782650936404
2158813507416,-7.6474120208260175,-6.962233793535349,1.0871849082813765
2158813507433,-7.555997982817157,-7.923803822245968,0.7861048361052597
2158813507450,-7.33536690261339,-7.5155037239729525,0.8771499163543447
2158813507466,-7.539084695490698,-7.751034605655455,0.8175639530569246
2158813507483,-7.500778643783399,-7.052119567661222,0.7820950472285711
2158813507500,-7.567575433262795,-7.12509199104069,0.7806994875308139
2158813507516,-7.5290193830440995,-8.069288056518529,0.6225352545731097
2158813507533,-7.293811256840226,-7.880531156358515,0.8409602872273153
2158813507550,-7.341709629146909,-8.622030836467275,0.7839309252116978
2158813507566,-7.735421791948649,-8.318351409017446,0.8340139343346201
2158813507583,-8.045180564922319,-7.400901971632205,0.7976127627730606
2158813507600,-8.449490959244585,-8.035411539207,0.48153160423109853
2158813507616,-8.653375289600392,-8.031149675253904,0.39562902814746026
2158813507633,-8.919658702605457,-8.56941493179609,0.5817990355957493
2158813507650,-8.840311126802845,-9.318428592749303,0.5309538954666136
2158813507666,-9.071417088166253,-9.066408551605141,0.6592169946887773
2158813507683,-9.248622363006934,-9.564870004121893,0.6152286840490645
2158813507700,-8.920479387857911,-9.103556530710277,0.47905635475012087
2158813507716,-8.70049886648109,-9.305902870908339,0.5873511097084737
2158813507733,-8.65562643051935,-9.838066442525275,0.7446769300889128
2158813507750,-8.550863837411542,-10.030882251332622,0.7847111950497586
2158813507766,-9.197817511968843,-9.856534811409873,0.7458535081528094
2158813507783,-9.219812821580264,-9.929886460540903,0.7630475102104549
2158813507800,-9.492305165171247,-10.20721078059141,0.6416229563230303
2158813507816,-9.405667890467964,-10.226198772336483,0.7330221039162329
2158813507833,-9.269017866455533,-9.629041630594106,0.7208039636978646
2158813507850,-9.24370026822698,-8.638683249557788,0.7652142470844018
2158813507866,-8.99539344880072,-8.543086075527519,0.948266655169573
2158813507883,-9.166921530055625,-9.391214513490707,0.6246342023651436
2158813507900,-8.654171610150165,-10.038149019516938,0.7372848842229008
2158813507916,-8.57466897795074,-10.158967509427542,0.9093950434110493
2158813507933,-8.82141212501591,-10.248943411925843,0.678662929707662
2158813507950,-8.661162856581903,-10.588135895727984,0.49729094271913954
2158813507966,-8.105522991687195,-9.794859542686652,0.6795975421268189
2158813507983,-7.813557525649781,-9.3999907783349,0.6194763954121515
2158813508000,-7.936227882007914,-8.90537549331999,0.8654477859866968
2158813508016,-7.75117818178444,-9.11052460608908,0.7261695328897552
2158813508033,-7.751515607503416,-8.58582968367593,0.5050349889108449
2158813508050,-7.720915526957892,-9.19839957726833,0.29103603455863936
2158813508066,-8.000060314661928,-8.754464634302956,0.17705864429262996
2158813508083,-7.9273662286065845,-8.602675534312588,0.23978083165809394
2158813508100,-7.864527004512759,-8.518118588742851,0.17909942013419167
2158813508116,-8.085692184275636,-8.750044704144477,0.1686160065638106
2158813508133,-7.9900732423478456,-8.651879637971597,0.2496094618651632
2158813508150,-7.996135536885488,-9.164962456514834,0.23260107692032572
2158813508166,-8.3587047847845,-8.415908174632335,0.0874620200009425
2158813508183,-8.591617428792667,-8.65044082404584,-0.06488825750150096
2158813508200,-8.919687220351268,-8.663442587850717,-0.05874806228486407
2158813508216,-8.777162438864194,-8.721682398936771,-0.18567090993697166
2158813508233,-8.380990930003591,-8.589141955584989,0.02196665847318391
2158813508250,-8.138475637967819,-8.984903586494472,-0.29812713531474255
2158813508266,-7.864320776989079,-9.507474195512437,-0.3185182044672436
2158813508283,-7.740746793281913,-9.650555227955616,-0.2825441671712577
2158813508300,-8.054909466570582,-9.492729882618672,-0.4078529004399766
2158813508316,-7.741522827198171,-9.12643414255422,-0.4200501454370803
2158813508333,-7.588791801708711,-9.13462143700739,-0.5517240743902714
2158813508350,-7.690528819483928,-8.911801905176484,-0.46976272397297925
2158813508366,-7.712279310262543,-9.731504254494302,-0.2669549974900854
2158813508383,-7.755960833737458,-9.323272379499276,-0.291238955964944
2158813508400,-7.829939272399621,-10.191850178655965,-0.18375623813138098
2158813508416,-7.950616411842685,-9.875883591447788,-0.21329778548510486
2158813508433,-8.156029819316954,-9.873608681170918,-0.32581203815022336
2158813508450,-8.612868725557988,-9.985853439977358,-0.44791351579188815
2158813508466,-8.569262098203303,-9.827324054239735,-0.32771574293051503
2158813508483,-8.497297604005139,-10.190756581471572,-0.2772683243572807
2158813508500,-8.35548910318736,-10.04325211054931,-0.2444721836576012
2158813508516,-8.393524700921088,-10.28094733956844,-0.4202837374000745
2158813508533,-8.265379066183453,-9.907898630837229,-0.5007553738214321
2158813508550,-8.331727294361022,-9.224989070660023,-0.5138546997571602
2158813508566,-7.976273616427538,-9.114871519788785,-0.24604986674743645
2158813508583,-8.739647612698974,-9.059221579182303,-0.36235438950693344
2158813508600,-8.806242662335592,-9.487673488466069,-0.3973796350536456
2158813508616,-8.986180622906193,-8.952406131595298,-0.3513251767186894
2158813508633,-9.331152875437304,-9.092411383683288,-0.5890985715943796
2158813508650,-9.642755524039657,-9.471357513812979,-0.295400737822554
2158813508666,-9.805207446552739,-10.03190976158255,-0.1601448037279446
2158813508683,-9.826782799260744,-9.606773895508326,-0.38926265628517387
2158813508700,-9.836845183957802,-10.041863549218487,-0.13021106356764078
2158813508716,-9.413131198981649,-10.224227709358946,0.1160835160634559
2158813508733,-9.534249732175468,-10.35299005582118,-0.04999439945899076
2158813508750,-9.577554394164256,-10.106649376208537,0.22974493712951305
2158813508766,-9.430994012312222,-10.107885159488537,0.30081106420043446
2158813508783,-9.551925487721734,-9.715321987774274,0.09668333850437583
2158813508800,-9.302718927111334,-9.088464872598554,-0.2112064356868567
2158813508816,-9.220061378804102,-9.539058740969665,-0.4812141846139363
2158813508833,-9.058390030882597,-9.654088151401481,-0.7355108198431168
2158813508850,-9.401099043902862,-9.84603202796654,-0.8623179995113299
2158813508866,-9.413174806044735,-9.389156357557923,-1.0077994942008266
2158813508883,-9.638350654723611,-8.896561559775101,-0.7730842446445162
2158813508900,-9.900700606915873,-8.82582891212939,-0.8868343751365206
2158813508916,-10.143746873708263,-9.10563346985991,-0.9908375388097408
2158813508933,-10.27901048162476,-8.07117282887138,-0.8677581984822702
2158813508950,-10.341670708821757,-7.826584051847908,-1.0221126002940943
2158813508966,-10.580934421576808,-8.158644735770414,-0.9350765470410194
2158813508983,-10.448145505534464,-8.723035428019022,-0.9208604999754417
2158813509000,-10.228205590689953,-8.404469419059808,-1.0185761197911267
2158813509016,-9.853898872579249,-8.356917415287741,-1.01489866979348
2158813509033,-9.890507314100823,-7.647547156591601,-0.8954064564145303
2158813509050,-10.189007927851737,-7.599196136167313,-0.8982328356325135
2158813509066,-10.372202859933829,-6.886915239658895,-0.6963049756186704
2158813509083,-10.685929995442418,-6.949410832756556,-0.7233249116569047
2158813509100,-11.1265890709184,-7.764622283737117,-0.7392746176550379
2158813509116,-10.711668604919694,-8.141673391954159,-0.5869815977229689
2158813509133,-10.667927081055138,-8.089753948106868,-0.445696570324189
2158813509150,-10.390229981874288,-6.908589430819731,-0.18779967113886042
2158813509166,-10.3573953331582,-7.070585632102081,-0.1657742001576989
2158813509183,-10.133774904702541,-6.571414792521314,-0.19332527705105973
2158813509200,-10.432639343019034,-6.846414239204384,-0.23760405213036606
2158813509216,-10.192318585452352,-6.59402586702101,-0.22133954058659433
2158813509233,-10.145278290072348,-6.778617721553054,-0.21158284915456638
2158813509250,-10.215390073120638,-6.138422049257011,-0.3839365539199006
2158813509266,-10.053906164494023,-5.488613417218388,-0.554056941927089
2158813509283,-10.11598590115413,-5.199976351220801,-0.6886588871026049
2158813509300,-10.011493099509675,-5.0073390641588835,-0.735306272180509
2158813509316,-9.741181492490973,-5.035755323081554,-0.6017939039614976
2158813509333,-9.782130363854698,-5.432787433684036,-0.4111247010790229
2158813509350,-9.882727396209617,-5.705944376663988,-0.45168450489203715
2158813509366,-9.723415149580381,-5.6109712459478445,-0.24302442096457327
2158813509383,-10.260321806936929,-5.763520578784213,-0.12759462121514187
2158813509400,-9.816496753299425,-5.451902726541701,-0.32589430999692154
2158813509416,-9.858542577737794,-5.712880446506438,-0.5398333454097569
2158813509433,-9.690152653015673,-6.487531304597444,-0.5078196954814013
2158813509450,-9.45241121261637,-6.552244916900902,-0.5270482448368159
2158813509466,-9.634351177117981,-6.5171804101182325,-0.39399320528899623
2158813509483,-9.470088564953507,-6.84475693756143,-0.25976129282150584
2158813509500,-9.439073025856441,-6.286610787716004,-0.05443165166714403
2158813509516,-9.5425778924679,-6.137733909272014,0.036270162400045214
2158813509533,-9.51599789551079,-5.420241540767255,0.06898944988320455
2158813509550,-9.530343497499668,-5.414154224662534,0.021123673765777284
2158813509566,-9.91851187162727,-4.6443058972639975,-0.17882998926862975
2158813509583,-9.697827788339701,-4.4474301064028,-0.13100056795398252
2158813509600,-9.71903611049917,-4.3809231008595315,-0.28810601981072953
2158813509616,-10.038060537934896,-4.1699932638998005,-0.21189896152278326
2158813509633,-9.654665381674082,-4.858793471359103,-0.23218018263893142
2158813509650,-9.77196895536715,-5.996728923690166,-0.40674637293613836
2158813509666,-9.680889331463188,-6.389478808493783,-0.46123572356151643
2158813509683,-9.714477764970814,-6.302021067947095,-0.5875835793582935
2158813509700,-9.41428266634156,-6.362052254860848,-0.427328138079595
2158813509716,-8.90620586102493,-6.7105170693803755,-0.3924638641428736
2158813509733,-9.052256030986733,-6.719871393065127,-0.2966843259877584
2158813509750,-9.11818917909232,-7.063357559605817,-0.39266967612896314
2158813509766,-9.011330152690977,-7.2545350047350965,-0.6484573528372648
2158813509783,-9.306341627090022,-7.109678179442044,-0.7952616379088183
2158813509800,-9.506661067909231,-7.239915804669034,-0.8774804497936981
2158813509816,-9.78837873673907,-7.420940089473141,-0.9791603108549976
2158813509833,-9.69680722578363,-7.415932402959591,-1.1168471603786647
2158813509850,-9.818195122903765,-8.045735835610374,-0.9073250835708387
2158813509866,-9.708415072563666,-7.935805042830625,-0.8679825098086847
2158813509883,-9.478594180331696,-7.731082253399488,-0.9981006155100707
2158813509900,-9.1508402033166,-8.192609134053608,-0.9750264651604102
2158813509916,-8.959820501644225,-7.746147973029506,-0.9419953142714333
2158813509933,-8.895287677773997,-7.8586393672836605,-0.7534481689004922
2158813509950,-9.347364345572162,-7.919562396125351,-0.7174792513149472
2158813509966,-9.435605682891179,-8.28182842379586,-0.6907699296930703
2158813509983,-9.268821903367462,-7.8138272885049345,-0.7115668130056141
2158813510000,-9.16404105443505,-7.917243834308413,-0.5766599002164894
2158813510016,-9.001637172009776,-8.176552364510624,-0.5672187573720955
2158813510033,-8.942867849323106,-8.162995978342915,-0.320294815785046
2158813510050,-8.904136936839512,-8.464631170988412,-0.0986907641245528
2158813510066,-9.333388188129492,-8.749397400524703,-0.16250151307327165
2158813510083,-9.590923490439238,-8.92126572470994,-0.4929793199738318
2158813510100,-9.579307859567152,-8.608673965863773,-0.35233597626370156
2158813510116,-9.699300502431385,-8.683453183147359,-0.19343628453334616
2158813510133,-9.994707850801822,-7.945362350625608,-0.22770030488713444
2158813510150,-9.827839938864727,-8.059136920627282,-0.13871214144466737
2158813510166,-9.700422754806507,-8.240224489249876,-0.042268633024151736
2158813510183,-9.730348920036423,-7.9756754387167845,0.028734721760458104
2158813510200,-9.708891780613314,-8.304564739680133,0.13962304269185755
2158813510216,-9.662499900263764,-8.37214501790863,-0.0009591461321991623
2158813510233,-9.303564463467639,-7.805023675619921,-0.1187674832659611
2158813510250,-9.412992615889051,-7.766163311281939,-0.20830978371079667
2158813510266,-9.603486178930128,-7.156099301163791,-0.45423611106177797
2158813510283,-9.682668093782349,-6.589118976086917,-0.25764691013382623
2158813510300,-9.51739766822621,-6.028430855150918,-0.0704996967155671
2158813510316,-9.374389958529811,-5.687327026450473,-0.17516689837882843
2158813510333,-9.11829083445427,-5.769298551834364,-0.20933235814079976
2158813510350,-8.878498471605255,-5.713883871398007,-0.43925322589451155
2158813510366,-8.435738306636285,-5.94449130816845,-0.2871127168580125
2158813510383,-8.44054891674565,-6.472420520775584,-0.3205132115466405
2158813510400,-8.082983690692414,-6.325363806680918,-0.3312636033309216
2158813510416,-7.882997396807438,-6.1790480390765055,-0.37518061488728516
2158813510433,-7.9679711180366555,-6.066040700706912,-0.35816541128901824
2158813510450,-8.091286213659572,-5.984177788633665,-0.3525341595905907
2158813510466,-7.831113904857109,-6.16905758525026,-0.31137266998352153
2158813510483,-7.646218445406907,-5.366697966099658,-0.24536406030421226
2158813510500,-7.51032039618098,-5.634163111192978,-0.2972762486729575
2158813510516,-7.30230361015612,-5.78854770050848,-0.5685982480515075
2158813510533,-7.196729020269923,-6.143931878673315,-0.37177278339661207
2158813510550,-7.233522274131204,-5.778794627076576,-0.273908541814957
2158813510566,-7.169682109266387,-6.185648690333478,-0.2882821382074746
2158813510583,-7.1725886359765285,-6.594434689547841,-0.3379138396806598
2158813510600,-6.979707579185451,-6.832553866629335,-0.06471634477707688
2158813510616,-6.602780973191414,-7.067564546621821,-0.06394335430647735
2158813510633,-6.590807941004084,-6.802751789366552,-0.16443359427846627
2158813510650,-6.304544226467175,-7.354036342133502,-0.15385466831578665
2158813510666,-6.1534655462337655,-7.207265024188979,-0.06732420481521062
2158813510683,-6.410924752364238,-7.233326383755079,-0.1976947401642074
2158813510700,-6.195778203543725,-7.545431903117967,-0.0752853358234492
2158813510716,-6.390118094033612,-7.603956256825442,-0.0933296447324864
2158813510733,-6.238937125596963,-6.96984845540549,0.12738995623968474
2158813510750,-6.049299548504473,-7.077496100673055,-0.06493243199997811
2158813510766,-5.82184625401673,-7.031415732398601,0.120487857619614
2158813510783,-5.85084402335048,-6.926103730834608,-0.07518845769087079
2158813510800,-5.886146697933993,-6.766215151524065,-0.02237659500056355
2158813510816,-5.217804264649988,-6.739718550302454,-0.13862210437496703
2158813510833,-5.319284857808425,-6.2356164398267815,-0.11940596679995286
2158813510850,-5.058480451783906,-6.204757725287557,-0.12318195946051624
2158813510866,-5.112584049149078,-6.544151825468369,0.14013438824796687
2158813510883,-5.166665939801466,-5.671217429888155,0.21324896004027816
2158813510900,-4.927888259084258,-5.879234297520636,0.21727957063540448
2158813510916,-4.705930112397977,-6.44817189376508,0.34150525807351506
2158813510933,-4.616736032316523,-6.200303459408298,0.5570991093787118
2158813510950,-5.058949530711647,-5.312545962060229,0.5375171528916008
2158813510966,-5.481688026231548,-5.105652360762499,0.4950862141335456
2158813510983,-5.392422627441336,-4.876048110307654,0.42091301465923603
2158813511000,-5.747770332950034,-5.256969016001988,0.13150020904705007
2158813511016,-5.265334651394559,-4.897770986899439,0.11406515501950365
2158813511033,-5.2963204131994885,-4.286039195705611,-0.0013693662117369998
2158813511050,-5.251938705499956,-4.029047251679536,0.18082117411198873
2158813511066,-5.357516601546362,-4.134360132357808,0.07317828263211201
2158813511083,-5.410405489055135,-4.3819771068707505,-0.0023315855253928097
2158813511100,-5.36514371698013,-4.613260834398284,-0.04109504773540884
2158813511116,-5.4738383161912605,-4.4101311572915325,0.03097425370366602
2158813511133,-5.267033812667686,-4.423582672982038,0.12522213532737103
2158813511150,-5.3133687398482135,-4.128001421340116,0.23688219155597523
2158813511166,-5.677811692702894,-4.717600091081863,0.2165404109796374
2158813511183,-5.650927334281017,-5.114940407893581,0.20633833327400497
2158813511200,-5.688439243032079,-5.193744696815747,0.12937504464292549
2158813511216,-5.681384439982133,-5.849220412316446,-0.162630411447643
2158813511233,-5.343557528044758,-6.4740877395848475,-0.17573696013713658
2158813511250,-5.308792844424756,-6.798116960553675,-0.18559641527120785
2158813511266,-5.162373716772163,-7.21520446179703,-0.2948535515515804
2158813511283,-5.060466364095401,-7.321411469740161,-0.3310280265364067
2158813511300,-5.230920575163755,-6.670412843439095,-0.41681939695177805
2158813511316,-5.140498273865789,-6.861425652035896,-0.3103665861555919
2158813511333,-5.232188928405037,-7.290384127711114,-0.5253542893802199
2158813511350,-4.782550320144212,-7.301901199127137,-0.3242188331216854
2158813511366,-4.76592974586786,-7.359686757017503,-0.2858629916779648
2158813511383,-4.639653185949426,-7.188194513453599,-0.18856080555960136
2158813511400,-4.792020932904142,-7.597837522019406,-0.09385533049152361
2158813511416,-4.837208449766622,-7.830017646585758,0.08170002550506705
2158813511433,-4.987220920669319,-7.810995659765044,0.16426163264425864
2158813511450,-5.122807857531048,-8.67868474990996,0.11190855932228139
2158813511466,-5.3150516227276725,-7.744810917149408,0.3466307758103334
2158813511483,-5.06975694897478,-8.505992704638384,0.1736740279745984
2158813511500,-4.744216592921632,-8.26706032444222,0.33037474028663083
2158813511516,-4.491631377921348,-9.118095758118482,0.4505349299954603
2158813511533,-4.7272604986920825,-9.675407817935186,0.46773342798732986
2158813511550,-4.8404612598383325,-9.614912795858142,0.5476512065225977
2158813511566,-4.8041686189562105,-9.202292815263405,0.46541837284225906
2158813511583,-4.618428442304508,-9.435649671518531,0.45576989655371525
2158813511600,-4.906392664632997,-9.280704271888238,0.40803010882662727
2158813511616,-4.848354382201503,-10.068533633914553,0.19700362964693174
2158813511633,-4.769261217753764,-10.240204251163888,0.3080747342393404
2158813511650,-5.031593756478827,-10.520641577610899,0.29348224828341496
2158813511666,-5.040786661188334,-10.639656468952044,0.1771697626676998
2158813511683,-5.030883095971404,-10.30901569575305,0.29625472368582817
2158813511700,-4.94892565984663,-10.406603548147684,0.36830827923779774
2158813511716,-4.775243350536795,-10.139306426411888,0.35354840641071317
2158813511733,-4.497212194104021,-10.142542858957892,0.22235723554125597
2158813511750,-4.715618109299098,-9.77464679682613,0.39272088836392405
2158813511766,-4.9992347105252675,-10.469027290490022,0.5419623326760034
2158813511783,-5.036508909429604,-10.783626815299748,0.5152446410777966
2158813511800,-4.992229741547864,-10.474198423120127,0.3083410276293179
2158813511816,-5.045239571943483,-10.4692349994926,0.4394774067810364
2158813511833,-5.0190978480998005,-11.466020153044031,0.3077407250946811
2158813511850,-5.429868307324927,-11.014669640109897,0.12005359553774353
2158813511866,-5.56656468466852,-11.164000817599874,-0.034027776243767294
2158813511883,-5.305736276519073,-11.409002289315927,0.24612378725716333
2158813511900,-4.881738149718945,-11.543257961526244,0.3690629797446935
2158813511916,-4.727755934578733,-11.45175226330795,0.6796085341188004
2158813511933,-5.05893746020161,-11.626969107047252,0.5968140587194387
2158813511950,-5.388443304969244,-12.149790713314676,0.8017159227993297
2158813511966,-5.354692834305953,-12.362521269612179,0.7610683170792095
2158813511983,-5.112020223197484,-12.012684199498299,0.23934514916666694
2158813512000,-5.4150478208102255,-11.9384012091808,0.46946576411302876
2158813512016,-5.542977613432272,-12.086275679751669,0.4414016204948433
2158813512033,-5.67932251952209,-11.796815858195966,0.5529703302317156
2158813512050,-5.50626137124077,-11.44493639967873,0.6416857818074805
2158813512066,-5.495193261130993,-11.285908679455932,0.4868437724964433
2158813512083,-5.79672307132422,-12.020352395327748,0.260406138741224
2158813512100,-5.789609416009076,-12.153988821561002,0.2840020396989119
2158813512116,-5.6723452315740746,-11.823184159749047,0.379948920555382
2158813512133,-5.780760015262899,-11.68336896768859,0.48759909967162873
2158813512150,-5.824672431284174,-12.144907831373091,0.8119613072921271
2158813512166,-5.710257877914143,-12.925262089968669,0.6778840421468982
2158813512183,-5.770957198728771,-13.371232424224498,0.6827210376096818
2158813512200,-5.78381559275516,-13.652113215972454,0.751795917308684
2158813512216,-6.014707254191415,-13.979087620221858,0.8419221514318646
2158813512233,-6.049002651629558,-14.57879227786957,0.9124612287077339
2158813512250,-6.042007402805836,-13.860904602838195,0.9338200489885568
2158813512266,-6.176387493614522,-13.437691494887098,1.1680438675320386
2158813512283,-6.55074061928741,-13.518802019810977,1.1473467877066263
2158813512300,-6.532493718748421,-14.046878156830203,1.2698671011794507
2158813512316,-6.663777743202778,-13.906210215852994,1.4805550290093534
2158813512333,-6.695690704806693,-13.727849886266274,1.2931965487785781
2158813512350,-6.430354721690986,-13.548657965596878,1.417926208826143
2158813512366,-6.209194009834033,-13.512123763739062,1.2832876047925086
2158813512383,-6.2669591565866405,-13.323399194141274,1.016369399885472
2158813512400,-6.840371155214207,-13.514255939955259,0.9919059214844143
2158813512416,-7.075684134160084,-13.739610350421936,1.0673533813361376
2158813512433,-7.238669390784024,-13.51499822607352,0.9015661108844547
2158813512450,-7.463697667990777,-13.90884143962015,0.6499646025853009
2158813512466,-7.207233658590441,-14.08930169901873,0.46969158462655936
2158813512483,-7.474368863867382,-14.245094398334558,0.44388062520973326
2158813512500,-7.947043439747167,-14.509398121576407,0.29455789035873736
2158813512516,-7.848912850746183,-14.995167558795892,0.04088056587739397
2158813512533,-7.535764701032861,-14.89960979948114,0.18476987277200663
2158813512550,-7.400508476145511,-14.736090489864647,0.19456844646869964
2158813512566,-7.709281373198054,-14.274601844273253,0.020172997748524213
2158813512583,-7.569850083615758,-13.919626602935391,-0.10625914497468614
2158813512600,-7.9430081528324665,-13.598787648383993,-0.008049450323484475
2158813512616,-7.893908014990126,-13.31280091165053,-0.0425342960143551
2158813512633,-8.196895239973589,-13.248070463983698,-0.03196175926926237
2158813512650,-7.9732356311325825,-12.417842164245837,-0.3298763463984125
2158813512666,-8.026215104465319,-12.013031541438588,-0.1406809638299693
2158813512683,-7.8430841752333516,-12.488719049774382,0.04425741784887249
2158813512700,-8.280129821491109,-12.530107797930373,-0.15402551893856908
2158813512716,-8.491077439085823,-12.206152492395391,-0.2763160295206668
2158813512733,-9.061271546825903,-11.732499294178773,-0.5683822743541538
2158813512750,-9.310883162073724,-11.35491527107537,-0.6608981098824296
2158813512766,-9.275964065638785,-11.971050624105867,-0.4051623392329
2158813512783,-9.651383864677602,-11.845760929574997,-0.5398712428878716
2158813512800,-9.460723010809433,-11.54926024125746,-0.6412411141092267
2158813512816,-9.546622985752553,-11.320705928678226,-0.5987783258564678
2158813512833,-10.079984773690086,-11.309556707056046,-0.5650506341641224
2158813512850,-10.032295111608617,-11.090871422733674,-0.49723564127593134
2158813512866,-9.945781347850444,-10.731138044663027,-0.6869553406353274
2158813512883,-9.715388198307668,-11.33486675030938,-0.6956842945559482
2158813512900,-9.529648531155154,-11.049386165755266,-0.9266145176852993
2158813512916,-9.59196870380506,-11.18665332010913,-0.6018310605407614
2158813512933,-9.941116641334801,-10.00404277422966,-0.603654946161727
2158813512950,-9.815517073619626,-9.784133847839417,-0.470160490974443
2158813512966,-9.99610452921549,-9.478105179832859,-0.41274925590099915
2158813512983,-10.096834074568548,-10.03035206923413,-0.773366566833207
2158813513000,-10.039612143700564,-10.719678985669413,-0.6986633683106576
2158813513016,-10.24776944946828,-10.542617180682445,-0.9368433463310937
2158813513033,-10.427220288929389,-10.573530147099806,-0.8363614810733638
2158813513050,-10.429551994234988,-11.51837946212623,-0.527313122214503
2158813513066,-10.79380800802834,-12.092237532193806,-0.6713052138787423
2158813513083,-10.85239789563139,-11.920610975963275,-0.867440138534045
2158813513100,-11.191699979484032,-11.425029793218417,-0.7206792803632788
2158813513116,-11.265524151108508,-11.422703002475966,-0.6124571192130677
2158813513133,-11.036240269991982,-10.797199513760493,-0.6563813997878846
2158813513150,-11.414937407983139,-10.120542262838274,-0.8465730644560806
2158813513166,-11.08023315380757,-10.287053179399736,-0.7709397172529513
2158813513183,-11.058500512065105,-10.495409033746412,-0.5979337031118391
2158813513200,-11.079206627916141,-9.970263164906848,-0.5210412246353697
2158813513216,-11.19479126724409,-10.450968503793215,-0.3799218100783537
2158813513233,-11.098570543324776,-10.911462140690858,-0.281681285509906
2158813513250,-11.012483550645268,-11.021555875382674,-0.369784215631855
2158813513266,-11.185936830784026,-11.992237049327967,-0.4111091937468385
2158813513283,-10.877254479499893,-11.902400965189514,-0.25504374372908795
2158813513300,-10.937506880551943,-12.17222691109744,-0.08695258483314505
2158813513316,-11.352525959180308,-11.498532485914895,-0.29532859788966137
2158813513333,-11.205289806009342,-11.348815528468204,-0.06626437005542607
2158813513350,-11.273573531041388,-11.219400964948534,-0.04705801544119281
2158813513366,-11.412610552609681,-10.352171796404008,0.03648093857206958
2158813513383,-11.226122060606752,-9.950827309277518,0.1978317569035899
2158813513400,-11.076286822317618,-9.938585278860257,0.1362432991170074
2158813513416,-10.983986045588818,-9.695818165863479,0.08052941791753232
2158813513433,-11.02210150248417,-9.760357667204861,-0.04277135053186021
2158813513450,-10.911292870309445,-9.428696407390905,0.010866658647309624
2158813513466,-10.58516002544731,-9.367225448464156,-0.006861820681376973
2158813513483,-10.427640806132297,-8.984031969112074,-0.11217276883794669
2158813513500,-10.10173668288045,-8.79619820465514,-0.21744185066645194
2158813513516,-10.116040428488901,-8.974881329308946,-0.17975910757821484
2158813513533,-9.894285844251222,-9.404128047171701,-0.22542936738451558
2158813513550,-9.9320756403747,-9.681896162141651,-0.0520200800166184
2158813513566,-9.731303969288128,-9.823731699354173,-0.14576795954097588
2158813513583,-10.06043647659666,-9.480893563838348,-0.4938021478529657
2158813513600,-9.781473051237024,-9.560724265565526,-0.4640232956328776
2158813513616,-9.28743136351376,-9.110916139080263,-0.6334360001156969
2158813513633,-9.593920160171965,-10.184519167340442,-0.7423470611166674
2158813513650,-9.780093124218979,-10.447139764920838,-0.8421326174964193
2158813513666,-9.453661456022829,-10.058778029690233,-1.1647115115487812
2158813513683,-9.754559121784567,-9.69803055865319,-1.0946892973723137
2158813513700,-9.316607890502357,-9.344677281727856,-1.2705130533253834
2158813513716,-9.481047187786121,-9.01849338721506,-1.1795003512382642
2158813513733,-9.6398467064879,-9.394820645031015,-1.0247994045421116
2158813513750,-9.749837008758236,-9.623763440327409,-1.0983453427987244
2158813513766,-9.856149095997427,-10.0411526394787,-1.1833801440839897
2158813513783,-9.365067625305777,-9.58391117738196,-1.4976768724290446
2158813513800,-9.355171375214733,-9.817376552249371,-1.4218560136737444
2158813513816,-9.465859311473613,-9.867118509956217,-1.5988817056109506
2158813513833,-9.450822212176002,-9.99835296563654,-1.5155713966600795
2158813513850,-9.32316518213864,-9.651958096112047,-1.5356321822088066
2158813513866,-9.190383482302739,-10.224908407701461,-1.3933584209814733
2158813513883,-9.311054023565804,-9.758016812798125,-1.2729961564402932
2158813513900,-9.177157136644903,-9.775568099682435,-1.2425639819810823
2158813513916,-9.104965757764273,-9.76445309823969,-1.1871982415157154
2158813513933,-9.340245013497062,-10.011790072771207,-0.9995569174905916
2158813513950,-9.595059667233272,-9.941493490978212,-0.8359357997125288
2158813513966,-9.58440941673775,-9.914206021414028,-1.004801989279041
2158813513983,-9.182531247422896,-9.83861379435002,-0.9857776279673258
2158813514000,-9.23222273036882,-9.683263849503971,-0.8274765338003668
2158813514016,-9.319081300247031,-9.59877059793785,-1.0270782991725538
2158813514033,-9.128216725007256,-9.643625622853687,-1.2346953894213994
2158813514050,-8.697056503629005,-8.811916066351657,-1.2623362874424717
2158813514066,-8.697124226166427,-9.553148378399495,-1.233441331072516
2158813514083,-8.952565297961911,-9.591660779258056,-1.4410575203115898
2158813514100,-8.648232956234427,-9.325803423022446,-1.7377684759613716
2158813514116,-8.482595200862159,-9.31284127877122,-1.7578234096197507
2158813514133,-8.369331339106283,-9.107629729044024,-1.7537814837666663
2158813514150,-8.355299743409182,-9.58163489936829,-1.9364870173055957
2158813514166,-8.440672618986207,-9.579707472957969,-2.019478418957535
2158813514183,-8.41362352052353,-9.877558526391365,-2.20985394731483
2158813514200,-8.662043222651587,-9.327031849996501,-1.9154860318514464
2158813514216,-8.76309928590219,-9.396127724378161,-1.9372276906947592
2158813514233,-8.429529429595737,-9.69965732158076,-2.1222872154403714
2158813514250,-8.623189080508565,-9.627987114718666,-2.152509266051095
2158813514266,-8.536194735195151,-9.457938393546751,-2.0210286060235356
2158813514283,-8.920198625287147,-9.200258433910577,-2.3791881182812675
2158813514300,-9.081062806592557,-9.516820031598675,-2.606468603441921
2158813514316,-9.377073641820672,-9.799218672551783,-2.4184460349128702
2158813514333,-9.396617720566164,-10.106907807549364,-2.148787599211872
2158813514350,-9.779051262330796,-9.69943567456337,-2.441926991339037
2158813514366,-9.77893076830275,-9.316729735663632,-2.5606113487615167
2158813514383,-9.943208399635079,-9.567051105563072,-2.6515103015445964
2158813514400,-9.36557787589031,-9.545383790504708,-2.701575833928946
2158813514416,-9.557257280489178,-9.285111271878112,-2.4680452221286835
2158813514433,-9.325879661290084,-9.343739098159999,-2.4013195093050546
2158813514450,-9.446917065079287,-9.173816477989764,-2.3640849973119873
2158813514466,-9.667928055245206,-8.9354481044199,-2.32133636593046
2158813514483,-9.738845578170928,-9.63809203562264,-2.107308688820479
2158813514500,-9.674059099270742,-10.210142433878062,-2.2730660803852105
2158813514516,-9.669004952419264,-10.348937522630171,-2.0015161681459035
2158813514533,-9.560925755918893,-10.394641088741205,-1.9866926200151376
2158813514550,-9.604723644952369,-10.375538352120213,-2.0240693525665683
2158813514566,-9.493882761788619,-9.78807542231436,-1.9054053209034998
2158813514583,-9.634128510633891,-9.058460604375426,-1.9063620499366185
2158813514600,-9.63929400517133,-9.683236868454392,-1.9606213458639852
2158813514616,-9.711195926563743,-9.397634739401331,-1.9855078095709446
2158813514633,-9.433460600191909,-9.175005649713619,-2.161258412743127
2158813514650,-9.245097497054843,-9.579079722970341,-2.0401990845694034
2158813514666,-9.217461068193161,-9.654092585990028,-2.077632986412137
2158813514683,-9.026377416749916,-10.216871562421616,-1.9804499240047857
2158813514700,-8.907396214560293,-10.202810453810468,-2.103526406487578
2158813514716,-8.790659113058172,-9.986087019013143,-1.99086059169211
2158813514733,-9.04293780597692,-9.906048154828524,-2.0491862520949256
2158813514750,-8.991451410024512,-10.015036718402085,-1.8810696434844334
2158813514766,-8.80200869375761,-10.285559418486955,-1.707596728469721
2158813514783,-8.949234915060524,-10.134078297317648,-1.6207798358256014
2158813514800,-8.889755671806578,-10.937717252609435,-1.5091510128495393
2158813514816,-8.55982899504659,-10.663684822803162,-1.5134402887743317
2158813514833,-8.546265935445398,-11.19340239137874,-1.524910305900247
2158813514850,-8.01582677793552,-11.441161734813516,-1.5576124632528616
2158813514866,-7.955094118162567,-11.581197496378767,-1.796327345398601
2158813514883,-8.45775486295674,-11.37872284893083,-1.5050254543316082
2158813514900,-8.536238579211822,-10.657862202503752,-1.4429464520654842
2158813514916,-8.197940615420949,-10.364669152893242,-1.5349908112975286
2158813514933,-7.795788135705072,-11.13473308780966,-1.793032906249631
2158813514950,-7.484876611904274,-11.112932863387211,-1.6130589924146845
2158813514966,-7.447701628274508,-11.1261315746303,-1.6574919498356309
2158813514983,-7.3991511564891095,-11.113234302981883,-1.868943859247787
2158813515000,-7.31656050385847,-11.733746687586496,-1.8733208080717696
2158813515016,-7.876286486951718,-11.583673511856166,-1.7092321249316629
2158813515033,-8.0354354527157,-10.511600313753977,-1.4857288418402472
2158813515050,-8.269279020190094,-10.268034473310543,-1.5252642835109
2158813515066,-8.562431246619056,-10.441955324548577,-1.5736959716366536
2158813515083,-8.431951379598534,-10.293634212174117,-1.4750463475495228
2158813515100,-8.519141015182376,-10.407224539889969,-1.7683891907601406
2158813515116,-8.341067011242842,-9.714255241231164,-1.6703470061401573
2158813515133,-7.97716289495702,-10.006822798272738,-1.5257218849913163
2158813515150,-8.050655725270659,-9.87368677695442,-1.6201093706672014
2158813515166,-7.910414798064212,-10.141731629830646,-1.8347692660795483
2158813515183,-7.666566142174085,-10.345871274838352,-1.9286406251079882
2158813515200,-7.879489704500938,-10.592897953930379,-1.9865605810592446
2158813515216,-7.806077864986666,-10.190004162919697,-2.0020864475936024
2158813515233,-7.99359457070892,-10.50876152706092,-1.7930554182097973
2158813515250,-7.821455923653261,-10.721503334549263,-1.7236027162059693
2158813515266,-8.277644553684123,-10.643545042254559,-1.2204942189148693
2158813515283,-8.082944851091906,-10.886829134234787,-1.0551115006422458
2158813515300,-8.08171085131216,-10.92419588855565,-1.083364610262358
2158813515316,-7.941067422139614,-11.132054033169734,-1.2186765370017525
2158813515333,-8.066368910510302,-10.916953738886567,-1.0036002829686577
2158813515350,-8.255243371490836,-10.857787385405885,-0.9269163666204583
2158813515366,-8.228889465999169,-10.261873359903023,-0.7887796254660868
2158813515383,-8.612495418797067,-10.412035382957171,-1.0255008318094012
2158813515400,-8.472755354582976,-10.079070468478633,-1.156273923468249
2158813515416,-8.084309619396056,-9.819455536983833,-0.9952495997717818
2158813515433,-7.879628413502298,-9.662922877645144,-0.9467787095210553
2158813515450,-7.940699097945285,-9.586240954813523,-0.7655447765086602
2158813515466,-7.40650278330114,-10.071266158989692,-0.7189642853626532
2158813515483,-6.976427582340769,-10.57000227184831,-0.6234470534624482
2158813515500,-6.98276528496298,-11.040362024721235,-0.7046297471195724
2158813515516,-6.924000523999132,-11.641808755561613,-0.44205759612110895
2158813515533,-6.953601593390735,-11.835376272140715,-0.39546510828085885
2158813515550,-6.818713266979012,-12.18500433438739,-0.42790259480908965
2158813515566,-6.87396411169752,-12.331111207324074,-0.5186115944981713
2158813515583,-6.462942949275707,-12.389839421470386,-0.5785071815091293
2158813515600,-6.5000508757348525,-11.935512693810404,-0.5019133810453612
2158813515616,-6.556694910860883,-12.425020955765063,-0.49478402160081925
2158813515633,-6.133790792259513,-12.476074925667579,-0.5049912689092589
2158813515650,-6.1310578701651615,-11.706346554757815,-0.39025362355913373
2158813515666,-6.6070703501725205,-11.649844914282962,-0.45411719425040104
2158813515683,-6.457775582581371,-11.876468751618312,-0.6376403111071678
2158813515700,-5.940146170427967,-11.69904568927618,-0.7309186591795567
2158813515716,-5.811267980834572,-11.414683260347331,-0.7919828851214541
2158813515733,-6.037939316206267,-11.559947325768714,-0.7898866171074628
2158813515750,-6.168119612252884,-11.279317605145696,-0.9662872952513568
2158813515766,-6.696724422820128,-11.079222416485168,-0.9601351530340769
2158813515783,-6.692805278008858,-10.670035467140934,-0.9364686186915497
2158813515800,-6.859062663320426,-10.591248687228944,-0.7391127161704822
2158813515816,-6.681105564859453,-10.065091446621375,-0.5720456932659479
2158813515833,-6.180842648774571,-10.144284151467183,-0.595432240433622
2158813515850,-6.163726555419646,-9.96492458652723,-0.3864406954612886
2158813515866,-5.905938933814563,-9.474367005500916,-0.5870003345629349
2158813515883,-5.699354746049015,-9.452164859125784,-0.5268271104972105
2158813515900,-6.005997531740477,-9.436825401929378,-0.6405583710531503
2158813515916,-5.911312442884084,-9.839842839571117,-0.8204296373380928
2158813515933,-5.990524139139907,-9.426386594210072,-0.5306069756981123
2158813515950,-5.861720513770254,-8.71722008319572,-0.4619043219759532
2158813515966,-5.913565651582046,-8.890081860726031,-0.49401390277281976
2158813515983,-5.879350841480219,-8.376090137932344,-0.4961947465562492
2158813516000,-5.94400728768633,-8.077648318334486,-0.5194977476725059
2158813516016,-6.096283241275274,-8.371048423599724,-0.47675186630973987
2158813516033,-6.244463114609348,-8.069463041450442,-0.35177324541261223
2158813516050,-5.836418366281871,-6.935066768300973,-0.07939475627955261
2158813516066,-6.242199468256163,-7.101708457097315,-0.008752596035084825
2158813516083,-6.3231481280412405,-7.344341236486159,-0.0704383417126857
2158813516100,-6.4018888718552,-7.620465778802432,-0.1693173241682755
2158813516116,-6.372743191690231,-7.217847706229823,-0.4633004538601393
2158813516133,-6.131493679882651,-7.224807540489705,-0.45960451918192274
2158813516150,-6.421519791235953,-7.44562616636836,-0.49645654647645177
2158813516166,-7.065622804977954,-8.16895643374771,-0.363908138636259
2158813516183,-7.121571056331074,-7.6281008391748495,-0.39620228572395083
2158813516200,-7.080713988690577,-7.534345443121873,-0.1509792265094918
2158813516216,-6.9960243751349545,-7.712912087304152,-0.23499064236487127
2158813516233,-6.773970981023794,-7.406691942713895,-0.18392745002254202
2158813516250,-6.7471122404207655,-7.301313975063247,-0.32591478141225755
2158813516266,-6.435803633165849,-6.8684776651954795,-0.3521372534224755
2158813516283,-6.143341764767921,-7.0441886605950685,-0.16067037469162704
2158813516300,-6.253902710812712,-7.093901234561495,0.019252089500496172
2158813516316,-6.134144971953388,-7.382059216557979,0.006946693235636903
2158813516333,-6.344424589038903,-6.812200908989279,-0.19864539279147397
2158813516350,-6.1674443124905025,-7.1048649724909225,-0.33776971393954053
2158813516366,-6.349873054768141,-7.0077018705234995,-0.09351606553020098
2158813516383,-6.281946766548488,-6.960443516181255,-0.17196915670646112
2158813516400,-6.617778978722558,-6.950958595210652,-0.24234249183725748
2158813516416,-6.613278314987528,-6.7069070868773455,-0.16920602496214066
2158813516433,-6.460601683217341,-7.7045269381315356,-0.38934994173320053
2158813516450,-6.680086420940203,-7.790213910263029,-0.27899076568587566
2158813516466,-6.763185420962397,-7.3601473235715975,-0.19842760953587946
2158813516483,-6.8412436125788245,-6.510321264687128,-0.27550404380764715
2158813516500,-6.741175350650296,-6.804777852601375,-0.16374924019193537
2158813516516,-6.661013428609366,-6.224330837246849,-0.372199119106379
2158813516533,-6.6742278204597865,-6.471639531745111,-0.2098067617715894
2158813516550,-6.703155143104132,-6.352597611226299,-0.17630521098113594
2158813516566,-6.774726421209527,-5.803911866365105,-0.24923111482603844
2158813516583,-6.669888883922561,-5.877132576005974,-0.4662587816039435
2158813516600,-6.722451937739661,-6.109739381840308,-0.535012331165546
2158813516616,-6.522294467923824,-5.747727182423448,-0.4488540286988204
2158813516633,-6.8410369060727785,-6.02463653873398,-0.3788052264238615
2158813516650,-7.035767336270297,-5.7927944461762975,-0.44060523453942646
2158813516666,-6.71349872467086,-6.162678810277854,-0.5425736322501776
2158813516683,-6.865570068687562,-6.58741709589163,-0.3454304415979333
2158813516700,-6.7045538394733315,-6.8541100612070185,-0.29436929514975246
2158813516716,-6.668875480530218,-7.119853862194878,-0.2742362761997447
2158813516733,-6.818690825896584,-7.825120610652556,-0.17684662777562915
2158813516750,-6.835220309383668,-8.218784949231573,-0.11977635117249641
2158813516766,-6.724315882156692,-8.517341081450164,-0.30059419760805844
2158813516783,-6.360743621274638,-8.421772959923814,-0.23716569574892854
2158813516800,-5.9699888323111505,-8.262574504079412,-0.2482263293155425
2158813516816,-5.5946569856345185,-8.154690222506936,-0.11034226692440197
2158813516833,-5.602178792672576,-8.349634369033774,-0.4627376302889764
2158813516850,-5.732517158147544,-8.396314171243889,-0.5978151526787074
2158813516866,-5.215780072943472,-8.546378014918727,-0.8270467075807939
2158813516883,-5.116180540211294,-8.443410812949429,-0.5454344411788885
2158813516900,-5.307971582651407,-7.961483343092291,-0.5250263391698365
2158813516916,-5.059435614965023,-8.222930671881855,-0.5857372557480777
2158813516933,-4.864170573672027,-8.514886858986163,-0.5804103205158316
2158813516950,-4.761043031210863,-8.361825684990876,-0.6050662246495867
2158813516966,-4.557041895517424,-8.479666935501037,-0.7578687390522139
2158813516983,-4.940664822992517,-8.63911279728092,-0.18788509308431478
2158813517000,-4.9638117189301205,-8.598299555121999,-0.27609709373413704
2158813517016,-5.206289649127895,-8.373662398883221,-0.33629019211304445
2158813517033,-4.807862359733047,-9.041427515055469,-0.2867287249274602
2158813517050,-4.729075590180228,-9.261131268729766,-0.10872493103037861
2158813517066,-4.805233077295492,-9.12602530386422,-0.20540585075796336
2158813517083,-5.104433820332741,-9.168299514532665,-0.17084919276091548
2158813517100,-4.615089906167756,-8.60086349253486,0.00023914062036278771
2158813517116,-4.851813788613155,-7.869456271690119,0.041041493402343976
2158813517133,-5.052463502657859,-8.469488562747571,0.06706240522537865
2158813517150,-5.202856765631461,-8.622575977178244,0.05271137168497697
2158813517166,-5.105496788684192,-8.853650619763771,0.22684199944935524
2158813517183,-5.251706449929412,-9.196274232005951,0.17019678427106633
2158813517200,-4.769691549744016,-8.839560553783963,0.1132895360020334
2158813517216,-4.707888186012327,-7.890169898011818,0.12531578478624716
2158813517233,-5.0262898164154235,-7.729914194162226,0.1501745628419513
2158813517250,-4.784444160276488,-7.3293692250670865,0.3032175993573999
2158813517266,-5.0360736956457455,-7.612188274064644,0.4437904347522973
2158813517283,-4.744423861173579,-7.188409593549984,0.5036621774207074
2158813517300,-4.390153844092479,-7.455650599223265,0.3549025935075797
2158813517316,-4.6963461580299395,-7.057526601076268,0.22445168833519535
2158813517333,-4.456899544838654,-6.726320419045236,0.060917440876588236
2158813517350,-4.822974611561916,-6.795524268971187,-0.035343330452003774
2158813517366,-4.726523299946268,-6.336111186101003,0.08621445098386882
2158813517383,-5.259841927558791,-6.743886516520991,0.057217487943949985
2158813517400,-5.233711698281009,-6.544324246361043,-0.09116213720499189
2158813517416,-5.17775903621769,-6.508202051609023,0.04971379964966549
2158813517433,-5.0156365012255675,-6.751938167834196,-0.09453047572294726
2158813517450,-5.132516654567566,-7.04584527381991,0.027621249794500313
2158813517466,-5.030029565722034,-7.342896087995532,-0.08759034642061003
2158813517483,-5.492329345931937,-7.81507688974477,-0.19591258726333954
2158813517500,-5.608290912102169,-7.083512761843645,0.025415539772904228
2158813517516,-5.595078606926812,-7.754799111667913,-0.09766520954162528
2158813517533,-5.201187033486648,-8.639407601338545,-0.05351829075194403
2158813517550,-5.1335308637166435,-8.615352961736283,-0.3829104760329313
2158813517566,-4.9345295392064425,-8.777865451288088,-0.31525507507573053
2158813517583,-4.773330723138646,-8.76721979469673,-0.28475300730936337
2158813517600,-4.87115723315677,-9.252431402651313,-0.1655180372931387
2158813517616,-4.915582868092092,-8.933090393158462,-0.2551784889086784
2158813517633,-4.739014764969017,-9.199771790704997,-0.49133042575584834
2158813517650,-4.88330453290576,-8.714322811097013,-0.42541603866875055
2158813517666,-4.8263107488460655,-9.408334659321186,-0.5475164105280853
2158813517683,-4.9542424884350424,-8.917873335363714,-0.5677658590975092
2158813517700,-5.214850748434101,-9.469690963455633,-0.5350637473537501
2158813517716,-4.984152118646069,-9.094014798906178,-0.3800534793847763
2158813517733,-5.155959343548604,-8.771244044782927,-0.3035410629759748
2158813517750,-5.063232194757811,-9.00006045000908,-0.16389060341773437
2158813517766,-4.787124809562024,-9.67519137667525,0.0872963642817629
2158813517783,-4.912828704248933,-9.651382731271966,-0.05994738705083569
2158813517800,-5.1803220230966085,-10.162930314801512,0.058486933566267996
2158813517816,-4.9179626180796925,-9.676801567797284,0.14259992390195897
2158813517833,-5.268218729249788,-10.260342633265775,-0.17885481465853026
2158813517850,-5.1192127194573,-9.86849323518652,-0.12021321652796713
2158813517866,-5.41285317276691,-10.257836554514972,-0.1288572818758028
2158813517883,-5.115577454636816,-11.128538706503708,-0.2613921691353223
2158813517900,-5.019944263718576,-12.280766209997726,-0.468222415784991
2158813517916,-5.014248213074319,-12.468875571233625,-0.5251223355315486
2158813517933,-5.02854353558597,-11.999252048106614,-0.7909929702946454
2158813517950,-4.666435075811283,-11.968602289592685,-0.7886278795976032
2158813517966,-4.707415371114345,-12.0773000477346,-0.7848629469553918
2158813517983,-4.401554465801011,-11.763228902804233,-0.9483763788969759
2158813518000,-4.590912378629823,-11.461193460336116,-0.9115985718960871
2158813518016,-4.8113016465471405,-12.223801628336455,-0.9731718264416763
2158813518033,-4.944939714369774,-12.159012978803492,-0.8588517012986348
2158813518050,-5.288090780719704,-12.545314994301991,-0.8011598390936017
2158813518066,-5.456907598721237,-12.636130249359521,-0.8759638583455571
2158813518083,-5.506389301050257,-13.084060485781375,-0.8084421974599796
2158813518100,-5.2243943379209465,-12.473668856964407,-0.7812450428226785
2158813518116,-5.1746587361141465,-11.684708758623398,-0.4695250744189151
2158813518133,-5.618847155101367,-11.145401727856463,-0.3980900939626405
2158813518150,-5.755735004263264,-11.181800073630306,-0.5307494793222982
2158813518166,-5.643091952149345,-11.585788592405976,-0.4929587973659149
2158813518183,-5.488259282445824,-11.991681832765963,-0.3697110502144383
2158813518200,-5.107084975631916,-11.86977582442379,-0.5113143243544946
2158813518216,-5.462314271991485,-11.463495251700738,-0.6409503630011579
2158813518233,-4.893923286401563,-10.882838928758687,-0.7859549483161234
2158813518250,-4.6240226476524136,-11.715893480442771,-0.8869556781593209
2158813518266,-4.122338684261323,-12.061530742577414,-0.9415535964738776
2158813518283,-3.9394143442221528,-11.357330144790305,-1.1332451113974866
2158813518300,-4.052654627514958,-11.621007682348536,-1.0956140023803373
2158813518316,-4.3461761855753425,-11.829970765977283,-1.1227883769459983
2158813518333,-4.201050479251574,-11.779390687912137,-0.9003585182942884
2158813518350,-4.141659352017989,-11.694759692054634,-0.9983894530597135
2158813518366,-3.835467314763724,-11.829363029283233,-0.8950022473948052
2158813518383,-3.735631155496924,-11.765844083712889,-0.788408532508165
2158813518400,-3.510034032470993,-10.984124753463945,-0.916083919394177
2158813518416,-3.3938032010824446,-11.560082052353847,-0.975173297115014
2158813518433,-2.9268571629119133,-11.163234307707288,-0.788180393519041
2158813518450,-3.2169621044036383,-11.024439610597225,-0.5736483961721525
2158813518466,-2.737713553603975,-10.468446913574269,-0.7101829799991725
2158813518483,-2.864169352286575,-10.69654453026024,-0.6144515079081381
2158813518500,-3.271314565431618,-10.587285438969552,-0.43379983634233926
2158813518516,-3.1850884222030054,-11.241550360167604,-0.4194050846650728
2158813518533,-3.2895448124009916,-11.204299228256051,-0.1776661781135601
2158813518550,-3.9390123666475447,-11.71335458183052,-0.15917109370935478
2158813518566,-3.8485624700942984,-12.12332704298874,-0.07026338040771696
2158813518583,-3.6380813081126004,-11.889353046643958,0.19338094620168578
2158813518600,-3.380947607162429,-11.591126760711806,-0.0631275923092488
2158813518616,-3.435145974652499,-11.668715025752208,-0.058328410869249336
2158813518633,-3.8986523754402134,-11.380522673961785,0.1313964129454398
2158813518650,-3.6722759156122815,-11.24681439861186,0.27958394234820383
2158813518666,-3.674556535036619,-10.911193397768717,0.34950324936783395
2158813518683,-3.7458842587547947,-10.730382968954647,0.2495482651602411
2158813518700,-3.853858154920804,-10.436887160861366,0.2873137863640478
2158813518716,-4.16743785670274,-10.630595120764433,0.33751150154208454
2158813518733,-4.001873424928148,-10.833933116727946,0.25442337962941564
2158813518750,-3.9110959784907577,-9.819100891969093,0.48177725654134884
2158813518766,-3.8793528079921717,-9.269048887455874,0.5186628992729506
2158813518783,-3.707577760641822,-9.164682820608657,0.3703195135663654
2158813518800,-3.667059617688216,-9.387888703400607,0.15513812789218018
2158813518816,-3.85507700399279,-9.475298032857474,0.14181093194093541
2158813518833,-3.616554232684815,-8.737365301645262,0.3139802161249341
2158813518850,-3.2789408654680026,-8.851923193829268,0.16662687083108352
2158813518866,-2.963166061385768,-8.555297667943924,0.10622581401590137
2158813518883,-2.867714920044307,-8.147993648031031,0.07002117217151471
2158813518900,-2.6183932032264643,-8.293043986836096,0.07664633713404567
2158813518916,-2.3693808903578093,-8.368569411004447,-0.040158787212888014
2158813518933,-2.3480847277808072,-8.47124042444227,-0.017797768625619104
2158813518950,-2.32027673318939,-8.390022076775423,0.1253294519595881
2158813518966,-2.4377115851878592,-9.19560295002039,0.2577459934548232
2158813518983,-2.4422556715263632,-9.185747973667524,0.24178827851437779
2158813519000,-2.1462751630743595,-9.538483687358951,0.26125674450875147
2158813519016,-1.9933878280908344,-10.015860293832167,0.2366257124230995
2158813519033,-2.033071729734547,-9.728903780486466,0.24174522145553767
2158813519050,-1.868175535827846,-9.812106588200706,0.44049078382739004
2158813519066,-1.728865593599374,-10.291384660706619,0.4100255649164565
2158813519083,-2.0194972740387516,-10.687422305385933,0.26583831952403747
2158813519100,-2.0450323627224676,-10.3500490114296,0.1522585303545161
2158813519116,-1.997028766018647,-10.569941230173853,-0.2066534980781911
2158813519133,-2.1027307675314986,-10.625678979090326,-0.22820410833375238
2158813519150,-2.5882154477047288,-11.5369938801683,-0.2274665008166884
2158813519166,-2.38774138806376,-11.641139606518909,-0.17072859420708725
2158813519183,-2.3686429982642383,-12.302125269618362,0.04377254319688495
2158813519200,-2.724764553452634,-12.540191588648195,-0.048608565122943426
2158813519216,-2.417574780213816,-12.123338760903877,0.004577283100864915
2158813519233,-2.6134474543025608,-12.087842604136203,0.23378949623412548
2158813519250,-1.9826687224290978,-12.240279244596415,0.09877567265991893
2158813519266,-1.9634544216901175,-12.280235562544291,0.3773811081173165
2158813519283,-1.7878167247578114,-11.76216403825336,0.45989500243495696
2158813519300,-2.0855280094324162,-12.460052316352984,0.541737697693668
2158813519316,-2.211292944995167,-12.479234852250201,0.799984696963716
2158813519333,-1.9129127126426804,-12.55425844044521,0.7549501744648565
2158813519350,-1.939084020720124,-12.124656044374397,0.41103923929995945
2158813519366,-2.2333771740295174,-11.926966127006878,0.35807654021312263
2158813519383,-2.0815624531176633,-11.231323301411582,0.3626401696529856
2158813519400,-2.1364484933287953,-11.31319521317253,0.6041265267460455
2158813519416,-2.090314983797727,-11.8263920377617,0.8263612846272775
2158813519433,-2.4265677584871557,-11.720477673394363,1.0330328550094148
2158813519450,-2.4334872776023992,-12.194495709912239,1.1107505027345677
2158813519466,-2.5086013819370616,-12.823512782373125,1.1531073864373664
2158813519483,-2.291153627109585,-12.34824181788353,1.048830999577841
2158813519500,-2.1838906073656874,-11.926622279251202,0.9954696717635575
2158813519516,-2.3764814358882242,-11.199585620718345,1.1951730808448047
2158813519533,-2.4189452054239466,-11.572453302689471,0.959685553666021
2158813519550,-2.0407706941604054,-11.856220856385793,0.8864738026008762
2158813519566,-2.15696364418737,-11.988889196243115,0.949105026838453
2158813519583,-2.130860043708708,-11.432200219115234,0.7269013846194131
2158813519600,-1.6696081670830942,-11.451149356058572,0.30778628391071583
2158813519616,-1.826533852739085,-11.328808451852197,0.23736495602658947
2158813519633,-2.09385267396437,-11.266237743850386,0.5800110866215952
2158813519650,-2.263193379243358,-10.387637926757677,0.8312301968568693
2158813519666,-2.6164130971260207,-10.394388348126977,0.6715861164112228
2158813519683,-2.7481010012011584,-9.944623782734444,0.3194075040726383
2158813519700,-2.9776847399336916,-9.549206946788884,0.18743460657703737
2158813519716,-2.9040414026174632,-9.382473943098676,0.16352702857002022
2158813519733,-3.2169639476412315,-9.225986764935936,0.23594775818904756
2158813519750,-3.4595499128679434,-8.868781243169161,-0.15804791680746322
2158813519766,-3.987615511701339,-9.200786630516095,-0.3014844311952307
2158813519783,-4.165460568479265,-9.37914383519844,-0.1520887027663368
2158813519800,-4.072361439039904,-10.662514737999615,-0.19399226229882605
2158813519816,-3.8810160294203104,-11.3103002453242,0.03644669902242392
2158813519833,-3.845875524396798,-11.526083344686983,-0.09360932271990097
2158813519850,-3.6124308553242304,-11.528601834825757,-0.07084407738407905
2158813519866,-3.7078572990591194,-11.233025871622399,-0.2925758877690187
2158813519883,-3.801362534552135,-10.800588177595648,-0.3155463741302851
2158813519900,-4.547584206170601,-10.540486635248497,-0.33849207191220154
2158813519916,-4.73467114242878,-10.276385497560245,-0.5666973933773906
2158813519933,-4.832393732358754,-10.209751796137938,-0.5839186246477039
2158813519950,-4.8376222448311434,-10.142791625470071,-0.7617400099282436
2158813519966,-5.223977286588314,-10.252905014202826,-0.8096888095879156
2158813519983,-5.420731582723304,-11.163580748657072,-0.7757906290621834
2158813520000,-5.769498496996485,-10.652251628494898,-0.8491385070566867
2158813520016,-5.802060584300621,-10.589092146196332,-0.9181158422250577
2158813520033,-5.687069121290437,-9.949283657079004,-0.9987786228016664
2158813520050,-6.135747928713619,-10.210218059335906,-1.2213634834097622
2158813520066,-5.772497323493094,-10.508960701702577,-1.176695221097453
2158813520083,-5.69422627729393,-10.081354630190635,-1.4407996403262144
2158813520100,-6.102519303032923,-10.451302275459081,-1.3547483071357105
2158813520116,-6.1144645430482925,-10.429409496882919,-1.308702920157764
2158813520133,-6.320924088776798,-10.242221380265343,-1.210415075922696
2158813520150,-6.29343837892047,-10.761951871497816,-1.1256468496815981
2158813520166,-6.355717111965156,-10.362829649533648,-0.8473207623980559
2158813520183,-6.745243969453325,-10.195377635646636,-0.7707856862617605
2158813520200,-6.606670150026851,-10.2391215074693,-0.8883567624909576
2158813520216,-6.409855493640848,-10.811529968614632,-0.7988269569725401
2158813520233,-5.990450768875569,-10.629719496847173,-0.8730828095873093
2158813520250,-6.087819113082289,-10.408505979584564,-0.6833078695599002
2158813520266,-5.674365776211193,-10.838618292566862,-0.8730295373053969
2158813520283,-5.557183129488705,-10.098641272443182,-0.6927733669248447
2158813520300,-5.564215489331555,-10.302407345913357,-0.6921049771559358
2158813520316,-5.532122305555779,-9.925129580405166,-0.4891058321188507
2158813520333,-5.567764817139911,-9.290631137194767,-0.49004690633731063
2158813520350,-5.26681480641307,-9.732515032952449,-0.4860656599280583
2158813520366,-5.335811454376092,-9.604916607564803,-0.3681622939776808
2158813520383,-5.233201216219947,-10.137371750997321,-0.4556458016860194
2158813520400,-5.1773383317405655,-9.628401670154783,-0.36482578590673814
2158813520416,-5.07196298336901,-9.569991567924129,-0.05338422405974852
2158813520433,-4.894386711647392,-9.45456150549543,-0.030457629863676283
2158813520450,-4.676904489062,-8.8124094653448,0.19166920155392342
2158813520466,-4.555743305671809,-8.500190886686404,0.21469691174020744
2158813520483,-4.503097019952982,-8.466923830952677,-0.0071773402158500366
2158813520500,-4.387080994632664,-9.580977455229656,0.04418155111087152
2158813520516,-4.112853357091899,-9.313286186404873,0.23908968663650576
2158813520533,-4.437633762116769,-8.673798169568073,0.1324270653213131
2158813520550,-4.666577109660151,-9.194988870620168,0.1590122958969995
2158813520566,-4.848142700692745,-8.943642742308063,0.2608523117690962
2158813520583,-4.979266376517521,-9.088369931809732,0.6185710217939296
2158813520600,-5.488920422056865,-9.546116383136553,0.5070809387450438
2158813520616,-5.51311076056496,-9.486507511118878,0.29117955707971954
2158813520633,-5.335996219463784,-9.211244215100756,0.1347889944890528
2158813520650,-5.511759168054516,-8.168889956267039,-0.06578802715141308
2158813520666,-5.830506072713553,-7.235738006811991,-0.2049591193384399
2158813520683,-5.618158000380557,-7.1122655797758005,-0.27220236876592885
2158813520700,-5.657904077252278,-6.8164697689126275,-0.12308954579835152
2158813520716,-5.662378958477718,-7.465303141668162,0.12542931570599491
2158813520733,-5.534888638377988,-7.1647280451197695,0.3271035597255828
2158813520750,-5.644108287475434,-7.373486089226969,0.16412312984318833
2158813520766,-5.549823893450942,-7.64105820892853,0.18845324593109392
2158813520783,-5.557799350351606,-7.295283660282195,0.24351508155920665
2158813520800,-5.3936581732028435,-6.770223231846136,0.1893193740267184
2158813520816,-5.515423905993092,-5.939703430869039,0.04819906466581414
2158813520833,-5.32415837061507,-5.7498248558879546,-0.13512301908737367
2158813520850,-5.50517136698095,-6.374413989174088,-0.08545382630029952
2158813520866,-5.572441636489618,-5.511158578735301,-0.23587984698847214
2158813520883,-5.584175480732199,-5.952533166813728,-0.013841064009972759
2158813520900,-5.587391655505582,-6.728389068940353,-0.31657388447429563
2158813520916,-5.574887532371617,-6.627993548764206,-0.14660458785458041
2158813520933,-5.488620302884292,-6.996235767682164,0.2271178972184309
2158813520950,-5.421079320862309,-7.830236648969608,0.18121715432304164
2158813520966,-5.619829212819056,-7.612260296442267,0.22046205497780513
2158813520983,-5.29663420911911,-7.71923223970062,0.21698683750465386
2158813521000,-4.951170541180564,-7.652686974340163,0.033826710193050946
2158813521016,-4.79454469071441,-8.07318591775667,0.16291759807740236
2158813521033,-4.707437380467074,-8.291883180183698,0.2985749915864817
2158813521050,-4.658402078451005,-8.09658762791853,0.5651770993579998
2158813521066,-4.972427060389599,-8.159676847315051,0.5528201356943926
2158813521083,-4.954870725107759,-8.71472108447016,0.5113613421687196
2158813521100,-4.888070457788078,-8.41234378819132,0.7139606926762277
2158813521116,-4.851794898977102,-8.557977278660545,0.9450231027953199
2158813521133,-5.201401510387787,-8.437369897633953,0.615870629880852
2158813521150,-5.010693115757491,-7.603989859288934,0.7482863176828055
2158813521166,-4.783246135569177,-8.341873519573618,0.8040095224462714
2158813521183,-4.6910833412091,-8.187675113726721,0.8898588459296032
2158813521200,-4.596627703618633,-8.642034737660534,1.154241053042667
2158813521216,-4.248935505274814,-8.461106204889425,1.3104263973120927
2158813521233,-3.8636492993807936,-8.21614162383426,1.3249761239559459
2158813521250,-3.878472443103349,-8.095298991357637,1.3365688221201157
2158813521266,-4.040004062457864,-7.037946016248952,1.2762017047969683
2158813521283,-4.081803492725075,-7.448285306876168,1.189171481652159
2158813521300,-3.8918795317063073,-7.555098078247399,1.1939858263473728
2158813521316,-3.7409082342142814,-7.527687289583214,1.4812752271090597
2158813521333,-3.6857401293666623,-6.9165528699043595,1.4822349252170053
2158813521350,-3.571472692738039,-7.083125271939426,1.4675845822420364
2158813521366,-3.426413549494983,-6.698153294840654,1.4202072468245306
2158813521383,-2.694562578842912,-6.864903876913612,1.511065918552942
2158813521400,-2.9189039281696005,-6.555395901250147,1.4597188043969354
2158813521416,-2.6949080368216896,-6.197428451426821,1.3644015265926521
2158813521433,-3.1909062377658515,-6.4587794544457715,1.0909686304118655
2158813521450,-3.2204136492004056,-6.268908315519727,1.0803297832785805
2158813521466,-2.9106283527994234,-6.644085263021093,1.101845157863015
2158813521483,-2.586254816794224,-6.416638380317838,1.3206010297116837
2158813521500,-2.7515962446590505,-6.306379561443271,1.2016998279438291
2158813521516,-2.643991749960638,-6.476675725838043,1.1133912943094368
2158813521533,-2.6159381253892557,-6.192295316487074,0.9009004634106753
2158813521550,-2.9076745146019287,-6.20007085437523,0.778487896240648
2158813521566,-2.8513178484883666,-5.65477026918477,0.5602728943564222
2158813521583,-2.976435791532955,-5.694156875285337,0.6392281946392223
2158813521600,-2.984662751635066,-5.787834971376107,0.5843926956978521
2158813521616,-2.865884364362465,-5.227418977165035,0.7500453931504004
2158813521633,-2.844274057452665,-4.894232422749827,0.7505818102590683
2158813521650,-2.79547387735538,-5.7424152297796365,0.4456252497511922
2158813521666,-2.8255304695896606,-5.706638028414954,0.3393677240244045
2158813521683,-3.214573042242296,-5.469750006874606,0.5949079209438407
2158813521700,-3.301125936284299,-5.336928825304013,0.8434970878865943
2158813521716,-3.4309629855507304,-5.151540880089682,1.2224667829060651
2158813521733,-3.512721724245912,-4.123598959555368,1.1811121622642373
2158813521750,-3.5187076901933887,-4.349778391893097,1.3890860211787106
2158813521766,-3.4057102760484743,-3.959639541299145,1.1490959141702533
2158813521783,-3.963016122030205,-3.9143371256192805,1.1382099825409973
2158813521800,-4.082285938563789,-4.2570723463773295,1.028381905831333
2158813521816,-4.148359905869148,-3.7629095989073535,0.8744037835088626
2158813521833,-3.809020547817207,-3.357756819133599,0.7626372632950166
2158813521850,-3.670412545107892,-3.495983461596744,0.920808310862055
2158813521866,-3.591388997098711,-3.4333846725622212,1.1544920300686434
2158813521883,-3.442470217948425,-3.4642370583869484,1.0879224868185724
2158813521900,-3.1719705369209743,-3.097013917685905,1.1557389849464954
2158813521916,-2.8762812725049742,-3.0646290300094785,1.1537672949813014
2158813521933,-3.023848773294624,-3.3076710138549363,0.9788125650561804
2158813521950,-2.9686577718203555,-3.394967843859088,1.0297231215048988
2158813521966,-2.9978801217943016,-2.829345617863464,0.9775605225837357
2158813521983,-2.7565897939738555,-2.6795351055709538,0.9164534874333367
2158813522000,-2.963244078035458,-2.8643023792345437,1.1930178688283593
2158813522016,-2.8912116486755544,-2.632398922253712,1.1174028729121042
2158813522033,-2.9325459182578055,-3.0227143624790855,0.9578155194926797
2158813522050,-2.989681361949721,-2.9523213476217904,1.0076595429860555
2158813522066,-3.275195103363666,-2.671514532119067,0.9470181154116853
2158813522083,-3.1616912984531895,-2.0486391385206364,0.8789302911272737
2158813522100,-3.745959172546984,-1.989453987222853,0.6105134224413559
2158813522116,-3.984931775323122,-1.747394670421638,0.5729831921974468
2158813522133,-3.963362387847642,-2.6753370857206193,0.2902305635500736
2158813522150,-3.972045179660706,-2.8752376774594723,0.5512277721465412
2158813522166,-4.358128132207245,-3.0724002179446273,0.5630072133123406
2158813522183,-4.169187811858311,-2.7652913400926216,0.5294330943471658
2158813522200,-4.096696052731614,-3.2965826039297363,0.444857776066948
2158813522216,-3.8608513846488055,-3.2748533826989545,0.47566107574610006
2158813522233,-3.911539743370143,-3.5108520380005572,0.35606273887244766
2158813522250,-3.843011008122207,-3.354305029464184,0.2553925859126378
2158813522266,-3.809019489498974,-2.529964283082631,-0.05049098046596123
2158813522283,-3.7053105092573517,-2.414441408980487,0.13781493366442144
2158813522300,-3.4827880210130355,-2.660444036696516,0.16734246066621272
2158813522316,-3.5795609346260417,-3.403148840994751,0.06745120101349056
2158813522333,-3.8393468097500527,-3.179516364692103,0.216453343062447
2158813522350,-3.8156658502270524,-3.3518026779947663,0.10942114517844626
2158813522366,-4.119622381980653,-3.660439838347987,0.15528887923034818
2158813522383,-4.542531904008799,-3.0830945180073956,0.18591586855510744
2158813522400,-4.4422457133325155,-2.7964633031095105,0.14017483547793752
2158813522416,-4.629718358807803,-1.9735936391891258,0.031860865335742505
2158813522433,-5.0815057297585815,-1.649181118169281,0.08176535387017647
2158813522450,-4.685045773523364,-1.8450013349381962,0.2622275621570248
2158813522466,-5.047160658640525,-2.6600148340704557,0.16643011773822558
2158813522483,-5.153646868594949,-2.643766614105826,0.24768170071624707
2158813522500,-5.334644674503318,-2.8802022520317596,0.14462277053402117
2158813522516,-5.449529002417045,-3.21685096693171,0.5700166265772392
2158813522533,-5.685365436284791,-3.2381415834727205,0.4620097589163584
2158813522550,-5.921508140416084,-3.0268149423412205,0.4746733709586016
2158813522566,-6.253933999567539,-2.926801115860274,0.3345514166079091
2158813522583,-6.257041166579942,-2.720316745467011,0.331040772422565
2158813522600,-6.4102795619883,-2.2308524472680746,0.47888587413352635
2158813522616,-6.249369087342665,-2.713820379131036,0.4054874779390706
2158813522633,-6.243413759305642,-2.601192583586943,0.46411604914433713
2158813522650,-5.89555528711797,-3.524022466772443,0.22110208975594048
2158813522666,-5.676148082493952,-3.552052808209396,0.43470500084010955
2158813522683,-5.670908094145685,-3.360471693485431,0.2634547918590985
2158813522700,-5.640980914805358,-3.646934815278223,0.16330112262177976
2158813522716,-5.526393926848123,-3.474445777853239,0.34720329074248946
2158813522733,-5.506468483778026,-3.2756586663772236,0.4115077320136852
2158813522750,-5.214447507590887,-3.6861772030687163,0.46881379383712607
2158813522766,-5.205671649822672,-3.3399960354208686,0.39105490326497405
2158813522783,-4.671019741525203,-3.229521074596276,0.16608395477308446
2158813522800,-4.881896920809311,-3.7526960830345044,-0.12846650012251337
2158813522816,-5.162837784186307,-3.4662560033413605,-0.21629008394179006
2158813522833,-4.8590829078857185,-4.386336043820574,-0.23085481209607916
2158813522850,-4.7187570286383504,-4.111603345111817,-0.2925452640282862
2158813522866,-4.777259520456796,-3.88097086365026,0.021579268871152135
2158813522883,-5.0586495988033695,-3.9070207064317515,-0.15708868821747435
2158813522900,-4.999800113687356,-3.9794308938419243,-0.13361173371136903
2158813522916,-5.3335998740643715,-4.760492240935377,-0.0842941441786349
2158813522933,-5.403621714735481,-4.641309159933073,-0.28699076199429974
2158813522950,-4.96655830565959,-5.177097191366832,-0.29394723540911794
2158813522966,-5.505009066073494,-4.735798795817711,-0.33123823331740543
2158813522983,-5.427678912568865,-4.35083947464879,-0.18015036937939505
2158813523000,-5.030343424380496,-4.5599070491447415,-0.32999956429265215
2158813523016,-5.138271680281593,-4.743458266747285,-0.46066740748507434
2158813523033,-5.047388170647412,-4.010090171098868,-0.35902350113269055
2158813523050,-5.136854830728947,-3.5143770525643796,-0.15694447972186376
2158813523066,-5.108066410248817,-3.0648931826715407,-0.5609146701986762
2158813523083,-5.080761538603102,-2.612808908566001,-0.5504552091668566
2158813523100,-5.09273052747426,-2.260547880933755,-0.8959105259844163
2158813523116,-5.596184540859158,-2.535650011656177,-1.018176602975147
2158813523133,-6.000180743742726,-2.22692954972299,-1.0799261912470595
2158813523150,-5.953653507349623,-1.7112557963784951,-0.711264189026342
2158813523166,-5.85941489907343,-2.3087218266807428,-1.0091667365105477
2158813523183,-5.455875415052799,-2.189492238929491,-0.9827400160479995
2158813523200,-5.420657362354478,-2.491679944669859,-0.866906613199651
2158813523216,-5.358597376333108,-2.8589790901954477,-0.7255483548632923
2158813523233,-5.612033266627973,-3.3931432672030377,-0.6125877288079109
2158813523250,-5.809257179327539,-3.2050442821929215,-0.4369990773834569
2158813523266,-5.89493873171759,-3.8560765934758803,-0.31903927650845426
2158813523283,-5.967596241722725,-4.434957452091818,-0.32966452478314523
2158813523300,-5.692244238183043,-4.761742451687994,-0.2890249962097547
2158813523316,-5.735601196529017,-4.714722528296167,-0.21557359379732544
2158813523333,-5.831739968085896,-5.020669700413438,-0.2650137696276832
2158813523350,-5.818026237354905,-5.242047733253681,-0.3524730540726399
2158813523366,-5.914972496283357,-4.877076485184068,-0.2644949045317568
2158813523383,-5.81172077359319,-5.051287752737959,-0.08907450194555189
2158813523400,-5.84842311109065,-4.890590208296727,-0.028107688449207635
2158813523416,-6.029230592895404,-4.664475038498276,-0.07244326127318523
2158813523433,-6.0168462313776985,-4.51281153467193,0.11365186334824096
2158813523450,-6.00697359060632,-4.131389416913102,0.017919967961604333
2158813523466,-6.0735218465270036,-4.15181294674858,-0.0630754927209094
2158813523483,-5.8867123175190015,-5.085340980191569,-0.15945971190713415
2158813523500,-6.034561784405639,-4.953314454495396,-0.11042654769615379
2158813523516,-6.041298823029358,-5.421388979228356,0.0037749797564903265
2158813523533,-6.1310279169636,-4.65635806928495,0.3605384147557592
2158813523550,-6.02506776119511,-5.284352935008936,0.23184123347811225
2158813523566,-5.561902424338799,-5.6738831611321014,0.10439041089229406
2158813523583,-5.712220515171192,-6.11517424154901,-0.13707718326214113
2158813523600,-5.755191331310538,-5.912571070886378,-0.04407426255685176
2158813523616,-5.491336525077472,-6.172881324050098,-0.04421461560286344
2158813523633,-5.648323064824771,-5.95458873953491,-0.17808799309486661
2158813523650,-5.681119573684848,-5.357163851200669,-0.40065553421178757
2158813523666,-5.727411650645612,-5.502659177887857,-0.27592141899797296
2158813523683,-5.578362563866663,-5.723336073798634,-0.09608625123500547
2158813523700,-5.776696652792113,-5.262167392237884,-0.21053882998453843
2158813523716,-6.103156934336601,-4.694076401956758,-0.11835166200170844
2158813523733,-6.400966276328865,-4.911652931012297,-0.32621066780326574
2158813523750,-6.646854413154062,-4.452828290488193,-0.3094313606336589
2158813523766,-6.306124516492966,-3.9945512548077646,-0.08703426504831269
2158813523783,-6.308537037034542,-4.108243999354375,0.19136819928220816
2158813523800,-6.748697127377877,-4.7086965736056206,-0.12009511430368613
2158813523816,-7.122553681685387,-4.563009973732747,0.02536622508890829
2158813523833,-6.724540955906577,-4.481871304655041,-0.03707930864441744
2158813523850,-6.404762725792619,-4.407406945396039,0.005865772634485067
2158813523866,-6.689457829795656,-4.5263557084932735,-0.08480988399922673
2158813523883,-6.835605736313999,-5.007474019953722,-0.2663327482223181
2158813523900,-6.699684588417191,-5.037731202545167,-0.5812490356826631
2158813523916,-6.779062593294924,-5.016188416721233,-0.49673974180279873
2158813523933,-6.923317906811967,-5.004144387378973,-0.4389623497205966
2158813523950,-6.737274008167672,-5.266479614096999,-0.5046225786025352
2158813523966,-6.516210397863652,-4.953260448518363,-0.3997964402090061
2158813523983,-6.475635034279291,-5.117409443788293,-0.2451303397896395
2158813524000,-6.5000185379580255,-4.7457017862071105,-0.1703380415025006
2158813524016,-6.433440452208128,-4.868433408903897,-0.1197846594179619
2158813524033,-6.565105451933606,-4.664513984226961,-0.2339776060695335
2158813524050,-6.621435951083941,-4.266994646256546,-0.4878261563764923
2158813524066,-6.546968577755258,-4.27862369105612,-0.45209897211859984
2158813524083,-6.509007898575177,-4.2250325803566735,-0.3678704873083698
2158813524100,-6.2526703568115,-4.0896615767760895,-0.5863937729997508
2158813524116,-6.211048493457106,-3.9712875245658847,-0.770172345227179
2158813524133,-6.284336657872401,-3.8880897936714116,-1.058151852563455
2158813524150,-6.0477621089438545,-4.315475116019851,-1.1467736403634459
2158813524166,-6.226128759723402,-3.6450559820530755,-1.28825685264156
2158813524183,-6.415571579322571,-2.7792715535924115,-1.2368809758202988
2158813524200,-6.573661499401556,-3.5793909444138157,-1.2372673054526229
2158813524216,-6.1153849862950995,-4.139684656978355,-1.3148574872610033
2158813524233,-6.141708207244952,-4.292106852383215,-1.3441335280006914
2158813524250,-6.058395238598472,-4.298790066105569,-1.7311576652423897
2158813524266,-6.119767490119921,-3.995527950392645,-1.6555489653401851
2158813524283,-6.124455525560646,-4.024695423977024,-1.6926819875497867
2158813524300,-5.99874290127724,-4.159779346964804,-1.9328708624717468
2158813524316,-5.941929009241978,-4.448304201242501,-1.8617216876476914
2158813524333,-5.573699902957354,-4.422229463464075,-1.7568800903430337
2158813524350,-5.544415369202547,-4.87916804978505,-1.8290745675038678
2158813524366,-5.720162701778259,-3.9633376578474637,-1.6195029781100019
2158813524383,-5.738340723027937,-4.089680092757165,-1.6218237466627952
2158813524400,-5.6531335880274725,-4.248761647357979,-1.8747044803547794
2158813524416,-5.616343128746312,-4.031936689187713,-2.031875527627952
2158813524433,-5.6303436616323115,-4.115621959563052,-2.0575875144654048
2158813524450,-5.809963321199254,-3.7391669291854344,-1.9626450602681946
2158813524466,-6.149456709295044,-4.525953904508002,-2.149528158349727
2158813524483,-6.098292847751816,-4.542235268932167,-2.0770133784162708
2158813524500,-5.887437569576164,-4.082636648006889,-1.9826383359118211
2158813524516,-5.692430547120336,-3.799692439640614,-1.850629919455212
2158813524533,-5.631570823628563,-3.2954326360375035,-1.7256922055562307
2158813524550,-5.614535560445309,-2.6477431592183267,-1.6739800775944924
2158813524566,-5.99200644613783,-2.8104551955673065,-1.6957667691732934
2158813524583,-6.063835370685789,-3.190571544165663,-1.5193809221671573
2158813524600,-6.318208221148003,-3.454350167327518,-1.6367947775450395
2158813524616,-6.580706265781168,-3.7469421745476814,-1.5346040403173347
2158813524633,-7.001601531683621,-3.5379502373075384,-1.302704227340292
2158813524650,-6.9885148179923995,-4.11986103135831,-1.1936537382560202
2158813524666,-6.424168904338729,-4.446172029558968,-1.1036026289905783
2158813524683,-6.357769788990511,-4.594691917913449,-0.9771695102873015
2158813524700,-6.4684826706047245,-5.306552862156158,-1.0407349435714202
2158813524716,-6.727998890719027,-5.659747300232962,-1.111319938699337
2158813524733,-6.497919273235456,-5.92627956435183,-1.0753755083307979
2158813524750,-6.681045062372091,-5.728357117625298,-1.0332375121193724
2158813524766,-6.510646507489347,-5.971649831902911,-1.0092959340781027
2158813524783,-6.571845542892509,-6.3182695439809535,-1.0285534087574817
2158813524800,-6.762038871527491,-6.485009852788198,-1.1623876346682107
2158813524816,-6.585157783468412,-6.087535629002291,-1.1484962730384105
2158813524833,-6.459895622717473,-6.086975350248269,-1.3884267546278402
2158813524850,-6.6275680765806255,-5.528423912744669,-1.8651439358212247
2158813524866,-7.240542327412998,-5.412702505981157,-1.6857152872290966
2158813524883,-6.942180135359775,-5.411786446684225,-1.5346792986180544
2158813524900,-6.835607008929607,-4.750516578269494,-1.4080937588558795
2158813524916,-6.729973895738345,-4.9784907120358355,-1.0400070993577062
2158813524933,-6.5034271289059795,-4.874037035778204,-1.2101484951536317
2158813524950,-6.238412190338098,-3.9467346816963684,-1.005294196551449
2158813524966,-6.218975800060514,-4.148977515655488,-1.0242595888680819
2158813524983,-6.01621200388787,-4.207955260857311,-0.9127956713997989
2158813525000,-5.651194228353711,-3.9284590055840027,-0.5972100461903993
2158813525016,-5.688991703689065,-3.4562906799769344,-0.737010146008981
2158813525033,-5.382291091910187,-3.090043609015026,-0.6981333524377928
2158813525050,-5.0285122009762935,-3.303435049081075,-0.7944777847474744
2158813525066,-4.749055184427279,-3.0362405383680366,-0.744243895435324
2158813525083,-5.171468115246762,-3.196878520519308,-1.070295104118593
2158813525100,-5.062484268545807,-3.65822100449995,-1.1340234908589029
2158813525116,-5.439932833205533,-3.965027998162021,-1.559187515751379
2158813525133,-5.216641747461139,-4.091458267611058,-1.2428080331844082
2158813525150,-5.271332129673958,-3.9101025028466894,-1.0432275262956199
2158813525166,-5.715351200623045,-4.343410841773998,-1.0240146135919548
2158813525183,-5.701274854900906,-4.708916142146727,-1.3240529053863554
2158813525200,-5.947150351422452,-4.7712844531900265,-1.254503140325019
2158813525216,-5.939705152443824,-4.9395528478363655,-0.9826298455939
2158813525233,-6.032770594607983,-4.864931630038799,-1.0646012335263957
2158813525250,-6.065650587539488,-4.682874162974904,-1.144949723953527
2158813525266,-6.173389853080695,-5.076272591695661,-1.3223512919339653
2158813525283,-6.260672846237143,-4.446576697010556,-1.188411363725245
2158813525300,-6.060342643012734,-3.9572786877589716,-1.0164763057391744
2158813525316,-5.9370423548777405,-4.242136648864895,-0.9949881171841966
2158813525333,-5.800537601486525,-4.585010299760549,-0.9765342995677868
2158813525350,-5.8608813732314164,-4.990531098242418,-1.0987988925328946
2158813525366,-5.469687939812571,-4.458466131217214,-1.3395247954296559
2158813525383,-5.170620968800701,-4.615928900602539,-1.2640203642472363
2158813525400,-4.798392043016197,-4.906018085434724,-1.240848130405545
2158813525416,-4.926407743722293,-4.58203577069183,-1.3249286993665992
2158813525433,-5.183429352915345,-4.450439996258764,-1.6236852161941444
2158813525450,-5.384753090777986,-4.3116871195858,-1.8749151474259826
2158813525466,-5.262988497424592,-4.600372884487732,-1.8368890941276574
2158813525483,-5.134087795650869,-4.994803990468061,-1.8258284265172278
2158813525500,-4.993981969749809,-4.8293749325029705,-1.721225212764753
2158813525516,-5.150760775227466,-4.568098164125781,-1.4393844847167505
2158813525533,-5.580120962523002,-3.8919305766356596,-1.5748657097579208
2158813525550,-5.734408507143714,-4.039748045773816,-1.6250374865134523
2158813525566,-5.4565844451956895,-4.385407214669165,-1.4683467305258733
2158813525583,-5.458284739388687,-4.129361288003711,-1.5051938863091374
2158813525600,-5.441255285839202,-3.7085863110419233,-1.671857810171399
2158813525616,-5.172852786113584,-4.2385731055827955,-1.8230862827119552
2158813525633,-5.036893708334086,-4.550649489094605,-1.8697108809090723
2158813525650,-5.16187905577835,-4.829917557753163,-1.8880713783895118
2158813525666,-5.049894755702697,-4.33940750485708,-1.9148743651649234
2158813525683,-4.767226868491495,-4.513712012618208,-1.7594068256142874
2158813525700,-4.69102271105715,-4.6156895978758925,-1.651897807900995
2158813525716,-4.654030615051307,-4.475395558512266,-1.5741380735913912
2158813525733,-4.860182944362807,-4.044866331329396,-1.4795473667550163
2158813525750,-5.098225532018566,-4.570712240972195,-1.5778158623625178
2158813525766,-5.069023799905258,-3.7050090987408058,-1.5716480550395833
2158813525783,-4.747035739963228,-3.7725052424092214,-1.5790745343874137
2158813525800,-4.5939189998606516,-4.2167565093518204,-1.7823111851148097
2158813525816,-4.953850479579275,-4.105201884340294,-1.8826192681857776
2158813525833,-4.779372316480024,-4.379831304308295,-1.8905869772271968
2158813525850,-4.822205116202672,-4.344813523753584,-1.6783534645196903
2158813525866,-4.794638100497805,-4.398354221618714,-1.7840063011928184
2158813525883,-5.075880229868143,-3.7636708998868253,-1.7442365583877106
2158813525900,-5.341957582431546,-4.500746762621678,-1.8881102617097087
2158813525916,-5.363187406380898,-5.258764885137451,-1.9259848209826336
2158813525933,-5.5090653822468205,-4.655432556804358,-1.8210795057081768
2158813525950,-5.51338238252048,-4.290265185127075,-1.721017595569461
2158813525966,-5.68492334253619,-3.604977907296692,-1.498191477128119
2158813525983,-5.611006639568237,-3.8300420580295684,-1.4834432588055146
2158813526000,-5.808710897522539,-3.963283065926092,-1.5572072865119706
2158813526016,-5.789224671665321,-4.2098592815483435,-1.7147952042358332
2158813526033,-5.851562234081665,-4.231299754868379,-1.6076829301238544
2158813526050,-5.688220617740105,-4.231911195225141,-1.823728481679201
2158813526066,-5.8887137918109005,-4.276271772096916,-1.7121987836908654
2158813526083,-5.877543748897936,-3.9776194692395697,-1.469185993519271
2158813526100,-6.02541033413951,-4.243259347718342,-1.4030459190501854
2158813526116,-6.135491413862542,-4.633479589432706,-1.3515862646363597
2158813526133,-6.268992146878713,-4.453537118630333,-1.6092983085226558
2158813526150,-5.647007704731939,-4.634734469971442,-1.470472950346634
2158813526166,-5.7938684790383945,-4.608975845818167,-1.466413818612431
2158813526183,-5.510204367479202,-4.408852834285401,-1.5288527576041706
2158813526200,-5.228786888497398,-3.8024056931244785,-1.7235038941640721
2158813526216,-4.958927413302048,-3.790576730287774,-1.5058153550197861
2158813526233,-4.831278741928342,-4.337587688787579,-1.8471150424330163
2158813526250,-4.465953987589925,-4.65536781770241,-1.745125397097743
2158813526266,-4.524360982840167,-3.6672825212237696,-2.087964663909475
2158813526283,-4.527485421184302,-3.5213788078063004,-2.00221789732036
2158813526300,-4.357258151231356,-3.9727564323122015,-2.063759972775619
2158813526316,-4.263486084226628,-3.7442695897543046,-1.9051670484581744
2158813526333,-4.419876169180806,-4.3250895686182975,-1.9564099412917342
2158813526350,-4.560754948878222,-4.699106484886405,-2.1547857592319746
2158813526366,-4.624934901757574,-4.947843379103948,-2.34940082903796
2158813526383,-4.585161761616578,-4.749927122233468,-2.1453152549555248
2158813526400,-4.774799821187939,-4.171579234653523,-2.174908451496173
2158813526416,-4.782778980474763,-4.4882658012940215,-2.1338274930184307
2158813526433,-4.8519877875182935,-4.515664100639761,-2.193882414208501
2158813526450,-4.753685172902177,-4.127084292619857,-2.1924532162928982
2158813526466,-4.778275026843028,-4.214016513737139,-2.3134719963277695
2158813526483,-4.765946580981778,-4.088812082133809,-2.331860094892152
2158813526500,-4.689285867787937,-4.236744223268413,-2.3796612977894145
2158813526516,-4.877339338332224,-4.647076785401144,-2.3408185506862034
2158813526533,-4.878171667379759,-4.53869862885348,-2.3538959616075172
2158813526550,-4.760950154308741,-4.651851510736233,-2.3630436145480624
2158813526566,-5.169785541619452,-4.765347643991639,-2.325041001877589
2158813526583,-4.9511662893461565,-4.693842089610603,-2.137530148231115
2158813526600,-4.8995168684739445,-4.732106704733532,-2.1159468928014795
2158813526616,-5.107714167473901,-5.07277618115169,-2.1359128764011213
2158813526633,-4.932850661367301,-4.981549477193949,-2.1619675263506117
2158813526650,-5.406511908075277,-4.280169629268405,-2.3865065797749048
2158813526666,-5.585906048151442,-4.121458626982898,-2.3807670284881586
2158813526683,-5.854872228041074,-3.9264166212261102,-2.2749871965763666
2158813526700,-5.391250522063085,-3.15701222511131,-2.093990923889897
2158813526716,-5.376878534166916,-3.674470914212035,-2.0455197977912856
2158813526733,-5.325287215268021,-3.044145887989285,-2.0147351305262866
2158813526750,-5.770646500150416,-2.501276731753937,-2.205030674320669
2158813526766,-5.934883673430386,-2.60111296081643,-2.143239884262616
2158813526783,-6.296008399179081,-1.8570636699466379,-2.19004421002345
2158813526800,-6.28547442318796,-1.0548920012286924,-2.3125963612854665
2158813526816,-6.206263990065263,-1.4933406252805757,-2.020375190610083
2158813526833,-5.977908850927145,-1.3557604744526142,-2.1576400994208047
2158813526850,-6.001304481071125,-1.391620185431833,-2.274564035080235
2158813526866,-5.9961285851471,-1.6693332947028203,-2.076367552761557
2158813526883,-6.034286749106536,-1.330000945472798,-1.8778391011080058
2158813526900,-5.901184937564543,-1.6955512801312214,-1.6131041670903121
2158813526916,-5.785253223427647,-1.817960363881718,-1.5599738664403389
2158813526933,-5.659087311529723,-1.9203892204094357,-1.700424948576842
2158813526950,-5.371196954272902,-2.60950133091012,-1.72973743992425
2158813526966,-5.106853526180835,-3.1029606885838388,-1.7577046188405423
2158813526983,-4.723944391322921,-2.8425400908857,-1.5757215744406439
2158813527000,-4.644690463272253,-3.4988733686993108,-1.300847822215402
2158813527016,-4.47110296935241,-3.822074661228784,-1.0877371008162362
2158813527033,-4.283793856473206,-3.6660610140086547,-1.1043900742956791
2158813527050,-4.410723682627957,-3.7192199127406185,-0.8519329326584062
2158813527066,-4.234728753740195,-3.6664910354436326,-0.8700084460181633
2158813527083,-4.330822190880399,-4.022111534037906,-1.019234628557659
2158813527100,-4.17211928641552,-3.9000324532898523,-0.998567202897465
2158813527116,-4.110496958703398,-4.373606389887221,-0.7939768656779066
2158813527133,-4.251931277722489,-4.977347840851431,-0.8191623943109495
2158813527150,-4.469845631534236,-4.98141901326795,-0.7901145542839115
2158813527166,-4.091518261144077,-5.131223975989503,-0.8978003458742843
2158813527183,-3.601594706345298,-4.7896800829967905,-0.7652481466691268
2158813527200,-3.2495918991773975,-4.816852775858692,-0.8340800878962806
2158813527216,-3.413879305710255,-4.53031690947145,-0.9069448888164591
2158813527233,-3.3839027971394486,-4.401589646618399,-0.7553265554552843
2158813527250,-3.242753021468558,-4.213979613234608,-0.675059031812435
2158813527266,-3.3208393741545037,-3.292616188246998,-0.6474515868193172
2158813527283,-3.3377044157839166,-3.629933671119349,-0.8921462648856435
2158813527300,-3.0995357490334254,-3.7623384410038296,-0.8933411870062637
2158813527316,-2.6188221601719186,-3.6806220634993942,-0.9717838005920123
2158813527333,-1.9700975713314128,-4.202064685677003,-1.1057016400367534
2158813527350,-2.061030395412493,-4.393908944992775,-1.0140233071104316
2158813527366,-2.122934007437605,-3.569375609795577,-0.8721543073559175
2158813527383,-2.154766606768005,-3.4540555160392694,-0.9215752753333103
2158813527400,-1.7976087830725036,-3.9274866790923917,-0.9945941417549351
2158813527416,-1.8183108444084586,-3.9226163830589913,-0.951012811187431
2158813527433,-1.8993994501018974,-4.207099177245336,-1.2102820464017574
2158813527450,-1.8482295294107973,-3.606465320029749,-1.18366573243709
2158813527466,-2.2782486293870226,-3.760636400917317,-1.2533059775085724
2158813527483,-1.8996020324279637,-3.7070743022760966,-1.4968372330546615
2158813527500,-1.720745762495954,-4.464054906913782,-1.4871544467085678
2158813527516,-1.9604517221914075,-4.425897976335959,-1.2466510050363213
2158813527533,-1.588165665398832,-4.338956888272344,-1.3035392994384365
2158813527550,-1.608847607103792,-4.401436559947918,-1.2249330937026368
2158813527566,-2.0215904121326282,-5.110972156800272,-1.120741527045733
2158813527583,-2.294216535036462,-4.765072649801299,-1.3152072673167097
2158813527600,-2.230470120079896,-4.224218313696323,-1.3077402146773163
2158813527616,-2.016394116135289,-3.845917600767321,-1.1523411526844016
2158813527633,-2.2284427985312636,-3.6346852580842386,-1.2942089030509503
2158813527650,-2.453404361583747,-3.017444920594325,-1.3934363639416818
2158813527666,-2.6688647387216755,-3.1856632457044314,-1.1704022271610737
2158813527683,-2.6611480196369817,-3.6153126469106156,-1.1721018936861207
2158813527700,-2.599383060309385,-4.364161147954136,-0.8918413701916995
2158813527716,-2.8915809729925304,-4.271716341407581,-0.9120326708388369
2158813527733,-2.771950506639073,-4.192119674978516,-1.0360024383849908
2158813527750,-3.0121549943422443,-3.99344039952717,-1.1957128910414485
2158813527766,-3.092013217705559,-3.7319018105192208,-1.439997649569018
2158813527783,-3.3478011869858446,-3.9108852932342546,-1.4269554228703307
2158813527800,-3.20426092242506,-4.118015562728628,-1.3437267930690742
2158813527816,-3.1868338352552685,-3.223210684357848,-1.4684661687424576
2158813527833,-3.0868984713822165,-3.0551240293424895,-1.2380409356828235
2158813527850,-3.0032055202039984,-2.7591293044183853,-1.1678043184974536
2158813527866,-2.892131230934144,-3.3407651172133224,-1.3431739654754082
2158813527883,-2.922689296025509,-3.354146434982586,-1.3610814903310238
2158813527900,-3.2971571409633302,-3.2997026187120966,-1.7518428685374783
2158813527916,-3.4754085432717727,-3.2871909868598688,-1.7065373322199946
2158813527933,-3.5239052499786228,-2.4637762547983235,-1.8623548197747395
2158813527950,-3.918645106680355,-3.0752076987224033,-2.0077538968137794
2158813527966,-3.5889311683901477,-4.1432162414548,-2.074018378052014
2158813527983,-3.6830381213242522,-4.08117169121836,-2.124382450110433
2158813528000,-3.4795336898935787,-3.75523899886315,-2.0441920316153017
2158813528016,-3.7453417639045674,-3.6801958529256633,-2.1097115461450175
2158813528033,-3.6492891318547276,-3.4894895428423274,-1.9632853348383619
2158813528050,-3.1980639692397346,-3.515795621818861,-1.8727394293534019
2158813528066,-3.123358027477137,-3.787664625102976,-2.0200698842762437
2158813528083,-2.630112406319851,-3.1811113717755024,-2.138361865445677
2158813528100,-2.8965776429252488,-2.652965472344699,-1.8891222146553601
2158813528116,-2.67341368947976,-2.7215432779556576,-1.8938999738846793
2158813528133,-2.69369582055676,-2.8114713259157136,-1.870013491635384
2158813528150,-2.808441700407234,-3.6148183852827698,-1.7648355575593695
2158813528166,-3.1802304767203657,-3.3003995369578627,-1.7621287392494698
2158813528183,-3.040348993235966,-2.880228176403429,-1.7975796088015512
2158813528200,-2.803382433137502,-3.767084709337399,-1.6919723126590167
2158813528216,-3.086800086101591,-2.9330366931217537,-1.4052286339715487
2158813528233,-3.256619760218696,-2.8825191744244107,-1.223276893033162
2158813528250,-3.6318808607548694,-2.900253721839873,-1.3272471693117376
2158813528266,-3.5785170378399904,-3.114312323049971,-1.135977869175278
2158813528283,-3.3304449161837235,-3.160865346296698,-1.0682780803046152
2158813528300,-3.5972077717072812,-3.2679946562643565,-0.937187620460622
2158813528316,-3.9249608600958448,-3.6913005745704557,-0.9942298236521833
2158813528333,-3.952303936778792,-3.793851676770405,-0.9219381410519023
2158813528350,-3.989853141226245,-3.5213159771676814,-0.9730138497417204
2158813528366,-3.958928961379184,-3.7413865923478875,-0.9517514400997948
2158813528383,-4.056503475841943,-4.4924972705884265,-0.9858329054404209
2158813528400,-3.9591812463335945,-4.072696767074982,-0.977334974739681
2158813528416,-3.947881746825739,-4.11168145082544,-0.7375368662600341
2158813528433,-4.03606002106828,-4.106892868135821,-0.6536808173580034
2158813528450,-4.127711961742326,-3.913103808566423,-0.5131133477461334
2158813528466,-4.394593741927459,-4.325293815410416,-0.5779036950791756
2158813528483,-4.502658626328614,-4.110735552955852,-0.44838913023859805
2158813528500,-4.662110494513918,-3.7455457394271283,-0.4526066823449273
2158813528516,-5.200459220555832,-4.297904057968779,-0.3169500869113697
2158813528533,-5.3443661351659095,-4.591406347561056,-0.10373618854251931
2158813528550,-5.49549185145549,-4.952385211290783,-0.35969186351264354
2158813528566,-5.876815957773383,-5.01479374444139,-0.39682510116893366
2158813528583,-5.850856082781696,-4.887645505407233,-0.3412414220665109
2158813528600,-5.873963488499489,-5.55930501805212,-0.6156992161601431
2158813528616,-5.905195149050193,-5.289406971975709,-0.3208653277881181
2158813528633,-5.874282931908773,-5.394402108166402,-0.27691036125660495
2158813528650,-5.630900169647451,-6.144059598244836,-0.43407347208376146
2158813528666,-5.924192597199514,-5.6612894906472775,-0.42948572914229544
2158813528683,-5.711809622619325,-5.448195612705514,-0.3086417926510843
2158813528700,-5.4933528865988865,-5.052807952698494,-0.4109558800868638
2158813528716,-5.564385083447282,-5.4246479621071435,-0.10694209705425661
2158813528733,-5.861372858431889,-5.841764184513058,-0.17312108009976224
2158813528750,-5.943934061592138,-6.29284332459512,-0.2695448752978701
2158813528766,-5.908167662050591,-6.366636344817896,-0.007711065184275778
2158813528783,-6.326389599490517,-6.756035449819337,0.15845452133072102
2158813528800,-5.96014261681348,-7.121295772475119,0.22821816309271348
2158813528816,-5.77900049675856,-6.829497921413846,0.03910002872803531
2158813528833,-5.4860385856411975,-7.141871139785693,0.22016177676149695
2158813528850,-5.4407193445376505,-7.20553697587631,0.13661721203676347
2158813528866,-5.23945948747122,-7.407268342594321,0.09622204304338777
2158813528883,-5.431749065970618,-6.572995486575493,0.02516922582608938
2158813528900,-5.790914168637265,-6.733885450525574,0.09177819151771971
2158813528916,-5.854065032272636,-7.24596865915112,0.12583044256386766
2158813528933,-5.880062396370092,-7.5421773054855485,0.07806784830031666
2158813528950,-5.903584859420867,-7.837997068616707,-0.11050086435690032
2158813528966,-6.190514344605552,-7.396759191591186,-0.028294574450542842
2158813528983,-6.259112338913919,-7.317180122316755,0.045476894113524846
2158813529000,-6.571809899754749,-6.825916045921586,0.059665517008776536
2158813529016,-6.711314686692605,-6.912265883509397,-0.09163298565083178
2158813529033,-7.317987506508061,-6.430187518247771,-0.15007140503766758
2158813529050,-7.36005067059791,-6.107911685717322,-0.1928633156787169
2158813529066,-7.408826779662471,-5.674419842285237,0.02635843893365708
2158813529083,-7.686420464215501,-6.154835898054958,0.0976546836599057
2158813529100,-7.75080468720752,-6.019312488546376,0.006824184167696368
2158813529116,-7.872656136957183,-6.532026761320374,-0.08645142736469646
2158813529133,-7.926482588009854,-5.877186265720148,-0.2390867278121908
2158813529150,-8.132009773764008,-5.117832089196701,-0.33849648773365565
2158813529166,-8.578401346193482,-5.214357182477498,-0.3288503164334891
2158813529183,-8.676332352794207,-5.35815838580298,-0.3241629174157752
2158813529200,-8.502436121302248,-5.215731213171968,-0.3525089950691503
2158813529216,-8.252749411167864,-5.798535807816366,-0.20355989173524897
2158813529233,-7.980030023516665,-6.067372650055057,0.06731077480029646
2158813529250,-7.500859353253192,-5.146506209403932,0.06196649606368276
2158813529266,-7.782124375319002,-4.990751721690714,0.011433948383657189
2158813529283,-7.591929974277215,-4.966163516391817,-0.26986775588956996
2158813529300,-7.7913637976634185,-5.067294957568714,-0.3137774736575646
2158813529316,-7.699354310134275,-5.502607546551616,-0.5314592421442527
2158813529333,-7.500393575725826,-5.0450189792307185,-0.7328269140014549
2158813529350,-7.923925356134726,-5.272508206033933,-0.8195295145347465
2158813529366,-8.220235127419482,-5.553812538322931,-0.8430181800273868
2158813529383,-8.16274749993293,-5.966251947867748,-0.7779612536183844
2158813529400,-7.773279579959691,-5.747178624453669,-0.6511662809428156
2158813529416,-7.70860190974332,-5.896247659652564,-0.6018571785547002
2158813529433,-7.522724435781362,-6.156960225081342,-0.4932285836627046
2158813529450,-7.401919170877977,-6.700690788743029,-0.620550506164146
2158813529466,-7.1525989361960525,-5.678752427149662,-0.5845973720505186
2158813529483,-7.171951386301887,-5.4769469438540375,-0.7504882474887018
2158813529500,-7.242094508197938,-5.139329836630887,-0.7423758228898862
2158813529516,-6.984789994048191,-5.508437523609982,-0.6572430801416207
2158813529533,-6.716650883847356,-6.854040308512376,-0.9603788954092161
2158813529550,-6.519913648111984,-6.644603071493623,-1.2066479752098878
2158813529566,-6.459645223821761,-6.16704216919293,-1.3161856345050778
2158813529583,-6.552076627361548,-6.221157558585002,-1.1761065197541671
2158813529600,-6.450456952068376,-5.866025666319728,-1.0534982887828392
2158813529616,-6.7113820279038405,-5.689630936627227,-1.0726982190287375
2158813529633,-6.943756839785426,-5.007442890107917,-1.0337305143580016
2158813529650,-7.241744488594356,-4.917223258398746,-0.8608959527362724
2158813529666,-7.311868395178899,-5.097029124277743,-0.8500545779609218
2158813529683,-7.565624192724909,-5.5777428525772486,-1.0171056586917733
2158813529700,-7.529525017023429,-5.043499699165204,-0.9356980429801982
2158813529716,-7.5737971151612316,-4.517225383950331,-1.1682946992566028
2158813529733,-7.276933265634325,-4.473182031319952,-1.0823415765938522
2158813529750,-7.444237883180548,-4.219741357136057,-1.1273978449132105
2158813529766,-7.064150301432238,-4.052751248850301,-0.926121931618157
2158813529783,-7.379855955942073,-3.854387640197463,-0.986280668902786
2158813529800,-7.298390164791833,-3.8376298569316694,-0.9939494489608649
2158813529816,-7.134567163214375,-3.816680752132157,-0.9565662418073475
2158813529833,-7.463333254073268,-4.270085498016448,-1.1360850312232087
2158813529850,-7.671083869790489,-4.704299857194011,-1.2341563861953813
2158813529866,-7.911872914502497,-5.284938456280978,-1.1791302962192227
2158813529883,-8.042305397494374,-5.333392286589572,-1.108534482136515
2158813529900,-7.834184868143283,-5.103112066167715,-1.1538246620814876
2158813529916,-7.901888552235621,-4.823454542805868,-1.1309797876982302
2158813529933,-7.616100156424464,-4.709474836921555,-1.1251830856348415
2158813529950,-7.466403032291004,-5.009816031669027,-0.960632078901535
2158813529966,-7.697339401699127,-4.260935210448123,-1.0431737408601505
2158813529983,-7.960407013863205,-4.340660118845797,-1.0359368720036808
2158813530000,-8.009631913512191,-4.565762547149996,-0.8623926911288958
2158813530016,-8.016116672624443,-4.687735711030491,-0.7777278266896195
2158813530033,-7.989469827067877,-4.883519804265959,-0.9802794561920697
2158813530050,-8.127587652166362,-5.039592039508463,-0.8041685995469435
2158813530066,-8.193171403268035,-4.801057257252503,-0.39933589183371526
2158813530083,-7.850006271575316,-5.758764532040238,-0.3941404816550311
2158813530100,-7.78720637766048,-6.285386497946147,-0.11461477290868094
2158813530116,-7.537717882520296,-6.583586997911676,-0.023787796372280012
2158813530133,-7.209415929875899,-6.659947790747458,-0.07637281448088762
2158813530150,-7.096972329881441,-6.48507330855817,0.0446782412159622
2158813530166,-6.879101620775401,-7.2866884866919275,0.010242053596062672
2158813530183,-6.909617700018539,-6.909572741856685,0.019935187424679146
2158813530200,-7.270148663181962,-6.2945343352745144,-0.1095912115068216
2158813530216,-7.243240853941113,-5.401187497975188,-0.2887873146670343
2158813530233,-7.3753283290317295,-5.909136402607053,-0.167413910234829
2158813530250,-7.292549697051948,-5.983244674035368,-0.19231681473062434
2158813530266,-7.477497606511101,-7.080949919724617,-0.304426393602174
2158813530283,-7.541187232689019,-7.398778798063667,-0.013471426502455253
2158813530300,-7.639071835150519,-7.761993262977097,0.11890212947881995
2158813530316,-7.50294720068686,-7.322941448393921,0.09264748818081425
2158813530333,-7.443624859739767,-7.102416528490684,0.17349116547613674
2158813530350,-7.628759643142439,-7.249890924349741,0.35019448059017144
2158813530366,-7.4692309204141445,-7.277394899708854,0.33498510139557225
2158813530383,-7.225930741847811,-7.831953668702028,0.35737835709146826
2158813530400,-7.2809641088605375,-7.5415159739794655,0.47000463495776856
2158813530416,-6.84247018426223,-8.01289413543206,0.5577237348413498
2158813530433,-6.609297822813572,-8.045925539519903,0.5810273766230506
2158813530450,-6.837126760641556,-7.829651472378652,0.6990173724267387
2158813530466,-6.759629990762248,-7.698525220157771,0.49310333964198494
2158813530483,-6.371243639392355,-7.193698813953632,0.3840509343587605
2158813530500,-6.40555885632262,-7.113477504897059,0.41042874968380494
2158813530516,-5.931420315047186,-6.783096242175901,0.4775923420267486
2158813530533,-5.936540878967828,-7.1435920597907305,0.5607594680747222
2158813530550,-6.2252074721903545,-7.525850687262649,0.4933425763009319
2158813530566,-6.343243635639727,-7.108635974854794,0.2803017833293955
2158813530583,-6.292101726799033,-7.585714276972961,0.29973299410089715
2158813530600,-6.116430466481898,-7.202801510534911,0.1543672979554357
2158813530616,-5.788367007913178,-7.8240442105208565,0.3387026782236645
2158813530633,-5.949088221293096,-7.873973209449035,0.28914202157889757
2158813530650,-6.10884773520864,-7.417673733191872,0.4509023603956096
2158813530666,-6.142487986922848,-7.673605415237908,0.24569510437426023
2158813530683,-6.010089134396739,-6.65988849686109,0.07046310839444281
2158813530700,-5.803746865583673,-6.870039077100287,-0.01823622401267022
2158813530716,-5.976060697351997,-6.720033700724783,-0.05365690527200839
2158813530733,-5.798678856123165,-6.371321237131175,-0.11243972924959666
2158813530750,-5.692999821386478,-6.139735424773961,-0.06313929746874136
2158813530766,-5.535690701749096,-5.586118927029167,-0.10870948989309348
2158813530783,-5.883551736871084,-5.7490277902200955,-0.27286812192305926
2158813530800,-5.803193610342859,-6.465214862856196,-0.12829671245211294
2158813530816,-5.896206711331774,-6.913273965214456,-0.3915345336993483
2158813530833,-5.844412248529216,-7.658847969799277,-0.5828630939796221
2158813530850,-6.370500516807952,-7.399545449301868,-0.6707921925630067
2158813530866,-6.277401378943031,-7.015335587874947,-0.9634624523882414
2158813530883,-6.342535133564645,-6.74618979156021,-1.142043230505159
2158813530900,-6.106516804533495,-6.338166182766133,-0.8969895298289748
2158813530916,-6.413623908676566,-6.4791567940693415,-0.7168383737615137
2158813530933,-6.46779834148753,-6.343751907100708,-0.6306777778819725
2158813530950,-6.607748365202887,-6.878754134308795,-0.8126023238837861
2158813530966,-6.711896568731449,-6.270336909726301,-0.9002304966935263
2158813530983,-6.626186128817754,-7.262926488745516,-0.903195467020102
2158813531000,-6.864369258915085,-7.5103835381790365,-0.7596077624674931
2158813531016,-6.541497329863261,-7.889198512998007,-0.8330920364817773
2158813531033,-6.567061521570398,-6.980230094222034,-0.49449346416871526
2158813531050,-6.3493606597198635,-6.323009445205598,-0.7060115180295399
2158813531066,-6.262130051315478,-6.422250189737002,-0.5229994821062944
2158813531083,-6.434047581432737,-6.526765213379082,-0.35613537518000615
2158813531100,-6.618603642143034,-6.222594516045124,-0.22420187247358225
2158813531116,-6.486127679870965,-6.36095897412287,-0.19279105538894586
2158813531133,-6.5951559978154455,-6.4695047954339,-0.35323743356864357
2158813531150,-6.750286018818851,-6.841225216254475,-0.2668127704104236
2158813531166,-7.0223543451614,-7.087069777839416,-0.023065242702284494
2158813531183,-7.172582745808737,-5.881402209528325,-0.15214731104510248
2158813531200,-7.197709598377074,-5.833249238881355,-0.16648140240204035
2158813531216,-7.407665148056896,-5.539252908963053,-0.20194306962047198
2158813531233,-7.109595065053588,-5.559561957582476,-0.2758918671253661
2158813531250,-7.13305039751076,-6.077179974053728,-0.20322922819166056
2158813531266,-7.002604663744896,-5.3429653107087525,-0.4898707750430008
2158813531283,-6.595624194841626,-4.77239991472677,-0.32304790086363705
2158813531300,-6.546881632480557,-5.2836598982569445,-0.392785331821518
2158813531316,-6.681984657686169,-4.446512458491963,-0.6172429601879998
2158813531333,-6.6655230275284785,-5.025431674033864,-0.3751274408626742
2158813531350,-6.96997484695423,-4.462715000886357,-0.17916068111834965
2158813531366,-6.809427988779142,-5.670442628705584,-0.019761782440732345
2158813531383,-6.917662409459211,-6.2559101370413455,-0.1999729644969256
2158813531400,-6.544438687129193,-6.034322204384646,-0.16011175815467582
2158813531416,-6.552091504370166,-5.456921295040385,0.09899694740660969
2158813531433,-6.679038889929369,-5.623874463207133,-0.014752425503242406
2158813531450,-6.6445289167400485,-5.563576747875566,0.06263991988034479
2158813531466,-6.496007736325843,-5.47857076246011,0.08562727429118755
2158813531483,-6.793745994787283,-5.091288675502985,0.04437608345210953
2158813531500,-6.676608395273631,-4.738446415668198,-0.1518004248060475
2158813531516,-6.857329248984161,-5.350497715616269,-0.3420027235679941
2158813531533,-6.836326368637294,-5.470648579651373,-0.36339005401460117
2158813531550,-6.6176886251055675,-5.697963163196869,-0.5883675517202076
2158813531566,-6.78952968875229,-6.1042296482578955,-0.44718821446272583
2158813531583,-6.334144969336657,-5.67094917777498,-0.4770364895053377
2158813531600,-6.509511064459401,-5.564095045892809,-0.12821816859993107
2158813531616,-6.911328075238328,-6.112443954762072,-0.15223341643762167
2158813531633,-6.65884021685614,-6.051193589681934,-0.27332268450445846
2158813531650,-6.718886681348779,-5.8530408492146195,-0.5285162508163113
2158813531666,-6.683400477787104,-5.866207937197638,-0.5433589793405581
2158813531683,-6.37738161098214,-6.149937642241533,-0.5450491532279231
2158813531700,-6.200593716380091,-6.275580408511498,-0.5365211294214028
2158813531716,-6.42398510791294,-6.3848158670612545,-0.6014197666545273
2158813531733,-6.696300230636581,-7.222596126421373,-0.7876892300297542
2158813531750,-6.737267530921768,-7.537665663673433,-0.7400972796096067
2158813531766,-6.517105724258088,-7.295689521072321,-0.87051810325968
2158813531783,-6.163804050975893,-6.757528954109008,-0.8995034803628575
2158813531800,-6.327661586907019,-6.378659458601586,-0.7815881183964635
2158813531816,-6.715507693421876,-5.78802794326928,-0.9160518467262926
2158813531833,-6.789035877368838,-5.296352648905042,-1.076876628090176
2158813531850,-6.7066066036240155,-5.957990990239239,-1.0083887612123903
2158813531866,-6.369324626296906,-5.9163719112063475,-0.9185558288776482
2158813531883,-6.498363454369806,-5.837986240939633,-0.7899294736163521
2158813531900,-6.649975285033001,-5.696108740688986,-0.515962947376164
2158813531916,-6.726350062027726,-5.762913736518575,-0.4120158305871265
2158813531933,-6.954330836313237,-5.843775991137576,-0.3796659478037751
2158813531950,-6.908402594001128,-5.923464628546309,-0.47057352775319516
2158813531966,-7.059592709567908,-6.4761160859512,-0.602064114790181
2158813531983,-7.494747658389863,-5.9439987196276345,-0.3798950783268465
2158813532000,-7.742419489396306,-6.051796785041321,-0.4778975917423709
2158813532016,-7.87022624244657,-6.6658771961176555,-0.3329667856673915
2158813532033,-8.127522104456084,-7.299278153608022,-0.5152152916010196
2158813532050,-8.02917714017158,-7.4519665716565635,-0.3208432605846464
2158813532066,-8.26336095632372,-7.85367996526793,-0.20823621555092048
2158813532083,-8.294715151907063,-7.710177953870159,-0.27942815013485345
2158813532100,-8.09799735988139,-8.347119218015786,-0.28771795810176193
2158813532116,-8.247937187651795,-9.032641642716609,-0.506912630841399
2158813532133,-8.404404781243175,-9.251910672121912,-0.6981570814032798
2158813532150,-8.249363303158141,-8.666418217878352,-0.6840290311279091
2158813532166,-8.50065447206191,-9.223615307948478,-0.8512285200504603
2158813532183,-8.64754314033311,-9.897564080024022,-0.8814903949305137
2158813532200,-8.576201438505135,-9.96779497303737,-0.8839445503108585
2158813532216,-8.717021989736665,-9.423674083542144,-0.6364520013528746
2158813532233,-8.60462782247606,-9.927767177581718,-0.8059810951457308
2158813532250,-8.518244957717629,-9.460025773716051,-0.8310573881246859
2158813532266,-8.332425722650497,-9.443463472024181,-0.8238309270169576
2158813532283,-8.673150436255025,-9.363078356343717,-0.8965785184237646
2158813532300,-8.737405569528423,-9.442023555226374,-0.9836619754216276
2158813532316,-8.775709174168885,-9.341983497909249,-1.1972098341613835
2158813532333,-8.514480968911716,-9.092426637374908,-1.2480419873769064
2158813532350,-8.351451727867232,-9.49685794921063,-1.3714776471624255
2158813532366,-8.513459607307839,-9.670554835075873,-1.4702324617370934
2158813532383,-8.19437865972881,-10.001206638773755,-1.5867390256577956
2158813532400,-8.45655692966568,-9.576183150013593,-1.5247459851683458
2158813532416,-8.509985684950253,-9.822296350794465,-1.615738204007378
2158813532433,-8.478845708052422,-9.811326332554648,-1.5764948486000137
2158813532450,-8.582582204660689,-9.495152628301533,-1.5149257760441532
2158813532466,-8.488724799669995,-9.687265052482541,-1.1937767967704769
2158813532483,-8.434865298238323,-9.909425138820671,-1.3684673153227123
2158813532500,-8.551224385433366,-9.852260747033492,-1.4421236999887808
2158813532516,-8.53800975538955,-10.109736354399574,-1.4439851793765373
2158813532533,-8.237345522619131,-10.456185741468975,-1.5815680838754616
2158813532550,-7.89520131335827,-10.46518108590754,-1.4372471959483906
2158813532566,-7.876795077721953,-10.63880445366441,-1.3624278056719135
2158813532583,-7.911155526096229,-10.319802162099542,-1.4184857637597
2158813532600,-7.680083015281726,-10.042303371746815,-1.1468191315746088
2158813532616,-7.787915418381761,-9.98819858604925,-1.1448101636558554
2158813532633,-7.409357181741421,-9.56563378599007,-0.9681611617520502
2158813532650,-7.317521436332719,-10.214138319152347,-1.3027334044312955
2158813532666,-7.524111957814494,-10.280976554651751,-1.2186660340217474
2158813532683,-7.568289199833999,-10.646922049291291,-1.0989492890422476
2158813532700,-7.216634424824248,-10.868492076529995,-1.1625976729820118
2158813532716,-7.358099490345802,-10.33995482623224,-1.2017341523672471
2158813532733,-7.254254759614076,-10.34967808032892,-1.1624796195668208
2158813532750,-7.26753932083458,-9.827191947663893,-1.1022970618479437
2158813532766,-7.3844132505070395,-9.055157881793821,-1.052545141208161
2158813532783,-7.801328501291991,-9.431231687036007,-1.1970895346717558
2158813532800,-7.960135072433253,-9.105357684910915,-1.2944884884418295
2158813532816,-7.7683534355053645,-9.511423233350977,-1.3744666408043624
2158813532833,-7.68265894825581,-9.66283437925701,-1.3471917398717732
2158813532850,-7.761324774258732,-9.538573084972075,-1.3791112241923593
2158813532866,-7.893259744252382,-9.50078211688077,-1.2260846825304919
2158813532883,-7.67252029860887,-9.320893796140354,-1.119148193883942
2158813532900,-7.768395624769787,-9.654112125056757,-0.9343074389841497
2158813532916,-7.784294942104788,-9.667316081079761,-0.7737987596465347
2158813532933,-7.562559456625889,-10.086785384439628,-0.7958149667743883
2158813532950,-7.56306105396386,-9.934867909790265,-0.8992928734780733
2158813532966,-7.690112447849673,-9.235918011914386,-1.0125884914163068
2158813532983,-7.674669289626792,-9.248691056158725,-0.91424550685593
2158813533000,-7.622407263704892,-8.663741359099635,-0.6993945414982232
2158813533016,-7.847260992302539,-8.014709016865432,-0.9000416184345228
2158813533033,-8.386469404059834,-8.250710903230182,-0.8186793124407843
2158813533050,-8.15353999506677,-8.439003249541898,-0.7950173290575243
2158813533066,-8.181305502415682,-8.133822594611141,-0.9851627808823937
2158813533083,-7.7535059187846915,-7.822466475135851,-0.9153505548295082
2158813533100,-7.795893176035763,-7.550540811152516,-1.0911372754496416
2158813533116,-7.801005046713031,-7.597954899028056,-0.9073995192587533
2158813533133,-7.309762827511259,-7.1311664360374705,-0.8982509479049945
2158813533150,-7.249502674494144,-7.252801887573254,-0.7888026869319547
2158813533166,-7.301874824534183,-7.390596103512592,-0.7190455269982805
2158813533183,-7.607194429601101,-7.3284690111861135,-0.6801685507967523
2158813533200,-7.182049402004241,-7.341608500852556,-0.8686828446961773
2158813533216,-7.486643420519544,-7.281495547032246,-0.8707340377098703
2158813533233,-7.424374897770983,-7.934483973975947,-0.9298536652909268
2158813533250,-7.1915906923795925,-8.065546363670846,-0.8951897171277303
2158813533266,-7.29910237607263,-8.149748389859392,-1.015316570462629
2158813533283,-7.27403654105987,-8.889125463605499,-1.1391052243655113
2158813533300,-6.79571575253332,-8.592640361080054,-1.0267534072470157
2158813533316,-6.558400539873111,-7.642604706306491,-1.0239711545248278
2158813533333,-6.967986100926563,-7.455930591351817,-0.7878848473969303
2158813533350,-6.985650497031908,-7.0555859806951595,-0.9246458752001412
2158813533366,-7.056380126805424,-7.115622658924753,-0.6903488253194026
2158813533383,-7.128883563196029,-7.617390391025872,-0.5874419506271729
2158813533400,-6.640267069796086,-7.026724613195822,-0.5305693512936219
2158813533416,-6.8516860779537,-6.132032186819449,-0.3872605446524959
2158813533433,-6.946325437361199,-5.225065676258493,-0.09415028337209663
2158813533450,-7.092213420653692,-5.094794445845113,0.03761410538674892
2158813533466,-7.08773140074538,-5.274262713365747,0.016488058343820278
2158813533483,-7.140510564874159,-5.096414458501174,-0.10545830182151983
2158813533500,-7.088536035301821,-6.063007664467344,-0.16100989971629698
2158813533516,-6.817069789536631,-6.441249631103769,-0.15177451680471477
2158813533533,-6.677382773341201,-7.150981937609727,-0.06076213219411397
2158813533550,-7.280945943376036,-7.111270757102622,0.033240220875963455
2158813533566,-6.959872557364051,-7.355534122960901,-0.11870869237690262
2158813533583,-7.19800371906234,-7.327871867187739,-0.012917625539301536
2158813533600,-7.3544078245735225,-7.685299586095508,-0.12256465755528723
2158813533616,-6.814304176622748,-7.635795828633176,-0.148500259404445
2158813533633,-6.576706079408935,-6.632717205422626,-0.3247585856254529
2158813533650,-6.4334736755663045,-6.537389607991074,-0.4275561461497672
2158813533666,-6.083447999367717,-6.175464495225118,-0.47129625337917136
2158813533683,-6.086552965207194,-5.655407925836236,-0.436344508140318
2158813533700,-6.213274425330372,-4.571893194272762,-0.42974960185133493
2158813533716,-5.893023767709493,-4.34959410508323,-0.6255265166223901
2158813533733,-5.510028610972494,-5.3693297721664885,-0.705680911367874
2158813533750,-5.381203512576348,-5.4442393797271285,-0.6417286934357483
2158813533766,-5.180517027853779,-4.725792461454519,-0.6666503501309816
2158813533783,-5.060025890356105,-5.576422656975108,-0.7776430175521347
2158813533800,-4.6272687884267505,-5.845389663412892,-0.8181128395468218
2158813533816,-4.526053616442219,-5.887821666760822,-0.8869334140980261
2158813533833,-4.664042842581962,-5.373125504704787,-0.9809562237118443
2158813533850,-4.400155499921852,-5.2805855365520475,-1.160844326255841
2158813533866,-4.525891067155273,-4.910687028511825,-1.0186121166859605
2158813533883,-4.598087188102023,-4.806905484674693,-0.937939594358727
2158813533900,-4.386572075725843,-5.20651261027177,-0.8726750175516617
2158813533916,-4.7913380177330245,-6.250126638899728,-0.8361260655987576
2158813533933,-4.665760393130211,-6.5227813528020135,-0.9804141078178353
2158813533950,-4.922013524296729,-6.513941408411652,-0.970844076676685
2158813533966,-4.806989760524849,-6.727333713274978,-0.7524161300558744
2158813533983,-5.29596920868455,-5.747089323711322,-0.7672949740910908
2158813534000,-4.894993838888237,-5.985568454501493,-0.7927055318999424
2158813534016,-5.110899786239004,-5.9049962902953075,-0.9614780109702386
2158813534033,-4.958821536559174,-6.066108506506205,-1.0474838731270748
2158813534050,-5.025430229284955,-5.7849465792925905,-1.2031405321131785
2158813534066,-5.203078205630255,-6.175287252660331,-1.4417650059466824
2158813534083,-5.5862643374130725,-5.94142664090363,-1.3218181969609795
2158813534100,-5.887242233415337,-6.122866713872253,-1.2900955724413516
2158813534116,-5.8573463859974515,-6.343937085525041,-1.2163512991985317
2158813534133,-5.344295870185914,-6.293009708888514,-0.8905916636430724
2158813534150,-5.340022449264492,-6.069250895774014,-0.9677321852763034
2158813534166,-5.444220406839824,-6.514177685541316,-0.8841977053003877
2158813534183,-5.83476436280294,-6.043510103668476,-1.122774589131907
2158813534200,-5.785758950455715,-5.722782888297145,-1.0936505356352466
2158813534216,-5.154491244662695,-5.259295206873489,-1.107305184440798
2158813534233,-4.9431928367822575,-5.652125446497413,-1.1014548624305187
2158813534250,-5.400557617843017,-6.262368403598541,-1.1664437427665129
2158813534266,-5.585309117037297,-6.0239703912307085,-1.1375008401273266
2158813534283,-5.820885318184326,-6.478491696606273,-1.2286777733470748
2158813534300,-5.415508926788156,-6.510048726461443,-1.1126044247251832
2158813534316,-5.103027350373499,-6.528343554134964,-1.1263987423337993
2158813534333,-5.311893042019906,-6.586569989926177,-1.3096753512757568
2158813534350,-5.505147949486629,-6.5386270597018665,-1.3560352461459673
2158813534366,-5.315628007484387,-6.737241583029825,-1.5485478836580668
2158813534383,-5.366162028465593,-6.577042957140286,-1.5349100442306707
2158813534400,-5.6505096958862335,-6.948301345763817,-1.3608467228314907
2158813534416,-5.748926814225453,-7.02715795386637,-1.3264611630183412
2158813534433,-5.6953092313416755,-7.042833861961457,-1.2292835711563834
2158813534450,-5.568219793778617,-6.894260828376106,-1.0323675101646725
2158813534466,-5.276349899180649,-6.61070327435805,-1.1745345454852285
2158813534483,-5.368036084312614,-6.622943171978088,-1.2568686412817724
2158813534500,-5.253484053104984,-6.776304012692148,-1.3324532678941265
2158813534516,-5.495700721767838,-7.410721869790353,-1.4209689146189353
2158813534533,-5.640025028335656,-8.261848311741259,-1.288685299206648
2158813534550,-5.285483085720138,-8.08671641332032,-1.2431145153492484
2158813534566,-5.258027555272098,-8.063949843089448,-1.1677064878967087
2158813534583,-5.357575212378609,-8.519607245776196,-1.2674528982038278
2158813534600,-5.440412866071978,-8.724537301829878,-1.2511009511031805
2158813534616,-5.46977347344831,-8.53837938128001,-1.1985770373385964
2158813534633,-5.281491934697876,-8.874556402685004,-1.1609983347222514
2158813534650,-4.7768857194866445,-7.93230128821695,-1.1412254337723429
2158813534666,-4.183723192524958,-7.8275620241767445,-0.9063064170033631
2158813534683,-3.865451797753395,-8.029587405774505,-1.0905054140360715
2158813534700,-3.4513244979086157,-7.72181123340198,-1.3462370923779736
2158813534716,-3.5269982410058756,-6.926167692226386,-1.1277997712486698
2158813534733,-3.6131798615196327,-7.089551223209503,-1.3153467828814345
2158813534750,-3.5245614987352334,-7.046685353553894,-1.3040963557073901
2158813534766,-3.5275052623701377,-6.90063855511786,-1.6049124153700292
2158813534783,-3.516888042200155,-6.621106929387234,-1.68206657615006
2158813534800,-3.455588473904749,-6.585639831203895,-1.6099540779685548
2158813534816,-3.5600249722869224,-6.0821725430103015,-1.592987191909422
2158813534833,-3.583979090583481,-5.910815025806116,-1.4068864704848199
2158813534850,-3.3402650656746413,-5.607163511026535,-1.4656642433406815
2158813534866,-3.1258744643257366,-6.0646818678305765,-1.5645774202423812
2158813534883,-2.990080789820481,-6.761677666256141,-1.7933244385011693
2158813534900,-2.9894435109946325,-6.029567189686383,-1.8944423197079328
2158813534916,-3.467900667841042,-6.369581941888298,-1.891055592245908
2158813534933,-3.462637008952688,-6.041253891587379,-1.7341909604594266
2158813534950,-3.3308416324961696,-5.741110853142343,-1.6350397085212545
2158813534966,-3.5654502776264985,-5.382968636919783,-1.5967753748037306
2158813534983,-3.633033955391738,-5.714557280345644,-1.7282172579942205
2158813535000,-3.6904731619649978,-5.223877336698791,-1.6072867882070738
2158813535016,-3.486001466323588,-5.734725139987753,-1.657040044507391
2158813535033,-3.3738829301299074,-5.977451826168244,-1.4578412611479634
2158813535050,-3.374207425626547,-5.695362154006308,-1.4245875197163778
2158813535066,-3.6613275924570896,-5.265227941634327,-1.347387959812547
2158813535083,-3.6424918796948305,-4.689707293501051,-1.3912240431679863
2158813535100,-3.0462563938214515,-4.484706462967146,-1.2478859854327473
2158813535116,-3.240458530611515,-5.330521376976311,-1.4172105124919452
2158813535133,-3.2872040632644794,-5.426822345847504,-1.3026535259809926
2158813535150,-3.2810479872179252,-5.497636748840714,-1.2605122057562517
2158813535166,-3.05429738068814,-5.749525652071767,-1.3505135140891888
2158813535183,-3.0393483429025747,-6.0686018146972165,-1.2613278311259501
2158813535200,-3.022256191639299,-6.636448187019699,-1.4929721742262072
2158813535216,-3.0156670695636008,-6.054114775156137,-1.411494555371814
2158813535233,-3.1469544809703995,-6.11092989799956,-1.3008638149992269
2158813535250,-3.239012103841699,-6.116225602911416,-1.4481697005237002
2158813535266,-3.440331607267276,-5.88347079794397,-1.1912306792439527
2158813535283,-3.3852264842095834,-6.154635150285665,-1.1384896820747963
2158813535300,-3.4668831615354083,-6.317342616314837,-1.18950166364677
2158813535316,-3.587960640456302,-5.529453312089679,-1.3170236756309293
2158813535333,-3.4357767888960513,-5.570335357460047,-1.5562013084790087
2158813535350,-3.208725135201084,-5.053166095421043,-1.524702563380996
2158813535366,-3.498232188258035,-5.01408844010314,-1.5629734092188512
2158813535383,-3.627748310966494,-4.7855517594301675,-1.588996722655541
2158813535400,-3.842307850884532,-4.995463429520431,-1.4207235487709602
2158813535416,-3.7782509208544077,-5.010907485131907,-1.4488070030589055
2158813535433,-3.5761704682336815,-4.202459781432788,-1.585339722315784
2158813535450,-3.275833454446347,-3.9065361278843325,-1.5378476610318608
2158813535466,-3.3468836547830803,-4.355865975416927,-1.6344477163138436
2158813535483,-3.2218798644224425,-3.8389696062665557,-1.621267262432469
2158813535500,-3.279137811861805,-3.753671710636522,-1.6556430842608827
2158813535516,-3.3641147523128954,-3.631393730251602,-1.4781807348967024
2158813535533,-3.5094596904839506,-3.1613744218096516,-1.4396390311418388
2158813535550,-3.2882684362405663,-2.9991319103194436,-1.400411301177611
2158813535566,-2.873346364868257,-3.556830974058861,-1.0693197512987611
2158813535583,-3.0428726385649423,-3.665501978703246,-0.7550328496264856
2158813535600,-3.1838082302012816,-3.632816332617785,-0.7082916999531907
2158813535616,-3.432262589268391,-3.9674363408195688,-0.5399618182304149
2158813535633,-3.367656796969841,-4.130177396227065,-0.4080759704675817
2158813535650,-3.6576850209355456,-4.150176980039424,-0.391793721547601
2158813535666,-3.6833048018931125,-3.8079840899206765,-0.5037743729334871
2158813535683,-3.3310018998508863,-3.246487209478352,-0.40358425300984224
2158813535700,-3.6391622722329644,-3.02201188920009,-0.31513170302220583
2158813535716,-3.78974936239194,-3.248893418362514,-0.3437990685511061
2158813535733,-3.968358706567935,-2.6509703237980373,-0.43039224522071273
2158813535750,-3.975620405354131,-2.7629451630424358,-0.5451492284911196
2158813535766,-4.107961750198395,-2.438273128571501,-0.6674120204710867
2158813535783,-3.989446019434678,-1.5053298970185667,-0.6247921573995807
2158813535800,-4.021574087377018,-1.3422444559195297,-0.5156309297569953
2158813535816,-3.8511987511687282,-1.7448426881011274,-0.5473915885279036
2158813535833,-3.8494096103220006,-2.2532859531516154,-0.3566281970872697
2158813535850,-3.5016803489266253,-2.7136115716068545,-0.4750791824025945
2158813535866,-3.6658949316782117,-2.7165452749529533,-0.6826756704961224
2158813535883,-3.5546511937856304,-2.008013412287281,-0.7678322501771494
2158813535900,-3.6647063380473277,-1.6372342261234278,-0.840512261860345
2158813535916,-4.019315965650157,-0.9752514349720594,-0.725567334395472
2158813535933,-4.202613308253577,-0.688696879377459,-0.5713503568673532
2158813535950,-4.30041516429473,-0.1796833099822699,-0.3822864941024529
2158813535966,-4.133286155695533,-0.5350532852011662,-0.45870403559607553
2158813535983,-4.309352275983821,0.07034414464954519,-0.15534490216683106
2158813536000,-4.39290036145352,0.35019025799812553,-0.3119086748695274
2158813536016,-4.712817168452689,0.6740177015512554,-0.2783203269553896
2158813536033,-4.903403085675296,0.4575143121651992,-0.2823971821568242
2158813536050,-4.919245009734584,0.5061136693573873,-0.10953598534435549
2158813536066,-5.062210027191188,1.1527217248790098,0.08455282263471131
2158813536083,-5.089107306118749,0.6470835838119964,-0.14496937073250737
2158813536100,-5.084995638975467,0.07918485022977695,-0.15233468971983533
2158813536116,-4.873622572340336,0.4734219159077231,-0.1122130065691539
2158813536133,-4.807589071168058,0.8584877659247914,-0.022114607369564943
2158813536150,-4.877617719275973,0.40330785374523437,0.06843056978808193
2158813536166,-4.400999255639547,0.5347989667661581,-0.20756954492470575
2158813536183,-4.293549759393113,0.4260975061623018,-0.1495715784840329
2158813536200,-4.175258938890798,0.5836983609158892,0.006395375367130418
2158813536216,-4.095275640179894,0.7836817201590005,-0.03462028498708769
2158813536233,-3.997490638819844,1.1479385813201493,0.034785704157141994
2158813536250,-4.122477733354832,0.8602013265911497,0.06793095125919113
2158813536266,-4.1125069495564235,1.0993543379590287,0.005107272112352734
2158813536283,-3.7878403816091737,1.5325151645143613,-0.1722495898141343
2158813536300,-4.142344992900322,1.1553108507544314,0.06994830510019256
2158813536316,-4.332009999516625,1.4843087549731244,0.08000779867782903
2158813536333,-4.5235659529560825,1.258077194258088,0.13825529299324624
2158813536350,-4.132433639596838,1.2516494604344803,0.00970468883471376
2158813536366,-3.867670729479263,1.3494263408335714,0.05654901226624687
2158813536383,-3.777964350783977,1.4913967445105465,-0.17330977691384436
2158813536400,-3.4064725630460977,1.5797798721950356,-0.12617803622060075
2158813536416,-3.5716739287479307,1.9470469747520491,0.03003061703540555
2158813536433,-3.594690233222889,2.5337256924723635,0.08121986203431986
2158813536450,-3.6312173827264513,3.0340052849288446,-0.0008987151144211891
2158813536466,-3.833205290705191,3.1990981663200566,-0.0273541548158468
2158813536483,-4.041614286070358,3.1194403288462995,0.019776010553885337
2158813536500,-4.128487732210563,3.1319116838672345,-0.23587165609153848
2158813536516,-3.9334733745438886,1.9515798687832744,-0.27507215081736136
2158813536533,-3.632360811378619,1.9715003143249161,-0.29407711232439504
2158813536550,-3.2576512810201987,1.8595090518375637,-0.2612733248979008
2158813536566,-3.365109791830966,0.8969836958885518,-0.183028305164042
2158813536583,-3.167006136788396,0.5271878509338892,-0.43877975044994116
2158813536600,-3.021587044322102,0.3548153445022333,-0.3192140319421461
2158813536616,-3.2103840843047022,0.025767983841901376,-0.14415793902442764
2158813536633,-2.6318005948781193,0.1672481455314827,-0.17248199387154245
2158813536650,-2.520353613720992,0.34947520131698795,0.021748328269129424
2158813536666,-2.4963634651294773,0.6043983924543666,0.11729455681673484
2158813536683,-2.0690667068920297,0.32889051586513496,-0.014636583783598556
2158813536700,-2.0277593648007066,0.35140840613435564,-0.02488544922158331
2158813536716,-2.1933699029377425,-0.23900897398681575,-0.043600741676374066
2158813536733,-2.0581574779873586,0.09735758675510109,0.06156345569693411
2158813536750,-2.4790885140339576,-0.20656630839725754,-0.15060828828982664
2158813536766,-2.952730119042978,-0.40568087054770974,-0.002901013351097048
2158813536783,-2.7910314368518208,-0.47504706924586326,-0.18541698341687263
2158813536800,-2.917395397957746,-0.2288563432968873,-0.38855285913357474
2158813536816,-2.545879528105248,0.09550112172207381,-0.2147952353655379
2158813536833,-2.4983115239714033,-0.38427739312042775,-0.33891739547712596
2158813536850,-2.904577277069289,-0.2671416360039478,-0.40106180286697835
2158813536866,-3.062171907332705,0.37766845488760215,-0.5713424160291081
2158813536883,-3.154616315430435,0.409251412215184,-0.8463370717867638
2158813536900,-3.344136194730886,0.690249221790749,-0.5855092600838983
2158813536916,-3.2628895216273848,0.7127457546469653,-0.6206658130028706
2158813536933,-3.3951744270324062,0.7530082040025539,-0.659748477794525
2158813536950,-3.5751967865886085,0.2831892291326037,-0.48745852911821536
2158813536966,-3.4300320690323054,1.3719313205995958,-0.5174478750678555
2158813536983,-3.2985586896534143,-0.23528732353204695,-0.5074049711316349
2158813537000,-3.486623932239693,-0.12139144897296017,-0.5325322233225639
2158813537016,-3.1201751635726667,0.3828955074957854,-0.7282007460842134
2158813537033,-3.294611998666354,1.1578709291941083,-0.9699543029247292
2158813537050,-2.974973247382554,1.3987565785430442,-0.9534445851384791
2158813537066,-2.990520358831697,1.1584152893678068,-1.122806247581968
2158813537083,-2.71794696574572,1.0667233033903916,-1.0552070897541923
2158813537100,-2.8710612337408463,1.192373611645043,-0.9223857365076251
2158813537116,-2.982913252876664,1.1064340608275804,-0.7015843495417452
2158813537133,-2.8432888701981676,0.6884286206216492,-0.5048561913025005
2158813537150,-2.7504366827725573,0.6832675276498081,-0.5725837572911888
2158813537166,-2.9073387188211828,0.8633617379959375,-0.6714716677402495
2158813537183,-3.058051424193623,0.27936692454934864,-0.7560232852174466
2158813537200,-2.9973148235164455,0.5388866008345294,-0.8920560625284074
2158813537216,-3.077632910014698,0.31061873916376825,-0.9956209885462308
2158813537233,-2.726086612633346,0.7823673280759698,-1.0172944107339363
2158813537250,-2.6411521703119574,0.8317174426644076,-1.1687142313376948
2158813537266,-2.4112486917178217,0.5239021894860745,-1.5040097030231299
2158813537283,-2.276405703932581,0.3142416930118177,-1.3852266943406426
2158813537300,-2.02502483442968,0.6640141418593846,-1.303855627066989
2158813537316,-1.9701422150955232,0.38093308736526765,-1.3458675608803456
2158813537333,-1.788152971650863,0.27340590772522333,-1.4638147570608273
2158813537350,-1.3826684776555975,-0.06867391265412959,-1.3121333280733163
2158813537366,-1.492485485256175,-0.17135166232062637,-1.1757669389588967
2158813537383,-1.5096612709523756,-0.08401694294214668,-1.024844275644117
2158813537400,-1.3896481238212743,-0.06846533444775993,-0.8679108415631269
2158813537416,-1.3934812061658404,0.024736903289822365,-0.8170208002337507
2158813537433,-1.5016270675162566,-0.06780893745339878,-0.677221358314032
2158813537450,-1.7839464933535027,0.43174505150680353,-0.508901162353675
2158813537466,-1.8394347204845212,0.9921120768157534,-0.6174285693271354
2158813537483,-1.6877545744156812,1.4352523514322177,-0.5429292310323989
2158813537500,-1.706362055753294,1.3613307938489427,-0.47921605446944937
2158813537516,-1.4997963162531054,1.5026026373679509,-0.7741453155788447
2158813537533,-1.7649586600609521,1.7411565001200335,-0.982514375665828
2158813537550,-1.5868528434138938,1.0268046982488679,-0.9282943947822349
2158813537566,-1.4561518801194104,1.2567661569258561,-1.1750037003109677
2158813537583,-1.8770266176223855,2.086910098963208,-1.1402711982154201
2158813537600,-1.8692751351893908,2.0113876757886073,-1.2623218107462502
2158813537616,-2.3261778368234496,2.0806424202856784,-1.145982006977356
2158813537633,-2.3331769628731474,1.8282120882591064,-1.2641449971385283
2158813537650,-2.188187903903043,1.1348038540674175,-1.346652664642845
2158813537666,-2.200303275398396,1.5512043843449117,-1.44365897870721
2158813537683,-2.1747262627589086,1.6502601492722349,-1.425037289395457
2158813537700,-1.8234818004129374,1.3433666019624084,-1.1060628740768985
2158813537716,-1.6597809498553278,1.1008859962910087,-1.1389567282082336
2158813537733,-1.838569217528442,0.8147953024094008,-0.9097361158370788
2158813537750,-2.160876033429967,1.0486244652388637,-0.7365409501769394
2158813537766,-2.344566688136238,1.2424876892228331,-0.62631007129429
2158813537783,-2.3673472937351856,1.8054117515781103,-0.723152851993043
2158813537800,-2.574496529439988,1.8667976495184577,-0.7763781397602169
2158813537816,-2.5538317826196644,1.9802037357511049,-0.6470190509266432
2158813537833,-2.5678203358787766,1.9706847325894108,-0.7499674816178583
2158813537850,-2.8514663399827174,2.6794073761497,-0.5697146209651532
2158813537866,-3.0004664315446155,1.8846146170357825,-0.5195139057094013
2158813537883,-3.0843739683617946,2.4690007027437355,-0.614964496900223
2158813537900,-2.9408357334225284,1.7632974571440991,-0.7022345669978589
2158813537916,-2.9700542139952906,1.271414965877808,-0.740789245887117
2158813537933,-2.700865866912987,0.9177030588016555,-0.9050242647182359
2158813537950,-2.7352202168126714,1.6043463350997182,-0.9250179990084528
2158813537966,-2.64690092190104,1.2540591027196406,-0.9668079994988039
2158813537983,-2.804259945173099,1.4227648309826098,-1.0037102866638818
2158813538000,-2.912196365765525,1.195059289009956,-0.831018055239061
2158813538016,-2.94435144303123,0.43676512922557187,-1.0145102679593412
2158813538033,-2.6862020174630503,0.07269675903529738,-1.1444854372932098
2158813538050,-2.4074366281054465,0.1467555582852098,-1.2351751202657284
2158813538066,-2.5711721569275308,-0.09193759653409028,-1.3355902968563056
2158813538083,-2.7432624240165535,-0.12278094843690113,-1.4295060213458128
2158813538100,-2.8854827518175887,0.022847975470500437,-1.6128573959249652
2158813538116,-3.145626935756055,-0.12721140785374363,-1.6810113849873058
2158813538133,-2.794883578963675,-0.05142159041074024,-1.6722980316235927
2158813538150,-2.7409788384349785,-0.2410676187245917,-1.7404998654111892
2158813538166,-2.631031718779054,-0.24535842063202917,-2.0156904512706437
2158813538183,-2.3083998124879717,0.1316987188437242,-1.822694024147299
2158813538200,-2.2780019752602336,1.077082193584852,-1.7663365165883063
2158813538216,-2.4803053423535606,1.0022577534955621,-1.8820811909405468
2158813538233,-2.299313214162272,1.3845150217106283,-1.6879094990413352
2158813538250,-2.2226204618992926,0.9518118096759443,-1.7164390156696183
2158813538266,-2.3203995229372407,0.7950044794097391,-1.9044931713683586
2158813538283,-1.9986904432367965,0.7689530417982553,-1.837493558430809
2158813538300,-2.168183230645708,0.22749864403765674,-1.9946810590992974
2158813538316,-1.856326786530199,0.33203135363707936,-1.7888194801801345
2158813538333,-1.9318441985623696,0.7051906236786891,-1.8379728677096328
2158813538350,-1.7163087294641701,0.6124122965242096,-2.068950642412848
2158813538366,-2.108416737309429,-0.035691863184972306,-2.182331184211099
2158813538383,-1.7328176030847415,-0.3899338143127258,-2.260170123483152
2158813538400,-1.6441268589362021,-1.1545843861804848,-2.2856986923781877
2158813538416,-1.7964838295383925,-1.0933642725425496,-2.1179379199791266
2158813538433,-1.4302784394699728,-0.8271576136041396,-1.9099672181401925
2158813538450,-1.1560505468369007,-1.0459082242467277,-2.0097502424861142
2158813538466,-1.224120066758311,-0.37949461961036235,-1.8919358924148115
2158813538483,-1.31375473035388,-0.15807161422762928,-1.7332307424979132
2158813538500,-1.1742801484027163,0.26021801825558555,-1.76780197221319
2158813538516,-1.3337847392635576,-0.7302992434097781,-1.6080382581521913
2158813538533,-1.4420142175925728,-0.8511262722726851,-1.6416996945958182
2158813538550,-0.9726338578364997,-0.9622335047493671,-1.5930496159880718
2158813538566,-0.870582182947488,-0.8924335651214275,-1.676275515814769
2158813538583,-0.9580691779494437,-1.4117118341145973,-1.7931743281163994
2158813538600,-0.9251063049517176,-1.0603862913414002,-1.673435484896975
2158813538616,-0.9028709428545225,-0.8025794686226471,-1.4892348119528398
2158813538633,-0.8089099618456119,-0.03714151300098578,-1.4947636159637718
2158813538650,-0.8287358706874937,-0.4309618630692693,-1.6805850405675766
2158813538666,-1.1390988858685036,-0.7082701954706625,-1.6561444015388898
2158813538683,-1.3606023117292887,-0.521727190662256,-1.8224315031486928
2158813538700,-1.4908287461746133,-0.5722127375302835,-1.959017544076651
2158813538716,-1.5502209984861324,-0.08031438380904454,-1.7844604790838794
2158813538733,-1.784158565250047,-0.23808083185640516,-1.9995313971116766
2158813538750,-1.8788981737452661,0.31559648732373713,-1.999995919128145
2158813538766,-1.77746619354048,0.5644447880225547,-2.087835601317896
2158813538783,-2.1177861307831645,1.3130922017619087,-2.115185608293347
2158813538800,-2.2509340203477364,1.1582816930025022,-1.8454897405065807
2158813538816,-2.136713357953679,1.5464434409668906,-1.745767279433168
2158813538833,-2.051510700835843,1.9362121916632757,-1.6309413091806726
2158813538850,-1.9072101783158177,1.4945234340662035,-1.6757755925225455
2158813538866,-2.1300056082015004,1.9628457993833424,-1.834486972674962
2158813538883,-1.804007414722581,1.6197907179198898,-2.0805138471943203
2158813538900,-1.9835802415566581,2.0226364131726546,-2.091412607075011
2158813538916,-1.7825565343647116,2.2243371813546036,-1.9416675231172258
2158813538933,-2.037717769799843,1.9024498637943994,-2.1368846653759976
2158813538950,-2.190319705245935,1.3506456163943774,-2.3480945934756123
2158813538966,-2.3611442428440497,1.2989452261954773,-2.4747242929907953
2158813538983,-2.6954101208677224,2.4033667472542435,-2.4839152989877267
2158813539000,-2.6955888265839785,2.2607208366484697,-2.638300276500686
2158813539016,-2.6364619346822944,1.9757738131158993,-2.5086146296102063
2158813539033,-2.2866019601858034,1.4481558861684158,-2.3401663895228864
2158813539050,-2.633971547859546,1.6501214650633953,-2.4651161915104685
2158813539066,-2.448121496380391,1.1936260825515577,-2.294096097888737
2158813539083,-2.6158880715628796,-0.04711851998914973,-2.3755687269017733
2158813539100,-2.3836533464914202,-0.12902939369181166,-2.557048872457932
2158813539116,-2.344665370520243,-0.6357966541099875,-2.8438931615779097
2158813539133,-2.1250528896560974,-1.033520085682511,-2.9641078672113244
2158813539150,-2.341860678823237,-0.2076546754305557,-3.0208857198774557
2158813539166,-2.5666281213928372,-0.23500085169733698,-2.855879355653624
2158813539183,-2.778233028864424,-0.4173033919234097,-2.7779169965163244
2158813539200,-3.143270464528569,-0.9000327195706888,-2.7855104650571816
2158813539216,-2.880999236606545,-0.5684250936994442,-2.694184838172496
2158813539233,-2.796732022319202,-0.12287679418082575,-2.8819923124462283
2158813539250,-3.2092712926727773,0.5216666885370866,-2.8467548146053376
2158813539266,-2.8459482533517138,0.23521785349383162,-2.6742981971847453
2158813539283,-2.7128884639196964,0.3712649051364121,-2.473870039702837
2158813539300,-2.6897911312086933,0.2973688333819622,-2.595580264239913
2158813539316,-2.6477111015639645,-0.3616901452774144,-2.709240277520974
2158813539333,-2.927235237930504,-0.10825561656370564,-2.386146646624929
2158813539350,-2.649296436551488,-0.17527944572115128,-2.374176637864311
2158813539366,-2.468547023388092,0.01527734303196926,-2.5660449322662364
2158813539383,-2.25228885097269,-0.33910616136465244,-2.8433277403194612
2158813539400,-1.6703674317754764,0.004551271472091223,-2.5812015226219196
2158813539416,-1.9490892460058165,0.19934441109562862,-2.5614800678290544
2158813539433,-1.8964430366211587,-0.27200058465540256,-2.253250855437334
2158813539450,-1.8274558387935964,-1.2791390657093542,-1.9780744763354705
2158813539466,-2.1873431637188014,-1.0063252178059061,-1.9400765457957605
2158813539483,-2.130418990823588,-0.7923235453960746,-2.138794421024487
2158813539500,-2.411567399951271,-1.5005959050986792,-2.5221944100354206
2158813539516,-2.5371534524926673,-1.555972947609085,-2.5017029626740066
2158813539533,-2.3611163765455516,-1.385990855641439,-2.5937191682784433
2158813539550,-2.4603381325245253,-1.9913459190389453,-2.4310224042530097
2158813539566,-2.4112401812223534,-1.760066730844021,-2.5094294714446725
2158813539583,-2.2155414252987446,-1.826801997435978,-2.432719763057984
2158813539600,-2.223175479403211,-2.1009085819562445,-2.474108868485904
2158813539616,-2.395182978323283,-1.7607643448536887,-2.2972914146502923
2158813539633,-2.3265965413253564,-1.8810041145661964,-2.12263327111744
2158813539650,-2.3853756063657556,-1.1459443102843974,-1.880496629927757
2158813539666,-2.5476292394992313,-1.151117345097318,-1.7772410360447672
2158813539683,-2.1166415215187846,-1.6318553649137195,-1.8842463357290749
2158813539700,-2.355277022907242,-1.5758702138475194,-1.8735058189659193
2158813539716,-2.875393217879096,-0.9133378108710932,-1.9893855702633991
2158813539733,-2.923015249686525,-0.46134047877445816,-1.894746571048838
2158813539750,-2.9800692855481943,-0.3875378343264142,-1.614668351566436
2158813539766,-3.158666461683332,0.063377589224209,-1.5638630147879986
2158813539783,-3.392555989899969,-0.07099930437249125,-1.4463659932942083
2158813539800,-2.832462356071462,0.18640243194283368,-1.1962754943919722
2158813539816,-2.9224040658616945,-0.17520104686366267,-1.2274648647127449
2158813539833,-3.144357516342834,-0.31623105184851674,-1.2899694028623307
2158813539850,-3.0561532382163175,-0.21519210512650755,-1.1619468790684602
2158813539866,-3.127815550874989,0.3157000424602536,-1.1439560351708722
2158813539883,-2.967289800377713,0.6236492377667977,-1.1255903908230591
2158813539900,-2.7226331279900333,0.993591104935347,-1.0960876480580177
2158813539916,-2.6413273282590883,0.3933926788583282,-1.3717036491746364
2158813539933,-2.596168173313422,-0.04016719549357184,-1.3910032414391311
2158813539950,-2.235004519010731,0.09344398450209468,-1.3008868441909995
2158813539966,-2.026086700882285,-0.444503181245107,-1.2992316194085727
2158813539983,-2.198815549426778,-0.45685034344710296,-1.4540089028351795
2158813540000,-1.8128682785963393,-0.5096314600654557,-1.4945913800390467
2158813540016,-2.035435206404095,-0.7992660893394179,-1.4486997038611442
2158813540033,-2.245858224812525,-0.9212040263636041,-1.2674066932949106
2158813540050,-2.01959503849005,-1.027261187327988,-1.102647425559854
2158813540066,-2.3309518047951694,-0.740961694386816,-1.22626835286226
2158813540083,-2.1735531517253897,-1.3590369702043796,-1.1780055045556603
2158813540100,-2.0586409343813066,-1.1011087093062395,-1.1119322804408565
2158813540116,-2.236828139910977,-1.9612209955352187,-1.1120665378315084
2158813540133,-2.2201395979297613,-2.348346811723794,-1.1632331399969242
2158813540150,-2.097420370085629,-2.586257451410824,-1.0773578339745673
2158813540166,-2.128183311905045,-2.8903023662045952,-1.165940350287467
2158813540183,-2.397198020635071,-3.0525344845980005,-1.093881862318463
2158813540200,-2.4411750323877834,-2.9180689184783284,-0.9602806248223772
2158813540216,-2.044785886570322,-2.7869158187808467,-1.02143938179985
2158813540233,-2.1662932148692136,-2.3877351362028922,-1.050958036225563
2158813540250,-2.644264768599806,-1.7246747998441583,-0.9739848039797118
2158813540266,-2.6030230326357744,-0.9609742731407085,-0.7950155395619126
2158813540283,-2.8743586857912473,-1.487596746078239,-0.5830997353416506
2158813540300,-2.704393265927976,-1.7094188646630784,-0.8685708966512945
2158813540316,-2.8887606456864834,-1.6622599503129178,-0.6880511880346903
2158813540333,-2.931241926704848,-1.6771169541758875,-0.9026168921175717
2158813540350,-3.039045685722686,-1.4359053314110541,-1.003755705179834
2158813540366,-3.2176390040041993,-0.7277619126693562,-0.9850123714539096
2158813540383,-2.993355477698444,-0.6457576348606189,-0.9536104584840885
2158813540400,-3.0895375524432946,-0.7303829301831639,-0.7300064873566359
2158813540416,-3.281533659004367,-0.6260432402231695,-0.6737392145615515
2158813540433,-3.669699163643977,-0.14438063232662568,-0.697540604932549
2158813540450,-3.5478966998000443,-0.006152803108749438,-0.6701664900917724
2158813540466,-3.566664455991963,0.5600494490754233,-0.6043816107500439
2158813540483,-3.9276383041206913,0.9348868197026166,-0.5831426033683896
2158813540500,-3.9506552912863113,1.2936670429169688,-0.6410448920602931
2158813540516,-4.03284384741665,0.5235849897187626,-0.8864533454600738
2158813540533,-4.29191740880019,1.0330022103175303,-0.8999744996751939
2158813540550,-4.518307909606881,0.8374365352998012,-0.8404712817863946
2158813540566,-4.659586166257663,0.20695968526745734,-1.0148095407670636
2158813540583,-4.898080409135504,0.5565460800798698,-0.9307941008774796
2158813540600,-4.973243906065798,0.42437069685914697,-0.7898294114614215
2158813540616,-4.276103700016035,-0.5846944068756423,-0.8867092267550134
2158813540633,-4.1891557111869755,-0.32144095542300377,-0.9150838766907735
2158813540650,-4.575100710258523,0.1494801684651872,-1.098625772177116
2158813540666,-4.707818234239178,0.18345007680906456,-1.0722445162878136
2158813540683,-4.555600515152858,0.017640227561586563,-1.089049510684505
2158813540700,-4.8390505017145085,-0.2677687136490219,-1.089169178288954
2158813540716,-5.204278571316377,-0.45256809263531306,-1.1573399332120473
2158813540733,-5.5141587069002,0.42963254347333013,-1.1541624711921366
2158813540750,-5.173351585971874,0.05662731584583458,-0.9779270889799481
2158813540766,-4.965680216210042,0.5092238807418799,-0.9942183384185906
2158813540783,-4.976549333367125,-0.007781037161715076,-1.0452109884671514
2158813540800,-4.863351416553395,-0.8148082465771216,-1.0445606721164467
2158813540816,-4.686307450075206,-0.6161708012674847,-0.8137437697759231
2158813540833,-4.573601216351738,-0.7226744899353612,-0.7908748849805749
2158813540850,-4.8802229073092676,-0.5133489235418489,-1.0049475572622488
2158813540866,-5.236996479334255,0.07165062014172108,-0.9863662978779427
2158813540883,-5.3652928278612215,-0.3121089496863396,-1.0825089231816682
2158813540900,-5.129148255108269,-0.33721829872936304,-1.1163548935079266
2158813540916,-5.2473576240882,-0.9532352746834967,-0.9980855987498676
2158813540933,-5.583339621049797,-1.0517966483972154,-0.9760171242921886
2158813540950,-4.987217259980519,-1.5497457989411378,-1.2350767848832125
2158813540966,-4.750656691063316,-1.572848203392292,-1.329523659538495
2158813540983,-4.819448018447587,-0.9939197447730423,-1.4417803437126284
2158813541000,-4.393183048032032,-1.1068099327147456,-1.5094091369961844
2158813541016,-4.404841084562018,-1.36642483577981,-1.4395212869563236
2158813541033,-4.775411401392308,-2.0269296288593264,-1.3454714585662317
2158813541050,-4.562917524469308,-2.079097849673518,-1.3157564144409246
2158813541066,-4.1368518732671085,-1.6179972232272126,-1.0657342568174777
2158813541083,-4.044415359989035,-1.8171972482782985,-1.0852009786072885
2158813541100,-4.245818038510152,-2.252170465695187,-1.0593171087843427
2158813541116,-4.607122120312877,-2.6021862286815756,-0.8221767850757692
2158813541133,-4.612650835494524,-3.117415214705527,-0.7275911866239045
2158813541150,-4.402521997591838,-3.8160060604216164,-1.206855864007104
2158813541166,-5.043112738178058,-4.101053464859078,-1.0906811178325222
2158813541183,-4.985149932449008,-4.183446027208387,-1.0324579277959318
2158813541200,-4.892355945714728,-3.865455325727885,-0.8594331713229673
2158813541216,-5.20055903347391,-4.415817474300622,-0.9640431034622938
2158813541233,-5.3975261799784615,-4.586421419957543,-1.1466081628842393
2158813541250,-5.762478210441627,-4.792040421674539,-1.363965049960314
2158813541266,-5.8019768050250375,-4.91146306992902,-1.580100581056819
2158813541283,-5.8983129257929265,-5.314585609320689,-1.57713156048337
2158813541300,-5.857712933006131,-5.734606918900043,-1.549319870967238
2158813541316,-6.029015995543275,-6.3013632820424155,-1.1077946586013419
2158813541333,-6.03708908174621,-6.350855594835691,-1.143086079773527
2158813541350,-5.932502466475777,-6.790416368063523,-1.1956701647247023
2158813541366,-5.794304417624042,-7.251384570937067,-1.2601063880572538
2158813541383,-5.694583866111238,-7.113231747717264,-1.3616891080661602
2158813541400,-5.861524048514888,-7.382926476861533,-1.313810070549263
2158813541416,-6.05203059556755,-7.675407794137843,-1.3878129878576788
2158813541433,-6.1116599158929725,-7.973069289092397,-1.4504352718960378
2158813541450,-6.012640992779326,-8.38318545644541,-1.450973983470568
2158813541466,-6.281432292307329,-8.939556724141413,-1.6457285550267278
2158813541483,-6.299925942435134,-8.203534771047291,-1.6735508335884322
2158813541500,-6.005301460116323,-7.730680166840406,-1.6069485534809405
2158813541516,-6.334409494164446,-7.835229329995588,-1.8039626176189012
2158813541533,-6.757587875879821,-7.511418474875911,-1.7577730412636434
2158813541550,-7.195412472314552,-7.774696017425097,-1.8060959911743941
2158813541566,-6.90952695008748,-7.6696059698633965,-1.952105888225013
2158813541583,-7.308174365062095,-7.279008572330337,-2.048772591991969
2158813541600,-7.472450079639863,-6.891732621748798,-2.0454678257230805
2158813541616,-7.414528566134527,-7.6196001900862,-2.0667171333263177
2158813541633,-7.574303779065252,-7.373797499392667,-2.063209945565088
2158813541650,-7.8672112969474055,-6.8546937667886745,-2.025578584597198
2158813541666,-8.165884123708278,-7.194534544949658,-1.7973173018515798
2158813541683,-8.184834114012077,-7.41675335859739,-1.8703921858667307
2158813541700,-8.074337982982641,-6.84796474509036,-2.0454275058893105
2158813541716,-8.23802774799475,-7.112008784109788,-1.9581159499746406
2158813541733,-7.960750396144627,-6.828492059750568,-1.7281573005602469
2158813541750,-7.968414959571406,-6.648215045295528,-1.4361783442754785
2158813541766,-7.693995514373519,-6.400289618918165,-1.405864610817162
2158813541783,-7.8211246513428705,-6.381124288302371,-1.898039221585829
2158813541800,-7.799823424451972,-6.781942056566375,-1.7848897971590163
2158813541816,-7.925492075058621,-5.407358389011732,-1.5817232480327235
2158813541833,-7.535922131262481,-6.048108206665975,-1.5932123376634881
2158813541850,-7.387889133403589,-5.635897348146819,-1.7800975560530694
2158813541866,-7.355719818981568,-5.139673164330677,-1.841798919321215
2158813541883,-7.349883106380055,-5.552609388143801,-1.9488454752187083
2158813541900,-7.558342685918428,-5.973983819261043,-1.8205360981097636
2158813541916,-7.572895776948974,-6.985009480356061,-1.5549821469101657
2158813541933,-7.676885096538702,-6.57789107051069,-1.5983909374506817
2158813541950,-6.976410023248842,-6.602309977423816,-1.845776381406524
2158813541966,-7.09731659475267,-6.12823180327323,-2.0697619115382286
2158813541983,-7.215751452211391,-6.005848367864215,-2.04708235203987
2158813542000,-7.044600250402626,-5.1497151126035625,-2.118793601349876
2158813542016,-6.898102328470566,-4.965839245766688,-2.0455130130261434
2158813542033,-7.405048399244773,-4.743238537829442,-2.1335793563433576
2158813542050,-7.516789204112795,-4.582309888689128,-1.7725619122056293
2158813542066,-7.443109671807571,-4.3531281656104674,-1.6098705311019268
2158813542083,-7.5809831577143285,-4.567770001291332,-1.6689582208271987
2158813542100,-7.373574495285666,-4.039994678971041,-1.6322185548193575
2158813542116,-7.373189824505503,-4.319337828138286,-1.5649622866512374
2158813542133,-7.4602577494366304,-4.121287680388139,-1.378296233114478
2158813542150,-7.250896222431367,-4.312702995224294,-1.2636968653570768
2158813542166,-7.254547222890892,-4.334992466431753,-1.3394634414379896
2158813542183,-6.857325878806251,-4.20431546585088,-1.3192106136807036
2158813542200,-6.308674542777042,-4.896260583369115,-1.250181155978383
2158813542216,-6.067995205087843,-4.689239335906715,-1.3740996734429063
2158813542233,-5.914213277031171,-4.6638047795675766,-1.3854712343004034
2158813542250,-5.938035633267489,-4.949391088203867,-1.267414362468799
2158813542266,-5.829332537329846,-5.712285280291451,-1.1688785894725624
2158813542283,-5.962783609795848,-6.211854057944083,-1.201558123526458
2158813542300,-5.964873922819107,-5.897820368633264,-1.063268806010782
2158813542316,-6.210725066027816,-5.632922931609183,-1.159854198742105
2158813542333,-6.420581039658664,-5.37592698530765,-1.230553004217449
2158813542350,-6.258859011377442,-4.589496822880829,-1.1699522611444932
2158813542366,-6.100600891800686,-4.579058576504864,-1.2202103222344198
2158813542383,-6.277660015094488,-4.522483321121711,-1.167597125712818
2158813542400,-5.920102772120467,-3.7985588349555583,-1.0962985374041847
2158813542416,-5.896100155741509,-3.251294510273646,-1.0710792099307267
2158813542433,-6.0881280921617735,-3.587065577096028,-1.1643982659049934
2158813542450,-6.047522502363861,-2.7707900291036607,-1.033831299734771
2158813542466,-5.987181912025586,-1.91479856392258,-0.9516206437496633
2158813542483,-5.88862726020621,-2.466896783787801,-1.215132747209743
2158813542500,-5.893989672743193,-2.4867652893758416,-1.3765146802701902
2158813542516,-5.806523145245773,-2.394033941149236,-1.305082406771068
2158813542533,-5.894632819441828,-2.025170156827212,-1.4479895156346556
2158813542550,-6.001645149025377,-2.122179488862394,-1.328797442114623
2158813542566,-6.3422737642818126,-1.9380088342946458,-1.3373265180473917
2158813542583,-6.135931401344108,-2.078125434814078,-1.239711886824714
2158813542600,-6.011229121328496,-1.9109696129132017,-1.2980024979150024
2158813542616,-5.86441485143582,-2.3296438533078634,-1.1505779571097656
2158813542633,-5.4451575274626265,-2.3253893238103087,-0.9669177194550096
2158813542650,-5.165297686968978,-1.934520574543753,-1.0883654110483603
2158813542666,-4.9726599582846776,-1.8177314656208834,-0.8566314021012262
2158813542683,-4.785713919491095,-2.179290351348226,-0.8842302958566619
2158813542700,-5.1530069100198785,-2.1069633960180196,-0.8369359540851808
2158813542716,-4.994755265277479,-2.0952558459063617,-0.805862170401498
2158813542733,-5.299993444985409,-2.447715111136937,-1.0144935961570818
2158813542750,-4.916402975141214,-2.4429170887546,-0.9414158944767833
2158813542766,-5.056487092013989,-1.6271827025971621,-0.9749301080760763
2158813542783,-5.1985270454951085,-1.5764965688546608,-0.9404633103903013
2158813542800,-5.0864900565365545,-1.45873990061021,-0.9688105996780588
2158813542816,-4.9790154910419915,-1.0198653063821306,-0.8386005200998427
2158813542833,-4.732352412609137,-1.9249057243822518,-1.0227666486510778
2158813542850,-4.2102112217849506,-2.436344634699611,-1.0060240125699742
2158813542866,-4.02674882140518,-2.57596339533056,-1.0250093811372856
2158813542883,-4.043457239531049,-2.5205324023313884,-1.16106076011168
2158813542900,-3.825872987681619,-2.464933948207977,-1.128005075307024
2158813542916,-3.7008515720948774,-2.743175482856244,-1.1584474867274848
2158813542933,-3.3280986948616613,-3.329025518213529,-1.0873800357831511
2158813542950,-3.3489860384659833,-2.430000996612014,-1.0834950898987539
2158813542966,-3.219171196262075,-2.433727673314313,-0.9520897886034727
2158813542983,-2.998962042492438,-3.097859846811038,-1.1840877057559793
2158813543000,-2.746755054524402,-2.683422368561479,-1.1570817873889587
2158813543016,-2.578584550077725,-2.8905555343838993,-1.2741383729319722
2158813543033,-2.8805679251385623,-2.66762836602418,-1.7546944966803308
2158813543050,-3.003644100188812,-1.971729877038917,-1.492691231427862
2158813543066,-3.030116370242547,-2.312607028545303,-1.5786292915877524
2158813543083,-3.0141373922510324,-2.5308528548620286,-1.5731260668534266
2158813543100,-2.8772942420034533,-2.450933110377495,-1.8538428135677285
2158813543116,-3.104860069993172,-2.7913833425490067,-1.972906737775003
2158813543133,-3.052994146293322,-3.5959420263799737,-2.0350346452561254
2158813543150,-2.52630394702572,-3.705115774310104,-2.153018415626391
2158813543166,-2.4941814162085483,-3.954524233453281,-1.914655196964537
2158813543183,-2.3075635058760757,-4.422614530724405,-2.0513438932451096
2158813543200,-2.182493868569,-4.689940850434541,-1.9390026420227375
2158813543216,-2.2494895379091973,-4.4179879690657025,-2.071917022960499
2158813543233,-2.112696983998863,-5.005265524741322,-1.9512007476972584
2158813543250,-1.9517833419548989,-4.888087586530552,-1.8087541773526574
2158813543266,-2.11793654554486,-5.498461275711947,-1.5664488416034184
2158813543283,-2.0171938255394446,-5.4419073105291735,-1.4947830305822714
2158813543300,-2.5482312920361583,-5.344433221236118,-1.5263782690244136
2158813543316,-2.3474090588338927,-5.259039506012094,-1.3731104216068033
2158813543333,-2.428534329810871,-5.3774780635536015,-1.3868060506772033
2158813543350,-2.5801407132700964,-5.375209919673228,-1.390705582928231
2158813543366,-2.595849787897568,-5.694446812767417,-1.4437141694103162
2158813543383,-2.641925052430608,-5.381930187095294,-1.3918452559765324
2158813543400,-2.7551958870025053,-5.502890660704329,-1.360584341846248
2158813543416,-2.665777309538827,-4.815407410673579,-1.3453658892474265
2158813543433,-2.601674464111273,-5.127855325216682,-1.2744753663882937
2158813543450,-2.8733645210147802,-4.994201763390701,-1.23011102438034
2158813543466,-2.8258354445092575,-5.185014532726791,-1.3006347994976
2158813543483,-2.9878496926032354,-5.266172588235734,-1.2964688395209985
2158813543500,-2.7396453860058023,-5.388393936403222,-1.6010556450181255
2158813543516,-3.2257711216473886,-5.086085230944775,-1.6379863690965004
2158813543533,-3.2873398882809832,-4.363981747838762,-1.9017529649166725
2158813543550,-3.023039968691616,-4.6939501050407735,-1.8817865923597314
2158813543566,-3.2491843137159995,-4.92286275037388,-1.8299275662295913
2158813543583,-3.347429784985529,-4.591997636125277,-1.68155481957193
2158813543600,-2.9375697505403644,-4.039950263813534,-1.7222707642509358
2158813543616,-3.3064600650147495,-3.7189760490407644,-1.5022446738914588
2158813543633,-3.514920202014536,-3.64373396028372,-1.3702592793688464
2158813543650,-3.665000573088609,-3.488165425381706,-1.505461473046866
2158813543666,-3.9561345962624186,-3.5506519088418016,-1.562758357146468
2158813543683,-3.854251587933147,-3.5139142490172977,-1.548726300825
2158813543700,-3.921537910760111,-3.2964937671861363,-1.402257746381173
2158813543716,-3.865473691410124,-3.944845701788903,-1.4939248058218464
2158813543733,-3.921341776271538,-3.5557888531566606,-1.5566475859523348
2158813543750,-4.059464623549631,-3.4952057434230865,-1.3883524623276644
2158813543766,-4.318712172090439,-3.3584560424819907,-1.4053295668662975
2158813543783,-4.6857751629478415,-3.696519368395533,-1.3753171920386857
2158813543800,-4.755411629346356,-4.0838890622151816,-1.2693902811408875
2158813543816,-5.094491511685877,-3.8135821153622866,-1.2173135508208421
2158813543833,-5.403757862838985,-3.944042651087213,-1.031151408995447
2158813543850,-5.792038706714361,-4.456073207262608,-1.0271539917509314
2158813543866,-5.553281753939135,-4.675679117237795,-1.0055207831578183
2158813543883,-5.628761389284667,-4.838694954870444,-1.0310945705073882
2158813543900,-5.688112840473681,-4.744194060066442,-1.0296672394001916
2158813543916,-5.552875321554914,-5.359410487538014,-1.2142208839547672
2158813543933,-5.629680773126854,-5.317355805774537,-1.1463286568617723
2158813543950,-5.9719687149273,-5.53841043786417,-1.3101901743835254
2158813543966,-5.724571326338522,-5.1176766517112915,-1.2896708517700708
2158813543983,-5.9089572264191785,-4.8414714017225435,-0.919585163304953
2158813544000,-6.0096969138966605,-4.619088469022117,-0.9305741973814525
2158813544016,-5.828613420739294,-4.867921654210771,-0.6979684857495829
2158813544033,-5.892536466942994,-4.661858592447107,-0.6469496433713909
2158813544050,-5.757290496166103,-4.839731929933196,-0.5768189764414963
2158813544066,-5.118125447576132,-5.73311227213318,-0.8707389721370483
2158813544083,-4.789334768696341,-5.930171052420534,-1.0605729053011674
2158813544100,-4.91141035330093,-5.595438005993381,-0.9521534765848548
2158813544116,-4.646761763679516,-5.613947213741907,-0.7617571225502345
2158813544133,-4.491536653079363,-5.432724120582716,-0.8356489068491552
2158813544150,-4.336797537956295,-5.553809141350295,-0.7567330717443232
2158813544166,-4.213354480372458,-5.999790489259992,-0.6736117466490279
2158813544183,-4.19658066258222,-5.855504583776653,-0.6680798662393314
2158813544200,-4.121530345593719,-5.629191918845496,-0.5484244946092167
2158813544216,-3.692423385641474,-5.268691581714806,-0.6678053463666651
2158813544233,-3.7316207737670934,-5.528704106668081,-0.7541324016459078
2158813544250,-3.5620132181556996,-5.2440518453839555,-0.7091802180544785
2158813544266,-3.854283282704081,-5.218089705685671,-0.5904620116172122
2158813544283,-4.06747324413556,-4.938971307553675,-0.553621627060993
2158813544300,-4.374140945159213,-4.184861204068636,-0.5517004212413951
2158813544316,-4.09752520573238,-4.331592786871106,-0.7359931654962615
2158813544333,-4.110952664454535,-4.895793444781743,-0.6420095049605818
2158813544350,-4.049989302529088,-5.265062460086984,-0.5914747415261227
2158813544366,-3.952346266764687,-5.270567839039636,-0.7645713440304284
2158813544383,-4.044510181577374,-5.6596344781138,-0.626710805668911
2158813544400,-4.20772476434458,-6.0031535676299255,-0.7121012773754122
2158813544416,-4.287532723260909,-6.785275148661864,-0.6182287642365454
2158813544433,-4.16771216792715,-7.050039427113439,-0.5689283613855055
2158813544450,-4.02688774367404,-6.95656560382885,-0.36282735472812183
2158813544466,-3.4103434424615116,-7.170825170122843,-0.21229242415380423
2158813544483,-3.498681580930743,-7.353011598825603,-0.3532179804683405
2158813544500,-3.3623764203885265,-7.032286776222627,-0.2601246279343516
2158813544516,-3.259037480796953,-7.018751714231332,-0.3651429356620196
2158813544533,-3.3314282405969577,-7.148577845759332,-0.36052407501244366
2158813544550,-3.7519069157255744,-6.870994620037333,-0.3299117377376024
2158813544566,-4.057029199971121,-6.539002217836413,-0.41137569997483714
2158813544583,-4.4943448692081995,-6.151466754361666,-0.37207534235579964
2158813544600,-4.475043077380816,-6.437716233234335,-0.2753759767766619
2158813544616,-4.374229396853772,-6.185995141079393,-0.03826570813208807
2158813544633,-4.633599599142567,-6.325997757323587,0.03574928892484963
2158813544650,-4.56804651213978,-6.707602765278126,0.13850920181604998
2158813544666,-4.680402441813117,-6.749369956804908,0.1590428793512494
2158813544683,-4.815491028695259,-6.892141986061923,-0.09947222353271157
2158813544700,-4.67815901817815,-6.807020551396475,-0.3164478286941006
2158813544716,-4.689147921054699,-6.80829572930697,-0.22195344854442423
2158813544733,-4.728604689281318,-6.697334747453837,-0.3851661285298954
2158813544750,-4.273008869269424,-6.584767206179264,-0.03853093487472503
2158813544766,-4.344969213128466,-7.245131035681257,0.22089965797410116
2158813544783,-4.104151104933656,-6.4738805893392914,0.29918895582367167
2158813544800,-4.322098960547531,-6.1540898851180685,-0.09224128550732813
2158813544816,-4.423077795580889,-7.237051564244949,-0.055798351708881144
2158813544833,-4.251519301568485,-7.298482726598807,-0.017241568211041725
2158813544850,-4.655844640695017,-7.245066491693193,-0.16092071987252055
2158813544866,-4.570462302219459,-7.514953105915475,-0.16943171603794654
2158813544883,-4.702809373139106,-7.661504866488563,-0.3680573996549527
2158813544900,-4.6278311578410944,-7.290131575529129,-0.15659567061487412
2158813544916,-4.79268443410307,-7.140480112172533,-0.22457393849222074
2158813544933,-5.034984384552947,-7.256923242440182,-0.16025455813209832
2158813544950,-5.024597724771743,-7.2726886381909415,-0.30278119371284884
2158813544966,-5.325450138482118,-7.822640129764802,-0.338008828228192
