timestamp,x,y,z
1779768638706,-1.2439371077939867,-9.446772147479653,-1.3030426461048423
1779768638720,-1.0202291093688458,-9.541643557307124,-1.4167670788317919
1779768638734,-1.1918635139465332,-9.503037640058993,-1.3657405098192392
1779768638751,-1.2015898120604456,-9.657313425013422,-1.2671291828110813
1779768638768,-1.1975494506284594,-9.734974172320962,-1.3082793777145445
1779768638785,-1.2446855150084941,-9.59476432211995,-1.3073819904834032
1779768638801,-1.5863080182615668,-9.540744562640786,-1.4648011880300937
1779768638817,-1.5477016626220195,-9.772084882575273,-1.568499609044194
1779768638834,-1.4124292688231914,-9.800815887019038,-1.617281906261295
1779768638851,-1.2594995647154748,-9.838823838374019,-1.5152284759752452
1779768638868,-1.5376758701048792,-9.692477677375077,-1.2862829422228037
1779768638885,-1.5277997882567345,-9.610775545722246,-1.2910713455431162
1779768638901,-1.2345100848875938,-9.436148462134598,-1.3670876866444945
1779768638917,-1.2933175170347093,-9.347412778583168,-1.335064654918015
1779768638934,-1.2678793435912579,-9.30716143221557,-1.3296778473131359
1779768638951,-1.3027446860715746,-9.369110231128335,-1.3573612424001096
1779768638968,-1.3070843227110802,-9.564986438971758,-1.3965661484546958
1779768638984,-1.3373109725400805,-9.578751929473876,-1.3910291187241672
1779768639001,-1.3139677255492657,-9.700857967707515,-1.4751261826895177
1779768639018,-0.9210191588804125,-9.777471251788734,-1.5206158681020139
1779768639034,-0.9383772670470177,-9.622447278815507,-1.5298935456655918
1779768639051,-0.9727937697812914,-9.583839608001709,-1.5372253498584032
1779768639068,-1.2113162563048303,-9.568128828650712,-1.5438095505543052
1779768639084,-1.1118071767393498,-9.624391983142495,-1.523309052708745
1779768639101,-1.0860696550231426,-9.543438624030351,-1.4068909969836472
1779768639118,-0.9668085578918456,-9.551220948469638,-1.3316237206839023
1779768639135,-0.9864107186581939,-9.50513081294596,-1.3096262622788548
1779768639151,-1.0800839316770434,-9.43599824000895,-1.3235431439504026
1779768639168,-1.0562915526792407,-9.708189625769853,-1.2780534585379064
1779768639184,-0.8789710652891546,-9.836429052191972,-1.2451330395802855
1779768639201,-0.834678334576264,-9.268553761401773,-1.2144573308095334
1779768639218,-1.4368200521055607,-9.418491809412837,-1.3579596466846764
1779768639235,-1.5620665803220122,-9.556157235828042,-1.4205081650562583
1779768639250,-1.5363291316710412,-9.680506669074296,-1.4327784485645592
1779768639268,-1.2231376270018517,-9.739613522559404,-1.3687339925467967
1779768639285,-1.0737992984496056,-9.784954301020502,-1.3226451721973715
1779768639301,-0.9094970633909105,-9.816827110621333,-1.2782028038807212
1779768639318,-0.8366235503599048,-9.692178402167558,-1.2991517761461435
1779768639335,-0.8939348256651312,-9.641600307574867,-1.286133304619044
1779768639351,-1.1091137729369103,-9.655517189246416,-1.2788007697738706
1779768639368,-1.1596911368772387,-9.699211369544267,-1.3359630650624632
1779768639384,-1.1297638353209942,-9.691730658400058,-1.3697810173816978
1779768639401,-1.05973350982666,-9.656267130830884,-1.3841460812121629
1779768639418,-1.0263641049925236,-9.609129532080889,-1.3569120373278856
1779768639435,-1.0157399081908165,-9.607184827753901,-1.3382073368579148
1779768639451,-1.031900696331635,-9.642947630530594,-1.2678779553517698
1779768639468,-1.0277108434263615,-9.66494435828328,-1.2814949772939086
1779768639484,-0.9733925393920391,-9.609878889143467,-1.3235428516894578
1779768639501,-0.9296981398984789,-9.52533305849731,-1.3486822613820433
1779768639518,-0.9754873197142034,-9.589976503321529,-1.373521665214747
1779768639535,-0.968603916876018,-9.613169747382402,-1.3877378220938146
1779768639551,-0.9198221311155707,-9.589826281195878,-1.3633468926809726
1779768639568,-0.8512881816588341,-9.587133388850093,-1.3500284152939914
1779768639585,-0.8409629678037017,-9.61466436985433,-1.365142251665145
1779768639601,-0.7665932248655706,-9.687987380218505,-1.4115296165697275
1779768639618,-0.7574652579709887,-9.688586515155434,-1.4387636604540048
1779768639635,-0.7634508351866155,-9.693525140601396,-1.446246125163883
1779768639651,-0.7523777255736291,-9.633820321223139,-1.4031503491505979
1779768639668,-0.8538319478575139,-9.570971358600259,-1.3928253544911742
1779768639684,-0.8722372269894927,-9.537302313232422,-1.4122779507189989
1779768639701,-0.7426512082640081,-9.498248652216791,-1.4269424358874558
1779768639718,-0.6988073903623968,-9.631874447852372,-1.3817518795520067
1779768639735,-0.7812577100340277,-9.695470429450273,-1.4049457081347703
1779768639751,-0.9088985129758715,-9.693823831287025,-1.4939796439804136
1779768639768,-0.8098384923521429,-9.693824415808916,-1.6433187031850218
1779768639784,-0.7487862769529223,-9.738865919062494,-1.6714502804309128
1779768639801,-0.6132146079465747,-9.804705295673012,-1.6412234844714402
1779768639818,-0.6123169284544885,-9.764454533827305,-1.5716421448536215
1779768639834,-0.7300815764829516,-9.725997085139154,-1.5909456879995763
1779768639851,-0.827046816784516,-9.587432079535722,-1.6240150139085947
1779768639868,-0.7577644966458902,-9.558701659613847,-1.7049693959340453
1779768639884,-0.7199062194272875,-9.574861936298012,-1.699432512333989
1779768639901,-0.8990223945951089,-9.596709610968828,-1.761382480290532
1779768639918,-0.8541312230650335,-9.583393617799878,-1.7708102338492868
1779768639934,-0.77063333056923,-9.56319078772664,-1.8191423030808567
1779768639951,-0.6253351442532613,-9.498846033588052,-1.854007864756882
1779768639968,-0.7231981736447661,-9.428366722217202,-1.7568927676558495
1779768639985,-1.0562916257444768,-9.265862622621654,-1.7375902474232017
1779768640001,-1.2346596494261175,-9.20555808378458,-1.8145044141471385
1779768640018,-1.21879791729711,-9.310750981140137,-1.7969962299853561
1779768640035,-0.8640071587827056,-9.335741045489907,-1.73714118848145
1779768640051,-0.7881410398069769,-9.2687051525712,-1.6874617962941527
1779768640068,-0.9900021672789007,-9.314195568636059,-1.6213221215628086
1779768640084,-1.3160625789366662,-9.488223517286777,-1.6332932759940624
1779768640101,-1.3403037976805119,-9.530271099421382,-1.7157430111438035
1779768640118,-1.2764086870055644,-9.532367194917798,-1.916706751384586
1779768640134,-1.4015054314877837,-9.373748996844887,-1.6620229652635752
1779768640151,-1.6786343467161058,-9.36596725692749,-1.5210649270437657
1779768640167,-2.2397752146847543,-9.41011093455851,-1.6279057377368211
1779768640184,-2.1224597717285154,-9.469369763734937,-1.9358597801439463
1779768640201,-1.8405423801146445,-9.49959539065063,-1.9361592014819382
1779768640218,-1.7108068699158727,-9.51785176283121,-1.585858301732689
1779768640234,-2.656965146227926,-9.496752276179194,-1.458366478807479
1779768640251,-2.963423104858398,-9.421484561488032,-1.4645019128225742
1779768640268,-3.2255881866455076,-9.230994722858071,-1.3319224113695323
1779768640284,-3.6267666023254392,-9.062353727942705,-0.8550273681871593
1779768640301,-3.900603709466755,-8.953118277198076,-0.6965614380665123
1779768640318,-4.4907744186952705,-9.037364832636714,-0.8152239847827703
1779768640334,-5.2262429489135735,-9.421633030048012,-0.8746298212144523
1779768640351,-5.465962682397663,-9.513361465674638,-0.7842491469349712
1779768640368,-5.793369467163085,-9.235783126178383,-0.7350180099718272
1779768640384,-6.093990828594565,-8.940099221149087,-0.8242020583452656
1779768640401,-6.238093010058999,-8.877252596613765,-0.7466899622607975
1779768640418,-6.479307658275961,-8.642918355560303,-0.5989977934803813
1779768640434,-6.446239501410722,-8.369981704390048,-0.43364789426596834
1779768640451,-6.381446418982744,-8.1004849645406,-0.2798203645356931
1779768640468,-6.541108573150634,-7.573010657721757,-0.18031156809800303
1779768640484,-6.303185367694497,-7.344813311988115,-0.043991441644798034
1779768640501,-6.243031635504961,-7.228695115992426,0.044743208147704716
1779768640518,-6.563256107550859,-7.4622794154614205,0.2470537707331823
1779768640534,-6.685957773590087,-6.908020562091469,0.4272173862944357
1779768640551,-6.88826898291707,-6.443994937354326,0.308105762370117
1779768640568,-7.075016127887368,-5.848736549597978,0.28491207991782574
1779768640584,-7.534553209033608,-6.116288585120439,0.3375844068434089
1779768640601,-7.766640547943115,-6.082618955230712,0.37080358955189585
1779768640618,-7.854629212519526,-6.032192251807451,0.4300599345102906
1779768640634,-7.919272072821855,-5.695657280951738,0.49230957953315224
1779768640651,-8.03000389960408,-5.392640548816323,0.44038565982207656
1779768640667,-8.110360461866856,-4.969615627509355,0.16235921123214064
1779768640684,-8.300548102679848,-5.023035667529702,0.38352318773027505
1779768640701,-8.5480486992985,-5.266496341107786,0.5014376560255884
1779768640718,-8.789114878955482,-4.9045229776129124,0.2891012387033552
1779768640734,-8.440760290968418,-4.466534295929968,-0.0722737205069512
1779768640751,-8.372824818861485,-4.581455975617468,0.05013104494493455
1779768640768,-8.86767578997314,-4.744261688508093,0.4056689320322126
1779768640784,-8.713398251453041,-4.383483964538574,0.35988011754266913
1779768640801,-8.393325170576572,-4.154838875037432,0.41240350098423656
1779768640818,-8.570645731031894,-3.8192014375433323,0.3714027975540608
1779768640834,-8.818743709021806,-3.513042900250852,0.18540343874376267
1779768640851,-8.89910027128458,-3.4313410608589647,0.19946864284481852
1779768640868,-9.063400022125244,-3.7719153702333568,0.42302802657950667
1779768640884,-8.79076147711873,-3.3883944840580225,0.20964454788975417
1779768640901,-8.662073137885331,-3.089268914142251,0.11163210009019821
1779768640918,-9.099612906756997,-2.662951088769734,0.16205942456796765
1779768640934,-9.35998116825521,-2.5450366570070386,0.4656735746072605
1779768640951,-9.551520223677159,-2.869451274219155,0.5737130570329726
1779768640968,-9.434502448493241,-2.7937349389776585,0.34910686765909194
1779768640984,-9.19942235750854,-2.4563022886298596,-0.024837358006089924
1779768641001,-9.153333391028642,-2.324171846118569,0.09008337183333932
1779768641018,-9.326913011389971,-2.205060313525796,0.1699903819640167
1779768641034,-9.673025373408198,-2.3113030121952294,0.3693073231121525
1779768641051,-9.837624983978271,-2.4215854877747596,0.2563309505398385
1779768641068,-9.343225263765454,-2.303372219195962,0.20141416915571317
1779768641084,-9.323022433692216,-2.177826415771991,-0.036959282552264626
1779768641101,-9.295788389807939,-2.077419145257771,0.037111879298090934
1779768641118,-9.494956040412188,-1.916708504950255,0.06270038446504622
1779768641134,-9.58204512580037,-1.8543096241824328,0.22640403257608413
1779768641151,-9.573515197864173,-1.8297687649048864,-0.06673694650474936
1779768641168,-9.367913714820146,-1.810017185730487,0.17852004503873176
1779768641184,-9.465029104182124,-1.6415249516360462,0.04713744348636828
1779768641201,-9.522638997107745,-1.6745948620669542,0.062251179392822084
1779768641218,-9.733328158679605,-1.7064675255373118,0.055517843416659156
1779768641234,-9.700556938934326,-1.469740982519835,0.15203349505350924
1779768641251,-9.68544412547648,-1.4275430321291087,0.04100217386805452
1779768641268,-9.234885300555824,-1.3959696438662708,0.22251341834571212
1779768641284,-9.474307220137119,-1.314267658343911,0.19483031551968305
1779768641300,-9.57605962164998,-1.336413877569884,0.15412792831580155
1779768641317,-9.797073777881264,-1.1875244618289171,0.05955736459842883
1779768641334,-9.76819255131185,-1.2481273990906774,-0.019151941913971675
1779768641351,-9.753379013061522,-1.2903252033509314,0.06524361180760897
1779768641368,-9.78615198637247,-1.2428903752200304,-0.09621532611656002
1779768641384,-9.848701089265942,-1.2888292657047509,-0.17223135669068432
1779768641401,-9.75532547095418,-1.3096288926273583,-0.09277266571624204
1779768641418,-9.866206350818276,-1.3714288576539606,0.009578674370725638
1779768641434,-9.574712298694253,-1.2605476124636827,0.11013551399004645
1779768641451,-9.494806402808427,-1.1484691933780908,0.12599688079287297
1779768641468,-9.520993567988276,-1.1893201861392706,0.118814072599716
1779768641484,-9.751885559633374,-1.058088007641956,-0.07721140752128558
1779768641501,-9.848550867140293,-1.1216841353703288,-0.10549292148174717
1779768641518,-9.794233001497387,-1.1543050599247215,0.027086082214373162
1779768641535,-9.48702524741292,-0.9484034248903394,0.07063075905167206
1779768641551,-9.361628935462235,-0.8858547603882849,0.10010960902094083
1779768641568,-9.598805706465244,-0.9172791686344891,0.028134228143992367
1779768641584,-9.905411987525223,-1.0934022629335522,0.041301684254303105
1779768641601,-9.968858331519364,-1.1411368046633898,-0.0249870469838439
1779768641618,-9.830444717085362,-1.1358994885317981,-0.06883181473352597
1779768641634,-9.777471836310625,-1.1113588484499604,-0.1240476184509549
1779768641651,-9.712231010115145,-1.1893201861392706,0.10340179670468205
1779768641668,-9.751436062300204,-1.2038350337039678,0.2129366214090638
1779768641684,-9.747245040351151,-1.0919061060916633,-0.02708218235739041
1779768641701,-9.583990414649248,-1.0651209750186652,-0.1482891288849234
1779768641718,-9.686342535620927,-1.0862197310183197,-0.08065303758760856
1779768641734,-9.845558115065097,-1.0518033013492822,0.02574012580689159
1779768641751,-9.714624627253412,-1.0886140788089482,-0.07391860163714736
1779768641768,-9.72255542025268,-1.127669420325011,-0.10534246874394593
1779768641784,-9.674071667590736,-1.2029369158204644,-0.007629231078183511
1779768641801,-9.556007013702391,-1.0778398060120642,0.07916005851267255
1779768641818,-9.522639581629633,-1.0326493958070873,-0.07736027109019923
1779768641834,-9.60853156618774,-1.1095630510743706,-0.14140499653602018
1779768641851,-9.594014965057372,-1.1763014954164623,-0.02079807428633794
1779768641868,-9.612121115112304,-1.1861776503298431,0.022298327348032033
1779768641884,-9.628433367487787,-1.220743936798349,0.13602244498115032
1779768641901,-9.657462478095292,-1.1206365260135382,0.006586036459961905
1779768641918,-9.743954182112216,-1.0760445931583642,-0.0133156187096145
1779768641934,-9.826700854381919,-1.1988969197146593,0.14619782943627796
1779768641951,-9.820568050715327,-1.2565072510316968,0.22550575029579922
1779768641968,-9.801563490515946,-1.2346603070132434,0.2313418725707568
1779768641984,-9.932346756201982,-1.1058224763065576,0.0688347955668345
1779768642001,-9.975292748481035,-1.1788453346803784,0.13168262567855418
1779768642018,-9.970205069953202,-1.2440874760501086,0.14290547336000017
1779768642034,-9.786449508014321,-1.2780552121035753,0.14993840420409105
1779768642051,-9.892095994356273,-1.2515695023685693,0.1880963767553214
1779768642068,-9.960777900916337,-1.2292734994083643,0.19827143241688608
1779768642084,-9.846454771643877,-1.1563999863773584,0.19602745288237927
1779768642101,-9.763407655122876,-1.1550532479435205,0.2314914462424349
1779768642117,-9.759066411048174,-1.1700167160585522,0.1619096591000445
1779768642134,-9.712529700800776,-1.261146162878722,0.1750782248886302
1779768642151,-9.73452701307535,-1.2653361619144676,0.12794199611181392
1779768642168,-9.744400172314048,-1.224185382489115,0.2307425093049649
1779768642184,-9.65162661154866,-1.221641543225199,0.13856667697071098
1779768642201,-9.602247371351718,-1.2924204220645128,0.23298826980460433
1779768642218,-9.627983285632729,-1.2424414624087512,0.1695417066147551
1779768642234,-9.61346843806803,-1.3202527241028845,0.055817036425787954
1779768642251,-9.75502561122477,-1.311574035345763,-0.015260770561173557
1779768642268,-9.752931853815912,-1.3347678639285265,0.008830710114212706
1779768642284,-9.7035508600533,-1.276409198462218,0.05432113531222567
1779768642301,-9.603444472181797,-1.333720400702208,0.043097712242044506
1779768642318,-9.555259994727372,-1.3617026326052843,0.0444439300860744
1779768642334,-9.63935632804036,-1.3195048283450306,0.009129857457568868
1779768642351,-9.732131642371415,-1.362899879565835,-0.042644753443310035
1779768642368,-9.770738728663325,-1.2867340469911694,-0.03441465783705935
1779768642384,-9.776574595209956,-1.3172604104191064,0.023196235168981366
1779768642401,-9.691281745588778,-1.3362643860965966,-0.0007464344531297683
1779768642418,-9.731083594623207,-1.3652939350955187,0.024542795506305993
1779768642434,-9.700857967707515,-1.3838488518312573,0.022297482531238345
1779768642451,-9.643248074781894,-1.3567647378116845,0.03576541942546609
1779768642468,-9.65940893598795,-1.3793598698489367,0.10818995114653371
1779768642484,-9.692927759230136,-1.339406921906024,0.0647951419543242
1779768642501,-9.765651634657383,-1.4571714238040148,0.07781370937954633
1779768642518,-9.758467276111245,-1.4559743229739368,0.07556903115871827
1779768642534,-9.681105804011224,-1.3971668908268213,0.12345295476398896
1779768642551,-9.733928462660312,-1.297208971515298,0.042049760391958985
1779768642568,-9.789592482215166,-1.3009497654788196,0.030079140250245107
1779768642584,-9.699660282355547,-1.3576624173037708,0.13108398393196985
1779768642601,-9.740662739351391,-1.339855688586831,0.14275610061772168
1779768642618,-9.771037419348955,-1.3259393914371729,0.020352668606396764
1779768642634,-9.781363583052158,-1.3802576954714953,-0.04473961596386507
1779768642651,-9.789145322969555,-1.3853455201297997,0.00015133637050166726
1779768642668,-9.74844272570312,-1.3531732891909778,0.017959014935512094
1779768642684,-9.697565940424798,-1.3630493710391223,0.03845897392495535
1779768642701,-9.62753495734334,-1.3608046608522533,0.12225563930477946
1779768642718,-9.641302201411127,-1.3320745331913233,0.079010819342779
1779768642734,-9.675269352942705,-1.392976745660603,0.05372197297583334
1779768642751,-9.71686860678792,-1.404050074469298,0.07048153986055404
1779768642768,-9.677662970080972,-1.3986628284730016,0.09831346743959002
1779768642784,-9.694123106494546,-1.3235450436465441,0.04070327311987057
1779768642801,-9.769990540644526,-1.383250593677163,0.02394334090896882
1779768642818,-9.759664961463212,-1.3851955902650952,0.0565651970451232
1779768642834,-9.706544196650386,-1.353472418268025,0.10384991264822892
1779768642851,-9.563940144789218,-1.29586223308146,0.09083186124623753
1779768642868,-9.545684357130527,-1.2481278374820948,0.10355117629682645
1779768642884,-9.809044786182046,-1.3531729969300328,0.10444817080232315
1779768642901,-9.811438987842202,-1.3783124066226184,0.12061036544893868
1779768642918,-9.781811326819657,-1.3771153057925403,0.11178119883784092
1779768642934,-9.63965560324788,-1.3801080578677356,0.04698890186115168
1779768642951,-9.70295289416015,-1.3633486462466418,0.15293192346426657
1779768642967,-9.778220608851314,-1.4173678212039171,0.12165669616409577
1779768642983,-9.733029467993974,-1.4315833935610949,0.07736460477202199
1779768643000,-9.654619948145747,-1.3980645703189074,0.05970699306903406
1779768643017,-9.64594038260579,-1.3839987816959618,0.12210675975284538
1779768643034,-9.63381915217936,-1.4016557266786693,0.11911338662314228
1779768643050,-9.628134092280268,-1.4315835396915673,0.1304857531773392
1779768643067,-9.62109937133789,-1.4338278114870189,0.15053759393994695
1779768643083,-9.665692546302079,-1.4244009347110986,0.13288093208502977
1779768643100,-9.745898301917315,-1.3974661660343408,0.08843750432245433
1779768643117,-9.74200830874145,-1.383849144092202,0.10699246672396548
1779768643133,-9.78749755576253,-1.4323314354494214,0.1631074449167121
1779768643150,-9.752033443671465,-1.4716861252382396,0.134077548857918
1779768643167,-9.737668818232416,-1.4859018437258897,0.11552289698366075
1779768643183,-9.66479472067952,-1.5234607361391186,0.07437211755830794
1779768643200,-9.758766551318764,-1.5836151989810168,0.07945922069740481
1779768643217,-9.68484615958333,-1.5647608609072863,0.1246503889542073
1779768643233,-9.706244921442865,-1.5068512543827295,0.08589387512109242
1779768643250,-9.687989718306063,-1.5770312905460595,0.08095582506386563
1779768643267,-9.709835054889322,-1.6163858342044055,0.12105931479283608
1779768643283,-9.717167881995438,-1.599476784979552,0.08020749091459438
1779768643301,-9.598504677692056,-1.5420160912662744,0.09921221551075578
1779768643318,-9.572019990870356,-1.540968628039956,0.13632143706087954
1779768643334,-9.594016134101151,-1.5171761029116808,0.13542358403885738
1779768643350,-9.75532488643229,-1.5165775524966418,0.1126784673379734
1779768643367,-9.758617498236895,-1.5734399880558252,0.12749357649087906
1779768643383,-9.728689392963052,-1.5586257191531359,0.14066136596133
1779768643401,-9.649980597907303,-1.5605711541324854,0.12883966647074557
1779768643418,-9.715222593146562,-1.5340852982670068,0.11836524427011609
1779768643433,-9.744401341357827,-1.514482626044005,0.10714317290680482
1779768643451,-9.826852245551347,-1.5728411453798412,0.1289893314739689
1779768643467,-9.762657129016517,-1.5818194016054272,0.10489759507025591
1779768643483,-9.720009827423095,-1.5352822529666126,0.1255474565249402
1779768643500,-9.737219320899248,-1.5803230255678296,0.1566718497781083
1779768643517,-9.76744494781494,-1.54336268356964,0.06778823652281425
1779768643534,-9.682002460590004,-1.5387237717226148,0.05312378788697533
1779768643550,-9.638907415229081,-1.5249569660462439,0.1104344147382304
1779768643567,-9.615413726916909,-1.5888525151126085,0.05851039456245489
1779768643583,-9.564387888556718,-1.624616048541665,0.07077997481785714
1779768643600,-9.663748426496982,-1.6092035214848814,0.08305040445663034
1779768643617,-9.593269115126132,-1.6081559121280908,0.08978450761777348
1779768643634,-9.633369654846192,-1.5849617912843823,0.09307644356894307
1779768643650,-9.652525606214999,-1.5828671570926904,0.10504751580180599
1779768643667,-9.701904846411942,-1.5379757298342882,0.05536771262255497
1779768643684,-9.70968717085123,-1.5696991940923035,0.07362308928929269
1779768643700,-9.70968717085123,-1.6171340222232042,0.07960902269794605
1779768643717,-9.662250881415606,-1.6056120728641747,0.09876319310162215
1779768643734,-9.701604986682534,-1.6080058361329137,0.08589381118901074
1779768643750,-9.70983563941121,-1.570446943719685,0.05581710035786964
1779768643767,-9.794530523139239,-1.5095447312504051,0.07063041027933359
1779768643784,-9.763555539160967,-1.4903909718386827,0.03232317458367907
1779768643801,-9.696966220965981,-1.5521914483219383,0.07856190653149969
1779768643818,-9.702803256556392,-1.5812209973208606,0.09726675313194282
1779768643834,-9.667637835150957,-1.540070656286925,0.08454768467652611
1779768643851,-9.617658875495195,-1.5616186173588036,0.09023294550501741
1779768643868,-9.5440365899235,-1.5557824585512279,0.09547092835688963
1779768643884,-9.579949030303954,-1.5584759354189037,0.0791603656149935
1779768643901,-9.687688105010986,-1.5696987557008861,0.03935684521328658
1779768643917,-9.771786776411533,-1.6365872029729187,0.029032362010516226
1779768643934,-9.731384623396396,-1.6669634904056787,0.0314259152167011
1779768643950,-9.636064300757646,-1.586607951056212,0.06509440346211194
1779768643968,-9.648635028517246,-1.5601223874516785,0.07347376221278681
1779768643984,-9.713428110945225,-1.5999258439213035,0.050280499885603784
1779768644001,-9.731981420245766,-1.631648723657429,0.06135297931092791
1779768644018,-9.679608843451739,-1.644816978918761,0.06958423482780345
1779768644034,-9.647436174121498,-1.5863085297182202,0.07063058380926959
1779768644050,-9.654020813208819,-1.5641623104922473,0.041451187144033605
1779768644067,-9.649980597907303,-1.5673047001712024,0.08649269953076727
1779768644084,-9.698463181525469,-1.5611694122865796,0.08050693051889539
1779768644101,-9.664795889723301,-1.5527899987369775,0.04923279919726774
1779768644118,-9.578902151599525,-1.5535380406253039,0.05027975096693262
1779768644134,-9.705047236090898,-1.5619177464358507,0.04189999035745859
1779768644151,-9.682303489363193,-1.566407020679116,0.08783941056514158
1779768644167,-9.689334703174232,-1.5289973274782298,0.09202924520410596
1779768644184,-9.808297182685136,-1.646313208825886,0.08754006229238584
1779768644200,-9.796924724799394,-1.601122652490437,0.10789097733311355
1779768644218,-9.720310271674395,-1.5286980522707103,0.01780857361415401
1779768644234,-9.66539327109456,-1.5083474842898548,0.06464590164278633
1779768644250,-9.70998527701497,-1.6047139549806713,0.08589434091197326
1779768644267,-9.73527403205037,-1.6030682336002586,0.04070298999208025
1779768644284,-9.661801968604326,-1.6461638634830713,0.12584739845274015
1779768644301,-9.65940659790039,-1.6415248055055736,0.09517164401621557
1779768644317,-9.579351648932695,-1.6292548142582177,0.0827518507683184
1779768644334,-9.553315290400386,-1.6739964577823876,0.07646656908690928
1779768644351,-9.530869065314532,-1.6964420983463524,0.010925864895712584
1779768644368,-9.595962591993809,-1.7143986107975244,0.04264877203130163
1779768644384,-9.629481415235995,-1.698986083740741,0.005987358180759474
1779768644401,-9.62125076250732,-1.7120041168764233,0.04833528410196304
1779768644418,-9.514408344379067,-1.695543980462849,0.045790796384075655
1779768644434,-9.488521623450517,-1.7241250550419092,0.0513274973210413
1779768644450,-9.44153600039184,-1.8236339154116807,0.07407239482621662
1779768644468,-9.44228360388875,-1.8332108681827783,0.0472873094189912
1779768644484,-9.375097488844395,-1.7756003907352684,-0.052820585423009464
1779768644500,-9.356542425978184,-1.7582424286991356,0.05282439394844696
1779768644518,-9.512163195800781,-1.9434933437623083,0.09397407739525661
1779768644534,-9.50602922309041,-1.961450148474425,0.09561985357459633
1779768644550,-9.456350707685948,-1.8936647523626684,0.2317910593766719
1779768644568,-9.561544189563394,-1.9768628216616808,0.2280499914185144
1779768644584,-9.611822424426673,-1.972971951702982,0.2696490626006387
1779768644601,-9.818023626929522,-1.843984629523009,0.26246583656566214
1779768644618,-10.0858749376595,-1.98539231120646,0.33070129626616834
1779768644634,-10.101286441802978,-2.0859486348025498,0.27294088895395396
1779768644650,-9.848848973304033,-2.0394111939027906,0.2651594778301194
1779768644667,-9.745899470961094,-2.060360896820575,0.3223210424663499
1779768644684,-9.68439666225016,-2.097470730292052,0.3422229168316349
1779768644700,-9.520395602095126,-2.1900966992802915,0.41943570117596535
1779768644717,-9.268253901672363,-2.3104050404421983,0.43035931931566446
1779768644734,-9.036168316328524,-2.360833497431129,0.4454727172954008
1779768644750,-8.793754229193926,-2.384924713245034,0.3513508106609806
1779768644767,-8.84268455657959,-2.401534487262368,0.38217608397025615
1779768644784,-8.922143293219804,-2.5356100724920627,0.47435273828841745
1779768644800,-9.17458134624064,-2.943072683008015,0.46776868372298774
1779768644817,-8.796446537017822,-3.157653006799519,0.3767893494306132
1779768644834,-8.532186528778075,-3.2071827613830566,0.44188170706611124
1779768644851,-8.174104912024736,-3.4460052537664767,0.4037242277052253
1779768644867,-7.786244243079423,-3.667618252673745,0.24241452552601694
1779768644884,-7.689727404132485,-3.778051096509397,0.2904481963329017
1779768644901,-7.844153411212563,-3.742138071607053,0.6106737643573433
1779768644917,-8.416067748260497,-3.752163206537068,0.8260019839067012
1779768644934,-8.730008025470376,-3.91332319804728,0.4897655576061457
1779768644951,-8.544755502972006,-4.437204156549274,0.017809286000207064
1779768644967,-8.059182647815346,-5.076157309125364,0.7820080900099128
1779768644984,-8.046762726703285,-5.486313688769936,1.0226249184641987
1779768645001,-7.838316960144042,-5.898564702606201,0.6013957945328205
1779768645017,-7.442376445117592,-5.596447549659014,0.8316874821972101
1779768645034,-7.592462961688637,-5.478832393103838,0.694021653923206
1779768645051,-7.95428668757975,-5.709124665290117,0.17567681183628736
1779768645067,-7.905953157043457,-6.468235644641518,0.4754000553842634
1779768645084,-7.936929310065508,-6.732496821925044,0.4387395731154829
1779768645100,-8.060080473437905,-7.223606852942705,0.06195144752757623
1779768645117,-7.497143808093667,-7.9391732896000144,-1.147269790993072
1779768645134,-6.610541005817056,-8.211363506317138,-0.9298461152681149
1779768645150,-5.960514670562744,-8.731654623633622,0.2750360848346492
1779768645168,-6.260089153289795,-8.850166436767578,0.11567182220136746
1779768645184,-6.249764158630371,-8.673595233374833,-0.16789152825493364
1779768645200,-6.104466045379638,-8.742727221789956,-1.0636221512956545
1779768645217,-5.330091445922851,-9.306113384467363,-1.2711695442430675
1779768645234,-4.771644200952351,-9.796326174384355,-1.065417985203862
1779768645251,-3.9523777358457446,-9.77492741252482,-0.9868579509690404
1779768645267,-2.9875144668027755,-9.018210050311684,-0.7082328058335929
1779768645284,-2.7322330070495604,-8.897902001410722,-0.5948078675098717
1779768645301,-2.7015572982788085,-9.099913351008295,-0.6705247142080217
1779768645318,-2.250999057880044,-9.718217098787427,-0.7710810378041117
1779768645334,-2.1666028648376465,-10.273071579962968,-0.8892948178395629
1779768645351,-2.064101106262207,-10.37452587531209,-0.9195219060599803
1779768645367,-1.599326708984375,-10.409840934321284,-1.2711696903735399
1779768645384,-0.9050079352781176,-10.033501191821694,-1.0316001790151
1779768645401,-0.710928109332174,-9.860371653315424,-0.9576789104968308
1779768645417,-0.4035724712096154,-9.72824106467366,-1.103575866423547
1779768645434,-0.17567410842254758,-10.074352842169999,-1.3600544270068406
1779768645451,-0.15891484293192623,-10.440366420966386,-1.347933927232772
1779768645467,-0.15622121993377805,-10.925192257148026,-1.1990443653613327
1779768645484,-0.16579802657440304,-10.418070418006181,-1.358408705626428
1779768645501,-0.238222772924602,-10.025721205469965,-1.2656333912953734
1779768645517,0.12973616778589783,-9.12250862917602,-0.7528253232106566
1779768645534,1.5677535399172453,-9.47430605109334,-1.795200871001184
1779768645551,1.86403621455729,-9.802760591346026,-2.0355188626393677
1779768645567,1.841291079590097,-10.437073224639892,-2.315940024346113
1779768645584,1.0251676617495715,-10.83436223166585,-2.262369469939172
1779768645601,0.6513730371555313,-10.676644197303055,-2.559849318474531
1779768645617,0.08185220764800906,-9.956288772803545,-3.4051524343743917
1779768645634,-0.31378958016019315,-9.220520675116777,-3.7093648060351607
1779768645651,-0.6507735003598034,-9.03272606692016,-3.809323309868574
1779768645667,-1.274762308038026,-8.820240085059403,-3.8468826406732197
1779768645684,-1.3603550173886119,-8.827124583876133,-3.8036376654475923
1779768645701,-1.1119564490169287,-8.787769309565425,-3.871872120501101
1779768645717,-0.038456316176988185,-8.830565079718827,-3.7847827428519722
1779768645734,0.572364382370375,-9.163958245417476,-3.4709929800286887
1779768645751,0.3995329134952277,-9.350555752784013,-3.329136531664431
1779768645768,-0.5096652400143444,-9.499145893317461,-3.1832398679986595
1779768645784,-1.3648439263056964,-9.20525705501139,-2.9450165105521675
1779768645801,-1.7100580608425662,-9.066543580847979,-2.92735956556946
1779768645817,-1.8956086895046755,-8.665514802771806,-3.0455735648006197
1779768645834,-1.7253211694912984,-8.026113321906328,-3.0853771674007175
1779768645851,-1.7239742849269881,-7.7596087496101855,-3.1218884504571554
1779768645867,-1.7670698600108734,-7.684041759711503,-3.0879210066646334
1779768645884,-2.2170300431849435,-7.695264579993486,-3.170670601543784
1779768645901,-2.165554999752529,-7.5721122475773095,-2.966265634807944
1779768645918,-2.063352224123664,-7.522135041487217,-3.0099601073667404
1779768645934,-2.028935728239256,-7.733571806555986,-3.6058164610162375
1779768645951,-2.145353842188214,-8.065467427173257,-3.7778999976009127
1779768645968,-2.278381661655847,-8.927530246955156,-3.6828801192134617
1779768645984,-2.4723119869953485,-9.134927965766192,-3.762636962017417
1779768646000,-2.274491065691784,-8.866328467017413,-3.7707171003594993
1779768646018,-1.6238665636149234,-8.092851108661293,-3.8197985266536474
1779768646034,-0.998680782970786,-7.838017684936523,-3.798400057055056
1779768646051,-0.7688376062588765,-7.9298963426887985,-3.807677880749106
1779768646067,-0.4231745223781094,-8.27346369639933,-3.777151809582114
1779768646084,-0.6494267253933474,-8.777443145862222,-3.790618901659548
1779768646101,-0.8779232732692733,-9.044845543780923,-3.9914328581660983
1779768646118,-0.7549211264461279,-9.215133721381426,-4.522795696856082
1779768646134,-0.3414726464536041,-9.213936036029457,-4.6471445455804465
1779768646151,-0.26051844709124417,-9.446772147479653,-4.646097082354128
1779768646168,-0.13033376835286617,-10.017789827948809,-3.910628552135825
1779768646184,-0.060153695656917985,-10.205584436145424,-3.3319796461358666
1779768646201,0.10594400798380374,-10.401759334674477,-2.9743457731500267
1779768646218,0.06195033328272402,-11.911154428321122,-2.770839216558635
1779768646234,-0.5542572094021365,-13.423991771376132,-3.0684687026977535
1779768646251,-1.1807898928768932,-13.237393094965816,-2.998737287084758
1779768646268,-2.429366241311468,-11.03128473369181,-2.7549776305601
1779768646284,-2.3159407915310934,-9.210793646350503,-2.7810139890924095
1779768646301,-2.014570502295298,-8.819191452789306,-2.650529998613894
1779768646318,-1.4815615129666402,-8.847773404151202,-2.1221596197381616
1779768646334,-1.3370115055363159,-9.187600986811518,-1.7959499358028173
1779768646351,-1.3982134133382234,-9.067890319281815,-1.7039228094905614
1779768646368,-1.511040066108387,-8.574984052497149,-1.2014397360652684
1779768646384,-0.9967357498502358,-8.363846562635898,-0.6558616172790527
1779768646401,-0.5696699373883195,-8.483854751807451,-0.46507308796346186
1779768646418,0.09666636695284396,-8.773252708435058,-0.4442731687799096
1779768646434,0.18195965496543795,-9.067590459552406,-0.6257835821405052
1779768646451,0.05716200302764773,-9.168746064215897,-0.6994055754512548
1779768646468,-0.482580870266445,-9.190592569842934,-0.9367302304923534
1779768646484,-1.055543437725678,-8.776545904761551,-1.2252318228021264
1779768646501,-1.179443337106146,-8.551790808436275,-1.3034931663513183
1779768646517,-1.1327562220700085,-8.507646546283365,-1.5762813489615917
1779768646534,-0.843806009209901,-8.693346812549233,-1.8905209013789892
1779768646551,-1.0832263213559985,-9.028086132159828,-1.9598034041807055
1779768646568,-1.2991532374508679,-9.316587432208657,-1.9829966482415795
1779768646584,-1.42544737502411,-9.88850293830037,-1.9436425429746507
1779768646601,-1.3168105477597565,-10.037991488978266,-1.750160829052329
1779768646618,-1.0275611692899838,-10.161740618243813,-1.578975410351157
1779768646634,-0.5193917573239654,-10.302250328174233,-1.9725220159783958
1779768646651,-0.0755667341703549,-10.600478656989335,-1.6552902960076927
1779768646667,-0.1268923957273364,-10.803387247687578,-1.5791250479549168
1779768646684,-0.5903200545713305,-11.034427123370765,-1.8188444891780613
1779768646701,-0.6970117756498977,-11.37649927008748,-2.5408456350579858
1779768646718,-0.3984846100186929,-11.883772500398754,-2.841318527929485
1779768646734,0.3178304530488327,-13.263579091101883,-2.998737287084758
1779768646751,-0.20245938562601803,-13.205070203509926,-3.78283774626404
1779768646768,-0.41913459933754055,-12.919862099787592,-4.033181749615073
1779768646784,-1.1625343244139104,-11.65063652921915,-3.9863454718992113
1779768646800,-1.512087803329341,-10.270827600428461,-3.9921816307067868
1779768646818,-1.2282249767361209,-7.2726868179321285,-3.5948929159417746
1779768646834,-0.24944561147289349,-5.33084021846354,-3.1947619634881614
1779768646851,0.6482304100145585,-4.7677539155155415,-2.928856233868003
1779768646868,1.0612301872583572,-5.209933619147539,-2.8345845434993504
1779768646884,1.6835731730914674,-7.640497217017412,-2.5011919623225927
1779768646901,1.4631568274897058,-9.143457309180498,-2.389412380053103
1779768646917,-0.20141188586708156,-11.233444551849365,-2.623296246990561
1779768646934,-2.092980962858442,-10.867731417304277,-2.987513882280886
1779768646951,-3.1435862317958847,-9.867104176440835,-3.246686504253745
1779768646968,-3.2378583970885724,-9.569325344958902,-3.330184287151694
1779768646984,-3.4437597033293916,-8.674493058997392,-3.251774475042522
1779768647001,-2.9530977814054116,-7.969250447955727,-2.9544439718499778
1779768647018,-2.7893945351531726,-7.897873895484208,-2.716670111736655
1779768647034,-2.5209444548124447,-7.8654025354683395,-2.4387930815547705
1779768647051,-1.8185455427641048,-7.69272015620768,-2.3207290121883153
1779768647067,-1.3772642858091741,-7.5730100731998675,-2.304119530431926
1779768647084,-0.918774594824016,-7.431754513338208,-2.667738615307212
1779768647101,-0.8047506676938384,-7.685538135749101,-2.9653681014463302
1779768647118,-0.9329903133116662,-7.9851120339542625,-3.0912130339473483
1779768647134,-1.4122795216215773,-8.405743922644852,-3.2353143386289474
1779768647151,-1.8526629529539496,-8.243986842024325,-3.479522907964885
1779768647168,-1.8070236299376934,-8.191762733790277,-3.5480569304868577
1779768647184,-1.5578767274167389,-8.566903037372231,-3.655945058275759
1779768647201,-1.2517183362547308,-9.113679426032304,-3.3834552740901707
1779768647218,-1.2566565233092755,-9.07806626085937,-3.134757868902385
1779768647234,-1.5705960698667913,-8.838196597510576,-2.8535885191768404
1779768647251,-1.7678184316221623,-9.051728289031981,-2.638260007366538
1779768647267,-1.9008463344298303,-9.225160025355219,-2.63990631326884
1779768647284,-2.048837924548238,-10.481516762000322,-2.6608552855342626
1779768647301,-2.229450366155803,-13.656976351386309,-2.318932922551781
1779768647318,-2.7084406280517577,-14.973787264472245,-2.2194245005734263
1779768647334,-3.7568013877317306,-14.460530283576249,-2.4250264220088718
1779768647351,-4.0638580429077145,-11.577911484748125,-2.7549774844296273
1779768647368,-4.125808010864257,-10.381708480292557,-2.59067510324046
1779768647384,-4.087500784301757,-8.54146581377685,-1.8411404921382664
1779768647401,-3.6990409804195163,-7.379379013934731,-0.5678739756159484
1779768647418,-3.4829648651123044,-7.084443296924233,0.07092939322590827
1779768647434,-3.477428566034138,-7.37369336951375,0.8735849152714014
1779768647451,-3.479523492486775,-8.57318840125203,1.0733517738778144
1779768647468,-3.530399693243205,-9.413252739715576,1.0137958614509552
1779768647484,-3.5525457663387057,-10.990882580676674,1.230021979688108
1779768647501,-4.149599805340171,-10.971430276709794,1.2413945837043225
1779768647518,-4.598962113952637,-10.346842918616533,1.037587911655195
1779768647534,-4.543447147479653,-8.86064282259643,0.435446486386843
1779768647551,-4.5690345932006835,-8.177246717181802,0.26216579417316244
1779768647568,-4.781071662250161,-8.194904538947343,0.42317601464993565
1779768647584,-5.6118602228462695,-8.340352874323726,0.6060338021975475
1779768647601,-6.114193074145913,-8.147320365473627,0.33743354539694265
1779768647618,-5.768230934253334,-7.845500734168291,0.40028161297068
1779768647634,-5.227290412139892,-7.3841674172550436,0.6615485768742859
1779768647651,-5.095909765082597,-6.958899100935459,0.7618062463173643
1779768647667,-5.239262004962563,-6.8701634173840285,0.7761714197456836
1779768647684,-5.710920316535234,-7.1516311655342575,0.8005619838323443
1779768647701,-5.80938127528727,-7.514801629859209,1.1769009226143359
1779768647718,-5.733963338470459,-7.408409293586015,1.2324164005439728
1779768647734,-5.760599416461587,-7.205949615699052,1.1655289761852472
1779768647751,-6.374263229480386,-7.281516605597734,1.161338831019029
1779768647768,-7.044490641242265,-7.1047945955574505,1.1032798060864208
1779768647783,-8.505850895038247,-6.23031243918538,1.1960543166998774
1779768647801,-9.220520675116777,-5.611710585242509,0.878074993232265
1779768647818,-9.100961398756503,-5.685632730543613,0.7854493165049702
1779768647834,-8.214056983184815,-6.585402180646359,1.0562927947882563
1779768647851,-8.609249894714354,-6.992865083423257,1.1269224013499914
1779768647867,-8.990676146697998,-6.567894581006467,1.1583456405524164
1779768647884,-10.153809825244545,-5.7721220964729785,1.0357922238774597
1779768647901,-10.658986960059403,-4.791097966223955,-0.049678077013045545
1779768647918,-9.860819397082924,-4.553173883984983,-0.3013694763850421
1779768647934,-7.940968356323242,-4.215591449902951,0.1720841941718012
1779768647951,-7.468563610297441,-3.6580420305550096,0.5078706847477704
1779768647968,-7.37354373190999,-3.5318972383245826,0.7012028341315686
1779768647984,-7.605481433215737,-3.3047470635563134,0.42467298077493904
1779768648001,-8.359806347334384,-3.1826436556711792,-0.017955964461900294
1779768648018,-8.79106075232625,-3.179500973731279,-0.1547237113850191
1779768648034,-9.613467269024252,-3.0689184922918678,-0.3718485868264921
1779768648051,-9.69711585856974,-2.7280440309271214,-0.3508987012456171
1779768648068,-9.465927514326571,-2.4660288790047167,0.03636270489860326
1779768648084,-9.168746064215897,-2.5058321893438698,0.13587167486622928
1779768648101,-8.47173410590291,-2.4111118784248826,0.029179825923498718
1779768648118,-8.697237974768877,-2.199823289655149,0.10684236332932487
1779768648134,-9.061606708967686,-2.1348808618843553,0.1470945316808298
1779768648151,-9.604191491156817,-2.0308824350103736,0.25752708325553686
1779768648168,-9.60748468748331,-1.7987948038399217,0.10729165973309426
1779768648184,-9.501690901625157,-1.59558693793416,-0.021995759638305752
1779768648201,-9.411756363677977,-1.2883803528934716,-0.060003966721612956
1779768648218,-9.222017051154374,-1.4211091996893286,0.060155339624732726
1779768648234,-9.192089530402422,-1.4775225763067603,0.14335399344563482
1779768648251,-9.14854498770833,-1.394024793408811,0.04833414245764724
1779768648268,-9.057564155578612,-1.127220653644204,-0.4291599625964183
1779768648284,-9.085846831732988,-1.0241206369146705,-0.5705669832678104
1779768648301,-9.336788508716225,-0.9626192895084619,-0.6126154775762231
1779768648318,-9.48657750364542,-1.3648457529366016,-0.711825039905589
1779768648334,-9.632174892103672,-1.6380838712714612,-0.7588111561546101
1779768648351,-9.797224000006914,-2.210896326202899,-0.9638147646370343
1779768648368,-9.741258951678871,-2.305616783252358,-0.8274948528129606
1779768648384,-10.02871337302327,-2.2313968240484594,-0.8970765942895784
1779768648401,-11.28117894744873,-2.0878940697818993,-1.0682620495233683
1779768648418,-12.888886531287431,-2.158523164886981,-0.9439128537391311
1779768648434,-12.998271619635819,-2.4375974420294164,-0.8780726186120882
1779768648451,-11.531226305940747,-2.964920503809303,-0.68144873420652
1779768648468,-10.822091948157547,-2.6539732709355652,-0.5466252166863531
1779768648484,-10.61619060538411,-2.3855234097905456,-0.6464332061331719
1779768648501,-10.133010782843828,-1.8200429051823912,-0.9003682745124213
1779768648518,-9.01417041953206,-1.6111488103337586,-0.6211447798913344
1779768648534,-8.403648996192217,-1.6241671357303857,-0.2531858026482165
1779768648551,-7.644986345130205,-1.728913604492694,0.03112538876701146
1779768648567,-7.531411988398432,-2.2287030549198388,0.4198838468022644
1779768648584,-7.808691052687168,-2.6452942899174987,0.5164004665534943
1779768648601,-8.256107487928867,-3.2007492212042212,0.16175883418619633
1779768648618,-8.638131121283768,-3.3102835818301886,0.24301219915822148
1779768648634,-9.104552116724848,-3.083732249737903,-0.055065469139814374
1779768648651,-9.893141704016923,-2.4579477177493274,-0.5565013715997338
1779768648667,-9.638457917895913,-1.8272252179019153,-0.7327740304373205
1779768648683,-9.499745612776278,-1.8011887132391333,-0.718259475133568
1779768648700,-9.522190084296465,-2.046294962067157,-0.6634922582879662
1779768648717,-9.432408691084385,-2.1633115682072934,-0.8499408587031065
1779768648733,-9.298930194965005,-2.0380647477298974,-0.834677311662957
1779768648750,-9.315988881793619,-1.974468766131997,-0.8159730495844035
1779768648767,-9.169792942920326,-2.0073890389591456,-0.6172543848566711
1779768648783,-9.051728873553872,-2.110189926611632,-0.74010663834773
1779768648800,-8.462606212073563,-2.0323785187870262,-0.41015594125315546
1779768648817,-8.017135065680742,-2.4025819504886865,-0.2561787008538842
1779768648833,-7.774123597174882,-2.630480167145282,-0.11656652428507804
1779768648850,-8.057835324859619,-2.9252659542910755,0.0802067054633051
1779768648867,-9.55062005996704,-2.5077771859318014,-0.3137893244318664
1779768648883,-9.453654892730713,-2.5951655465275048,-0.5630855722956359
1779768648900,-8.87994665800333,-2.837129697937518,-0.49006249472610647
1779768648917,-9.150938020324707,-2.9334960224978626,-0.27443470770828426
1779768648933,-9.863961786761879,-2.9210761013858018,-0.24076602766662836
1779768648950,-11.919383912006019,-2.8173772419802843,-0.4843757543265819
1779768648967,-13.79000418112874,-2.795680081696063,-1.0694592234186828
1779768648983,-13.517364467078446,-2.7656029233403503,-1.6546917455926538
1779768649000,-11.058818637305498,-3.231723766791075,-1.6698048513114452
1779768649017,-9.71043360530436,-3.4814690735965965,-1.2255309518791735
1779768649033,-9.405173478156328,-3.285144537463784,-1.0951965990044177
1779768649050,-8.700230142322182,-2.6156658982425927,-1.4136256390009074
1779768649067,-8.265981231689453,-2.4901198025576767,-1.4246986024834214
1779768649083,-8.361301554328202,-2.408118395697325,-1.4574696030329912
1779768649100,-8.925435320502519,-2.060959447235614,-1.5643107790522277
1779768649117,-9.219773656141758,-2.1101905111335215,-1.5744863553036004
1779768649133,-9.290551073676347,-2.054075971332192,-1.6231185765255243
1779768649150,-9.21169322553873,-1.5316913888677954,-1.5786760620784013
1779768649167,-9.081506756702066,-1.2575548603884874,-1.388786015972495
1779768649183,-8.935760315161943,-1.281048110309243,-1.2738642632197588
1779768649200,-8.507796768409014,-1.1798930901676417,-1.156548528002575
1779768649217,-8.496274672919512,-0.9621703766971826,-1.0796348727352916
1779768649233,-8.678832549506426,-0.977283774676919,-1.0781382044367491
1779768649250,-9.130137808880209,-0.8075941474914551,-0.9102448130182922
1779768649267,-9.560648117506503,-0.9382286523565649,-0.788739261428453
1779768649283,-9.645341832190752,-1.0552449662357568,-0.7465412014398723
1779768649300,-9.627685763990879,-1.2852382554754613,-0.7858958912286907
1779768649317,-9.477147996520996,-1.2740148506715894,-1.0696088610224426
1779768649334,-9.2631679767102,-0.9973352135807275,-1.0549440105278045
1779768649350,-9.057264880371093,-0.6637929948002099,-0.8547291158929466
1779768649367,-9.111284639850258,-0.9621700844362377,-0.6729193907922133
1779768649383,-9.126250153791904,-1.0913079210028052,-0.7556691683344543
1779768649400,-8.831462320819497,-1.313818453271687,-1.184231302035041
1779768649417,-8.661324949866533,-1.674295732989907,-1.7076635121225379
1779768649433,-8.36968009109497,-1.9009964104250072,-1.7850261897989548
1779768649450,-7.839066317206621,-2.5477304261356593,-1.468991260131076
1779768649467,-8.15300484085083,-3.440169094958901,-1.0413272808466105
1779768649483,-8.577378254157304,-3.8364097619757054,-1.0070600686562248
1779768649500,-9.623046413752435,-4.638916230939328,-1.120186435025325
1779768649517,-10.305542355456948,-5.473594492450356,-1.3551169009643549
1779768649534,-10.176556494581698,-5.760151088172197,-1.4622577780244406
1779768649550,-8.419808688354491,-6.141127550561726,-0.2597694918874651
1779768649567,-9.151535986217857,-5.970091477203368,-0.5122091180941671
1779768649583,-9.457845330157875,-5.4803281846195455,-1.016337997381552
1779768649600,-9.184157568359375,-4.925471949878335,-1.2008410029871388
1779768649617,-8.801534215545654,-5.086331789398193,-1.3579604504022746
1779768649634,-8.212412138587236,-5.0971062813907855,-1.6692064470268786
1779768649650,-5.858911906653642,-4.629040441352129,-0.9148837979305535
1779768649667,-5.885097318267822,-4.660313531494141,0.5485721129704266
1779768649684,-6.722170658221841,-5.2859495218575,0.688782547693327
1779768649700,-7.549816244617104,-7.626430697742104,0.708983843396604
1779768649717,-7.500435835376382,-10.178948942676186,0.612916355652362
1779768649734,-7.276876670837402,-10.957663032642007,0.38860987987741824
1779768649750,-6.296152400317788,-10.557382442584633,-0.8303386248715221
1779768649767,-4.884771106177568,-9.286661665022372,-1.28808034703359
1779768649784,-4.4993037621095775,-8.77804228079915,-1.3929758688777685
1779768649800,-3.9758711318969726,-8.079832637134194,-1.271919047436118
1779768649817,-4.408922649438679,-7.504027722388505,-1.0606306047968566
1779768649834,-5.350591797637939,-7.389404733386636,-0.740555770354718
1779768649850,-5.49978078084737,-7.541736398535966,-0.8364737666256725
1779768649867,-4.93160679937154,-8.025963684302567,-1.1951551028378307
1779768649884,-3.588609013366699,-8.479963005065917,-1.719634465624392
1779768649900,-2.8214173111513254,-8.707263694220782,-1.868823741094768
1779768649917,-1.4490905548095703,-8.985290362006426,-2.1054005003780127
1779768649934,-0.5297174095705152,-9.464429384723305,-2.6105771968014535
1779768649950,-0.1711855648316443,-9.757868725696206,-3.107673170360923
1779768649967,0.8864530185423791,-10.875063075366615,-3.2806540941767395
1779768649984,0.7842506813049316,-12.114361709704994,-2.1642080786556006
1779768650000,0.8288426872253417,-12.039543492347,-1.7598875655576585
1779768650017,1.9620480413023382,-10.976218680030106,-1.7339999678462743
1779768650034,3.3637037314483895,-11.171345530810951,-2.7593168288081884
1779768650050,3.9526775225099176,-12.358720501166582,-3.332129576000571
1779768650067,2.8643629381041973,-13.684807776641845,-4.597315515789389
1779768650084,1.5870564711418467,-11.476906102210283,-5.272779951421916
1779768650100,1.9357120102702872,-10.034998152381181,-5.000589150182902
1779768650117,2.199672647404391,-8.294713989698886,-4.023605527496338
1779768650134,1.9042879627836866,-7.108834810858965,-3.193415809576213
1779768650150,1.83350952233579,-6.7565878916084765,-3.155108583013713
1779768650167,2.422333529663086,-6.584803922492266,-3.108571288244426
1779768650184,2.775029142529145,-7.264607556372881,-3.139246704754233
1779768650200,2.6050409342559053,-7.879618107825517,-2.9897590308591724
1779768650217,1.714547517748922,-9.222615601569414,-2.722207287597656
1779768650234,0.8090904139311984,-9.887904387885332,-3.0339018317073583
1779768650251,0.343717356640473,-9.83732746233642,-3.076099928228557
1779768650267,-0.4444240119600668,-9.304168095618486,-3.0271684317991134
1779768650284,-0.8096891470093279,-8.756196359694004,-3.2698806250974535
1779768650301,-0.7315784274445847,-8.659230607935786,-3.3111806037351488
1779768650317,-0.7643491357332095,-8.590696000891924,-3.6457702857419845
1779768650334,-0.9347864394808187,-8.634838509479165,-3.765629714092612
1779768650351,-0.966659285614267,-8.74572055838704,-3.779845578710735
1779768650367,-0.9689037766054273,-9.011477527186274,-3.5746924239560958
1779768650384,-0.6168064949586987,-8.734946650916337,-3.4391204626888037
1779768650400,-0.44831455312520263,-8.455872519904375,-3.4225106886714696
1779768650417,-0.2856585509035736,-7.982868054419756,-3.4491461821407077
1779768650434,-0.418686307580769,-7.926006349512934,-3.5853161093011496
1779768650451,-0.4671688911989331,-8.060679608374834,-3.6204809461846947
1779768650467,-0.3078046970643103,-8.373273731672763,-3.7389942206233737
1779768650484,0.2543836341306567,-8.723424555426835,-3.360710650579631
1779768650501,0.48991307631805536,-9.071481621772051,-3.109318891741335
1779768650517,0.7585127211973071,-9.827450795966387,-3.0665225370660423
1779768650534,1.0729013266965746,-10.101586886054276,-3.180696028734743
1779768650551,1.2222395091183482,-10.033949520111083,-3.2635952612176538
1779768650567,1.5800233119688927,-9.52488356116414,-2.9164360204949973
1779768650584,1.50819755442515,-9.09078604170084,-2.3086083662837744
1779768650601,1.3611033515378832,-9.012524990412592,-2.0615560979545116
1779768650617,1.3875893535338342,-8.920797139307856,-1.7606353151850402
1779768650634,1.7260694671079515,-9.293544410273432,-1.4136254198051987
1779768650651,1.831414194024354,-9.761610834833979,-1.5451568735100327
1779768650667,2.3997378131039437,-10.98759113791585,-1.8818417742304503
1779768650684,2.416497224725038,-11.496059715491533,-1.905035602813214
1779768650701,1.9961653418943284,-11.349265810725091,-1.9012945165887474
1779768650717,0.9091974959224463,-10.903045891791582,-1.7075136735893786
1779768650734,0.11926065873987972,-10.18942415946126,-1.7826320429377256
1779768650751,0.01092314321566373,-9.837027018085122,-1.8673263421438633
1779768650767,-0.29209311399571597,-9.275137815967202,-1.695392881554365
1779768650784,-0.7525282490933779,-8.966886105787754,-1.4595641641594468
1779768650801,-0.8842090755404904,-8.938453792029618,-1.3524236398674547
1779768650817,-1.012298937424086,-8.914811635157465,-1.0758933481194077
1779768650834,-1.3769659604497253,-8.869769547381997,-0.9778807176567613
1779768650851,-1.6485579920779914,-8.883835482135414,-0.9249088597953319
1779768650867,-2.414104192108661,-8.642021698981523,-0.8640063550651073
1779768650884,-3.2040411023564634,-8.562115218573808,-0.8822621427237987
1779768650901,-3.406800055450946,-8.531140234595536,-0.9365805928885936
1779768650917,-3.6300592141300436,-8.383596388244628,-1.0583856023490428
1779768650934,-3.762488347326964,-8.131008697620034,-1.2108658821888267
1779768650951,-3.826084913446754,-8.027758751025795,-1.3857925332449377
1779768650967,-3.8265341185189783,-8.301896594679356,-1.675940139196068
1779768650984,-3.6821335386298593,-9.393801020270585,-1.5388718018911778
1779768651001,-3.5648173650212582,-10.019435841590166,-1.336112702666223
1779768651017,-3.532795063947141,-10.853815120154618,-0.9394231228381394
1779768651034,-3.6038732179939745,-10.50785298026204,-0.9029121320426463
1779768651051,-3.5119954370245337,-9.950003408923745,-1.0398301010914146
1779768651067,-2.8715467851936816,-9.416547105085849,-1.4993677667595444
1779768651084,-1.2536647210821508,-9.727193601447343,-1.5125357297599316
1779768651101,0.2579743520990014,-10.465207432234287,-0.943164209062606
1779768651117,0.4961968327626586,-11.193194374525547,-0.6296735753163695
1779768651134,-0.9771338448122143,-12.444162988391518,-0.455046491728723
1779768651151,-3.0632322633489966,-12.574049012976884,-1.4746772698782384
1779768651167,-3.4751851710215207,-12.141148594343662,-1.6505013081654905
1779768651184,-3.273922155573219,-10.548255133277177,-2.0269896653555333
1779768651201,-2.209400242426246,-7.664440402662754,-2.275537725200504
1779768651217,-1.886332217517495,-6.523602142554521,-2.3493090638540686
1779768651234,-1.5752356393009423,-5.334281883350014,-2.340779135917872
1779768651251,-1.5387240639835595,-6.64570642722249,-2.470664722111821
1779768651267,-1.7390888154178856,-8.214507065039873,-2.339881748686731
1779768651284,-3.1205434655889865,-11.169700686213373,-1.6730964402027426
1779768651301,-4.5831012586064634,-12.486211739569901,-1.1077657193288206
1779768651317,-4.784512888745218,-12.502671291461587,-1.3721747806504367
1779768651334,-3.9817078752264377,-11.185562856733798,-2.215383408489078
1779768651351,-2.6610059095187113,-10.17595677512288,-2.3172863243885335
1779768651367,-2.37848998575611,-9.618407648035884,-2.272096060314029
1779768651384,-2.317437962153135,-8.428039925605058,-2.5215419457815584
1779768651401,-2.255787077607866,-7.516297421374917,-2.7211577785447236
1779768651417,-2.2812254519807174,-7.199814473944902,-2.5290233875781296
1779768651434,-2.1796216286256906,-7.099706917029619,-2.1354761974290013
1779768651451,-1.8005895783022046,-7.420231248804926,-2.5200454236134884
1779768651467,-1.5607205725405364,-7.624485408893227,-2.6128201534226534
1779768651484,-1.0450692438539118,-8.093748934283852,-2.985268441441655
1779768651501,-0.8230068206787109,-8.368784019038081,-3.2606019246205684
1779768651517,-0.8919900482729077,-8.56121739295125,-3.216159848564863
1779768651534,-1.0992379833497106,-9.004294337683916,-3.566162203758955
1779768651551,-0.6768110279358923,-9.22441183733642,-3.984997564421594
1779768651567,-0.3687072017945349,-9.16769918551147,-4.135532993803918
1779768651584,0.28895006672963497,-8.830265804511308,-4.163365588103234
1779768651601,0.7339724464416504,-8.712650647956133,-4.223220921868085
1779768651617,1.014094186810404,-8.978257979151605,-4.320784347258508
1779768651634,1.737442071124166,-10.179548662135005,-4.520999461089074
1779768651651,2.483086104528606,-11.867160972815752,-4.831197921422124
1779768651667,2.786551311083883,-12.964753380915521,-5.035902747887373
1779768651684,2.301575983428955,-12.589911183497309,-4.720017766350508
1779768651701,1.2241852363586425,-10.694451656672358,-3.876360664092004
1779768651717,0.8240538455136119,-9.751733583942055,-3.4009617046862837
1779768651734,0.2397192950926721,-7.89742498267293,-2.751534796629846
1779768651751,0.09472031091898679,-6.261736920496821,-2.12185961387828
1779768651767,0.1812106997616589,-5.676203807941079,-1.9580064377613364
1779768651784,0.6042362055905163,-5.450101388660073,-1.22163978965953
1779768651801,2.076071676171571,-6.778135706549882,-0.3151354783438146
1779768651817,3.125031424658,-7.71202340709269,-0.4492101867906749
1779768651834,4.0218094743924215,-9.830593185645341,-1.1632811241932213
1779768651851,2.2414212374592664,-12.115110482245683,-1.1939569790944455
1779768651867,1.0021226579198148,-13.009194580188392,-1.3091777878589927
1779768651884,-0.4495119096836075,-12.822000275972485,-2.028785170470178
1779768651901,0.25587993710301815,-11.349864361140131,-2.6048896526843306
1779768651917,0.6540657468382268,-10.759544014307856,-2.3728017292529344
1779768651934,0.6447879962094127,-9.719262808448075,-1.66711020539999
1779768651951,-0.19378135445602238,-8.845978337427972,-1.3804049949876964
1779768651967,-0.6642417614810169,-8.531589147406816,-1.4588158300101757
1779768651984,-1.1552030316777526,-8.095096257239579,-1.5604193245716391
1779768652000,-1.3432972073428333,-7.924209529224037,-1.320849374821782
1779768652017,-1.3585602429263293,-7.965210232654213,-1.122279836241156
1779768652034,-1.2201453133180737,-8.236204517585039,-0.9913472252123057
1779768652051,-0.592415565545857,-8.449737378150225,-1.0362389447316527
1779768652067,-0.27473522502481934,-8.57992267794311,-0.9142838592760264
1779768652084,0.4644746836788952,-9.09766820243001,-0.944959421916306
1779768652101,0.7246941843561828,-9.8630651301831,-1.183631692174077
1779768652117,0.506522704204917,-10.334423582026362,-1.1085136150866746
1779768652134,-0.45190600174590945,-11.080367036768793,-0.7640478512316942
1779768652150,-1.3554178532473742,-10.978912741419672,-0.7085328847587108
1779768652167,-1.3926779088445007,-10.79590536749959,-0.8725351139575243
1779768652183,-1.2873327435366808,-11.043106688910722,-1.6672607197865843
1779768652201,-1.4651023629337547,-12.765585145789384,-1.8435338170155882
1779768652217,-2.045097568976134,-13.7317945687443,-1.8894724152393638
1779768652234,-3.4335850403934716,-14.036307676917314,-2.6559162216968835
1779768652251,-3.1468790993288156,-11.47885080653727,-2.954742078013718
1779768652267,-2.6120743034914136,-9.852889188605547,-2.760063701652735
1779768652284,-2.175581121063232,-7.107637125506996,-2.0459933487720785
1779768652301,-1.6074072857178747,-5.32425674842,-1.9792543929733335
1779768652317,-1.3465892346255481,-4.844370122206211,-1.9633933914966881
1779768652334,-0.8963295387819409,-5.3667538278877736,-2.2726941723376513
1779768652351,-1.1538561471134423,-7.853432696211337,-2.8918950150869787
1779768652367,-1.500117269952595,-9.501690317103266,-3.0962999818228183
1779768652384,-2.211793932629749,-12.183346398603916,-3.3327272496327756
1779768652401,-3.6504095629151907,-12.193522340181469,-3.1254791684255
1779768652417,-4.34577572678253,-11.699269334962963,-2.985418079045415
1779768652434,-4.359092998593114,-10.382457252833246,-2.9822753971055147
1779768652451,-3.311629845339991,-8.806773869764804,-3.3008547322928905
1779768652467,-2.9088056352144105,-8.106767990332841,-3.386746424590051
1779768652484,-2.364573615541216,-7.287203419062495,-3.338862099125981
1779768652501,-1.9711763347071944,-7.237822425299883,-3.2893320522814986
1779768652517,-1.6835727986321318,-7.399581844007969,-3.2246894842401144
1779768652534,-0.8897451736892573,-7.605332380133867,-3.0602371731862426
1779768652551,-0.0918776348389685,-7.542934083887935,-2.9517496181994676
1779768652567,0.061500909014791244,-7.491009835383296,-3.030908202849328
1779768652584,-0.32097276966255156,-7.569569577357172,-3.1145553310900924
1779768652601,-1.0377367090087384,-7.73102796729207,-3.3482892681628464
1779768652617,-1.6144401800293475,-7.751528319007158,-3.6192835530936716
1779768652634,-1.8073226859495042,-7.802555910933017,-3.7777497754752636
1779768652651,-1.487996550982818,-8.184728597369789,-4.046498619566858
1779768652667,-0.9011177229065448,-8.608502875739335,-3.8551118320971725
1779768652684,-0.6447883615355938,-8.677934139361977,-3.7357010242968793
1779768652701,0.08080415989980101,-9.129839702716469,-3.6194326061755415
1779768652717,1.1903670648436993,-11.24167520457804,-3.797949975199997
1779768652734,1.7181389663696287,-12.701689888983964,-3.942949690026045
1779768652751,1.5867568580076097,-14.175620286017656,-3.9781142346486447
1779768652767,0.32980111428974196,-12.826337428393959,-3.463659860661626
1779768652784,-0.23134008247246965,-11.865514959174394,-3.370285995915532
1779768652801,-0.9636664422075264,-9.602397593477368,-3.1100664952382444
1779768652817,-1.2548610912598668,-7.581989498469233,-2.3159394398242235
1779768652834,-1.3109753022676334,-6.924182007819414,-1.867924454167485
1779768652851,-0.8849571539614349,-6.616527094489336,-1.0700573354423046
1779768652867,-0.2635121855471283,-8.277654718348384,-0.7300804074391722
1779768652884,-0.40462051895782347,-9.782259655109048,-1.0640711006395518
1779768652901,-1.0280109223514795,-12.460922984534502,-1.8453288837388158
1779768652917,-1.6754925415590405,-12.758701231494545,-1.52495492021963
1779768652933,-2.039561123767495,-12.230181799536943,-1.3917774528734386
1779768652951,-1.8954601113468408,-11.04340771768391,-1.6187778439074754
1779768652967,-0.9599261049017309,-9.778969965913891,-1.5707441731005907
1779768652984,-0.7872440179020166,-9.228302415034175,-1.2838885944321752
1779768653001,-1.1712141091495751,-8.096742270880936,-1.025016416710615
1779768653017,-2.316689965930581,-7.546525970900058,-0.4138960045643151
1779768653034,-2.57586258790344,-7.447165432959794,-0.051174014659225935
1779768653051,-2.3783406586796043,-7.566426603156327,0.38382220720946786
1779768653067,-2.9718033951908347,-8.199542135620117,1.0115525395035743
1779768653084,-3.7795474725469944,-8.306683828955888,0.9889567498791962
1779768653101,-4.853646192334592,-7.635708813697099,0.2421151772532612
1779768653117,-4.276194971686602,-7.5929124590218064,-0.07780987345464527
1779768653134,-4.246865416827798,-8.321796057891845,-0.17492445909902452
1779768653151,-5.683087137714028,-11.061512114173173,-0.37918000742681324
1779768653167,-6.824971107482909,-11.384728753772377,-0.2292432380573824
1779768653184,-6.583007686725258,-10.230125003162026,-0.10788692221250384
1779768653201,-6.117635323554277,-8.440609484320879,-0.2400170724628493
1779768653217,-4.939089556342363,-8.442704410773516,0.5720660204783081
1779768653234,-5.289839515033364,-9.165902949744462,0.8055015591263771
1779768653251,-7.2924401506721965,-10.87207090781331,-0.37169774364633484
1779768653267,-8.333319906947017,-10.702830193439125,-1.7972952951303216
1779768653284,-7.8654025354683395,-9.428217084613442,-2.3096544047379863
1779768653301,-6.679525694715976,-6.417509081488848,-2.0242951107756233
1779768653317,-6.614582390162348,-4.72435901042521,-0.7172110437928698
1779768653334,-6.643762307417393,-4.307918143683672,-0.2844587557929102
1779768653351,-6.667254242163896,-4.633378762817382,-0.07242256352626718
1779768653367,-7.32236708690226,-5.524620915332436,0.31050027741163794
1779768653384,-7.914184394294023,-5.682488587298989,0.5705699800841394
1779768653401,-8.77744489942789,-5.52222671367228,0.23059315482899545
1779768653417,-9.344270973426102,-4.805911504474282,-0.7486348309845663
1779768653434,-9.495553421783447,-4.482693695831299,-1.095794199571386
1779768653451,-8.86692701743245,-4.328267981012165,-0.8637072625206783
1779768653467,-8.24189016200602,-4.393210408782958,0.03561572245620191
1779768653484,-8.078037570410967,-4.236839697375894,0.30615992553196847
1779768653501,-8.193557215991616,-3.627215222875774,0.24570644321087745
1779768653517,-7.9973829019844525,-2.6803090508058665,-0.02977519800076261
1779768653534,-8.048410493910312,-2.5251354402288793,-0.13137984333969652
1779768653551,-8.711903628981112,-2.6587615281254053,-0.6856376737963408
1779768653567,-9.172185975536703,-3.1459806891843676,-0.6679809480093419
1779768653584,-9.304765476989745,-3.191620450592041,-0.7339704006150365
1779768653601,-9.022400487738848,-2.7289409797668456,-0.6325167445867322
1779768653617,-9.01432005713582,-2.1155764419555663,-0.5677236621587537
1779768653633,-8.900894168964028,-1.9979612854003905,-0.7981646951659582
1779768653650,-8.42684340929687,-2.2686560028627514,-1.0242680277624168
1779768653666,-8.73255361829996,-2.705597805841267,-0.7196052637193352
1779768653683,-9.091383423072099,-2.985868745422363,-0.7519267395362723
1779768653700,-9.479843811476231,-3.66118354345113,-0.9193716839343309
1779768653716,-8.777743005591631,-3.9691375858582556,-1.210416209042433
1779768653733,-8.848820867377519,-3.5836709724426266,-1.321298369831452
1779768653750,-9.675869072401523,-2.7694930626466867,-0.6814476816104608
1779768653766,-10.334721103668212,-3.4780265319272874,-0.0022430639357655306
1779768653783,-10.343999804145097,-4.000561336517333,0.07930995755298062
1779768653800,-9.960776731872558,-4.286668288775533,-0.2335826920337975
1779768653816,-9.771335525512695,-3.4913442786619067,-0.18614676792435347
1779768653833,-9.573965279719234,-3.0014310562133786,-0.17387684974223375
1779768653850,-9.458144020843505,-2.2281037738524376,0.143055302760005
1779768653866,-9.30835736400187,-2.2032637854978443,0.22386030291002243
1779768653883,-9.015517157965897,-2.7612628483094275,0.20051548501662908
1779768653900,-8.769662574988603,-4.3342531929016115,0.5511175962021574
1779768653916,-8.850466881018876,-5.181351667785644,0.9560366962477564
1779768653933,-8.930224308344721,-5.15217233505249,0.8828638532103039
1779768653950,-9.399936746546626,-4.469525440569967,0.355540645299945
1779768653966,-9.340679670935868,-3.9763198985777795,-0.006432407667674124
1779768653983,-9.176825910297035,-3.967790701293945,-0.07257186320330947
1779768654000,-8.985890665987133,-4.303877197729796,0.1637053103451617
1779768654017,-9.04544584776163,-4.148254089819639,0.36481810366781425
1779768654033,-8.929177429640292,-4.020912635150552,0.4068663068569265
1779768654050,-8.916008151465654,-3.8480809105470772,0.21458231481919063
1779768654067,-8.743924322620034,-4.2806830768860875,0.34790978509532283
1779768654083,-8.62436563078165,-4.6637557809025045,0.5168504936096258
1779768654100,-8.294114854761958,-5.160552479254454,0.8426115752609447
1779768654117,-7.419183201056718,-5.117456557110697,0.9285034319548867
1779768654133,-7.157767476332187,-5.082292450879514,1.1121089361649006
1779768654150,-7.375939687135816,-5.090821502032876,1.1956057874810881
1779768654167,-8.377910743823646,-4.972607502801716,1.0362417212106287
1779768654183,-9.165903534266352,-4.8903071129947895,0.9163826216535642
1779768654200,-10.538826795196533,-5.07241578450948,0.5847863310427405
1779768654217,-9.947459569659829,-5.220407374627888,0.19917035401798783
1779768654233,-9.21124314368367,-5.3338326782777905,0.2452577861279249
1779768654250,-9.513062190467119,-5.651064398248494,0.44143326004571276
1779768654267,-9.924415963202714,-5.331738044086098,-0.24031649836741853
1779768654283,-9.793782335120438,-5.172822908893227,-0.4293081457453198
1779768654300,-10.431986715155839,-4.857686115375161,-0.16594574621571226
1779768654317,-11.48408929171264,-4.4249344575628635,-0.4803351736988872
1779768654333,-11.144710037341714,-4.184765811267495,-0.8081913461996242
1779768654350,-8.7593364112854,-4.157381837518513,-1.0315996310258284
1779768654367,-7.332093531146645,-4.3192906015694135,-0.733521780064702
1779768654383,-7.3864125658333295,-4.54823584306091,-0.6411953785449266
1779768654400,-7.9611717709183685,-4.831949032050371,-0.7119741112537682
1779768654417,-8.30593564093709,-4.3692692689642305,-1.0315998136889188
1779768654433,-7.887847591510415,-4.006547717450559,-1.187671980540827
1779768654450,-7.612065487781167,-3.921702903857827,-1.0990863729845732
1779768654467,-7.646481552124023,-3.866785903277993,-0.8023551508594304
1779768654483,-7.800160540229082,-3.601628653937578,-0.7299304775744676
1779768654500,-8.00516347285807,-3.349488707080483,-0.6250345904041081
1779768654517,-8.475925127851962,-2.859576069153845,-0.5095145794972777
1779768654533,-8.933068007338047,-2.689138838471472,-0.4613314172171056
1779768654550,-8.96284472144246,-2.700959624646604,-0.46492271970733995
1779768654567,-8.934113716998695,-2.625691909955442,-0.30780287043340504
1779768654583,-8.891018671637774,-2.448670624707639,-0.12898629926666616
1779768654600,-8.932616171917319,-2.475904084070027,-0.06718574971817433
1779768654617,-9.487772266387939,-2.7120325150638815,-0.03920362741295248
1779768654633,-10.04263083921671,-2.6828534745916723,0.1292882048226893
1779768654650,-10.231024582350253,-2.4166484697639943,-0.0074805284811183806
1779768654667,-9.939229501453042,-2.1052520318180323,-0.2272980405400507
1779768654683,-9.827150351715087,-2.27269651042521,-0.19497637292686848
1779768654700,-9.785103354102372,-2.46079127061218,-0.1993155894412659
1779768654717,-9.553015430670976,-2.802264282391965,-0.4008778070318512
1779768654733,-8.942195901167393,-2.9330478403389453,-0.44502095493990923
1779768654750,-8.667910173475741,-2.9475626879036425,-0.3369825502264313
1779768654767,-8.604313022834061,-2.9201790064156055,-0.136318651448749
1779768654783,-9.0277874414742,-3.2559652047306296,0.28521035047834736
1779768654800,-9.425672660827637,-3.756204006360471,0.5553062800636515
1779768654817,-9.952997914564609,-4.808904841071367,1.0238218000985682
1779768654833,-9.807249719458818,-4.319439946912229,1.0127482977599371
1779768654850,-9.413104271155595,-3.6103073426946994,0.9231154370399192
1779768654867,-9.111436031019688,-2.7407635195076465,1.2324163731445092
1779768654883,-10.537183119642734,-2.9565409441292285,1.7245743514456786
1779768654900,-11.283873008838295,-3.2242423249945045,1.7868234850118867
1779768654917,-11.448026044684648,-3.45677916123718,1.4163210338310337
1779768654933,-10.518626303210853,-2.8667577973514793,1.329830772852525
1779768654950,-10.516982043135165,-2.552519413977861,1.3844482242302036
1779768654967,-10.710312658149004,-2.172289970563352,1.3196553061990066
1779768654984,-10.638037111011148,-1.8396452851444483,1.2966109690895304
1779768655000,-10.409241214862465,-1.8644851273685692,1.194857544663362
1779768655017,-9.715671505957841,-2.0518316995367405,1.0158906052405015
1779768655033,-8.77101048246622,-2.305617367774248,0.951845820429176
1779768655051,-8.298006016981601,-2.414852818518877,0.9829706612069159
1779768655067,-7.612664038196206,-2.568081140246987,0.9362832173772155
1779768655084,-7.2741843630135055,-2.3814833406195044,0.7559703432381153
1779768655100,-7.325511230146884,-2.2529449312508105,0.6964146500069648
1779768655117,-7.907001789313554,-2.332551844190061,0.5741601432133465
1779768655134,-8.265982400733233,-2.6776161584600806,0.49200924487970765
1779768655150,-8.111556393653155,-2.7515371347174047,0.4251211629338562
1779768655167,-7.246053662550449,-2.9242192217171192,0.36781017988957465
1779768655184,-6.279990954589843,-3.522170501819253,0.4349974274450913
1779768655200,-6.059575348773598,-3.987244174304604,0.8114858942329883
1779768655217,-6.99047146628499,-5.093515271161496,1.412430109073408
1779768655234,-8.818444433814287,-5.5888157396063205,1.357961984772235
1779768655250,-9.738417590773105,-5.390396569281816,1.316512715590652
1779768655267,-11.493814566913246,-4.578013433948159,1.2527670415900647
1779768655284,-11.825410912322997,-3.2178076157718896,0.3467114558559609
1779768655300,-11.394006869727372,-2.7855048707708714,0.32695894624144417
1779768655317,-11.611430307990313,-2.992752951978147,0.2193694212315604
1779768655334,-11.763760804095863,-2.985270779529214,-0.3066064271904528
1779768655350,-11.59332415793538,-2.9987381638675927,-0.37424262408986686
1779768655367,-10.867283673536777,-3.2374107263863086,-0.09606646483093499
1779768655386,-10.346992556220293,-2.692729556439817,0.06344707464650273
1779768655400,-10.118346297675371,-2.2182284226566553,0.036212811566516755
1779768655417,-9.6344177025944,-1.4595657715946435,-0.2415143618158996
1779768655434,-9.480889521136879,-1.2394485642030835,-0.45355062714777883
1779768655450,-9.535358193427324,-1.2719202164798975,-0.5535090579159557
1779768655467,-9.340979530665278,-1.0727531503975392,-0.972045362566784
1779768655484,-8.593988028174639,-1.2761100693851708,-0.11462174689285456
1779768655500,-8.622718448096514,-1.7371435265690087,0.06359649305455387
1779768655517,-8.647557705798745,-2.6445459557682276,0.058509033722430465
1779768655534,-8.896254818725586,-2.951302751214802,0.07766250087320804
1779768655550,-9.031378159442543,-2.9999352646976707,0.13766725304611027
1779768655567,-8.475925127851962,-2.9237706011667846,-0.2458537792596966
1779768655584,-7.76918555625081,-2.934543631854653,-0.6013929449886083
1779768655600,-7.120055877575278,-2.9453172470644113,-0.7586616281487047
1779768655617,-6.494721500506997,-3.238008107757568,-0.8916897501520812
1779768655634,-6.342240782275796,-3.338265302276611,-1.2767074507564307
1779768655650,-6.473922458106279,-3.213618347388506,-1.5474018759578465
1779768655667,-7.0830965584903955,-3.2389065179020164,-1.9280799399226902
1779768655684,-7.304710434180498,-4.081366227069497,-2.1918911814816293
1779768655700,-7.668330395838618,-4.617219655176997,-2.2016174795955417
1779768655717,-8.527997260394692,-5.263054968482256,-2.536955203490704
1779768655734,-8.655637551879883,-5.552303872027993,-2.5673316370539365
1779768655750,-9.192687496295571,-6.175244631958008,-2.8775303896479305
1779768655767,-9.255085208019613,-6.616525925445556,-3.010857202336937
1779768655784,-9.251345436969398,-6.866720583453774,-2.9177831973202526
1779768655801,-9.644593059650063,-6.141726393237709,-2.5873832220882176
1779768655817,-9.53071884318888,-6.398505105811357,-2.223314932140708
1779768655834,-8.745420114135742,-8.164975849151611,-2.1905440046563744
1779768655851,-7.140258707648515,-10.33591995806396,-2.6215014725282786
1779768655867,-6.4861915725708,-11.197082614135741,-2.8880051680415866
1779768655884,-5.152772054511308,-12.478731028425694,-2.9698572295591235
1779768655901,-3.9118262374877926,-12.086827806091307,-2.3837261511102317
1779768655917,-3.8236896888732907,-10.804135435706376,-2.233490289196372
1779768655934,-4.116230911962687,-8.091503785705566,-2.325367777904868
1779768655951,-3.829974175970256,-6.877942234691977,-2.1342805579036472
1779768655967,-3.4653076278686523,-6.762573395758867,-2.0620055952876806
1779768655984,-2.764704513195902,-6.8231766252815715,-2.1092910780757665
1779768656001,-1.6759410159789025,-7.393894446021318,-2.5073273963376876
1779768656017,-0.7787137977048755,-8.019379629737138,-2.7443530684322117
1779768656034,0.8375218143738806,-10.023924969702959,-2.785354356384277
1779768656051,0.9901523163393139,-11.635372324591874,-2.756922627148032
1779768656067,0.25318697169199583,-11.674577961298823,-2.65905992655009
1779768656084,-0.31319143160395324,-10.602273723712562,-2.8399720817565917
1779768656100,0.5403417707690037,-9.9784345536381,-3.2568621535703537
1779768656117,0.8993224187212996,-9.863063961139321,-3.3424548629209396
1779768656133,0.6706760323122143,-8.991874416571855,-3.554192364501953
1779768656150,0.2395700958803296,-8.057835909381508,-3.404254901012778
1779768656167,0.2475010350100696,-7.776817074042558,-3.1473271353572607
1779768656184,0.5633860896121711,-7.50761844035685,-2.4230814254209396
1779768656200,1.0812814708985388,-7.3941931367069476,-1.6784850013732908
1779768656217,1.3380600373417137,-7.404667768970131,-1.4646522810786962
1779768656233,1.3995610924869775,-7.729680059814453,-1.6977870832145212
1779768656250,1.8821420723512767,-8.453627371326089,-2.227953405596316
1779768656267,2.219874144037068,-8.824130078235267,-2.307411265453696
1779768656284,3.1129115094058215,-9.79213632147908,-2.287060843603313
1779768656300,2.4551046032778916,-10.401011146655678,-2.5257325293391943
1779768656317,2.2264583447329698,-10.582222284808754,-2.609978207994997
1779768656334,2.0956752251774073,-10.593145829883218,-3.1007898405879732
1779768656350,2.4281696884706614,-10.113706947436928,-3.614795594024658
1779768656367,2.410512743487954,-10.184784809222817,-3.8108199781671166
1779768656384,1.834706951959431,-11.23688738577962,-4.275295684759318
1779768656400,0.8548797764100133,-12.035203417316078,-5.081542509295046
1779768656417,0.39205081411153075,-11.692682357788085,-5.1268829954952
1779768656434,-0.5397423983700573,-9.444826858630776,-4.585643490435182
1779768656450,0.36361966939717527,-6.913107656097412,-3.16348828882426
1779768656467,0.9786306592412293,-6.048053837805986,-2.4112600547239182
1779768656484,1.43622230540812,-5.280561983600259,-1.6665131162896751
1779768656500,1.7802391564518212,-5.628020499530434,-1.6448162482663988
1779768656517,2.0687403103701767,-6.376957290869951,-1.703923394012451
1779768656534,1.7969984219424426,-8.82936797888875,-2.088491451153159
1779768656550,-0.1150709519650787,-11.123611719733477,-2.5731679419919846
1779768656567,-1.304390626647696,-11.538556794959305,-2.8039085424676538
1779768656584,-2.999335819233488,-11.040862124854325,-3.0814865897029637
1779768656600,-3.3640028605254364,-9.954942034369706,-3.500621810095012
1779768656617,-3.2324712606901302,-9.484929736438392,-3.5368338179439305
1779768656634,-3.2228945636473596,-9.088090226745605,-3.2300765841059387
1779768656650,-3.060088923821971,-9.042301704517007,-2.6990130206234753
1779768656667,-2.900275889941305,-9.053974606654048,-2.433256490215659
1779768656684,-2.322974014636129,-8.850167021289467,-2.00334750848338
1779768656700,-1.9618984767638146,-8.435820496478676,-1.4947291471734643
1779768656717,-1.8857330825805663,-8.320749763709307,-1.4478928694576023
1779768656734,-1.9422960968017577,-8.380604805213212,-1.6041143816523253
1779768656750,-2.1425110645018517,-8.385094517847895,-1.5780778769895434
1779768656767,-3.3240497299194334,-8.443901511603594,-2.006789319500327
1779768656784,-4.137928364507854,-8.458565412250161,-2.345718053624779
1779768656800,-4.801272154235839,-8.526351831275225,-2.69302722421214
1779768656817,-4.793491583362221,-8.626460557234287,-2.4955054411187767
1779768656834,-4.673332295282185,-8.74572172743082,-2.2593777407772837
1779768656850,-4.4621936363771555,-9.406819491797686,-1.9638433272212743
1779768656867,-4.37600237661153,-9.836129776984453,-1.79759565718323
1779768656884,-4.697573002569377,-10.119991142272948,-1.609800464464724
1779768656900,-4.699967496490478,-10.896760527911782,-1.0199293227046728
1779768656917,-4.6173675392150875,-10.829873103553057,-0.2361272619500756
1779768656934,-4.7327378394529225,-10.575787867847085,-0.3191759859062731
1779768656950,-4.234145928247273,-11.07527935824096,-0.7724282876946031
1779768656967,-3.429544532831013,-12.679394470545649,-1.0227724371761082
1779768656984,-3.542669976751506,-12.720842917743324,-1.086517910247296
1779768657000,-4.087051871490479,-10.428993963080645,-0.9826692671075463
1779768657017,-4.466233267156779,-7.742998975592851,-0.4782409048333764
1779768657034,-4.659265776006877,-7.059602870178222,-0.10324892368093132
1779768657050,-4.637269048254192,-6.834547914123535,0.2754835591740906
1779768657067,-3.7579987808227537,-7.812879152026772,-0.8182176867060362
1779768657084,-2.8476038918092845,-8.344991055518388,-1.0621271269649266
1779768657100,-1.1736080185487865,-9.230398510530591,-1.077689730016887
1779768657117,-0.8192658805847167,-10.07989060255289,-0.6078276542112231
1779768657134,-0.9623191375181078,-10.092309354621172,-0.4376892603449523
1779768657150,-0.74713997105062,-9.25688202830851,-0.4948506788507104
1779768657167,-0.19841975484639404,-7.8655539266377685,-0.48198213718831534
1779768657184,0.12105682144165038,-7.46901252310872,-0.4004296431392431
1779768657200,0.397736750793457,-7.59036920427978,-0.38292204349935055
1779768657217,-0.033518823242187495,-8.322696221601962,-0.7065881804317236
1779768657234,-0.429758905737102,-8.57363731406331,-0.9995783163323998
1779768657251,-0.6501749499447643,-8.685566241675614,-1.6208736471429466
1779768657267,-0.554855942480266,-8.601320270758867,-1.744474307848513
1779768657284,-0.4110542052671313,-8.695293270441889,-1.7515075674861669
1779768657301,-0.20410525313690303,-9.079262192645668,-1.6086032175041733
1779768657317,0.17821882446929813,-9.443032960951328,-1.5655084644041954
1779768657334,0.55365957230255,-9.745599026709794,-1.4076399156548083
1779768657351,0.7021000752322375,-10.554539912635088,-1.0265130850091575
1779768657367,0.6341646579242312,-11.134834540015458,-1.2774550542533396
1779768657384,0.9293996044764761,-11.447727938520908,-1.6392796569272874
1779768657400,1.914314412887953,-13.442397196638584,-2.4346032286494967
1779768657417,1.1456261154392733,-16.584186571612953,-3.050959934014082
1779768657434,-0.13601992423050105,-17.581222509986162,-3.864090965105593
1779768657450,-1.9797046209588647,-14.023738118201493,-4.873995445141196
1779768657467,-1.5306423912715166,-8.564209560504555,-4.103510984990746
1779768657484,-0.9240113264337182,-6.49891193793416,-3.115154758287966
1779768657501,0.5117610432498156,-4.510677096778154,-1.6591805814445018
1779768657517,1.06751539587453,-4.9756011316597455,-1.6467615371152757
1779768657534,1.4294889054998754,-6.30109102576375,-1.8154028242915867
1779768657551,2.3127995343632994,-10.012402289691567,-2.5549118620723483
1779768657567,3.012056202863157,-12.445060814014077,-3.2923253888785835
1779768657584,3.1346094003424048,-12.623579059821367,-3.5941450201839205
1779768657601,2.55970143443644,-11.0197632227242,-3.275865544725954
1779768657617,1.207875029809773,-9.647136314392089,-2.5535648313775656
1779768657634,0.32636049058288336,-9.16096490882039,-2.459442778612673
1779768657651,-0.7855962506949901,-8.205228949084878,-2.396296586608887
1779768657667,-0.9276026289239525,-7.630770188251137,-2.5537147612422704
1779768657684,-0.8343789863035083,-7.458237446594238,-2.5149580373466014
1779768657701,-0.4186851385369897,-7.230788873401284,-2.2370815916866063
1779768657717,0.1215064649052918,-7.1978691850960255,-1.8578999037593602
1779768657734,0.2669545080207288,-7.41828479091227,-1.7301093901485203
1779768657750,-0.16430135827586054,-8.43327665721476,-1.7063167188897728
1779768657767,-1.521663915850222,-8.954315378028154,-2.4337054030269383
1779768657784,-1.8362021589532493,-8.722676367408036,-2.8378765707820652
1779768657800,-1.0486595964960754,-7.728633765631914,-2.6408038466304538
1779768657817,-0.3872615340083837,-7.006781965094804,-2.9761420089170336
1779768657834,-0.09531871520355344,-6.9735618325382465,-3.1973058027520773
1779768657851,-0.21652502811849117,-7.608025272479653,-2.8874057408437133
1779768657867,-0.2714419556330889,-8.58650556346476,-2.860022351616621
1779768657884,0.22086576073653993,-8.878299475318192,-2.842365698894858
1779768657901,1.5529396363407373,-9.623643795123696,-2.2876585172355175
1779768657917,1.0256165836940054,-10.77645306353271,-1.3639452969655395
1779768657934,0.4085111697208136,-11.738473218104243,-1.2695244073845446
1779768657951,-0.3447645276058465,-13.673735178485511,-1.2638378861807287
1779768657967,-0.46477395888641476,-15.463700194659829,-1.5081956547290085
1779768657984,-0.6530179913509637,-15.802929226905107,-1.6792324587397276
1779768658001,-1.6488564635679124,-14.908245994025467,-1.9919749044671653
1779768658017,-3.231573252404481,-11.75957153571248,-2.5544623647391793
1779768658034,-3.5628707609981296,-10.082433272773027,-2.484431527788192
1779768658051,-3.507056227056682,-7.597551224738359,-1.2397460858449338
1779768658067,-3.141042209868878,-6.0906999703556295,0.025140140344947576
1779768658084,-1.789516103363037,-5.5957005306839935,0.6712748749881983
1779768658101,-0.8553279585689306,-6.2324067811161274,0.6507755461864173
1779768658117,1.0969938576847313,-10.401609697070716,0.3981871249094605
1779768658134,1.1725602630615233,-15.305086088240145,0.017658552417904136
1779768658151,0.2229597373411059,-15.855753054597972,-0.18644728524088858
1779768658167,-1.220594226129353,-12.975378235304355,-0.4528023660637438
1779768658184,-0.9154828598022461,-10.728419392725824,-0.1310812257193029
1779768658200,-0.561888909856975,-10.082731963458656,-0.23537878167033194
1779768658217,-0.2569274733945727,-8.93142024013102,-0.9491495670825243
1779768658234,-1.1676228066593408,-8.241742862489819,-1.8218365106008947
1779768658251,-2.2833199035093186,-8.08282538920939,-1.8718156163871287
1779768658267,-3.5613755540043113,-7.6120672413468355,-1.3190540158376096
1779768658284,-2.423530630493164,-6.959047569495439,-0.8771743180654943
1779768658301,-1.6738462356567383,-6.778136291071772,-0.6087243107900023
1779768658317,-0.7553706237792969,-6.779034116694331,-0.27937179878428575
1779768658334,-0.4550482452943921,-7.61595665000081,-0.24241204130798577
1779768658351,-0.5283703788757323,-8.16512665579915,-0.05491553927510977
1779768658367,-0.6075289635255933,-8.98244724753499,0.17328136806711553
1779768658384,-0.847846662902832,-9.322125192591548,0.18196034908518194
1779768658400,-1.4125789794921875,-9.529671964484452,0.30107217393890023
1779768658417,-3.2477348442628977,-10.421813111665845,-0.17717019219920038
1779768658434,-4.316745301000774,-12.14204583544433,-0.4260175272516906
1779768658451,-4.8389808303833,-13.082518175074457,-0.8809148197680712
1779768658467,-5.743839420318603,-14.814274163386225,-1.6518480465993284
1779768658484,-6.417208198846131,-15.195550193244218,-2.291848077879846
1779768658501,-6.2823844255976375,-13.499856282916664,-2.7531808102712034
1779768658517,-4.142866405431926,-8.671500306922196,-3.2867887975394723
1779768658534,-2.4600417674191295,-5.817013962122798,-2.092231368333846
1779768658550,-1.6606776881344616,-5.301063504359126,-1.5001155163869262
1779768658567,-1.4829081418026238,-5.085286079737544,-1.390281515227258
1779768658584,-0.5868782435543834,-6.10985299911499,-2.1992225472830236
1779768658601,0.5391447430041618,-7.451953836280107,-2.518250356890261
1779768658617,3.170372531912662,-11.230153109088539,-3.024623715752363
1779768658633,3.4437602513186634,-13.351266726905108,-3.245039906090498
1779768658651,2.2637184733953326,-13.021315810614823,-3.350684638866782
1779768658666,-0.004488543590903282,-11.338790593940018,-3.622575872637331
1779768658683,-0.9955386124875396,-10.094103836822509,-3.8881820347890255
1779768658700,-1.3708294304560869,-9.56408744430542,-3.7855306386098264
1779768658717,-1.8831885857295243,-8.66401842673421,-3.1248814947932955
1779768658733,-1.962646518652141,-8.144327028876543,-2.4488176319628954
1779768658750,-1.6440674757257103,-8.078636120826005,-2.145203226195276
1779768658767,-0.7661438005976379,-7.82021197913289,-1.7486635762318967
1779768658783,0.02962883006632328,-7.384616330066323,-1.294064536009729
1779768658801,0.21637655955851076,-7.306206810218096,-1.159839605437219
1779768658817,0.014365940613299608,-7.583335652381181,-1.1966504559621214
1779768658833,-0.5137051630549132,-7.917177146369219,-1.7966978315606712
1779768658850,-0.656010378099978,-7.980324215155839,-2.1006115125358105
1779768658867,-0.7004530386775731,-8.149265069800615,-2.5641885167226195
1779768658883,-0.49410249083191154,-8.412926527625322,-2.753929582811892
1779768658900,-0.460883088927716,-8.516625387030839,-2.7422572651967405
1779768658917,-0.29119390013366936,-8.627658242586255,-2.616861245507002
1779768658933,0.09561930558532476,-8.842087175208329,-2.6975162061944604
1779768658950,0.5404917554326355,-9.056967358729242,-2.6722265743762255
1779768658966,1.3078333875127135,-9.923967634913325,-2.1758792272269725
1779768658983,1.5002674920782446,-11.807905650770664,-1.6591807275749741
1779768659000,1.6150393149662763,-12.85087857993245,-1.609949225285649
1779768659017,1.7724580010563133,-13.601760075598955,-0.43783802116587756
1779768659034,0.6040875178348273,-13.282283207049964,0.35135099332407116
1779768659051,0.306159085281752,-13.18292442267537,0.13258052436634898
1779768659067,0.2621655932437628,-12.568063508826494,-1.1499635235890746
1779768659083,-0.14948745469935237,-11.348816313391923,-1.470487416972965
1779768659100,-0.44412398783387613,-10.720787290412186,-1.0957947110280395
1779768659117,-0.5852322573124896,-9.411906001281737,0.2959846415415406
1779768659134,-0.133326703091152,-8.313267298999428,1.4701912105053663
1779768659151,0.17612382495142517,-8.047810774451493,1.8100185009047387
1779768659167,1.0923547266419977,-8.118590530073643,2.094778568598628
1779768659184,1.6606783822542055,-8.558075003272295,1.9090783023327589
1779768659201,1.4769234413698316,-9.15482976706624,1.8173504512280225
1779768659217,0.8879495407104492,-10.631603863093256,2.3122017146006226
1779768659234,0.26919804916381834,-10.984598385840654,2.7587207626111803
1779768659250,-0.22729937398061156,-10.767923135596513,2.784458357392624
1779768659267,-0.9804255798339843,-10.24553884539306,2.2703032586131244
1779768659283,-1.4885951744630932,-9.790492061403393,1.561919207740575
1779768659300,-1.5065513946533202,-9.693974637934565,1.2982575307201594
1779768659317,-1.7233762825012207,-9.396195221930741,1.2195482242077589
1779768659333,-2.1905451737001536,-9.452907873755693,1.6099528785474597
1779768659350,-2.551321436364949,-9.555259410205483,1.8167519738782196
1779768659367,-2.9394816727787254,-9.7994691485852,2.026693641551025
1779768659384,-2.595164962005615,-9.650877254486083,1.9692332400986923
1779768659400,-2.140566214044392,-9.604789457049966,2.0367193610029295
1779768659417,-1.5887027313783764,-9.359683062091468,2.2162846133788117
1779768659434,-1.8134587044864892,-9.156326143103838,2.5306726160898805
1779768659450,-2.2996312791019675,-9.223214151984452,2.6533757708332963
1779768659467,-3.423110408130288,-9.861567585101723,2.6180610543173968
1779768659483,-5.995830314093828,-11.99659750006795,2.476354111126158
1779768659500,-7.653814379230141,-13.435661166381836,2.1743861756576224
1779768659517,-10.61020451671183,-13.434614287677407,0.6160600605055689
1779768659534,-9.349208429828286,-7.821409079962969,-1.5997740143604575
1779768659551,-8.10093212378621,-5.909339194598793,-1.735794084721431
1779768659568,-6.198738320270181,-5.148431394958496,-0.035013226518407464
1779768659584,-6.5411103267163035,-7.037008761054277,1.6403294582411645
1779768659601,-6.686706546130776,-7.8998180152893065,1.9400537247024476
1779768659617,-6.274307063734531,-7.249045245581865,1.4954802578017115
1779768659634,-5.183748207533359,-5.312435377722978,1.2502241521742194
1779768659650,-4.9555496927559375,-4.874295889392495,1.4245519970869644
1779768659667,-6.356907605531811,-4.750995088416338,1.2398998151019214
1779768659684,-8.709059345465898,-4.837784314075112,0.7957746034253388
1779768659700,-9.611224458533524,-4.9582422928407786,0.6657400372147559
1779768659717,-10.263792879486083,-5.188683618108928,0.8578747204422951
1779768659734,-9.839272166663408,-4.950461137445271,0.6768124892406165
1779768659750,-8.958504646411537,-4.434959300231934,1.131261636130698
1779768659767,-8.993521014735101,-4.129100330407917,1.2587537513168527
1779768659784,-9.034670186725258,-3.684975630187988,1.2527675530467182
1779768659800,-8.750807652392982,-3.097648035430908,0.5178974271129817
1779768659817,-8.481910632002354,-3.0339030007511374,0.5267268494524061
1779768659834,-8.545505444556474,-3.0852284065797924,0.5506685737930238
1779768659850,-8.971523117938638,-3.02956263345927,0.38756343956440686
1779768659867,-9.003847178438305,-2.9351418900087474,0.13587342843189834
1779768659884,-8.653395910432934,-2.4551046032778916,-0.37409116898835637
1779768659900,-8.425645139423013,-2.0409069854184985,0.06913450459919404
1779768659917,-8.325838026759028,-2.068590234375,0.14799350351428148
1779768659934,-8.120535234400629,-2.0777181282043458,0.039057241212204094
1779768659950,-8.339155188971757,-1.727566135406494,-0.1776179359667003
1779768659967,-8.477419165802,-1.5041570468626915,-0.37903026022519914
1779768659984,-8.480863753297925,-1.249473991394043,0.02559000300429761
1779768660001,-8.946234947425127,-1.4710872825622558,-0.19692100418861955
1779768660018,-9.059360391345619,-1.5430626777097582,-0.3480548150226241
1779768660034,-9.721806647711992,-1.4695906142637132,-0.8271949108851607
1779768660051,-9.617809097620844,-1.4411596156798303,-0.5367483037211467
1779768660067,-9.603893384993075,-1.4236521621704101,-0.24630149106115568
1779768660084,-9.189545691138505,-1.483357419940084,0.20979353247296528
1779768660100,-9.119366824018954,-1.2771568750243634,0.05761176122654287
1779768660117,-9.258231104829907,-0.9382277025084942,-0.015410810023732482
1779768660134,-9.694871879035233,-0.18076200614608823,0.15427900895797647
1779768660151,-10.294919839155673,-0.013467311273142695,0.9189269130086293
1779768660167,-10.710313242670892,-0.293139773504436,1.1873764773261266
1779768660184,-11.03772031969726,-0.6426932889524847,1.280001624330459
1779768660201,-11.088596520453692,-0.652569297735393,1.1938109764861873
1779768660217,-10.812364919391273,-0.6721717507626861,1.2714728928375056
1779768660234,-10.273967652019858,-0.46941272460296746,1.5007168615472501
1779768660250,-9.173982211303711,-0.2063498171932995,1.4058471870191394
1779768660267,-8.986786738044023,-0.3875611014768481,1.546357097878959
1779768660284,-8.849120727106929,-0.45729222482889886,1.8005912953352554
1779768660300,-9.011627164790033,-0.9317930663511157,2.081760708992882
1779768660317,-9.421633614569902,-1.4643532981321215,2.0684420763422735
1779768660334,-9.707440853229164,-1.854308674334362,1.594241322878329
1779768660351,-9.582793898341059,-1.6546922570493072,1.2964625690282088
1779768660368,-9.598955928590893,-1.772008357592672,1.397766687917453
1779768660385,-9.230994722858071,-1.666064641869813,1.344345810786412
1779768660401,-8.83505479235351,-1.5424639811642467,1.2788046582144101
1779768660418,-8.847323906818032,-1.6006728628963232,1.126024702449952
1779768660434,-9.162761144587398,-1.5183724730893968,1.1188424998991044
1779768660451,-9.447669388580321,-1.5138829065851866,0.7350213093238999
1779768660468,-9.51829950659871,-1.6261114016659557,0.6735207071260185
1779768660484,-9.609728667017817,-1.9394526900693774,0.8025084234586917
1779768660501,-9.029432286071776,-2.4121577342160045,1.1411382385686506
1779768660517,-8.690354644995928,-2.5224406481869517,1.3057398036337922
1779768660534,-8.179042952948809,-2.887855822698772,1.3837009495268575
1779768660551,-7.997084211298823,-3.1337104056760667,1.2996043833184288
1779768660568,-8.194605263739824,-3.3625064479552207,1.3687368249663443
1779768660584,-10.423009043452144,-3.3705867324277756,1.477523717951076
1779768660601,-13.34917238497436,-2.0944772475644946,0.7459447242509107
1779768660618,-14.092123087641596,-2.2004206710264085,0.509517118514236
1779768660634,-12.289139015418291,-1.6555900096066296,-0.19213247300414368
1779768660650,-8.449737378150225,-2.9191300818845627,1.0408802448985865
1779768660667,-8.020428262007236,-3.1392471431456506,1.463008596391743
1779768660684,-9.029881783404946,-3.1917696498043835,1.1848321357387117
1779768660700,-10.225635290527343,-2.592022280065715,0.42542162545146417
1779768660717,-10.260352383643388,-2.1443065696164965,0.0680864431512542
1779768660734,-9.998786436793207,-0.990899919836223,-0.5006863627342507
1779768660750,-10.105328410670161,-0.6073787413999437,-0.5834356470861471
1779768660767,-10.152762946540117,-0.7294830260679125,-0.6191990069852676
1779768660784,-9.879674319678545,-1.341500825445354,-0.5837347670300398
1779768660801,-9.061307433760165,-1.3368622058592736,-0.2879012243969831
1779768660817,-8.880396155336499,-1.05180257069692,-0.0703280663318932
1779768660834,-9.203014829042553,-0.6121672908507287,0.051027875053649766
1779768660851,-9.778519299536942,-0.3809770469114184,0.10818947622249833
1779768660867,-9.999085127478837,-0.3330930137082934,0.1385661015819758
1779768660884,-10.33606842662394,-0.41195188475921746,0.1578699187225662
1779768660901,-10.395773246002197,-0.4575915000364184,0.07077995655154809
1779768660917,-10.26499173388183,-0.5903202007018029,0.1376683398914989
1779768660934,-9.820866156879067,-0.8476965869076549,0.17807070296918973
1779768660950,-9.53146644668579,-0.8309370291560888,0.1725337645702064
1779768660967,-9.42792014749348,-0.6971614497862756,0.12764243777650408
1779768660984,-9.156776809480785,-0.43634325256347656,0.02394413321012398
1779768661001,-9.086595019751787,-0.1473928935728967,-0.14993532062279408
1779768661017,-9.022700931990146,-0.15277984730824828,-0.21861904125567524
1779768661034,-8.971224427253008,-0.09920943903177976,-0.3657128148846794
1779768661050,-8.830565079718827,-0.4185357931941747,-0.5505150637317449
1779768661067,-8.787169005584717,-0.6603503070004284,-0.5487195312176365
1779768661084,-8.928578879225254,-0.7309795482359827,-0.512357620903477
1779768661100,-9.20570655234456,-0.7514797538205981,-0.5023318101200275
1779768661117,-9.46083749771118,-0.9680049280695616,-0.5075694002462551
1779768661134,-10.011804323798417,-1.7428285864681003,-0.5443803603690117
1779768661150,-10.086922985407709,-2.0443485041745006,-1.0353409181796944
1779768661167,-10.988040050727129,-2.324769665881246,-0.6877332213034852
1779768661184,-11.546039844191073,-2.474856182452291,-0.6920727848777547
1779768661200,-10.934769648310542,-3.5877108954831956,-0.46207967830114066
1779768661217,-10.679037814441322,-4.318241384777426,0.2768306172683369
1779768661234,-10.62905943930745,-4.452765736687928,0.15876665749973617
1779768661250,-10.287136345672607,-4.064456008800864,-0.3666104806770338
1779768661267,-8.22827372458577,-3.4871547180175777,-0.44307605881667694
1779768661284,-7.006782549616694,-3.1688752425596114,-0.9629164823567494
1779768661300,-3.4925434253185985,-2.492662911169231,-0.2992730886276811
1779768661317,-4.658818324500322,-2.542941146032512,1.903541774925729
1779768661334,-6.3259308679878705,-3.073406743621826,2.0302840307258068
1779768661350,-8.939501839777826,-4.813692367608845,1.158047114263568
1779768661367,-9.105747463989257,-6.331017085210979,0.7655478439984843
1779768661384,-8.869919769507646,-6.782922648565471,0.836774758866243
1779768661400,-8.65668559962809,-7.50836545933187,0.9557374210402368
1779768661417,-8.080581409674883,-7.420977975519001,1.0178362959481775
1779768661434,-7.847745298224687,-7.235276832470297,0.9365835520306601
1779768661450,-7.225253451105952,-6.884377236175537,0.6244394192562438
1779768661467,-6.910265126147866,-6.458807306560874,-0.04234576136358082
1779768661484,-5.906347611567377,-5.610662537494301,0.03486720564384013
1779768661500,-6.488737165400385,-6.317998905944824,0.4107569028209895
1779768661517,-6.813003021791577,-7.285705873981118,0.38920875908602026
1779768661534,-6.787862735316157,-8.947430879211426,-0.34895321146734054
1779768661550,-6.218640706092119,-9.767145672607422,-1.7293603984121233
1779768661567,-5.8571168399304145,-9.78076386359334,-2.076818987407535
1779768661584,-4.996550980708003,-9.041255410334468,-1.537226007445529
1779768661600,-5.308544215503335,-8.074894011688231,-1.258301587102562
1779768661617,-5.363311578479409,-7.874080347442627,-1.1442773677114397
1779768661634,-5.567417270007729,-8.037334973144532,-1.1311091855153441
1779768661650,-5.916223108893632,-8.562264271655678,-1.7004804139517247
1779768661667,-5.736657984381914,-8.632295254737139,-1.9695289716422557
1779768661684,-4.64146036246419,-8.907627861133218,-1.772007334679365
1779768661700,-3.6776436798647043,-8.535328918457031,-1.3973143364734948
1779768661717,-3.586664309039712,-8.486548228675126,-1.467794232366234
1779768661734,-4.29923945492655,-9.139418262922764,-1.417366067638248
1779768661750,-5.404162936566769,-9.502586389160156,-1.4333772912405431
1779768661767,-5.658097657886147,-9.404424121093749,-1.514181451140344
1779768661784,-4.847960255652666,-9.412506889784336,-1.6912027363881468
1779768661800,-4.269311349652708,-9.463083230811357,-1.7773942884147167
1779768661817,-3.305046338763833,-9.522638412585854,-1.8804945974051952
1779768661834,-3.332879225324094,-9.425823467475176,-1.896655166350305
1779768661850,-3.548058099530637,-9.256731806182861,-1.9737185322865842
1779768661867,-3.250428905652463,-9.367165526801347,-2.059760446709394
1779768661884,-3.149872435925901,-9.450812362781166,-2.264164975053817
1779768661900,-2.9568400732062754,-9.485976615142821,-2.394499474059045
1779768661917,-2.7344788862802085,-8.948630902650951,-2.3294075548149644
1779768661934,-2.5287265965886414,-8.857349626269936,-2.166451765929162
1779768661950,-2.1236574570804834,-9.080010965186357,-2.342126605004072
1779768661967,-1.7663230054326355,-9.233839006373286,-2.484431966179609
1779768661984,-1.8924680899240076,-9.272446092665195,-2.3998870123162863
1779768662000,-2.6162645947881042,-9.156775055915118,-2.35948485930115
1779768662017,-2.624943721936643,-9.159168088531494,-2.288406412993371
1779768662034,-2.22301697210744,-9.132384126502275,-2.2807751874625684
1779768662050,-1.4356240472540258,-8.864683037897944,-2.223463985222578
1779768662067,-0.333243966486305,-8.808120023676752,-1.8954580655202269
1779768662084,-0.5975036824651062,-8.79106133684814,-1.814654344011843
1779768662100,-1.1828861345037818,-9.244463860762119,-2.20939805046916
1779768662117,-1.2204449538517743,-9.845108033210039,-2.7660496441945432
1779768662134,-1.080084881525114,-9.995344187384843,-3.016244009941816
1779768662150,-0.9507981380071491,-9.931748205786944,-3.1501693730458618
1779768662167,-0.997035938373208,-9.605836920276284,-2.9827248944386837
1779768662184,-1.0491099706120788,-9.551669276759029,-2.9171842085137962
1779768662200,-1.0313030957646667,-9.593417583686113,-2.9164357282340525
1779768662217,-1.077989808942005,-9.67167805045247,-2.519597095324099
1779768662234,-0.9190747468143701,-9.517252043372393,-2.465726681187749
1779768662250,-0.6815998696476221,-9.14196151766479,-2.229599126976728
1779768662267,-0.5241810556934214,-9.130738112860918,-2.026989811486006
1779768662284,-0.35269645311627534,-9.215283358985186,-2.0302815465077755
1779768662300,-0.02693549932911992,-9.422680493274331,-2.0187597432792184
1779768662317,-0.1405102944523096,-9.356541256934404,-2.303071190422773
1779768662334,-0.2976298057995271,-9.324518809729813,-2.3409293580435215
1779768662350,-0.4240735581436427,-9.130139562445878,-2.3808824521169063
1779768662367,-0.32486377890185686,-9.055770257899164,-2.578703510417789
1779768662383,-0.2639614385684137,-9.191489810943603,-2.4570481385611
1779768662400,-0.20889480723468584,-9.490915240588784,-2.234387676427513
1779768662417,0.1146219158562133,-9.722105338397622,-2.076370074596256
1779768662434,0.3256108001601649,-9.720609546881914,-2.176029157091677
1779768662450,0.4314046978994622,-9.598355624610186,-2.2014669652089474
1779768662467,0.024839271401963195,-9.374797044593095,-2.3482614544972775
1779768662484,-0.16250699937210883,-9.335442354804277,-2.4325077176749703
1779768662500,-0.20799673501695504,-9.437644838172197,-2.3531996415518224
1779768662517,-0.13467436397359706,-9.402031088477372,-2.30366959470734
1779768662534,-0.11462289767032488,-9.400983625251055,-2.2578807802177963
1779768662550,-0.057461406099330634,-9.425224917060136,-2.2076025453545154
1779768662567,-0.06434469933966175,-9.512762915259598,-2.2101463846184313
1779768662584,-0.044143695897329596,-9.584439327460528,-2.180218863866478
1779768662600,-0.11686769918873906,-9.574562661090493,-2.23812817813009
1779768662617,-0.282217233076971,-9.5633404253304,-2.133831206700951
1779768662634,-0.28730494813742113,-9.602996143892407,-2.167051193127036
1779768662650,-0.0754178820178844,-9.520245379969477,-2.1999710275627673
1779768662666,-0.06000530016217381,-9.515457561171054,-2.131137729833275
1779768662683,-0.1279408088017255,-9.572617956763505,-2.0730781934440135
1779768662699,-0.2864069581180811,-9.673024788886307,-2.150291343114525
1779768662716,-0.28760398588292296,-9.592818448749185,-2.1728861828908324
1779768662733,-0.22834775052238254,-9.549274490576982,-2.1826130655266343
1779768662749,-0.13003566218912602,-9.526679212409258,-2.1383201886832715
1779768662766,-0.18929208021275698,-9.513960016089678,-2.0470412503898143
1779768662783,-0.30451329083610323,-9.723303023749589,-2.009183082769066
1779768662799,-0.2437603871770203,-9.623045244708656,-2.10719556710124
1779768662816,-0.34865638394523407,-9.534909280616045,-2.1128816499136387
1779768662833,-0.45759252294972536,-9.53206616614461,-2.1058486825369296
1779768662850,-0.5603934106022119,-9.532815523207187,-1.9885330934502183
1779768662866,-0.6597527064334601,-9.70369991313517,-1.9653391187369822
1779768662883,-0.4641764679173007,-9.605987142401933,-2.0711329045951365
1779768662899,-0.2659066429356113,-9.469368594691156,-2.045245306883752
1779768662916,-0.39668979902379214,-9.537004207068682,-2.019507785167545
1779768662933,-0.4780926554691046,-9.585187515479326,-1.9936204797171055
1779768662950,-0.7546230933476239,-9.992052160102128,-1.9593534684561191
1779768662966,-0.02858151297047734,-9.19343743788004,-2.0569176244989036
1779768662983,-0.2657568957339972,-9.521292258673906,-1.9267326169669627
1779768663000,-0.34850670980885623,-9.192388221088052,-2.1751308930777014
1779768663016,-0.3951936787145212,-9.48029155524373,-2.126050051305443
1779768663033,-0.335937187625654,-9.477299972212315,-2.1239552709832785
1779768663050,-0.3443166377078742,-9.497050382342934,-2.132034970933944
1779768663066,-0.15756894474830477,-9.422680493274331,-2.216730146922916
1779768663083,-0.22385829361602663,-9.484929151916504,-2.2301976773917676
1779768663100,-0.13302841426432133,-9.382877475196123,-2.175430168285221
1779768663116,-0.5653314880589023,-9.616312721583247,-2.15822198998332
1779768663133,-0.45355216151773925,-9.705196873694657,-2.1474479363821444
1779768663150,-0.3506017093267292,-9.706544781172274,-2.1728870596736667
1779768663166,-0.2500450569370761,-9.666741763094066,-2.088341375157982
1779768663183,-0.28790333415567876,-9.66539385561645,-2.0418039342582226
1779768663200,-0.603040054608509,-9.539698268458247,-2.0157672834649683
1779768663217,-0.6241392124669626,-9.406969713923335,-2.1887480611503123
1779768663233,-0.4828810587894171,-9.363424586707353,-2.1609156129814684
1779768663250,-0.29448733392218124,-9.402929498621821,-2.084151668383181
1779768663266,-0.2952357228703797,-9.60718599679768,-1.996463886449486
1779768663283,-0.3474590273868292,-9.660155954962969,-2.0061904768243433
1779768663300,-0.36646324052633716,-9.564986438971758,-2.028486479784548
1779768663316,-0.2904473195500672,-9.456798451453446,-2.131735987987369
1779768663333,-0.3113966388753615,-9.494807571852206,-2.1751313314691183
1779768663350,-0.343568668884784,-9.433305347663163,-2.123805341118574
1779768663366,-0.26171664389986543,-9.433754260474442,-2.0655961671255527
1779768663383,-0.2084458761570975,-9.440039039832353,-2.0477892922781407
1779768663400,-0.22550445338785646,-9.456649398371576,-1.988532947319746
1779768663428,-0.1505361600346863,-9.782261408674715,-1.5821176538996398
1779768663433,-0.5310645498631522,-9.563640869581699,-1.8854327844597398
1779768663450,-1.5586259383488446,-9.406669854193925,-2.376992020549625
1779768663466,-0.5692221022892743,-9.502437920600176,-2.397342734660953
1779768663483,-0.09561912292223423,-9.807547825622558,-1.9087761045157907
