timestamp,x,y,z
2013130500000,-6.003983244302755,-7.199460960064165,-1.9223405047640716
2013130500016,-6.353962090486706,-7.318159023912745,-2.079226695210754
2013130500033,-5.933875727436315,-7.414120434324891,-1.6214893038444127
2013130500050,-5.396368944117213,-7.558647331487832,-1.4594837862708756
2013130500066,-4.737783973680051,-7.148007949625017,-1.1771496287621828
2013130500083,-5.2105874612035015,-6.937904933024111,-1.5106515813037895
2013130500100,-4.418860536470039,-7.394952668751051,-1.3856946625679052
2013130500116,-3.897547940217607,-7.112681462083432,-1.4806551682988103
2013130500133,-4.173545255139119,-7.55752950021728,-1.5508859975287939
2013130500150,-4.079826151253112,-7.428215542926185,-1.4565156955143275
2013130500166,-4.00867423177149,-7.470471283752717,-1.4480132934363303
2013130500183,-3.982599087143887,-6.988882992697152,-1.7634410813232284
2013130500200,-3.6088453759874364,-7.280082627173109,-2.15819808437238
2013130500216,-3.7105200357161445,-7.840456729805037,-1.715732251282096
2013130500233,-3.8383824745631543,-7.784066038222447,-1.647968869318689
2013130500250,-3.6033867459701696,-7.904285200626587,-1.7738708727097763
2013130500266,-4.108415339247008,-8.093252227343818,-1.3371923450077956
2013130500283,-3.5110787810657,-8.219093322873837,-1.4245821668224665
2013130500300,-3.3636222837217087,-8.299992998110582,-1.6721835883628453
2013130500316,-3.6496194003864693,-8.176089897033297,-1.2346461334352365
2013130500333,-3.5856387808980137,-7.53501848345183,-1.6505471183022573
2013130500350,-3.257194994130783,-7.629343750313652,-1.819988235307194
2013130500366,-3.2142970235758255,-7.634141888884651,-1.4661830745232944
2013130500383,-3.374101508081288,-7.977065926732946,-1.2592332271629163
2013130500400,-3.244537836872333,-7.996624589079341,-1.454677606100955
2013130500416,-3.6391117069375483,-8.132224502701602,-1.4292544420973754
2013130500433,-4.109693062815683,-8.289117382929167,-1.4852082371462254
2013130500450,-4.394944211024723,-8.47537895035091,-1.4056356875388112
2013130500466,-4.564654428668909,-8.39608951590889,-1.0997318756604821
2013130500483,-4.48886455722986,-7.6423422766865405,-1.0915887339765025
2013130500500,-4.954975983628864,-7.0664577097332755,-0.9570973599649212
2013130500516,-4.556302153666543,-6.943296569584427,-0.9142811876720899
2013130500533,-4.482478874107101,-6.82989858810661,-1.1405435812175386
2013130500550,-4.666468982605124,-6.916272504796785,-1.5356311311903874
2013130500566,-4.682812146795646,-7.769003745697862,-1.5519040455159414
2013130500583,-4.622612676056182,-7.374493184382546,-1.4081117543491255
2013130500600,-4.586842801997029,-7.739704942953067,-1.4481278991479494
2013130500616,-4.373271852073338,-7.636746328102475,-1.3893072582317807
2013130500633,-4.942846525834602,-7.81755213834652,-1.0886120216384032
2013130500650,-5.262592531697574,-8.316238952764737,-1.1705425437187373
2013130500666,-5.234970761090146,-8.00561993102168,-1.3468802718068988
2013130500683,-5.601866429574731,-8.382744046636468,-1.534965837239531
2013130500700,-5.684872886310325,-8.16047600839917,-1.7008383343799536
2013130500716,-5.774618344908843,-8.042060881115242,-1.62724747177655
2013130500733,-6.545081778665184,-8.741930102743288,-2.0428013877931077
2013130500750,-6.12306620475595,-8.738619418605158,-2.0464073759755075
2013130500766,-6.384054011469454,-7.955902381630457,-2.237745494774079
2013130500783,-6.113180147049516,-7.745862718316875,-2.2801573558547292
2013130500800,-6.700685983818102,-7.390019423143541,-2.4321776624812954
2013130500816,-7.226586482853049,-7.418627060826292,-2.5072392947137034
2013130500833,-6.969103823636121,-7.642957345166191,-2.1695480270706513
2013130500850,-7.232543495101282,-7.657302574921861,-2.097639743299789
2013130500866,-6.601233988155467,-7.156532811151276,-2.0532975846106227
2013130500883,-6.8379479861554895,-7.055244276373401,-2.1100552460218234
2013130500900,-6.710422039773155,-6.353957072735828,-1.7168764173853572
2013130500916,-6.157742808794235,-6.544441718928801,-1.6674785153967648
2013130500933,-6.144657006298197,-6.709173077540306,-1.7327142830797593
2013130500950,-6.187259411144469,-6.820989140493569,-1.813201493738649
2013130500966,-6.550107218218639,-7.018967441491559,-1.6452817585623503
2013130500983,-5.63964552342911,-6.405193229027293,-1.7688488889497103
2013130501000,-5.277484949241153,-6.645216413402146,-1.5007082155542468
2013130501016,-5.370693757656081,-6.634381804292704,-1.3949788276739967
2013130501033,-4.864800993432953,-6.575398194764207,-1.1101949912408402
2013130501050,-5.226403212573584,-6.957193859377999,-1.2447100803088298
2013130501066,-5.1137447788596715,-6.895359410181033,-0.9181431261645124
2013130501083,-4.944865047681364,-6.942495737321279,-0.9539976829337639
2013130501100,-4.864875066188119,-7.513309635133023,-0.9842440699425105
2013130501116,-4.497319615059475,-7.289252567399232,-0.7347913673423743
2013130501133,-4.11565254780036,-6.999303728380376,-0.5462833801097411
2013130501150,-3.6624098114576613,-7.187912782501929,0.11337461683765593
2013130501166,-3.076386460307849,-6.946562301970046,0.29514651072962783
2013130501183,-2.875221576323556,-7.138972917283629,0.4950185135041738
2013130501200,-3.0457842562592057,-6.141745096955092,0.5562775382361735
2013130501216,-2.726452188269715,-5.9187836745174405,0.3383201421639095
2013130501233,-2.586958326832313,-5.9780201969853035,0.8685977445962525
2013130501250,-2.0105623264305574,-5.996931250672301,0.9760841158235629
2013130501266,-2.0487935915962083,-6.545122884181268,1.263948997612852
2013130501283,-2.7971493394213907,-6.99246278521554,0.6405806551704161
2013130501300,-3.220800770865966,-6.2978214662785215,0.47127932574544174
2013130501316,-3.406007448500258,-6.756443797241213,0.4410764051827383
2013130501333,-3.009428330153157,-6.705941478451937,0.4623358410151348
2013130501350,-2.6617246088078144,-6.537463382602124,0.28639559640089063
2013130501366,-2.619355174347672,-6.865506217146098,0.46650075073283936
2013130501383,-3.141051504916451,-7.140072390762653,0.5628151195269542
2013130501400,-3.6936961476484695,-6.7939907822180805,0.2751305558141861
2013130501416,-3.927925251291236,-6.773265942156909,0.058152555826852526
2013130501433,-4.625807563256634,-6.560064066405026,-0.09276629559223482
2013130501450,-5.146044720556623,-6.809514049980133,-0.4497821975561189
2013130501466,-5.415121622706727,-7.283974061554838,-0.5123932208964981
2013130501483,-5.45275379789778,-7.081936392818672,0.2959880927351053
2013130501500,-5.539922697311279,-7.4713597671730225,0.43145563040013846
2013130501516,-4.623332457342919,-6.490088052877814,0.2877920094073101
2013130501533,-4.882350295802,-7.44245625661109,0.4036449693065367
2013130501550,-5.053284023690568,-7.458110357380977,0.23524803477394762
2013130501566,-5.734109326315088,-7.691148054980279,0.08589835825294112
2013130501583,-5.878758741675091,-9.16134728038956,0.37290079006247767
2013130501600,-6.135058655053698,-9.973320664387993,0.7034057935607669
2013130501616,-5.930011389090413,-10.206171131777822,0.11185606764141176
2013130501633,-5.826732917627567,-10.069238733223674,-0.0007929752785749145
2013130501650,-5.747056479666624,-10.126187927267328,-0.4147644305018543
2013130501666,-5.495674719939281,-10.176984021619923,-0.7700741565077089
2013130501683,-5.384451097513936,-10.863855192252949,-0.6770176567702195
2013130501700,-5.790997515098189,-11.530636978582134,-0.8968390536265582
2013130501716,-5.7937169979007255,-11.65965839715576,-0.7906778095955749
2013130501733,-5.634005183245533,-11.133851092338162,-0.4593619842513188
2013130501750,-6.181413983087671,-11.44231559639884,-0.30325666600213874
2013130501766,-6.359106437276326,-11.620611938733504,-0.23819792605445156
2013130501783,-6.186808141271946,-12.134478149448226,-0.5831583495657351
2013130501800,-6.195833221360442,-12.541783657816435,-0.6853045890279255
2013130501816,-5.567344988779565,-11.939716020621088,-0.6298010865694168
2013130501833,-6.407623795501765,-11.672081531810463,-0.8350470927948128
2013130501850,-6.247161116350984,-11.654879448570618,-0.7296779386420487
2013130501866,-6.997233678586949,-11.958329948982092,-0.48704994461210305
2013130501883,-7.442931135476067,-11.663724647782217,-0.6421894286971725
2013130501900,-7.814484439320226,-12.327005055974507,-0.7918277232317519
2013130501916,-7.221118433159747,-11.918019046684817,-0.8659536130150636
2013130501933,-6.7648367323148575,-12.118591512128894,-0.9419694792925497
2013130501950,-6.709296013845707,-11.793608489079459,-1.101722083889364
2013130501966,-6.819311600073894,-11.886924143239064,-1.5425332194404917
2013130501983,-6.690069746904675,-10.916437776918961,-1.7375492666711505
2013130502000,-6.510705987245487,-10.5424635754209,-1.1936651839873067
2013130502016,-6.624268264141305,-10.037165709737152,-1.0122522282442508
2013130502033,-6.654617642381525,-10.679661433551445,-0.7673357926260471
2013130502050,-7.015721589007418,-10.378910961246277,-1.0730246921703634
2013130502066,-7.24910602930974,-10.227622087874838,-1.2232168975618478
2013130502083,-7.211016056208777,-9.743068668302373,-1.3367595618614136
2013130502100,-7.3649590707562,-9.965878661564211,-1.491974854535185
2013130502116,-7.491029688740571,-9.964242801476058,-1.535334757131764
2013130502133,-7.492562005906356,-9.610987093803457,-1.419209866246602
2013130502150,-7.562060248429656,-9.067650662893271,-1.3081557775128219
2013130502166,-7.378864994482143,-8.881939154632029,-1.3512614870305493
2013130502183,-7.386626512722868,-8.565505427241424,-1.6497203880873963
2013130502200,-7.577008278577794,-8.303458099514312,-1.3832374428427432
2013130502216,-7.204029131367211,-8.161717168212963,-1.3273739799213626
2013130502233,-6.9724080793326095,-8.150198108792441,-1.2823609876434852
2013130502250,-7.44889101127983,-7.514942703860697,-1.3297724875218462
2013130502266,-7.833646979579779,-7.9660314190676,-1.7089702909421958
2013130502283,-8.147579667436698,-8.126922625501267,-1.7298241871553086
2013130502300,-8.097396016621179,-8.019580510224994,-1.5405322259396876
2013130502316,-8.60950997964857,-7.548213077590649,-1.2987433478957717
2013130502333,-8.384002915278778,-6.323050984596928,-1.6262442362544476
2013130502350,-8.29705377347619,-6.3144688084193366,-1.4915176727258577
2013130502366,-8.115053828629021,-5.740610183687877,-1.7589178801490841
2013130502383,-7.780936793706277,-5.739591825226943,-1.6670353935717936
2013130502400,-7.300658910378939,-5.057501252028308,-1.3992775425287396
2013130502416,-6.673158877707304,-4.989592864909906,-1.639104556743973
2013130502433,-6.019986766100265,-5.595183883653931,-1.6359475449535892
2013130502450,-6.770878422820563,-5.181310055657764,-1.5264994721542684
2013130502466,-6.904097310793612,-5.286041238894024,-1.5349483654654934
2013130502483,-6.87241633751895,-5.280929802427607,-1.626129499722377
2013130502500,-7.449188417738322,-5.078022304863805,-1.4510277881213254
2013130502516,-6.434019025804917,-4.961481713382701,-1.369893377559837
2013130502533,-6.379088339467637,-5.346878401412246,-1.48246023867745
2013130502550,-6.062336297600176,-5.503165582920453,-1.6200209832315446
2013130502566,-6.480669570022123,-5.915189331832596,-1.6967465323020758
2013130502583,-5.823269458485352,-5.732432179074228,-1.6428638359200065
2013130502600,-6.540081252809607,-5.4010978176616025,-1.6707978288790435
2013130502616,-7.160181557560415,-5.804288312022047,-1.2027565670947857
2013130502633,-6.898472382447888,-6.395108292162124,-1.650307662202543
2013130502650,-5.865360970415644,-6.459479043605052,-1.620892914994459
2013130502666,-5.880688006375408,-6.581592093272723,-1.6303471512456142
2013130502683,-5.9103935314205325,-5.709392461267739,-1.6831091497058734
2013130502700,-5.352858132305646,-6.0706198789481,-1.9330429326025447
2013130502716,-5.243945136278543,-5.7668095444495036,-1.9263563818457456
2013130502733,-4.694125146793737,-5.462892406711103,-2.3487672326154425
2013130502750,-5.099243947747948,-5.7047598251970975,-2.544458895524643
2013130502766,-5.015243444687019,-5.389396048925465,-2.6864901609808265
2013130502783,-5.257661553326264,-4.885455706023411,-2.5214062746133026
2013130502800,-5.696842237134701,-4.570909245507516,-2.65459161176974
2013130502816,-5.954232671145871,-4.2297524414194605,-2.8343753864683157
2013130502833,-5.65474327269885,-3.6196251212992405,-3.028365283867121
2013130502850,-4.787431204354811,-3.408347458527112,-2.7808717153517644
2013130502866,-5.243183488784332,-3.5453859353689268,-2.521894072196299
2013130502883,-5.217284573845897,-3.719572337904573,-2.283534773714363
2013130502900,-4.766643531669897,-4.460892797838928,-2.2759847122119505
2013130502916,-4.350022050479801,-4.416925025103392,-2.675153627216399
2013130502933,-4.131051495319219,-3.6193074111288412,-2.55463044773704
2013130502950,-4.617555109182962,-3.3406362589102403,-2.1597719514720284
2013130502966,-4.289175639084707,-3.687808813041385,-2.168802196850318
2013130502983,-4.557987312134207,-3.4419463120563893,-2.2078967207591758
2013130503000,-4.817298289343367,-3.1785084655321834,-2.097503692049882
2013130503016,-5.0875844525340295,-2.663080182868524,-2.2018883102002635
2013130503033,-4.915110808448692,-2.8436797145152735,-2.0065952512250513
2013130503050,-4.301137187132499,-3.9522404012126793,-2.0532456829854437
2013130503066,-4.399962129299395,-3.8020127514949533,-1.8997366098280843
2013130503083,-4.748341246987108,-3.2707869461035557,-2.0674419069420535
2013130503100,-5.50792585214362,-3.926197790121801,-1.924482646550395
2013130503116,-6.357350233738805,-3.787704037773195,-2.107445290236945
2013130503133,-6.251396333335123,-3.140121732962655,-2.326819684533011
2013130503150,-7.162041007428498,-2.7869297689777044,-2.3626641269744146
2013130503166,-7.387855684787612,-3.7188535740737745,-2.38645778678826
2013130503183,-8.09116356463186,-3.63355472707924,-1.8789922414136453
2013130503200,-7.746695890883744,-3.252478379544705,-2.0122130406895726
2013130503216,-6.637636323880347,-3.6126559024411757,-1.8024223875295353
2013130503233,-6.530515298391445,-3.669452018667622,-1.8787632490304933
2013130503250,-6.205116026884513,-4.020709879051382,-1.9314626554134477
2013130503266,-6.181856907988553,-3.875432340120949,-2.1123295047255857
2013130503283,-6.1595203497455,-4.1030115165978325,-2.3782217419388045
2013130503300,-6.358112279068529,-4.376187542435497,-2.2692567664325356
2013130503316,-6.820912568828031,-4.040626589133565,-2.385654613801612
2013130503333,-7.075910527805814,-3.43954683258712,-2.309986190284392
2013130503350,-6.244368921764521,-3.237669565670014,-2.458519146308272
2013130503366,-5.957937412052278,-3.0617087703862143,-2.5058139285369836
2013130503383,-6.246572787406537,-3.0568251169451908,-2.6488805863607174
2013130503400,-5.214873648401538,-2.3842067345839633,-2.8877751457025598
2013130503416,-4.337604192076919,-2.093640608912026,-2.7650975072218458
2013130503433,-4.281148964931967,-1.9552833913012986,-2.5729888096548565
2013130503450,-4.812311291058736,-1.7998497599644683,-2.760322882567894
2013130503466,-5.0468915580606915,-1.589001513481171,-2.789636469839506
2013130503483,-5.35951546852433,-1.5669634912736887,-2.489365220543814
2013130503500,-5.695033459745874,-1.1898711113176876,-2.1769068053336373
2013130503516,-5.965635241205554,-1.574151626805067,-2.2126142744454924
2013130503533,-6.142093807296881,-1.3408865072136429,-2.1228382046949132
2013130503550,-5.626396938421295,-1.1192722713532506,-2.3091653436228987
2013130503566,-5.474430309846814,-1.1500989825345798,-1.732475093803917
2013130503583,-5.486766007535258,-1.3935077730524457,-1.7997708778320107
2013130503600,-5.876807721000996,-2.1395787527603845,-1.9336058680172525
2013130503616,-6.175564363345264,-2.8357049923181723,-1.9236080729044331
2013130503633,-6.393662068194681,-2.865528185997152,-1.9804602922808772
2013130503650,-6.26217414993447,-3.956243400086314,-1.940144480323803
2013130503666,-6.517137772073285,-3.8119876503137275,-1.9291950597280123
2013130503683,-6.609496888873941,-3.642956124015989,-1.5265840598355391
2013130503700,-6.487438139629247,-4.385547017031865,-1.5304616449633948
2013130503716,-6.982965733682567,-4.9381614303766295,-1.484578662108121
2013130503733,-6.914028732294765,-4.291481357838087,-1.4684758639569306
2013130503750,-6.696457696495056,-4.3904129358199775,-1.2116027081554024
2013130503766,-6.775323122796664,-3.9086492389974716,-0.9033034342701732
2013130503783,-7.187135491324517,-3.9406125823094755,-0.646065852121869
2013130503800,-7.4212721579001775,-3.8625333349200237,-0.3558137514405164
2013130503816,-8.08529180012696,-3.5841816932900623,-0.4692991130476136
2013130503833,-8.309674822157376,-2.99942502288273,-0.5428401054699237
2013130503850,-8.15463355885865,-2.9011266405450975,-0.8725358987275867
2013130503866,-7.647483792191439,-3.2682567960183,-1.0375373456349704
2013130503883,-7.721147601962646,-3.2476015916936514,-0.7219516602565159
2013130503900,-8.106281888348642,-3.631540686717463,-0.48216482944688055
2013130503916,-8.56440328255289,-4.456930311494396,-0.25642071281642864
2013130503933,-9.099677240719311,-4.753056861473099,0.02591521880935499
2013130503950,-9.22487878707246,-4.3850928590988625,-0.3905032856199946
2013130503966,-9.274283787376048,-4.988553171638907,-0.5755221496323843
2013130503983,-10.013613116628004,-4.250188216472092,-0.8889684352306882
2013130504000,-10.351535657427927,-4.066726677536524,-1.1464996924474553
2013130504016,-9.351325718993968,-4.439616603396551,-1.332001841851966
2013130504033,-9.657304281899414,-4.040884713478228,-1.0856615199355266
2013130504050,-9.943238344574112,-3.9506664204663977,-1.1064903392660175
2013130504066,-9.975847110895348,-4.377541583742358,-1.037565509703621
2013130504083,-9.589379116096389,-3.8744336329910203,-1.0125668239663055
2013130504100,-9.558864950176513,-3.1604534328713885,-1.1459730099350312
2013130504116,-9.770947742037944,-3.725673183556455,-1.2429389664609296
2013130504133,-9.152571852407746,-3.4890411916366566,-0.761909999634117
2013130504150,-9.573473180284495,-4.417625888423705,-1.0226654542828044
2013130504166,-10.061417371853327,-4.390688366871077,-0.948073069120038
2013130504183,-9.903519582863575,-4.330333420936963,-0.9282182226495483
2013130504200,-9.931194859864277,-4.303179138697609,-1.1526883311286686
2013130504216,-10.355372317662184,-4.980061372299546,-1.1673721500363279
2013130504233,-10.260838527665388,-4.979741291601426,-1.4957855943287923
2013130504250,-10.29252557325615,-4.848444206139563,-1.1935135396101932
2013130504266,-10.062780117634347,-4.577726121115602,-1.0507029126587168
2013130504283,-9.422676060299501,-5.098627060493451,-0.6392366872883215
2013130504300,-9.258220119574135,-5.322167782732852,-0.649010961970931
2013130504316,-9.457455708066007,-5.593310709948883,-0.6949170443820845
2013130504333,-9.253446846722108,-5.2726808782912515,-0.29300918427362066
2013130504350,-9.428756240041938,-5.724691277359189,-0.3777378224820851
2013130504366,-9.811516233960996,-6.483312701795136,-0.3856409153878584
2013130504383,-9.599801227835725,-6.998911460850169,-0.46849841230142486
2013130504400,-9.843139644354334,-7.334606933805886,-0.38965777797347734
2013130504416,-9.718990322416115,-7.510664424316346,-0.74674778333479
2013130504433,-9.884045838167497,-7.389719897701859,-0.8034680033911228
2013130504450,-10.157379259399065,-8.030635371194801,-1.137273866451759
2013130504466,-9.54161006450694,-7.891569590358347,-1.3715223916034933
2013130504483,-9.013043636879434,-7.898247643178224,-1.141148508940994
2013130504500,-9.855325710652732,-7.902039166878652,-1.1388365932723894
2013130504516,-10.113525002049593,-7.624307473990795,-1.3924991821266341
2013130504533,-9.85275780706035,-7.731211917509441,-1.5408561759153818
2013130504550,-9.906740990574978,-8.033660042849549,-1.3630555254077639
2013130504566,-9.445826895982545,-8.193717687426103,-1.1567286254399876
2013130504583,-10.096906799393581,-7.6607592086669,-1.5726751741865246
2013130504600,-10.452827522033255,-7.6751218987070455,-1.8709153014350282
2013130504616,-10.519261242596883,-7.147718906788442,-2.0739937681939655
2013130504633,-10.381738542777335,-7.369741713291353,-1.8649875821613031
2013130504650,-9.546754893200038,-6.732618005711766,-1.9133823006184414
2013130504666,-8.916374467577327,-6.588615665984534,-1.660628374451224
2013130504683,-8.71567198407934,-6.655857720540465,-1.6099233088721836
2013130504700,-8.83239627355918,-6.675086321600887,-1.8241655376026558
2013130504716,-8.803626448089595,-5.859165696375614,-1.8583297080340182
2013130504733,-8.320016303975397,-6.2352897669472185,-2.105303121648113
2013130504750,-8.395166665930429,-6.434179300151971,-2.2727380624005016
2013130504766,-8.480600730398665,-5.969420036568631,-2.453725107847924
2013130504783,-8.319007580804675,-6.4588130467508496,-2.314789847603452
2013130504800,-8.644643533151855,-6.352722845731552,-2.3660077558287096
2013130504816,-8.501427200793284,-6.570547614185891,-2.113509597833583
2013130504833,-8.127457977312483,-6.219959010121765,-2.0715811155633608
2013130504850,-7.67848651276065,-6.158123049121014,-2.102099600270512
2013130504866,-7.659589374271642,-6.023380467055011,-1.7426364151700922
2013130504883,-8.16108920887839,-6.303162445802316,-2.1827442779024393
2013130504900,-8.840867178913056,-6.9183733988924505,-2.0199964634549357
2013130504916,-9.542595157291979,-5.978264515694644,-1.9206634372015474
2013130504933,-9.047963735519224,-6.258019979049821,-1.9977363965431298
2013130504950,-8.551021002415885,-5.942824070522307,-2.0453051699116997
2013130504966,-8.230325672944371,-5.86991045179587,-1.6436528915010808
2013130504983,-8.674090703369053,-5.239780920083074,-1.808016131209421
2013130505000,-7.964464158664012,-4.602192852760263,-1.616155765956871
2013130505016,-7.639145334148546,-4.766773955625644,-1.501582025566768
2013130505033,-7.392953294038963,-4.032543590040751,-1.6373320229730068
2013130505050,-7.395001338617536,-4.5372527097662525,-1.758569362865716
2013130505066,-6.5937242917308705,-4.771604741676212,-1.6581724611791795
2013130505083,-6.741137508556236,-4.297400709221446,-1.4847473815490355
2013130505100,-7.4928702978968005,-4.109922202852163,-1.7962283012083013
2013130505116,-7.733834623562317,-4.6143149102853025,-1.940990546867414
2013130505133,-8.414740019150086,-5.330784724013567,-2.0079824408879974
2013130505150,-8.667282229103552,-5.121856573348475,-1.7517085886135166
2013130505166,-9.29072836727991,-5.400542602516907,-1.9785922748663316
2013130505183,-9.231584415231922,-4.8209621186255776,-1.5618806235777651
2013130505200,-9.321577491221397,-5.117426037868425,-1.6249534999363324
2013130505216,-8.79880231079348,-4.818024286667364,-1.5133347910918715
2013130505233,-8.986142774868895,-4.693148428751968,-1.680058771853607
2013130505250,-9.01102434943565,-4.860472695257337,-2.180101947747978
2013130505266,-8.715629217066258,-4.632764133146401,-2.177767955001709
2013130505283,-8.534022932910194,-4.690971814653711,-2.097761232151885
2013130505300,-8.783601612439641,-4.779970173096,-2.003892129035487
2013130505316,-8.85294926878835,-4.697722914920202,-2.1134816275955917
2013130505333,-8.7863146418373,-4.7589068763956535,-2.344695967218391
2013130505350,-8.893890302352535,-4.923156178108691,-2.1509160262191247
2013130505366,-8.622148088539198,-4.776890853912287,-2.221711776297188
2013130505383,-8.482897093091777,-4.607874550374378,-2.2783422521382004
2013130505400,-8.216727302922571,-4.091462927337181,-2.2250122803890604
2013130505416,-8.396840133913543,-4.10324864332003,-2.429851003296099
2013130505433,-8.347836551142588,-4.476585248274886,-2.47291907523854
2013130505450,-8.564002831697987,-4.736849433233811,-1.6814677949700751
2013130505466,-7.98494228284377,-4.505153112173316,-2.0691161388714603
2013130505483,-7.541840609053118,-4.386387048362248,-1.45333529817914
2013130505500,-7.878521340203482,-4.4965970569957046,-1.4867996793725133
2013130505516,-8.705514162272904,-3.8542602301490163,-1.6493929292351248
2013130505533,-9.288220516905671,-3.6843531573350345,-1.8423104315878982
2013130505550,-9.432132311738101,-3.586932891571293,-1.6498816368084264
2013130505566,-9.435364817372697,-3.4911953650900185,-2.0335898400673282
2013130505583,-9.255914767598899,-3.447592572120865,-2.060180070029641
2013130505600,-9.113605081793118,-3.5886505843246472,-2.4422474273351735
2013130505616,-9.14932951168848,-3.1519571416534014,-2.5527477371691996
2013130505633,-8.370957799341875,-3.3883859970500874,-2.4575188718352803
2013130505650,-9.159689581605601,-3.681883489571185,-2.436072470262548
2013130505666,-8.973935703222187,-3.5353345322257015,-2.853818446809226
2013130505683,-9.48011992200485,-3.9418445809269205,-2.7509100577883716
2013130505700,-9.56412907496881,-5.304596392847314,-2.7526866127303378
2013130505716,-9.626652939140698,-4.37897407939329,-2.590609589436764
2013130505733,-9.660462457395672,-4.5158511611705965,-2.528700698079798
2013130505750,-10.180906799201624,-5.478925540080213,-2.2644587406380374
2013130505766,-9.378537866041766,-6.0538772790887,-2.358259462725883
2013130505783,-9.630890211926724,-5.6937231471081144,-2.324254861882097
2013130505800,-9.967804476059362,-5.738456765328018,-2.1552907410754347
2013130505816,-10.159437877117117,-5.548708758489035,-2.704762872491415
2013130505833,-10.177413713056563,-6.183361339835609,-2.682675416538061
2013130505850,-10.78872097601202,-5.717949750237839,-2.559002060694503
2013130505866,-10.57404680985215,-5.212250377440882,-2.3882073057869624
2013130505883,-10.274090479478893,-5.7026447733682595,-2.320948837174722
2013130505900,-10.007477594505415,-6.114375738973413,-2.51855550283022
2013130505916,-10.208843337434953,-6.595040578641397,-2.3135039029924576
2013130505933,-9.478929037393923,-7.058799297833493,-2.32121898689362
2013130505950,-9.843470323313804,-7.032637182924908,-2.226594687735637
2013130505966,-9.185245026036299,-6.609063470826576,-2.1551804157884686
2013130505983,-9.585243269669249,-6.624953812692001,-1.7525656047100426
2013130506000,-9.76241686347005,-6.367338222859267,-1.8331833671472715
2013130506016,-9.802899125056408,-5.926372687091246,-2.0285740888365438
2013130506033,-9.83605531236266,-5.96075974808005,-1.623996565819958
2013130506050,-9.067406756293682,-5.8887820509859345,-1.483436148770627
2013130506066,-9.512644112263196,-5.671222184797818,-1.4607126543474336
2013130506083,-8.825927077960042,-5.8300870800915625,-1.6742857838070526
2013130506100,-9.457645306154758,-5.913815972215848,-1.5981500969193183
2013130506116,-9.91668225986558,-5.8773168318148405,-1.3086312940857021
2013130506133,-9.773793166665339,-6.426334873862086,-1.4957794116937044
2013130506150,-9.620277387234719,-6.244986897864703,-1.167496952569487
2013130506166,-9.392496893362331,-5.742917250120023,-0.9326319621465252
2013130506183,-9.687863585518436,-6.322252567119088,-0.6439864554738384
2013130506200,-9.753307579167885,-6.435033842426227,-0.7261280671337766
2013130506216,-9.500206335306016,-6.67014269203533,-1.0540149928030642
2013130506233,-9.03436696951441,-7.052484647671872,-0.9616015762580538
2013130506250,-8.79432330988804,-7.441846147029534,-1.1007132395214398
2013130506266,-8.626528037294023,-7.340150100446888,-1.2084698820329391
2013130506283,-8.647569328869949,-8.12283342350821,-0.5910928563255111
2013130506300,-8.907961505425803,-8.5614226008254,-0.47453244092735836
2013130506316,-8.939822242368045,-8.720243170315266,-0.8086362688458675
2013130506333,-8.793383843901697,-8.346203980810465,-0.5683266783630947
2013130506350,-9.864586627401431,-7.349082571286625,-0.5297280704020264
2013130506366,-10.574274210309706,-6.9755101060441715,-0.40628207196887356
2013130506383,-9.894429382401242,-7.779017759257538,-0.5278977486205167
2013130506400,-10.014115129827985,-8.170590244481247,-0.620485645918581
2013130506416,-10.035185073908789,-8.77412033569906,-0.44502465060609
2013130506433,-9.713773217189814,-8.23536263574481,-0.587027736925841
2013130506450,-9.81975025924036,-8.29891950386266,-1.2320297684102044
2013130506466,-10.178650579061127,-8.110806235286951,-1.3691999188188575
2013130506483,-9.482776167995773,-7.218077114353748,-1.4718317182885914
2013130506500,-9.666272172548839,-7.56000206884453,-1.4074841045322404
2013130506516,-9.799470379718322,-7.62737440023195,-1.4206768564290417
2013130506533,-9.58300445546425,-7.348461929063159,-1.4351323350700056
2013130506550,-10.300431236698895,-7.382214076754442,-1.4290680718082884
2013130506566,-9.845522533779853,-7.31955265036223,-1.4189177431724016
2013130506583,-8.765739805913176,-7.637903612656228,-1.3577418512637984
2013130506600,-8.982985160461748,-7.79559339841031,-1.4896415652610766
2013130506616,-9.201311673413262,-7.583863375457709,-1.517183703301652
2013130506633,-9.06568456206828,-7.585408810040763,-1.6720617636222734
2013130506650,-8.909963148058416,-7.493491160029123,-1.5319054341109366
2013130506666,-9.107600826235899,-7.020933727431483,-1.4974790844424535
2013130506683,-9.425031503525314,-6.868115602053673,-1.3099340799769572
2013130506700,-9.013772135637872,-8.096797583893885,-1.7005793021217261
2013130506716,-8.069999210805854,-8.036275750112582,-1.680756198955879
2013130506733,-8.350735614294955,-7.801411711465092,-1.759490055286411
2013130506750,-8.636798694764046,-8.113690499626596,-1.8068587354632195
2013130506766,-8.20764522112846,-8.30731705907774,-1.6493595703583415
2013130506783,-7.8175481107395655,-7.787262262000997,-1.2997514501178937
2013130506800,-8.00693871314086,-8.477974413514655,-1.472155398853211
2013130506816,-7.868255751462245,-7.775185626309187,-1.4198845753817066
2013130506833,-7.867257686689252,-7.832564442157767,-1.2313143078208557
2013130506850,-7.6290641889283695,-7.6816498170521585,-0.9666479770357731
2013130506866,-8.092859419220463,-8.110304789204875,-1.2093864885427053
2013130506883,-8.588018356592745,-8.531377656096371,-1.3451202955959771
2013130506900,-8.408050821231642,-8.370159371371246,-1.4291918137467294
2013130506916,-8.444498792331025,-7.509716341237558,-1.3999012222318707
2013130506933,-9.087364102235782,-7.837965552405455,-1.3429637387582805
2013130506950,-9.556198407851483,-7.361821525552818,-1.403617653382549
2013130506966,-9.761013240342145,-7.263673907654913,-1.471685966341654
2013130506983,-10.00488976085473,-6.948431034148714,-1.440348847188844
2013130507000,-10.51754540181408,-6.306842095818255,-1.634342851913622
2013130507016,-10.638030041244559,-6.352164599929815,-1.7642568070300737
2013130507033,-10.685236940993313,-6.522517067698917,-1.8331749311664898
2013130507050,-11.025633348182678,-7.105354859098747,-1.9642732478861773
2013130507066,-11.115170960016474,-7.220459300815326,-2.209782201668048
2013130507083,-10.778276483118457,-7.616616476249833,-2.297306120138291
2013130507100,-10.610274684764935,-8.132721609212352,-2.082335641514918
2013130507116,-10.648608905170379,-8.10147624310534,-1.7062001111002838
2013130507133,-10.92943599178438,-8.678240718929978,-1.6527302531703134
2013130507150,-10.76451232739152,-8.71172832731475,-1.8001801239713826
2013130507166,-10.69189569731146,-8.766181643292892,-1.2712318469208563
2013130507183,-10.91255653421628,-9.1115109864863,-1.260053175601731
2013130507200,-11.199389626309282,-8.436873791445407,-1.3928152830031666
2013130507216,-11.909431382570137,-8.906203659543284,-1.2656189902827275
2013130507233,-11.938815519823294,-8.852734424042502,-1.1585946154058946
2013130507250,-12.022362680834302,-8.669047952956863,-0.8877054051309528
2013130507266,-11.52110559532529,-8.416110624516563,-0.7030126095088642
2013130507283,-11.752287935955945,-8.77627241068307,-0.3123974766487627
2013130507300,-11.828544297262178,-8.657659383035302,-0.6746793174789365
2013130507316,-11.295965365623903,-8.280394611064189,-0.5284926550872173
2013130507333,-11.33582445502104,-7.97015525747983,-0.9813426762859924
2013130507350,-11.461687017939893,-7.986666792998022,-1.190838850383321
2013130507366,-11.377738662048756,-8.111112159096411,-1.0053089744986357
2013130507383,-11.600183039685053,-7.3536212829676835,-1.201541323574036
2013130507400,-11.567775679203175,-6.674483856986445,-1.3845579936083656
2013130507416,-11.214300777625516,-6.778798035978001,-1.2151347098457093
2013130507433,-11.619110549194327,-6.274482003553363,-1.3604880452048116
2013130507450,-12.12282551433823,-5.544981513052105,-1.7384509189139736
2013130507466,-11.975091044293416,-5.9659841123858,-1.9316948762242139
2013130507483,-11.67415550398037,-6.141235057880709,-2.3303071316394264
2013130507500,-11.39978730638504,-5.634538964835139,-2.240297662201574
2013130507516,-11.430710683289067,-4.949205690713249,-2.355086191729288
2013130507533,-11.143522017904658,-4.420487795236908,-1.8433858568235661
2013130507550,-10.880574618960974,-3.9501586984740467,-1.8956379511692953
2013130507566,-11.074482827947596,-3.9634654103730207,-1.895854947259911
2013130507583,-11.24185797354998,-3.7676796453057757,-1.9339364454626407
2013130507600,-11.16475799844374,-2.558711504552025,-2.1133446063588597
2013130507616,-10.622419011662611,-1.9842603958747809,-1.84659911110055
2013130507633,-10.289600257633252,-2.428003016669799,-1.7527540590601627
2013130507650,-9.939970400339401,-3.0739715941477583,-2.0771066787405656
2013130507666,-9.726406764456552,-3.090339189741378,-2.2925170835363615
2013130507683,-9.529195167124453,-3.630992854362045,-1.8980499925850465
2013130507700,-10.341406627874086,-4.6662354337363166,-2.4598467786523095
2013130507716,-10.479582607014194,-5.411857272526356,-2.7770477108887164
2013130507733,-11.146272447891452,-6.354490770086336,-2.8103555252016545
2013130507750,-11.61382579877085,-6.477254767237342,-2.7106053044886913
2013130507766,-11.437433386332733,-5.647454022216977,-2.544483251603367
2013130507783,-11.44444713737951,-5.3339431323841575,-2.5169012266633146
2013130507800,-11.281231123104815,-5.08115555538306,-2.5452310644704923
2013130507816,-11.265223749990682,-5.07020960794602,-2.8755638568386885
2013130507833,-10.850490812970435,-5.124456949785758,-2.857451349198419
2013130507850,-11.479421235469864,-5.096067299141852,-2.8616691508725403
2013130507866,-12.204865109708848,-4.769152233550774,-3.0857427957032315
2013130507883,-12.576714189040441,-4.316479844893101,-2.7384481486544168
2013130507900,-12.7669546613125,-4.127272596021566,-2.823662381203395
2013130507916,-12.333844553837588,-4.77124649667288,-2.420855596412441
2013130507933,-11.83440059260062,-5.4238383666445005,-2.5296844373603546
2013130507950,-11.656277020630684,-6.269682249998573,-2.5209681085008753
2013130507966,-11.67157653602675,-6.333221747448229,-2.274757906142697
2013130507983,-10.952192021758007,-6.1558686725042975,-2.4363353912817356
2013130508000,-11.080403584495132,-6.264565015322145,-2.8029347244341283
2013130508016,-11.418384969618018,-5.744682694566981,-2.5150219781775776
2013130508033,-10.544567586064856,-5.894882419130006,-2.1811094055481672
2013130508050,-10.64297441304482,-5.877534424403737,-2.4182444870605924
2013130508066,-10.185907576127963,-6.257839218302979,-1.7727784007766905
2013130508083,-9.96771989099215,-6.205159521355752,-1.769670764479303
2013130508100,-9.572695399382578,-6.010800243335239,-1.8216290360653975
2013130508116,-8.627119335323838,-5.4371222381902164,-1.928655912841164
2013130508133,-8.251041818979441,-5.192543789748073,-1.4382668852637472
2013130508150,-8.059146900025745,-5.4420244949687735,-1.2747808683428343
2013130508166,-7.431265693175698,-4.408184734756573,-1.2065554696144072
2013130508183,-7.582123638611731,-3.5411547354465776,-1.4939014988953607
2013130508200,-7.304053309349083,-3.75077747667075,-1.7123158186335916
2013130508216,-7.55449479239884,-4.065729752751176,-1.7421735530729607
2013130508233,-8.47260350924796,-4.412234259458147,-1.7297004569812549
2013130508250,-7.569776527192531,-4.195971988402384,-1.6485667369048365
2013130508266,-8.391871799714677,-5.005144761553941,-1.7879363540160158
2013130508283,-8.070622349536329,-5.39616643731742,-1.7465191236183504
2013130508300,-7.992838709032459,-5.609875669342743,-2.307691733676024
2013130508316,-7.606940645076852,-5.017850097719956,-2.4962085178334306
2013130508333,-7.442559896957947,-4.714840336725795,-2.607986213558117
2013130508350,-7.501071854122914,-5.2100845045466615,-2.6826568323054607
2013130508366,-7.257103435610073,-5.061183848040977,-2.8953378137745576
2013130508383,-7.2381840080889,-4.824891287709422,-3.0522252545278836
2013130508400,-6.735571009878873,-3.8776703730808593,-2.8430346530972495
2013130508416,-6.598002320116401,-3.960539904175247,-2.590019683797737
2013130508433,-6.168377305596376,-3.8649747491977795,-2.310086889476323
2013130508450,-6.216465199528135,-4.716216223603611,-1.9646502131523873
2013130508466,-5.942489264692658,-4.3997699818977996,-1.9657203382448176
2013130508483,-5.690870242739975,-3.552777655348102,-1.7639976900549592
2013130508500,-5.2987681314896875,-3.011715570562164,-2.096479666978046
2013130508516,-5.451192528483254,-2.9061244012866476,-2.4306690731087386
2013130508533,-6.4892030047287665,-3.3928321322621993,-2.5272986902707566
2013130508550,-5.839533605758366,-3.8874812927861426,-2.2131206141177864
2013130508566,-5.401591979912943,-3.934118320625853,-1.9902056754595134
2013130508583,-5.024593211322923,-4.2004823228202355,-2.1027466490255264
2013130508600,-4.907898422502428,-4.186390268663896,-1.9723437784076234
2013130508616,-4.946469072138146,-3.917875479844715,-1.813204232573999
2013130508633,-4.327030084629825,-3.8565290185378833,-1.6189145789988464
2013130508650,-3.8621989242013246,-4.2613293600909135,-1.9173361862654204
2013130508666,-3.8187829893336662,-4.259502856756086,-1.5399706013782821
2013130508683,-4.0181432209856975,-4.9542274964724635,-1.544792952616462
2013130508700,-4.60093497859978,-4.805619767372972,-1.4265765271605428
2013130508716,-5.190251474743057,-5.591487985888247,-1.319996567974467
2013130508733,-5.703534037614457,-6.6334777220870516,-1.4118551451104546
2013130508750,-5.891272197448739,-6.226597130975199,-1.312943768668624
2013130508766,-5.838026988142302,-6.542712357285053,-0.8886098542402989
2013130508783,-6.893667341079844,-6.140909972052357,-1.1593049751436824
2013130508800,-6.372067394124976,-6.09664303536932,-1.3114414876813774
2013130508816,-6.6121528750022565,-5.739561546176315,-0.8963718455971966
2013130508833,-6.1994906331260475,-5.784404758617414,-1.1172112730261405
2013130508850,-6.208946486772043,-5.990185275105049,-1.7016523695247614
2013130508866,-6.212424188176384,-6.708517938842999,-1.723547188538705
2013130508883,-6.112850348769806,-6.054053334587181,-1.739101370403319
2013130508900,-5.542617111022473,-6.401465698629067,-1.302858778171301
2013130508916,-5.457638698535343,-6.7507751013327555,-1.4543250976840265
2013130508933,-6.042130047948335,-7.088225868385695,-1.3409944771773752
2013130508950,-5.765055888691234,-6.254648237764746,-1.2285785338877329
2013130508966,-4.852360699764509,-7.001263560364478,-1.2866251276390712
2013130508983,-5.1736601438952246,-6.821137636073,-1.1978268753076247
2013130509000,-5.316803500447997,-7.364631656347206,-1.2276703941327072
2013130509016,-4.905670330873304,-8.297376652980727,-1.22158505767871
2013130509033,-4.460301414538379,-8.079431163168298,-1.6356710036674011
2013130509050,-4.4166251284837905,-7.599822514738831,-2.080153376653134
2013130509066,-4.635224685161498,-7.9190813128537725,-1.9167792687451417
2013130509083,-4.865644888521866,-7.460878594049774,-1.7147757136647466
2013130509100,-5.820993123587149,-7.488039274922968,-2.003295584598984
2013130509116,-6.473201529832603,-7.140728716132177,-1.750469778566962
2013130509133,-6.265686793432209,-6.943180572565699,-1.4891275609993626
2013130509150,-6.102298429966951,-6.051439085702694,-1.5417330838015986
2013130509166,-5.846787403225694,-6.296829194196386,-1.4921644381129697
2013130509183,-6.514537916782581,-6.091277992813582,-1.4314295272719328
2013130509200,-6.006879149414355,-6.000758046899335,-1.3179170372365516
2013130509216,-5.639934499323241,-6.148474630675053,-1.3062807417340838
2013130509233,-6.155996951345224,-6.139383663099747,-0.9258471657097049
2013130509250,-5.538884329124623,-6.043829493296479,-0.5702401194928626
2013130509266,-5.23930057849884,-6.559442010826659,-0.7600019328092087
2013130509283,-5.337278580232121,-6.968742579512971,-0.7343098664240699
2013130509300,-5.240329912637157,-6.01473761051827,-0.580554588643271
2013130509316,-5.511324155536211,-5.851930041579629,-0.6006488651772484
2013130509333,-4.707070123480584,-5.698007574347752,-0.44377546666429324
2013130509350,-4.413759864775073,-6.325287011456753,-0.16138535917378816
2013130509366,-4.378492424871439,-5.914132959584019,-0.09356454781519208
2013130509383,-4.251586564198731,-5.707399001876214,0.05200865552678624
2013130509400,-4.261591806373579,-5.105629064379638,-0.39232297141828876
2013130509416,-4.623773246402987,-4.922105012326593,-0.31431010448553454
2013130509433,-4.163641848299812,-5.14256590372624,-0.1519332394100148
2013130509450,-5.421638445087249,-4.858197287311073,-0.5893922720698297
2013130509466,-4.60359385033864,-5.089509195469078,-0.6640309271459754
2013130509483,-4.37939758663022,-4.963156106148061,-0.4827072185308303
2013130509500,-5.0915782595681565,-5.454907129551523,-0.5613419517531666
2013130509516,-5.212894196776833,-5.576600837694341,-0.606668680611069
2013130509533,-5.150127678600191,-4.759694856964943,-0.5173144244683823
2013130509550,-5.479343679160797,-4.313012008664512,-0.4518782658311229
2013130509566,-5.16976435841389,-4.246516225625093,-0.379504708516506
2013130509583,-5.369586015627217,-4.996126485235551,-0.5858297578782694
2013130509600,-4.498489251411176,-4.705306298800378,-0.7803926332387756
2013130509616,-5.051330490389138,-4.6688160505547955,-1.0244073536281522
2013130509633,-5.320569173505462,-5.029185366026186,-1.0851522971763687
2013130509650,-5.331930351359932,-4.509705133185697,-1.101877660144918
2013130509666,-5.341683891662068,-4.674873564299937,-1.0173256805812068
2013130509683,-5.935526989394711,-5.3663961864917225,-1.0906269186658681
2013130509700,-5.827841706677922,-5.576404849901787,-0.5060831468549347
2013130509716,-5.9499703685742515,-5.013454383492674,-0.292694955418501
2013130509733,-5.923846401490521,-4.799045009318485,-0.40859420058254337
2013130509750,-5.954523902280722,-4.528643257118096,-0.7406966553318843
2013130509766,-5.602106660115991,-4.355621796547224,-0.2815535594064409
2013130509783,-5.243292540154899,-3.586680307235136,-0.5581291586806134
2013130509800,-5.063299924810292,-2.8960589039565683,-0.6129465513467769
2013130509816,-4.86715052371394,-3.3809050850054856,-0.8531381991727518
2013130509833,-4.933451059082074,-3.6063721084313167,-0.9553204070628738
2013130509850,-4.263717085830978,-3.564453465313343,-0.7737009055277702
2013130509866,-4.3145127056936925,-3.280445180192097,-0.5453473667930073
2013130509883,-4.909418686250257,-3.0218354694955303,-0.26788161011840317
2013130509900,-4.909229172451074,-2.8127135176396174,-0.43650566115251155
2013130509916,-4.766745891994164,-2.9443742007531446,-0.39124224804012897
2013130509933,-4.831787765217508,-3.107904364611521,-0.39901650415444356
2013130509950,-4.39601777992916,-3.32331899693961,-0.7715598329496909
2013130509966,-3.7573269914579646,-3.1326008937337795,-0.5865956975271729
2013130509983,-4.229142719291387,-3.6716702715297607,-0.9143964943785465
2013130510000,-4.205225288782563,-4.044180556081921,-1.2392326055720542
2013130510016,-4.517307605964424,-3.697474756442506,-1.0122731560998102
2013130510033,-4.014938096583758,-3.668570097846643,-0.960481965933864
2013130510050,-3.8199045360672343,-2.6768590103911443,-1.2509983381510006
2013130510066,-4.1613444219725295,-2.020151501772876,-1.5303633226165232
2013130510083,-4.0021154474318585,-2.1381339009337177,-1.255491192537617
2013130510100,-4.002176555042232,-1.434424546904915,-1.010443958707657
2013130510116,-4.368430833017481,-0.682229868608677,-1.0010307409316843
2013130510133,-4.283679837506668,-0.8028695006051274,-1.1208911941554685
2013130510150,-4.239236946995424,-1.2571170884111913,-1.2163316773352615
2013130510166,-4.098480978703673,-1.1890672690291773,-0.6924096796083428
2013130510183,-3.9045565486795635,-1.1097728333385692,-0.34036619065993956
2013130510200,-3.070697734847075,-1.4143748074126927,-0.6334827011325697
2013130510216,-3.500726074126385,-1.275931025907311,-0.5341530142070781
2013130510233,-3.890749303369377,-0.628691815480158,-0.4733655307710365
2013130510250,-3.8941662386542726,-0.46917527277030135,-0.3814733318113952
2013130510266,-4.098696906432687,0.5533614397394997,-0.2583323916115101
2013130510283,-4.173979179452593,0.2078043194496253,-0.23160142117017912
2013130510300,-3.911136646233216,0.3130606098630935,-0.26094920750306994
2013130510316,-3.7289977978183004,0.7782807008499031,-0.17141130200760935
2013130510333,-3.478619663124544,0.5894950924065041,-0.11864265662128282
2013130510350,-2.4746521515275814,0.7720294293134069,0.061970690527668015
2013130510366,-3.165444759651166,-0.2846975949043484,0.10497682575983802
2013130510383,-3.741417455852895,-1.486357590889754,-0.18038767529819788
2013130510400,-4.251310371019447,-1.5885436791582892,-0.14417072067714032
2013130510416,-4.2548528315673435,-1.047624895524387,-0.4357127624902988
2013130510433,-4.276414211292325,-1.0073245670073936,-0.28945632233050156
2013130510450,-4.216010613001206,-0.6736984664763979,-0.5087263922620702
2013130510466,-4.615799394651473,-0.5144485431676245,-0.5352664050549594
2013130510483,-4.724099239622109,-0.6031544086303429,-0.5497794032497656
2013130510500,-5.184748776819669,-0.5263131113809187,-0.5359485186621105
2013130510516,-5.032336138866075,-0.9085465115023341,-0.7194118979195214
2013130510533,-5.208975162187231,-0.6382042794349081,-0.6628140030531984
2013130510550,-5.428825249372212,-0.3215222828215136,-1.2167825484971475
2013130510566,-4.966422275334088,0.119821816073304,-1.4171512360570464
2013130510583,-5.445103892145726,0.5546740988795662,-1.4031702383971638
2013130510600,-5.803868525446428,0.09882381106564786,-1.3043082271491646
2013130510616,-6.584985015990726,-0.14520997340737551,-1.5694699771480292
2013130510633,-6.450470879154249,-0.1889193985424802,-1.069800216907383
2013130510650,-6.210722145920993,-0.3682445514146808,-1.3135410159711352
2013130510666,-6.752435725347814,-0.08853911418759264,-0.8889850179736773
2013130510683,-6.549975010780912,0.33346670990225213,-1.0310039712444066
2013130510700,-6.546187678847795,0.8911989267068359,-1.0147871896194087
2013130510716,-6.847176528961851,1.1629777000419992,-0.9207008181764916
2013130510733,-7.054611238508937,1.1360267179634445,-0.6851862830128912
2013130510750,-7.277424392019578,0.9879398635849386,-0.5245003263369212
2013130510766,-7.241068179658502,0.658033586823354,-0.9288751682980468
2013130510783,-6.8552326645306705,0.5983873228391658,-0.7873120411058427
2013130510800,-7.0432810873998495,0.6531386627046132,-0.30076599711062646
2013130510816,-6.723646705420058,0.842596891370949,-0.253300376534481
2013130510833,-6.9035284681968285,0.5290448195790489,-0.24983277541218052
2013130510850,-6.593979738318618,0.678761895156204,-0.07354469153967425
2013130510866,-6.596627107623142,1.1690148845611992,-0.04540056500532219
2013130510883,-6.569259710520799,0.9616547013603425,-0.11015284858319263
2013130510900,-5.602805909527199,0.66827764782846,-0.053151249856614236
2013130510916,-6.318808910901397,0.5795729467050794,-0.014791535252384191
2013130510933,-5.8746634364352985,0.8191603052897714,0.3041307124529995
2013130510950,-5.659951267228337,0.8401887805396049,0.7760991568254925
2013130510966,-5.688523250760879,-0.04171859375866216,0.3463556909457379
2013130510983,-5.694802944868782,0.05878694326595557,0.17484101410434105
2013130511000,-6.522397871047287,-0.3966270202066582,0.11590927522367322
2013130511016,-6.5568007070940215,-0.7492506102706544,-0.2614235857775835
2013130511033,-6.150909348364367,-1.0155933364498546,-0.12421101954656
2013130511050,-5.847659051579543,-0.10274334349942205,-0.19686316017534278
2013130511066,-6.8635302523753765,-1.1123425765252222,-0.30657678943001687
2013130511083,-7.056798616355853,-1.0008733589893257,-0.629888542243215
2013130511100,-7.8746407212501595,-1.6447186161309082,-0.81232673121361
2013130511116,-7.613017914949026,-2.022671278285121,-0.9822769295087691
2013130511133,-7.5414520702261125,-1.78301003880724,-1.0526932170299292
2013130511150,-8.204647058047636,-3.3521458317082478,-0.6225875423362477
2013130511166,-8.027587587228311,-3.648885481038764,-0.5303986263751119
2013130511183,-7.881092756758577,-3.6972394435607363,-0.5534127577887236
2013130511200,-8.280989090238771,-3.936046302823965,-0.493975878691461
2013130511216,-8.177501315673116,-4.150118213480164,-0.905864886281439
2013130511233,-8.884327432145088,-4.451753240698522,-0.604055675750615
2013130511250,-8.722928910058666,-4.277431937628165,-0.6775648720316336
2013130511266,-8.966951251723962,-4.056070301027755,-0.7487469684791719
2013130511283,-8.927156308084502,-4.63385577185026,-1.2874251456942902
2013130511300,-7.990527402208023,-4.491429997793255,-1.3666238764394696
2013130511316,-7.662358418577455,-5.091454219764055,-1.3160222223125302
2013130511333,-8.473981213893968,-4.795625369660393,-1.7436726628240131
2013130511350,-8.309080033443962,-4.139498980719508,-1.771778942128706
2013130511366,-8.063683418316952,-3.7423964327753128,-1.8959972874314206
2013130511383,-7.432505573633234,-3.5852355683538484,-2.0116687858212994
2013130511400,-6.92210740337676,-3.8508866105909076,-1.9275848717387525
2013130511416,-6.844821876078202,-3.856819747473076,-1.7320421136376984
2013130511433,-7.122769760769034,-4.206565474326802,-1.6612111201351158
2013130511450,-7.18428436759329,-5.346119131766977,-1.714470564432319
2013130511466,-7.734272313265144,-5.291509789803895,-2.082397222695348
2013130511483,-7.113895436826566,-4.458135089322351,-1.8249208366805572
2013130511500,-6.675260700378097,-3.6453378661983966,-1.744065351625292
2013130511516,-6.21217667315098,-4.204502806105767,-2.1175429136483244
2013130511533,-6.023960868370796,-4.058192688017624,-1.8628886874081263
2013130511550,-6.049115151147133,-3.667640261201776,-2.0201419611738483
2013130511566,-6.035873310092541,-3.6189776175171167,-2.1015775760144946
2013130511583,-5.640757189974169,-3.7405398471483804,-2.3327078728040735
2013130511600,-5.028646571115239,-3.5866513597351997,-2.632787804199311
2013130511616,-5.010474312576405,-3.3059312682308373,-2.849441133345118
2013130511633,-5.152991770090782,-3.825739536263406,-2.6373957505763244
2013130511650,-4.668815802678742,-3.5058026365583195,-2.3389672122391287
2013130511666,-5.768003509878382,-3.744944663403468,-2.235804587487622
2013130511683,-5.118486202726933,-3.8854428175055493,-2.3190981580790173
2013130511700,-4.8084031084867105,-3.4576473605342675,-2.601014146780947
2013130511716,-5.210982898780336,-2.8381339855293906,-2.859827217702147
2013130511733,-4.926185946914021,-2.5115447028314817,-2.486216412485271
2013130511750,-4.773242969471973,-2.830567316285531,-2.263171466395486
2013130511766,-4.240903193678156,-3.1992392109404872,-2.1097772695774046
2013130511783,-4.736093921515587,-3.233002885437917,-1.6618629447606241
2013130511800,-4.476649470993991,-4.369107869367015,-1.6649149245582238
2013130511816,-4.434798778304135,-4.161520691483873,-1.6538221274205738
2013130511833,-4.763410037200177,-4.471251485158776,-1.7059408826214557
2013130511850,-4.0877791966507955,-4.248873682175513,-1.3634551107991766
2013130511866,-3.657273043059341,-5.030049427958387,-1.1074169399112601
2013130511883,-3.256728650405753,-5.647574485907499,-1.0424152243058593
2013130511900,-2.7489221698353092,-5.364799493133519,-1.071621647715951
2013130511916,-3.1610607322383677,-5.043999262903488,-1.3049667439740036
2013130511933,-3.015976984865666,-5.501151941133147,-1.824798202655351
2013130511950,-2.82424065808509,-5.622639150517046,-1.7246227771583649
2013130511966,-1.988238202630812,-6.052700041068204,-1.3537356092012722
2013130511983,-1.8557146498681858,-5.07315325515853,-1.4636678738122328
2013130512000,-1.8393432298934504,-4.374360000289833,-1.3789491099216244
2013130512016,-1.5164799109095175,-4.947026085146991,-1.6601021964615088
2013130512033,-2.362602878355862,-5.467458307253371,-1.7657577879935362
2013130512050,-2.6496396613446787,-5.449281410053834,-1.643568093999084
2013130512066,-2.826282528373672,-4.933560307223676,-1.6986071280286943
2013130512083,-2.629509912976486,-4.770608367904812,-2.373942429821825
2013130512100,-2.727843826694211,-5.9815679341986705,-2.2171449083495967
2013130512116,-2.497964763861718,-5.993998423011548,-1.9739316009833665
2013130512133,-2.0231080726165658,-7.00676149050573,-2.0175120145984673
2013130512150,-1.1776801969319468,-7.1962283133349345,-1.6549251380901513
2013130512166,-1.5384956870385333,-6.185475701633434,-1.7386390487746037
2013130512183,-1.1812125090503383,-7.1663112803269735,-1.747876489472199
2013130512200,-2.1744385617502924,-6.584816546874137,-1.7028090143197923
2013130512216,-1.8605716123154177,-6.862627817426681,-1.5899868780706488
2013130512233,-1.6280030037487934,-6.992270310711365,-1.3721567998233182
2013130512250,-1.0305966743129291,-6.420069236766071,-1.5401222030709825
2013130512266,-0.7833124762947028,-6.381010024866074,-1.4086813557114288
2013130512283,-0.8771612999512994,-6.714831868049579,-1.1708248937530508
2013130512300,-1.064610914655618,-7.136684557245206,-1.0244073302519427
2013130512316,-0.6435649638397525,-7.765853269892226,-1.6203710602344743
2013130512333,-0.7494320618417323,-6.951296252066892,-1.2048874045874576
2013130512350,-0.43551293083509446,-7.1107748408009215,-1.28881410219583
2013130512366,-0.49918226170018265,-7.184750256788632,-1.3216713543918797
2013130512383,-0.706065868808202,-7.149766430075811,-1.2488389521396823
2013130512400,-0.5280469710252262,-7.499762100698993,-1.206705639136513
2013130512416,-0.41130481761596904,-7.291223562107403,-1.3874971637414555
2013130512433,-0.5786300703844791,-6.8840214497873635,-1.3255775005593413
2013130512450,-0.771300515972209,-5.656078697175092,-1.7983391533928055
2013130512466,-1.3023888268148278,-6.213519219429033,-1.7366394015880873
2013130512483,-0.8107706306378866,-6.737749128985933,-1.371435313303326
2013130512500,-0.7198066740322897,-6.507965534991635,-1.3430514889861698
2013130512516,-1.5282632573425712,-6.334903665469927,-1.7638631707049965
2013130512533,-1.7338479848510482,-6.194942360931158,-2.0595657892892483
2013130512550,-1.738285740218735,-5.7478648643473695,-2.026527128996136
2013130512566,-1.5623850936230004,-6.144607216790354,-1.8718843348731184
2013130512583,-1.8715955075061173,-5.3523450524942335,-2.049943431001167
2013130512600,-2.5437250095617143,-5.382307369278326,-2.2307463173892055
2013130512616,-2.4522591640937406,-5.4382210879983575,-2.2931818709100753
2013130512633,-2.5929519166053527,-5.892960543143817,-2.4619234523784375
2013130512650,-2.8779509557561016,-5.674953662595993,-2.8357860619427786
2013130512666,-2.8919442809703955,-6.221542760202154,-3.166205398982661
2013130512683,-1.8172241729186398,-6.435475435783304,-3.1282148178624807
2013130512700,-1.7689665859461097,-6.663252789103412,-3.028277468016383
2013130512716,-2.571516618054086,-6.303225290670312,-2.8844964838677525
2013130512733,-2.2993339229760563,-6.5386709868481745,-2.8863203446921775
2013130512750,-2.1855935508979307,-6.017594378755101,-2.9739465212322536
2013130512766,-2.142828451102223,-6.243879087022277,-2.7624041815858313
2013130512783,-0.9097535278798263,-5.054874701879822,-2.4040755685655064
2013130512800,-0.7408418265606533,-4.466333927630428,-2.3872771305157094
2013130512816,-1.2635722811000702,-4.726067587957817,-2.803444161797641
2013130512833,-0.9814963631978815,-4.416693592332339,-2.754396377212839
2013130512850,-1.0150591087813146,-4.240716876559152,-2.2666928469161984
2013130512866,-0.5670003596707467,-4.249766954679176,-2.096056560497101
2013130512883,-0.13463037339451933,-3.9233581326874316,-2.1280976537820457
2013130512900,0.22424046838247236,-4.174166846171955,-2.33556951563128
2013130512916,-0.47390269649852623,-4.218687103137613,-2.0735956543023453
2013130512933,-0.9162326074246812,-4.09874010113875,-1.7452905191869537
2013130512950,-1.2912406469570534,-3.4507068945352333,-1.5198017665810208
2013130512966,-0.9151444438796057,-3.428685081828909,-1.6922234630728878
2013130512983,-1.6329183143663837,-3.0509691947908406,-1.5996256548529388
2013130513000,-2.244237965821937,-3.1936485389345415,-1.6262879989916434
2013130513016,-2.696096952045264,-3.1991819599656286,-1.5978105579522515
2013130513033,-2.6712215136512016,-2.9388906790678337,-1.9245069871729483
2013130513050,-2.8074169389637094,-3.546908085758822,-1.702035133389312
2013130513066,-2.3481058030289597,-4.051621310685531,-1.5523310650590298
2013130513083,-1.8770303653539337,-3.8207980139097177,-1.7574600687747979
2013130513100,-1.576524884381159,-3.596227278856645,-1.9649456713861218
2013130513116,-1.5380914543169584,-3.75468026939966,-2.1708014165896405
2013130513133,-0.8834677010819858,-3.315277275381658,-2.296661422562292
2013130513150,-0.7428899543166843,-4.222416895099939,-1.8187439662470108
2013130513166,-1.4959948240984238,-5.630809247224411,-1.7739799985305598
2013130513183,-1.6239616365140317,-5.720245022951704,-1.98357654377274
2013130513200,-1.1726469266708879,-6.042171951950489,-1.9665335673746651
2013130513216,-1.1033864425896045,-5.892501891527769,-2.0410128500853855
2013130513233,-0.30832791989045916,-5.854519140624503,-1.931841865108336
2013130513250,-0.28471523764487294,-5.938372498798056,-1.80322351205369
2013130513266,0.03803445778815373,-5.800901778651494,-1.8748603562321164
2013130513283,0.34617490101170656,-4.965148909127988,-1.7973390129357305
2013130513300,1.0061875833442304,-5.371754997326784,-1.6338064433287922
2013130513316,0.9361436031262871,-6.144324353458989,-1.4809722531979608
2013130513333,1.3001510195651909,-6.421877312098421,-1.8370308643766848
2013130513350,1.4076834086007572,-6.2372140295447425,-1.90124020628568
2013130513366,1.4677915671266026,-6.346927791695226,-2.1695510793502955
2013130513383,0.5342903043030756,-6.761183639677841,-2.1756724123071685
2013130513400,0.32743590348948715,-6.948532740790911,-1.7564097168274067
2013130513416,0.9247194263418876,-7.311309494706389,-1.7362051785692885
2013130513433,1.390573956353509,-6.97363893182471,-1.7942171801471567
2013130513450,1.4400482395263028,-7.732011188386829,-1.7256698642758528
2013130513466,1.149445712465024,-6.938983448042855,-1.3069386014427151
2013130513483,1.5005443622323709,-7.3012577089056325,-1.680444305200716
2013130513500,1.4995623998914906,-7.727510890529818,-1.5784701048771999
2013130513516,0.9520860840747281,-8.028616477617811,-1.3977704022333595
2013130513533,0.8054649673282857,-8.003036483513217,-1.372400583995966
2013130513550,1.3288061997110896,-8.15330255523101,-1.7583264196870663
2013130513566,0.7436981935116016,-7.8206967389904145,-1.885191491464593
2013130513583,0.8902984586242884,-8.04194020803301,-1.9604141775565025
2013130513600,1.0735294347247786,-8.027902218819769,-2.2394045619053125
2013130513616,1.9414430104746119,-7.532188302199151,-1.9986743265209042
2013130513633,2.0152479698468415,-8.090456906810488,-2.374372497231205
2013130513650,2.3669367402614707,-8.42559146173567,-2.545385545573561
2013130513666,1.9350116924525151,-7.895511471452204,-2.6858151845367737
2013130513683,1.728713866087367,-7.4523907645002385,-2.8947940965049517
2013130513700,0.7693558392986741,-7.896685096787916,-3.4384781716615533
2013130513716,0.15561288941150675,-7.34243128572267,-3.536680283832023
2013130513733,1.4468183351929653,-7.223035153464294,-3.7365997701978886
2013130513750,1.6196475143047966,-6.547793155625745,-3.8760091519063335
2013130513766,1.9416309547189972,-6.2905703533421145,-3.7190686237974098
2013130513783,1.6692628917277013,-6.3926257840408045,-4.104716699453088
2013130513800,1.2534564115659608,-6.568822987757807,-3.9966731501481663
2013130513816,0.6673336030897916,-6.624988568809348,-4.368396465465448
2013130513833,0.13095687592937377,-6.480775997245723,-4.270336481436544
2013130513850,0.3345171968836178,-6.614147024473168,-4.2822840768224015
2013130513866,0.32342498704486733,-6.377078965441323,-4.3264816493639096
2013130513883,-0.456677176191306,-6.10246684693605,-4.226865081558918
2013130513900,-0.051972212087488145,-7.318063143763407,-3.9373392187064846
2013130513916,0.805121797217037,-6.934960921914191,-4.320646980775179
2013130513933,0.6818692284618866,-6.534798045534295,-4.48825384643605
2013130513950,0.8238684560645515,-6.946499864690851,-4.717525612674597
2013130513966,0.29443145159161155,-6.802623136234427,-4.393434901525996
2013130513983,-0.11575708904141191,-7.391047892387776,-4.328115363378277
2013130514000,-0.19820383535366215,-7.913394521306785,-4.47486130304288
2013130514016,0.09309568703105242,-9.040697593295857,-4.42853259335968
2013130514033,-0.49091082484078186,-8.626877429416677,-4.375737069443733
2013130514050,-0.2897401430273723,-8.8676629190575,-4.331639066340255
2013130514066,0.14556312630981338,-9.386500314163555,-4.577774832501808
2013130514083,0.6604756653177049,-9.200641672420314,-4.599697573597021
2013130514100,-0.03240327836495016,-9.177523600463669,-4.672052177146972
2013130514116,0.6649426627980528,-8.467160647602995,-4.905202752659255
2013130514133,0.22143844080885344,-8.500361352235082,-4.883145285038051
2013130514150,-0.2556444466635135,-8.735690314320735,-5.232090131357292
2013130514166,-0.47482547049945456,-8.665037784667367,-5.111831245264906
2013130514183,-0.993933783975498,-7.881296217393311,-5.090141797444076
2013130514200,-1.8734857452298588,-8.220951989598218,-4.725718918023225
2013130514216,-1.4027463963533062,-7.685332163877678,-4.747568219349448
2013130514233,-2.0338749846847852,-7.232829760777111,-4.69999822287812
2013130514250,-1.557555981151308,-6.931781183312056,-4.415722203420399
2013130514266,-1.8370229597981607,-7.02552492381908,-4.566200424413175
2013130514283,-2.7570342352661084,-6.198052809880609,-4.271769868693291
2013130514300,-2.6332007415647385,-6.484402493251837,-4.082810273821707
2013130514316,-2.571360263475013,-6.8969607075689465,-3.9179152821158
2013130514333,-3.096512874769376,-6.158906887701356,-3.602568080285429
2013130514350,-3.019156638433669,-6.305486505189485,-3.605366141841972
2013130514366,-2.517871526046944,-6.468657126056586,-3.873885578808999
2013130514383,-2.8702598771203967,-7.085914631973094,-3.946676529380452
2013130514400,-3.118289574479899,-7.0221665548598455,-3.62169509810544
2013130514416,-3.089048179150804,-6.9708871421623355,-3.529718048452053
2013130514433,-2.849791856375494,-6.94432484166418,-3.5428616131464943
2013130514450,-3.0440010810351565,-7.498589342299894,-3.833416970274694
2013130514466,-2.925530251149929,-7.597758733681353,-3.5643182690220954
2013130514483,-3.3886898380191335,-7.573269504931468,-4.009793209514028
2013130514500,-3.1611257204902166,-8.439512475728149,-3.504006031360325
2013130514516,-2.9608353422069973,-7.904174485206159,-3.6741198707965568
2013130514533,-3.9590699426803617,-8.589602961530804,-3.840998205411182
2013130514550,-3.817450295773361,-8.516628308968887,-3.7391446782518782
2013130514566,-4.377991555573437,-8.686414993773688,-3.4208450494347926
2013130514583,-4.647824625753536,-8.717569653309152,-3.2710359033541776
2013130514600,-4.294626255865765,-9.055612476916371,-3.5696465139118163
2013130514616,-3.7828686544319403,-9.694546895648685,-3.701440057639778
2013130514633,-4.042116629859245,-10.024544760503396,-3.4404399662476814
2013130514650,-3.7404456524536576,-9.612898772438417,-3.493968112643466
2013130514666,-3.919545730912816,-9.28686443552683,-3.4938684285883097
2013130514683,-4.449620615102095,-9.01672850097008,-3.531347627083161
2013130514700,-4.96144157201209,-8.423927383320468,-3.360102196540007
2013130514716,-4.9946116043472,-8.37088241878632,-3.5280644041845197
2013130514733,-4.624546835964816,-8.466837285059789,-3.0031175555472647
2013130514750,-4.429934364811106,-9.106440188804022,-3.0001724432268224
2013130514766,-4.653408879635684,-10.550383351291742,-2.8628023246810095
2013130514783,-3.9884101206716913,-10.572056687340561,-3.1581666438494915
2013130514800,-4.37759049212347,-10.569611269926725,-2.7459566730553497
2013130514816,-4.686348882011757,-10.091531956270973,-2.9850664325315424
2013130514833,-4.8295873151426765,-10.162676174863762,-3.236409942086878
2013130514850,-4.262557616355062,-10.699772053482054,-3.207779264377211
2013130514866,-4.296450802398843,-10.77990264466649,-3.4733874265676468
2013130514883,-3.863835342459832,-10.93690870478983,-3.6382494180846914
2013130514900,-3.545654521603269,-10.026268009304784,-3.8525068685187964
2013130514916,-3.1963715111398194,-10.228413337149844,-3.6508813265728084
2013130514933,-2.7671792584956703,-10.219946863475855,-3.4761048391554494
2013130514950,-2.2288621444008268,-9.54215514886019,-3.6929498585117804
2013130514966,-2.3729354280004413,-9.393535284702144,-4.0055093049888715
2013130514983,-2.4379664230886546,-10.05163762751438,-4.132451984197198
2013130515000,-2.640824370292768,-9.72665689720152,-4.337623353289679
2013130515016,-2.717954911994032,-9.934983169693023,-4.5707640079801894
2013130515033,-2.3690983657117597,-9.987608878348585,-4.2028576032594
2013130515050,-2.101312154434097,-10.002798454617087,-4.022436172356738
2013130515066,-1.4686126224379028,-9.980850690754743,-4.0585434483762235
2013130515083,-1.5821236234490614,-10.661783174833296,-4.2764974127633995
2013130515100,-1.5918223314349529,-10.908268445198724,-4.406184531049642
2013130515116,-2.072736485295032,-10.88362025939464,-4.207554767755528
2013130515133,-1.8433941350878622,-11.700804062785128,-4.248382442357118
2013130515150,-2.2384945694177834,-11.679580410597282,-4.276554163551962
2013130515166,-2.9730065883034293,-10.610743274323186,-3.8592130425454894
2013130515183,-4.061124622191693,-9.645417769046828,-3.6888934067461614
2013130515200,-3.8814064867234808,-9.27413628910087,-3.791847002240612
2013130515216,-3.7992028014377435,-8.418840176909246,-3.5269492679675594
2013130515233,-3.8698134791609267,-7.419653016768777,-3.468512690027314
2013130515250,-4.0916912212699605,-8.30272516038409,-3.431350987559289
2013130515266,-3.753867030557511,-7.772218335821461,-3.607890963127407
2013130515283,-3.6846316240193313,-8.335559086150603,-3.387298308775393
2013130515300,-3.897160721233899,-8.044749906803657,-3.3657551006409108
2013130515316,-4.430485376031844,-8.61082286122544,-3.4714432307157237
2013130515333,-3.841221412595555,-8.947063533276204,-3.7168594501764387
2013130515350,-3.3392524257842764,-8.80044297614033,-3.6148086965289368
2013130515366,-3.348288596450665,-8.909348075836318,-3.427723557014598
2013130515383,-3.7522876410381345,-9.592939883528917,-3.1820401948683905
2013130515400,-3.353674707297579,-10.046327510465407,-3.127494916281193
2013130515416,-3.7576168012193136,-9.629531292814836,-2.994520969325453
2013130515433,-4.057007739622961,-9.915630642973548,-2.8129854397480267
2013130515450,-3.8736520293853296,-9.149025369247521,-2.913284994075833
2013130515466,-3.5476552678016358,-9.758808016194966,-2.7108806929689937
2013130515483,-3.491472112000887,-10.016109169534058,-2.8477049855326193
2013130515500,-3.4281205217595803,-9.40715006009352,-2.5919850829314006
2013130515516,-2.9335811888935637,-9.858759532045692,-2.443297414194909
2013130515533,-2.685230467656634,-9.80617277585217,-2.133831553030813
2013130515550,-2.1196750138995863,-9.702002666018403,-1.6653227010712746
2013130515566,-2.267796276131586,-10.125145258473443,-1.290451711951985
2013130515583,-2.5582392555608084,-10.380446119806921,-1.1263959207024827
2013130515600,-2.2444946821586234,-10.69776261622696,-0.6489918608918102
2013130515616,-1.8661047008396565,-10.39107674107061,-0.45789760945405034
2013130515633,-1.393994591935137,-11.603696862908166,0.043480098979508996
2013130515650,-1.7094069573381576,-11.195650309920573,-0.055916588148615665
2013130515666,-1.9913625350218331,-10.0209847922568,0.06441902767334673
2013130515683,-1.9489183446143512,-10.265904178749267,-0.34413938023227497
2013130515700,-1.8264456655942403,-10.10561549050071,-0.30698348694756605
2013130515716,-1.8880039814716114,-10.45144251310539,-0.2227734271545765
2013130515733,-1.7061179738268932,-9.989848859573495,-0.40657314095426567
2013130515750,-2.0409208772319203,-9.994717357790334,-0.6316140450758747
2013130515766,-3.0708862154958196,-10.280089047069797,-1.1074497588835306
2013130515783,-2.6417846002864853,-10.516271623294374,-1.027641550255426
2013130515800,-2.9592757819338136,-9.65242312055912,-1.0340280258511072
2013130515816,-2.701719873185438,-9.626905880492734,-0.947159747297951
2013130515833,-2.8224479961429076,-9.976328780284884,-1.1389250407200628
2013130515850,-2.8054446494024274,-10.44901369161692,-1.6795727501001445
2013130515866,-2.562852392577065,-11.033184034421883,-1.604035459225189
2013130515883,-2.3877412850064323,-10.42197883441192,-1.7241179524334376
2013130515900,-2.3691285348779374,-10.51498892284875,-2.013897246312908
2013130515916,-2.4948181792965847,-10.618357005607438,-1.8170755663596099
2013130515933,-1.6427341704810288,-11.087128660158289,-1.64746670716963
2013130515950,-1.7597999639199813,-11.094811982996665,-1.666569340595566
2013130515966,-1.0286708822763462,-11.382788949867107,-1.6993722559373237
2013130515983,-1.5980012874634006,-11.24625151043379,-1.146445856938187
2013130516000,-1.8546106785803698,-11.087181576526858,-0.721156986654756
2013130516016,-1.1343372021751401,-10.671064770917264,-0.8917922590675453
2013130516033,-1.4804059534440897,-10.85152434438388,-0.771224764292735
2013130516050,-1.6555560729354064,-10.572026325608638,-0.8670022009047877
2013130516066,-0.815846216248663,-9.451048976801466,-0.9764465080462664
2013130516083,-0.6533101081702348,-9.931736452068831,-0.8889761508868874
2013130516100,-1.4368050197153104,-9.375319990900657,-1.0151882601570794
2013130516116,-1.4236041290274408,-9.210416153451286,-1.6734190434273108
2013130516133,-2.221339306782406,-9.03405567171738,-1.7568980599336677
2013130516150,-2.4888101489752055,-8.294108128968336,-1.9188727226979494
2013130516166,-2.5185237570989387,-8.421167087063774,-2.2209999578045383
2013130516183,-2.9486629875734938,-7.765139413187603,-2.1207932495792883
2013130516200,-3.7793862537438274,-7.4870785053966085,-2.2167425029861616
2013130516216,-4.203467013063044,-7.84053609804881,-1.9780357916468514
2013130516233,-3.5222761789300607,-6.73691046692087,-2.0896920608767715
2013130516250,-2.5968508341498504,-7.05908707679885,-2.028535030736857
2013130516266,-3.0780489624735243,-6.755473361820348,-2.543882134579411
2013130516283,-3.033321659064865,-7.116882702539843,-2.2909131545094565
2013130516300,-2.9264065589449757,-6.20915170174954,-2.0401610783735955
2013130516316,-3.322791723999285,-6.225674874409266,-2.1817298887464545
2013130516333,-3.5031173746166657,-5.600153533180893,-2.3186760177342105
2013130516350,-3.4111309922101003,-5.327559673744586,-2.2603560549934807
2013130516366,-3.1753576859050674,-4.949735124152179,-2.5250472514367783
2013130516383,-2.8505540352179204,-4.958534573144187,-2.1530907614539974
2013130516400,-3.294856962169647,-5.307827298279008,-2.3406808923849174
2013130516416,-3.7656829784732584,-6.091412219111988,-2.660683463730964
2013130516433,-4.456130401854179,-5.734206839914087,-2.6766960516738076
2013130516450,-4.228821957121194,-5.66012420089082,-2.83262906557481
2013130516466,-4.014468290383422,-5.591014568648609,-2.88472352082954
2013130516483,-3.974301072393013,-5.486018423032014,-3.033277655571446
2013130516500,-4.122548082534657,-4.536414566136873,-3.450280371713794
2013130516516,-3.164265358156634,-4.287866255751863,-3.4143518449900627
2013130516533,-3.6165125076477627,-4.411731624606497,-3.249429439611875
2013130516550,-3.3769620135852585,-4.743219352709067,-3.5905654370645372
2013130516566,-3.067432434326792,-5.085790726317148,-3.6753149385620834
2013130516583,-2.886410886276171,-5.532668265737624,-3.602377422178895
2013130516600,-3.2890127921110013,-5.378952885672654,-3.3112130833357423
2013130516616,-3.3699049506022805,-5.118003801289886,-3.4476444225535876
2013130516633,-2.8718236224231295,-4.352301913002929,-3.174418671192096
2013130516650,-3.2301117701715953,-4.70096082692227,-2.4864707808314286
2013130516666,-3.196135141655817,-5.15078614919137,-2.103419400930743
2013130516683,-3.5369064071825758,-5.421664173531292,-2.400467623823324
2013130516700,-2.914708025448263,-5.555657115721931,-2.5124871457021065
2013130516716,-2.4518415388544432,-5.053641559763516,-2.467222492338105
2013130516733,-3.133735505227413,-5.201580116787235,-2.7420084625295953
2013130516750,-3.602228117388199,-4.396615748972366,-2.9478890777768236
2013130516766,-3.8936678340614552,-4.271646259340137,-2.9681636152565143
2013130516783,-4.483093721052331,-4.3335713962572315,-2.7595783069054
2013130516800,-3.9990216938980945,-4.796659779456709,-3.020922940382106
2013130516816,-3.8045243597669405,-5.142699228585426,-3.1405254073690934
2013130516833,-3.796541749691872,-5.482180105526729,-3.3652671838353503
2013130516850,-3.4727092286252543,-5.987912502000534,-3.076557550225499
2013130516866,-2.6705510457306976,-6.606118410951995,-2.9638052185368933
2013130516883,-2.441052406899132,-6.696665085843503,-2.755263579741728
2013130516900,-2.8288017555898275,-7.048536287896176,-2.534472342974347
2013130516916,-2.6780927993024943,-7.462346032415163,-2.6874103363472592
2013130516933,-3.0986831169727465,-6.497197976741583,-2.484320506040948
2013130516950,-3.7042950880360936,-7.085367776836035,-2.951341948508321
2013130516966,-3.8279791979035993,-7.346518359056423,-2.952116701103523
2013130516983,-4.491625963334622,-7.5532025041444975,-2.7892550035543486
2013130517000,-4.8927484166485735,-7.5559457319006365,-2.5114652820347962
2013130517016,-5.001167757106726,-7.492680191771123,-2.640222248721646
2013130517033,-4.593003174107549,-7.157164115495624,-2.5550115712079005
2013130517050,-5.000123706248437,-7.340209471731392,-2.545219272590659
2013130517066,-4.547406123551504,-6.988404089762426,-2.5715394966351446
2013130517083,-4.518402021489651,-7.1834325886177055,-2.5896050647590765
2013130517100,-5.125474801940414,-6.759889388910629,-2.7114348005059745
2013130517116,-6.0465915717956165,-7.059684580599314,-2.5349939830213457
2013130517133,-6.044141444321448,-6.9075311276398494,-2.6396099452739117
2013130517150,-6.08499528487003,-6.37792013185824,-2.923552973210733
2013130517166,-5.399929572486041,-6.0804168166254735,-2.926606195915431
2013130517183,-4.642366565217557,-5.9954284399249484,-3.03828025485529
2013130517200,-4.502573622671368,-5.942042927779065,-2.7282783248098896
2013130517216,-5.112892505117817,-6.175020550526896,-2.801219815043473
2013130517233,-4.959336367660333,-5.983569678927229,-3.107186598918532
2013130517250,-5.052548592421316,-5.797678194041997,-3.23201346930586
2013130517266,-4.486996794544825,-5.798257623356733,-3.1761096411562955
2013130517283,-4.328046481614889,-6.033235467301307,-3.402841328047155
2013130517300,-4.257835515597899,-6.717910594313026,-3.4172803108146557
2013130517316,-4.44474632190397,-6.265357782048506,-3.35204212698187
2013130517333,-5.175036886388509,-5.747365356708856,-3.2269420812729868
2013130517350,-5.06351269314973,-6.481347016274441,-3.4293054810837473
2013130517366,-5.536798984845208,-6.205139798183293,-3.689033850758652
2013130517383,-6.266621546681624,-6.237121830203516,-3.8984208820316755
2013130517400,-6.285037269789019,-5.987643681596854,-3.9778871882404814
2013130517416,-7.105582335929364,-6.219052239791956,-4.123192376615891
2013130517433,-7.18649997747301,-5.575016992024439,-4.298148446002497
2013130517450,-6.7803859701757325,-5.807835702247372,-4.258906057023086
2013130517466,-6.279047609023416,-5.903630712966899,-3.9008405900560432
2013130517483,-6.25581259512515,-5.752485136195129,-3.8311387459433055
2013130517500,-5.996881917062379,-5.688487125540776,-3.7164125539725834
2013130517516,-6.393156381568722,-6.5252445117310796,-3.5796740235392517
2013130517533,-7.253600066813017,-5.85538487294393,-3.621930231967431
2013130517550,-7.070109066238252,-5.614859106781722,-3.7924589414667
2013130517566,-7.480785962705184,-5.710173029452003,-3.684195073125045
2013130517583,-7.052250249168313,-4.9636367333306985,-3.5042752718556898
2013130517600,-6.151497762105336,-5.784452344277876,-3.5353985986234306
2013130517616,-6.300203269599649,-4.733690278947723,-3.499731064269513
2013130517633,-6.7567395374138215,-3.985359579637305,-3.2809701354931033
2013130517650,-6.521995773535311,-3.9491853634524743,-3.4781712283430175
2013130517666,-6.8823068586645615,-3.889656204700223,-3.651697341582898
2013130517683,-6.0772839643027865,-3.6486124712861945,-3.1648164542496264
2013130517700,-6.005085695640121,-3.8294465769727606,-3.468206629978047
2013130517716,-5.42601698405071,-3.891018927002568,-3.3093665274838795
2013130517733,-4.486669263597472,-3.927795628957163,-3.1147461722960097
2013130517750,-4.8821599757824155,-4.539487933894105,-2.9678235252002017
2013130517766,-4.635778721020217,-4.512853698009956,-2.6679758644906104
2013130517783,-5.013839401883351,-4.164492125387686,-2.4748707764352043
2013130517800,-5.260930991242582,-4.322328852804376,-2.14922403921253
2013130517816,-5.044629252226812,-4.1561845925231005,-2.034881563710715
2013130517833,-5.030731635504587,-3.670858475574634,-1.7937670348070927
2013130517850,-4.118370517598144,-2.9769759481644518,-1.4532581192555334
2013130517866,-4.690250380501106,-2.6403377475853933,-1.7437273151317134
2013130517883,-4.27862341352484,-2.5973578018895385,-1.4085900366826867
2013130517900,-4.623356535762526,-2.5360810564499,-1.1743467520796593
2013130517916,-4.716447606019722,-2.9332008597979207,-1.0672193954119213
2013130517933,-3.9727985431722512,-2.260042187997748,-1.0781546221178298
2013130517950,-4.678492951011172,-2.1443945607451234,-1.194465286261825
2013130517966,-4.679296307266847,-2.198403527540672,-1.326696352176132
2013130517983,-4.305199671690916,-2.9533697201218274,-1.3913168525534072
2013130518000,-4.154327900519062,-2.6797778032857913,-1.6229406781721853
2013130518016,-3.913087888978753,-3.400929835823995,-1.8140693150189007
2013130518033,-4.383529574058882,-3.440681061818728,-1.961346066810272
2013130518050,-4.061859930760662,-3.0633471103554037,-1.550345987932799
2013130518066,-3.967975309699906,-2.8864260121900225,-1.479615914803333
2013130518083,-3.5758878636948914,-3.106560603946961,-1.3087895029793555
2013130518100,-3.0100082592928104,-2.630981428873781,-1.6008050157320957
2013130518116,-2.754609324367598,-2.546847180726241,-1.668273749113403
2013130518133,-3.2432068650257357,-2.468443049791778,-1.9931042824303584
2013130518150,-2.4117772647597775,-2.409242698676042,-1.8354088557788453
2013130518166,-2.4793176400140067,-1.9940693984067348,-1.8728772710059391
2013130518183,-2.5357891298181787,-1.7209694365196375,-2.0032799136346
2013130518200,-2.329843914307292,-1.9593845798593135,-1.7591834109429234
2013130518216,-1.6948650246137476,-2.208036023214059,-2.046777185776047
2013130518233,-1.0112699826636788,-2.193797667590264,-2.654028933015221
2013130518250,-1.286101271000482,-1.7829237085682408,-2.3308041031031417
2013130518266,-1.4927995862720076,-2.101514618352272,-2.1422317208582884
2013130518283,-2.429319761520404,-2.543157374442777,-2.429228441939282
2013130518300,-2.5103590730794836,-2.4147252787965643,-2.051139944945163
2013130518316,-2.6139224250323267,-1.9749986761930662,-1.7418455891932534
2013130518333,-2.219544920335521,-2.035902034473902,-2.0672522861540843
2013130518350,-3.2184432996908754,-1.5052697110385607,-1.9252108989514178
2013130518366,-3.251334522159935,-1.421659400699581,-1.9073072864973606
2013130518383,-3.1716928282392005,-1.356616584576929,-1.3478832865720285
2013130518400,-3.1387682050219126,-1.3477229048162673,-1.1622717386749333
2013130518416,-3.40960204745912,-1.5737742447138627,-1.4102116277544128
2013130518433,-3.355858183019966,-1.9587906923727196,-0.9620451619523139
2013130518450,-2.9833734298786667,-2.399469160504995,-1.4446780196421074
2013130518466,-3.188091554088088,-2.10705129139103,-1.1978139471463929
2013130518483,-2.9898613514364563,-1.076974211067192,-1.258042161654547
2013130518500,-3.8690160645829446,-0.2310500504587054,-1.1213957731753488
2013130518516,-4.128585978233701,-0.8441522979857146,-1.1036817230766371
2013130518533,-4.300027431598037,-1.060753669378422,-1.1468330650141199
2013130518550,-3.9954188063826113,-1.3312372776325772,-1.4414153668359495
2013130518566,-4.835645875178424,-1.8315208214242613,-1.47960242058168
2013130518583,-5.067723218228857,-1.438124009568548,-1.300660576641561
2013130518600,-5.4313463395495045,-1.5548736571136903,-1.0081548665753726
2013130518616,-5.586794969154072,-1.0887429069991343,-0.8789549542920461
2013130518633,-5.694615204547729,-1.5024653886941248,-0.7632267063584226
2013130518650,-5.519077474506254,-1.6659508030057966,-0.826115827987645
2013130518666,-5.639557189462881,-1.6537720741831503,-1.1303557410675347
2013130518683,-5.695863227424729,-1.8348205710276178,-1.1742704428208337
2013130518700,-5.753524264900385,-2.719104296041563,-1.2795632767103344
2013130518716,-5.872427024580339,-2.107941090902706,-0.6794471146936123
2013130518733,-6.266722486977593,-1.3826390660154404,-0.43194853136941114
2013130518750,-5.633083387605859,-2.205911528019027,-0.3699948475421051
2013130518766,-5.645418789858952,-1.6530535710833298,-0.37228322759010224
2013130518783,-5.933474446648849,-1.3523086775507718,-0.004125067255901005
2013130518800,-6.13596090837803,-1.1534230804977783,-0.4047040191749782
2013130518816,-6.101045043644548,-1.1400680592804342,-0.7349242648688659
2013130518833,-5.934812267883572,-1.8141284122242993,-0.5199904200593573
2013130518850,-5.542420143061108,-2.3247081096847273,-0.9779387670211103
2013130518866,-5.768879295779046,-2.472088368596826,-0.7392046530387555
2013130518883,-5.295224733726644,-2.753885798677509,-0.5897804985255375
2013130518900,-5.098575780568428,-2.1552709451717686,-0.3913202705243495
2013130518916,-5.764019000155522,-2.865550803959783,-0.5898732257423895
2013130518933,-6.49870662940535,-3.280105403338144,-0.5680265866254373
2013130518950,-7.184482267359291,-3.8865623331894494,-0.32879504373116797
2013130518966,-7.062472767693921,-4.470752142165002,-0.23355082635774305
2013130518983,-6.740627016237422,-3.2503187762888284,0.17135229509305194
2013130519000,-6.718624182394916,-3.6136170052004113,0.0958215259177595
2013130519016,-5.836527600167247,-3.993084628709298,0.42139692873489487
2013130519033,-5.547111157466741,-2.8653980411297297,0.5630919233859393
2013130519050,-6.023589490146352,-3.2854387218829824,0.8090977790055476
2013130519066,-5.642953630981351,-3.5355372555898312,0.4826983662161881
2013130519083,-6.454579203989394,-4.046837945227272,0.337404100043905
2013130519100,-6.408375614978824,-4.151352172029908,0.59172027523821
2013130519116,-6.334692166477472,-4.3747451725443645,0.4345748715598061
2013130519133,-5.458996615801446,-3.9135742004575826,0.33922069350025863
2013130519150,-5.5312968697389575,-4.108988288319219,0.21162749614093768
2013130519166,-5.136425033173509,-4.605128484939733,0.06576313689409474
2013130519183,-4.838639004034217,-4.497655695185103,0.031016197046893623
2013130519200,-4.3714767187693155,-5.284913872068164,-0.2789991645154284
2013130519216,-4.0882323060698695,-5.786944470272873,-0.4760062474888964
2013130519233,-4.090921107610122,-5.389809065654115,-0.3158142823198977
2013130519250,-4.486502054026593,-6.359850018719609,-0.39998716554193625
2013130519266,-4.6836079203517205,-5.8823896641670785,-0.373857213712701
2013130519283,-5.289336931202336,-5.787493139159982,-0.6767191574432829
2013130519300,-4.431463371924253,-6.122321351271963,-0.7504497195374717
2013130519316,-4.31293467512638,-5.565923169058922,-0.8048696560771631
2013130519333,-4.481686375346269,-5.086022039071928,-0.7967249740889104
2013130519350,-4.0028729048564315,-4.928932636475363,-0.5138514456986703
2013130519366,-3.884992190020424,-5.516630505183854,-0.3936646430760655
2013130519383,-3.628871944693524,-6.259657009570672,-0.5227214618293117
2013130519400,-3.8677459847591793,-6.317738245595302,-0.7022555914756503
2013130519416,-3.319762415005342,-6.287442319589757,-0.6141709469389571
2013130519433,-3.6005172901013314,-6.929547727457724,-0.7671927233958986
2013130519450,-2.731838013383926,-7.33016197177686,-0.6313092756231242
2013130519466,-2.414870880461691,-7.560193999004811,-0.5667428041244185
2013130519483,-2.536909856497651,-7.603046265776155,-0.868862215531294
2013130519500,-3.267430679049953,-7.570064689961134,-1.2772447805064755
2013130519516,-3.748976187272504,-7.9395600812537825,-1.5245744237940722
2013130519533,-4.371201682700184,-8.94462512130291,-1.7337826351728591
2013130519550,-3.063552363043215,-8.762950367992559,-1.4262868116194847
2013130519566,-3.513209236666362,-9.65277648304856,-1.076832973408766
2013130519583,-3.3685622278404908,-9.71290932440266,-0.8854388286291622
2013130519600,-3.0249804061496346,-10.449760554667776,-0.7533043068426934
2013130519616,-3.4935778619939653,-10.636814863788583,-1.2633341539881413
2013130519633,-3.362799227165915,-10.303135872670019,-1.164414829666604
2013130519650,-3.5635932454634895,-10.583523228200985,-1.0074909382025732
2013130519666,-3.2477296321389084,-10.632251916776895,-0.9140864302823636
2013130519683,-3.0102023048191864,-11.12732599414215,-0.9006795260903433
2013130519700,-3.827694357191933,-11.153983881752152,-1.1424581728136234
2013130519716,-4.543251805080306,-11.026852230565776,-1.0263255320189875
2013130519733,-4.844050380039096,-10.30885390511148,-0.9326731165757682
2013130519750,-4.960625164972987,-10.982265476548015,-0.7649096415129131
2013130519766,-5.017989320242634,-11.440832911203849,-0.9342815814497146
2013130519783,-5.563742637918678,-10.995258714020668,-1.1913089125335539
2013130519800,-6.232439574347204,-10.17676148859084,-1.0954316068241836
2013130519816,-6.553662165795019,-10.148626697477336,-1.3861455238016716
2013130519833,-7.09222523903939,-10.22046703181991,-1.784364587007766
2013130519850,-7.325298366265883,-9.998725434828604,-2.001138811778007
2013130519866,-7.563351566249967,-10.040987074308184,-2.026586357518794
2013130519883,-7.582176307739239,-10.770231204479572,-2.19599111801293
2013130519900,-7.539863200236186,-10.677821283054707,-2.0926319089664944
2013130519916,-7.3953741321969275,-10.26665113753279,-1.9881977485126803
2013130519933,-7.149972865385061,-9.78533142426002,-1.8143776776960279
2013130519950,-7.511762354718868,-10.034804877307632,-1.8527819571094561
2013130519966,-8.018701575615658,-9.422041347968609,-1.5185573414138211
2013130519983,-8.129886079527676,-8.78198323579187,-1.8508174087686178
2013130520000,-7.783620488703201,-8.753111439356452,-1.5808580487257198
2013130520016,-8.185311770364116,-8.794147016357162,-1.4071321060145552
2013130520033,-8.030324396030789,-8.863322960750633,-1.589871529334335
2013130520050,-8.622663685396954,-9.687142865234375,-1.6231228175944228
2013130520066,-8.704998302103302,-10.04584397327261,-2.017269182506162
2013130520083,-8.085558605016294,-9.911026704125003,-1.9600378735507367
2013130520100,-8.621332018379416,-9.984520169467302,-2.1294319121638225
2013130520116,-9.59040530290181,-10.315060394279088,-2.2327771274987094
2013130520133,-9.441837467677193,-9.655285009338412,-2.425938767783022
2013130520150,-9.58815593976478,-9.718629017913093,-2.3438401831137456
2013130520166,-9.412280023394342,-10.019932218606062,-2.1277426462453297
2013130520183,-9.073326641458062,-9.382981700499837,-1.9918287813778783
2013130520200,-9.687268455045311,-8.966413823976012,-1.6819887620917642
2013130520216,-9.646710179326877,-9.433307988626852,-1.5746916437238514
2013130520233,-9.725479116636723,-10.117768096272961,-1.7189102495914024
2013130520250,-9.567035412468282,-10.8651193052261,-1.6638999437240853
2013130520266,-10.081633495801334,-10.542960852820865,-1.910025705395469
2013130520283,-10.204820691687594,-9.801122899959953,-2.104524966378925
2013130520300,-10.252248617632365,-10.785326644209265,-1.998268200076788
2013130520316,-9.44822354363572,-10.867180203628811,-1.8691334699715154
2013130520333,-9.140269425826677,-11.009829880565817,-2.090473699876388
2013130520350,-8.622351763716484,-11.142515196627865,-2.291609955798609
2013130520366,-8.500830456445652,-11.422455459597302,-2.462808680875169
2013130520383,-7.88156342564478,-12.509145253550365,-2.283935405520795
2013130520400,-8.607125185938648,-12.856379603471515,-2.5558988657659265
2013130520416,-8.44018947609996,-12.686107397601798,-2.5554115819785332
2013130520433,-8.971156118547983,-12.169590099963202,-2.5446177612939143
2013130520450,-8.50182207427104,-12.21431245279973,-2.2100517242197317
2013130520466,-8.343556083257951,-13.149423911902431,-2.5974872973145455
2013130520483,-8.99519655692544,-13.360812983804857,-2.4712743348931063
2013130520500,-8.602367632970058,-13.29162460258471,-2.3051677725668354
2013130520516,-8.511850613699613,-13.725465936943051,-2.349769377104976
2013130520533,-8.763724851865636,-13.139354490674476,-2.284608170641259
2013130520550,-8.605774583669447,-12.658385188743235,-2.4005109481835065
2013130520566,-8.817241923860426,-12.941131506446947,-1.7082862923986728
2013130520583,-9.824724984722902,-12.719772481336015,-1.5048779866316058
2013130520600,-8.981657156235938,-12.316423673262523,-1.496843136556329
2013130520616,-8.550288686490092,-12.640152738457756,-0.9730276886510996
2013130520633,-8.244387943909857,-12.432817232171015,-1.1254944003980403
2013130520650,-8.650221935695603,-12.983289218664096,-1.4498646945602767
2013130520666,-8.793649275385965,-13.781678806221862,-0.9247404524254063
2013130520683,-8.835880540440057,-14.379850105541216,-1.333869374058653
2013130520700,-9.000237564972528,-14.752422926926162,-1.214882410596297
2013130520716,-8.758253412959604,-14.971460451106978,-1.3106672515466156
2013130520733,-8.737009717413162,-15.187997831729977,-1.3873632534995386
2013130520750,-8.536507823036423,-15.72126726153692,-1.2528583021353983
2013130520766,-8.403989292595663,-15.325295432463783,-1.26116744657976
2013130520783,-7.853590973224064,-14.503298984728211,-1.112844847828135
2013130520800,-7.855385005964852,-13.54641816910078,-1.4439697200277803
2013130520816,-7.613489366657958,-12.952664728539052,-1.2120749143044036
2013130520833,-7.322903371708479,-12.814726881913264,-0.7386676903964184
2013130520850,-7.337410572221709,-12.767650084952749,-0.5329235513436077
2013130520866,-6.505949525402514,-12.7072720093445,-0.32480968333380944
2013130520883,-6.584320821585341,-12.81016151581019,-0.5165556592545499
2013130520900,-7.130738082146097,-12.591607389333763,-0.2257326098234942
2013130520916,-6.486267050160755,-12.286582389163083,-0.34895954650352246
2013130520933,-6.75515020841594,-11.691701991507735,-0.5159014756960669
2013130520950,-5.722240504876477,-11.967140368707733,-0.5242043452024909
2013130520966,-5.869001197894342,-12.054594513587027,-0.45705754162794077
2013130520983,-5.458341005483705,-12.030817776904124,-0.15598084984896698
2013130521000,-5.0394898520016485,-11.8136954793986,-0.25446700136794287
2013130521016,-5.589403865599141,-11.658792577097213,-0.016307481192012308
2013130521033,-6.251131219173175,-10.918360839811143,-0.05540964645786395
2013130521050,-6.147329156750339,-11.6292299906056,0.08204881796096442
2013130521066,-6.5173068636366365,-12.355881483378623,0.2502313809597134
2013130521083,-6.314568023327947,-12.381942999185135,0.21002197415572033
2013130521100,-6.078692778609461,-12.380071841337383,-0.12477863002154765
2013130521116,-6.160411511177055,-12.65898545976897,-0.2931581900622462
2013130521133,-5.7541540423808675,-13.274498237194873,-0.5622023834926713
2013130521150,-5.272899831778544,-12.403650664738144,-0.6896937118976509
2013130521166,-5.232879551083305,-12.298322308045087,-0.40368873707900965
2013130521183,-5.434403531709591,-11.235444277914613,-0.2632473247069329
2013130521200,-5.689384873047093,-11.142881694722583,-0.015680214735266595
2013130521216,-5.949218822944581,-11.533951926662183,-0.14030588069324623
2013130521233,-5.31051497393681,-11.373054980855857,-0.14541350834360078
2013130521250,-5.483658212576471,-11.484314221820384,-0.0052644717932053275
2013130521266,-5.987659727375815,-11.701368997216576,-0.10020481061362507
2013130521283,-5.247438498902313,-10.613122315855504,-0.13305381411866835
2013130521300,-4.930759483120027,-11.231572229174951,-0.6389944922408632
2013130521316,-4.903107366674726,-10.716064255171421,-0.8545441595656003
2013130521333,-5.837058286586045,-11.578724707276447,-0.97517245178919
2013130521350,-6.261077154016948,-11.932364185994498,-1.1780045166441004
2013130521366,-5.872770824132315,-11.957537893105798,-1.221260141031813
2013130521383,-5.847987643650675,-11.533538123302442,-1.5562718164202625
2013130521400,-6.8556807280116026,-11.002505133050096,-1.57806835605916
2013130521416,-6.465972668697974,-11.082533758050715,-1.6034380735797513
2013130521433,-6.30046760870534,-11.284865699620093,-1.6839379860837014
2013130521450,-6.424317722662137,-11.098395382644698,-1.683591990246132
2013130521466,-7.134702522705591,-11.041946891518634,-1.5649575336769461
2013130521483,-7.545712223044172,-9.965740711226701,-1.574700158594958
2013130521500,-7.127485150611464,-9.636348732481448,-1.6975925868272224
2013130521516,-6.956230748697051,-10.059332765010405,-1.9201386102948927
2013130521533,-6.998103821802756,-9.569086032445236,-1.9179274711395196
2013130521550,-7.274457564353305,-10.324589999341754,-1.6902784432535662
2013130521566,-6.998871588772775,-10.145322730878666,-1.1995643727732577
2013130521583,-6.181208422256886,-10.367880149084689,-1.3433699249949655
2013130521600,-6.235854531554104,-10.710635695838143,-1.528254560132332
2013130521616,-5.50770074736612,-11.735911059343895,-1.1238532888226578
2013130521633,-5.4218553526307325,-12.129603410944913,-1.152934231085248
2013130521650,-6.27200511562242,-12.252042214173049,-1.302525549603478
2013130521666,-6.5477867827934455,-12.107914344779296,-1.3100036288186319
2013130521683,-7.239355820828104,-11.5946063852244,-1.4576638278642375
2013130521700,-7.412966370339522,-11.439512419708599,-1.6744643584551961
2013130521716,-8.224097607617846,-11.46279777249009,-1.6198602408844986
2013130521733,-8.731628804316005,-11.444844841555206,-1.2794612078381302
2013130521750,-8.149739461959445,-11.52952287879554,-1.172405466514892
2013130521766,-8.202283095354765,-11.827558616037052,-1.0602894637177074
2013130521783,-8.104209314147699,-11.624829703752022,-1.0880132857191427
2013130521800,-8.276368594880578,-10.533621939222709,-1.250214232684017
2013130521816,-7.389610706489719,-10.955515338067276,-1.3110848026850017
2013130521833,-6.77137424444099,-10.481912887411244,-1.227804466206314
2013130521850,-6.7158877052356365,-10.686709455956972,-1.1798154805587842
2013130521866,-6.193867741714331,-10.125806312705663,-1.3676624921818648
2013130521883,-6.672427624868007,-9.522379013080423,-1.2503114158684516
2013130521900,-6.381208076404814,-10.06111744517709,-1.0060225367289177
2013130521916,-6.874342017365928,-9.721421601229324,-1.1861925554497696
2013130521933,-7.550812578069134,-9.64193098048319,-1.2753627322019647
2013130521950,-7.278717068907959,-9.31943805811767,-1.274904865017302
2013130521966,-6.935214406453358,-9.755303597304376,-1.4385727912423494
2013130521983,-7.535451416620211,-9.372303953108334,-1.3884420226367027
2013130522000,-7.2522750039457575,-8.749198121702523,-1.1040145177310723
2013130522016,-7.239829031369578,-8.558558085645249,-0.7410702280057972
2013130522033,-7.351821644758653,-8.11192308426815,-0.23345595771371475
2013130522050,-7.962236727853501,-8.002506107849328,-0.4694420067263614
2013130522066,-8.612631823597292,-7.457098419696486,-0.4332877166815263
2013130522083,-8.650532475833373,-7.95800454697955,-0.6152241765877646
2013130522100,-8.782730393073694,-7.990787235100018,-0.6029813255153877
2013130522116,-8.856283268392264,-7.980640513709705,-1.0615245952458747
2013130522133,-8.830598106331768,-8.587987711547518,-0.9539465279854704
2013130522150,-8.997333811364985,-8.805742551065956,-0.8071434652019136
2013130522166,-8.961383056883289,-9.274115280642134,-0.9167906101158902
2013130522183,-8.64096101367908,-9.567663997066864,-0.7653608792900479
2013130522200,-9.017298449938679,-9.616263497011373,-0.4931878360864279
2013130522216,-8.88245869751438,-9.346020558984627,-0.7069455473526378
2013130522233,-7.949727813428877,-9.592788529580108,-0.815892257986204
2013130522250,-8.023383187354609,-9.614966485584318,-0.9069510290116577
2013130522266,-8.626381121110011,-9.334332328495467,-0.8787957807838409
2013130522283,-8.854844133925644,-9.36653539076167,-1.0327663396995685
2013130522300,-9.467994211896539,-7.69404506427921,-1.1577995453587535
2013130522316,-9.622882074566423,-7.248113683036248,-1.1481787064022844
2013130522333,-9.769299154329872,-6.725020898173443,-1.2727615337569917
2013130522350,-10.002361449348255,-7.459088791390318,-1.108484934929543
2013130522366,-10.00176264071837,-7.835779446362102,-0.8681283940131074
2013130522383,-9.182561508952734,-7.768978490575665,-0.4894418417195272
2013130522400,-9.428518199140008,-7.958783658259137,-0.33922412026294446
2013130522416,-9.591031975440348,-8.05776351385629,-0.3571297525591013
2013130522433,-9.46818765000558,-7.381265096034384,-0.46610112757934097
2013130522450,-9.635190324926445,-7.787882901493545,-0.5905889842673506
2013130522466,-10.169574633729201,-8.111340661146741,-0.7183808733406916
2013130522483,-9.695743066536384,-8.36517960489994,-0.48803466167128806
2013130522500,-10.204397811986038,-7.4830854453236775,-0.12055807244076155
2013130522516,-10.286954340853473,-6.676263244817162,-0.5695148934139573
2013130522533,-10.652334813945108,-6.794852361064125,-0.8714221006092845
2013130522550,-11.058594649521359,-6.750808823206851,-1.1406769534149255
2013130522566,-10.63044631054212,-6.621606960430967,-0.8526177103615076
2013130522583,-10.38825192654499,-6.387362960051889,-0.9512672143275833
2013130522600,-10.845753731217847,-6.208435235195813,-1.3817712694668403
2013130522616,-10.794730827795137,-5.7681186723887174,-1.1764149115491773
2013130522633,-11.259098416922932,-5.665170956026465,-1.2218784964669418
2013130522650,-11.425939598250869,-5.809355674856935,-1.0268038800644088
2013130522666,-11.63043413882626,-5.92683525724458,-1.1670715560410945
2013130522683,-11.042515307021024,-6.213106771552241,-0.9725143449536103
2013130522700,-10.947307741539584,-5.932610488817334,-0.8430362909178812
2013130522716,-10.848548842177193,-6.095849651733882,-0.7297820872577732
2013130522733,-10.68918086051131,-6.556666155858087,-0.6544539423524598
2013130522750,-9.692750367745223,-6.5091283044578185,-1.3840352829703608
2013130522766,-9.965863514376462,-6.239102790679612,-1.4814938419664396
2013130522783,-9.391503425457877,-5.956286462396106,-1.65947396879909
2013130522800,-9.146051297578726,-5.603370554855909,-1.2725842929310796
2013130522816,-8.448438000062312,-5.444077811607122,-1.2891782381171888
2013130522833,-8.53892874895456,-5.94191399451877,-1.1506407061499488
2013130522850,-8.695481125520192,-6.371616613816098,-0.6143441778825129
2013130522866,-8.963384518170773,-6.60216813458349,-0.8709286349066788
2013130522883,-8.73936024645827,-7.193438226524485,-0.9931202751114463
2013130522900,-8.41489022485824,-7.099424201118165,-0.7335929165067567
2013130522916,-9.144617730507553,-7.209394073385023,-0.7342927620393982
2013130522933,-8.86929182973315,-7.807881013814175,-0.6859136064460472
2013130522950,-8.036266990077594,-8.14794659128248,-0.726547059521836
2013130522966,-8.12498242371533,-8.52863710197654,-0.6053095935781101
2013130522983,-8.249063639889838,-8.961349503962019,-0.319534805823495
2013130523000,-8.825643526087827,-8.832435179285971,-0.3225382744669276
2013130523016,-8.014915142199577,-9.22723890259023,-0.3730651969858165
2013130523033,-8.739372948680892,-8.897930083656005,-0.501511348079374
2013130523050,-8.942946417071141,-8.40244679161796,-0.7187772396624685
2013130523066,-9.463566130350245,-8.430755855494578,-0.8474587824862927
2013130523083,-10.13139722263372,-8.118493125671847,-0.9659443762157537
2013130523100,-9.29377682366967,-7.717081053933473,-0.8273445983096792
2013130523116,-10.28884837790368,-7.0623691971619085,-1.1013709846763953
2013130523133,-9.801735133004154,-7.013830615031072,-0.9044120667197006
2013130523150,-9.434583072862075,-7.093011928812442,-1.5173732316313808
2013130523166,-9.219790874353595,-6.630420849593467,-1.563277537935856
2013130523183,-9.907531620659157,-6.151854807728325,-1.3207998677266728
2013130523200,-10.216162023963374,-6.903635826841057,-1.7172114380343437
2013130523216,-10.43665067356163,-6.420830990937383,-1.8783795799034
2013130523233,-10.362439525305083,-6.255137362864333,-1.3723174802050586
2013130523250,-9.89207672673722,-4.755892098086574,-1.567061871082606
2013130523266,-9.535790549902389,-4.595989894620967,-1.5467981751866906
2013130523283,-9.50211615019133,-5.464220961649772,-1.2463900230963256
2013130523300,-9.261052196699843,-5.385002691120903,-1.4509574263427787
2013130523316,-8.723606516188436,-5.546159655536542,-1.8027532360606742
2013130523333,-8.11879905805632,-5.70444871585446,-2.0952481590864642
2013130523350,-8.19299475274855,-5.0787796192279275,-1.9591484619020236
2013130523366,-8.195088440870054,-5.790441421957678,-2.0438022545556174
2013130523383,-7.715223309170184,-5.405505745434285,-2.140121443782324
2013130523400,-7.772011056174158,-5.223539741203325,-2.088055682841776
2013130523416,-7.45521681800342,-5.541332088177898,-2.007153132198478
2013130523433,-7.09272445980211,-6.362178404337067,-2.0848719604813817
2013130523450,-7.555364506632841,-7.307173290039126,-1.974041987881368
2013130523466,-6.92203916230491,-6.510905035162598,-2.1761825436412146
2013130523483,-6.73520503678032,-6.182826964307266,-2.454138717368101
2013130523500,-6.9057123568790155,-5.825774379256124,-2.1413810661168045
2013130523516,-6.876570123715766,-5.749339019110817,-2.0402563934590656
2013130523533,-6.599280242208366,-4.985098475992385,-2.019141578541895
2013130523550,-6.459155350231224,-6.155760240413447,-2.1497831621338976
2013130523566,-6.4001468604050045,-6.41568367007007,-1.8515866833114831
2013130523583,-6.46844816978302,-6.253529516414223,-2.3363806445406987
2013130523600,-5.965324645413581,-5.321048540100132,-2.5435595561728923
2013130523616,-5.827329696273835,-5.673936297392933,-2.755975306767941
2013130523633,-6.067303335488358,-5.618951034670616,-2.3105957503706445
2013130523650,-5.585186674905094,-6.004469956688853,-2.298986261849807
2013130523666,-5.255396882344536,-6.26556451762798,-2.437540984905395
2013130523683,-5.1736947566077465,-5.32708812445934,-2.534184205762041
2013130523700,-5.646560142209235,-4.518348213361726,-2.7977804336863095
2013130523716,-5.972075306705202,-4.793961256036981,-2.8897840863326065
2013130523733,-6.395317152815374,-4.44574278409042,-2.9674877519546996
2013130523750,-6.021538863071596,-4.417404768870643,-2.877345841829345
2013130523766,-5.414125023586105,-4.692727266007,-2.7298455528341172
2013130523783,-6.485490898162221,-4.819695697681924,-3.0243201527183388
2013130523800,-6.849488408864438,-4.88218966138476,-2.650299954080862
2013130523816,-7.272694526272222,-4.479252772127743,-2.6074132026571033
2013130523833,-7.9663266797349355,-4.781664056605707,-2.5964932069407944
2013130523850,-7.696202529038355,-4.775371128629639,-2.3978170505003047
2013130523866,-7.123311285223936,-5.090553789869173,-2.6318809922638198
2013130523883,-7.062894406629268,-4.925368895182877,-2.544604225172835
2013130523900,-6.502921143140198,-4.471497306484483,-2.503744229612962
2013130523916,-7.690965230101901,-5.250956957328175,-2.3532544113410747
2013130523933,-7.3062542076711665,-5.226141387918224,-2.488752613126124
2013130523950,-7.9013407572186,-4.83253211264714,-2.397364156134248
2013130523966,-7.575948378695728,-4.594553685301811,-2.447861675436154
2013130523983,-7.781389666330577,-4.631063573649718,-2.311996771637316
2013130524000,-7.767675681114977,-4.292756328721412,-2.054940471588727
2013130524016,-7.89601917453704,-3.598101891459154,-2.0622171368521443
2013130524033,-8.355704077012177,-4.25057452527725,-1.9292023055005736
2013130524050,-7.424744871568548,-3.6953824812881666,-1.3953093562158352
2013130524066,-7.520355628785753,-3.2043742006196645,-1.2239386492413575
2013130524083,-7.5000819497369715,-3.4230442290075445,-1.2117396055269407
2013130524100,-7.088379393556881,-2.9756653253674075,-1.1984137217679816
2013130524116,-7.212287355481095,-3.029966213985783,-1.4374382093456552
2013130524133,-6.906031809219853,-2.3857176966488955,-1.0826784485047027
2013130524150,-6.591524198432206,-3.3115745158788816,-1.2848921247146476
2013130524166,-6.952957999999619,-2.9691036071094508,-1.2039639538044904
2013130524183,-6.693745700777278,-2.8872035024364258,-1.1974234247044135
2013130524200,-6.912916699290113,-2.8662912200410435,-1.2177168412780952
2013130524216,-6.785046123776002,-3.027312896255642,-1.2278491682716919
2013130524233,-6.229156097853442,-2.4619194513148233,-1.2410639234646383
2013130524250,-5.954604520175251,-2.0402294546810875,-1.0772830947290657
2013130524266,-5.644534347307538,-2.291702443081884,-1.4287262383195807
2013130524283,-5.503061091890495,-2.5468495548162027,-1.3773394146872908
2013130524300,-5.778989845899503,-3.333369858587407,-1.7009982790443479
2013130524316,-5.82264239785663,-2.855519343629024,-1.547523725153673
2013130524333,-6.291122687661991,-3.388167027313576,-1.1420229652682448
2013130524350,-6.278253171847903,-3.426870428968198,-1.0178080853018248
2013130524366,-5.5855397432318,-3.9400805638785337,-0.8725523269742991
2013130524383,-5.179161748063215,-3.4317783742082653,-0.9387554855184875
2013130524400,-5.906540623406901,-3.134096915989517,-1.196045458780762
2013130524416,-5.2577870541427085,-2.9312316703971084,-1.455778124589346
2013130524433,-4.537459744942232,-2.400707443341679,-1.3118509062243549
2013130524450,-4.499371226786074,-2.7701866103192665,-1.29635893339834
2013130524466,-4.537378751488988,-2.8756165467481414,-0.8978535023991934
2013130524483,-4.690497755360491,-3.1492823920076183,-1.090925427033125
2013130524500,-4.968615621734413,-2.694337150061042,-1.0116198924625732
2013130524516,-4.906011775411093,-1.8547083905510506,-1.0510570548541711
2013130524533,-5.221117517126952,-2.076669287971387,-0.9691573527553988
2013130524550,-5.072739126123836,-1.6435852753867426,-1.0078059695937132
2013130524566,-5.442568576792157,-2.104351140126555,-0.9337642500011167
2013130524583,-5.354026588219302,-2.107521104440937,-1.2164475682160418
2013130524600,-5.8706158942949696,-2.665567117086169,-1.3717044574514095
2013130524616,-5.982293849040145,-2.831076813998618,-1.6115085241653813
2013130524633,-5.400995976453043,-2.557884037344512,-1.794770533752861
2013130524650,-5.417382948349613,-2.2636352554581536,-1.878248929678242
2013130524666,-4.5949063480212144,-1.7290406643247573,-2.182817749626572
2013130524683,-3.9739844791963526,-2.2248762168534335,-2.5392261330630004
2013130524700,-3.0600154706059843,-2.3942031418920644,-2.3113992979750684
2013130524716,-2.55883204261569,-2.3171735203297055,-2.209129841128632
2013130524733,-2.9393743557121104,-2.5845511782571826,-2.2571728595544345
2013130524750,-2.393320656318318,-2.7576379517958682,-2.6504878968687824
2013130524766,-2.0898392455452535,-3.1687403366021183,-2.7010551243626915
2013130524783,-2.3109166394744216,-3.5379427280956874,-2.6884083158923824
2013130524800,-2.395677335099462,-3.8036341136032155,-2.589376261754257
2013130524816,-2.689641595432067,-3.5552634555957976,-2.9197450359956925
2013130524833,-2.2223251474452534,-3.7230327954234586,-2.5717738052134
2013130524850,-1.9595434321643457,-4.261799753035895,-2.683869734791058
2013130524866,-1.165908685540776,-4.118199185315741,-2.8189943034254696
2013130524883,-0.4765849019552926,-4.588052789074219,-2.8672758862886587
2013130524900,-0.45889958311264234,-3.9509995198914023,-2.697158032894509
2013130524916,-0.5002530477924676,-3.540983426003898,-3.02289131007765
2013130524933,-0.6762040919108578,-3.0164029498731955,-2.9377282593423204
2013130524950,-0.532324891811391,-2.5959425136771754,-3.1304307757539194
2013130524966,-0.6506669074793887,-2.722303521606414,-3.236883294168866
2013130524983,-0.13146984650155513,-3.05080941744408,-3.356259224053228
2013130525000,-0.5328952738354937,-3.30414092189862,-3.515922107416278
2013130525016,-0.036161050783473314,-2.5501826057213512,-3.4979125351086084
2013130525033,-0.007993542893501626,-3.363208673416263,-3.4183461131509114
2013130525050,0.02532892752044269,-3.976125315233018,-3.6753355302185793
2013130525066,-0.14665579426623765,-4.2469681255786105,-3.578791337068235
2013130525083,-0.092447759831213,-3.9609875366302174,-3.8089980293565855
2013130525100,-0.4550975819234191,-3.7068456207610447,-3.548891518064771
2013130525116,-1.1678708513706129,-3.791931274774814,-3.1823400865357927
2013130525133,-1.5682281217265577,-3.661885210589106,-3.338113718223881
2013130525150,-1.2564214643033509,-3.9806177308054935,-3.423496198403564
2013130525166,-0.9553602034408053,-3.7892872792874566,-3.8958020229102357
2013130525183,-1.164011023635716,-3.6846843766685637,-3.745148464558403
2013130525200,-0.9557293684956907,-4.066983160396828,-3.5596482307600916
2013130525216,-1.389718052957169,-4.417541236441046,-3.690438688484999
2013130525233,-2.104786627911632,-4.130050874377526,-3.5330158590801615
2013130525250,-2.7764012791919193,-4.613966749062856,-3.7466056402740797
2013130525266,-2.8708818807204324,-4.712996037415023,-3.7075801538030113
2013130525283,-3.1751098953487125,-4.9527515902568275,-3.978878418770721
2013130525300,-2.9184512183967795,-5.4474218464741115,-3.830791040190473
2013130525316,-3.3739693118482066,-5.0831723221931515,-3.9214118534931064
2013130525333,-2.9491021509354995,-5.002005970459216,-3.733284945735079
2013130525350,-2.7940428879840575,-4.008946094698518,-3.39919227100839
2013130525366,-2.4387815087810747,-4.586595341360191,-3.464127521092908
2013130525383,-2.4316101064796176,-4.833824883645164,-3.416173365113817
2013130525400,-2.284873425278701,-5.124861889695001,-3.3676151678851043
2013130525416,-1.7572833515013042,-5.208129190233854,-3.3026840296045474
2013130525433,-1.671702506534864,-5.054268307996397,-2.944971139502164
2013130525450,-2.5682556952402216,-4.495803754691677,-3.09042864619044
2013130525466,-2.9289023638150136,-4.6373878027892275,-3.0257552302408346
2013130525483,-2.345699289339878,-5.138749329262557,-2.9329167730147265
2013130525500,-2.1312383820121883,-4.940720947334163,-2.909972497538491
2013130525516,-2.2838558551224786,-5.229447552882453,-3.0286539057354718
2013130525533,-2.6377214852881696,-5.349598695938041,-3.6689829088521133
2013130525550,-2.2693448494557202,-5.618546905076628,-3.1863292192684955
2013130525566,-2.8831125912238553,-6.518132155034519,-3.878835135184552
2013130525583,-3.030332626023826,-5.792453518610021,-4.0143491916487735
2013130525600,-2.609324514631764,-5.469274722081709,-3.991288394003955
2013130525616,-3.1439976582978306,-5.6714346844866474,-3.825831063483256
2013130525633,-2.7243751222480608,-5.86545740299144,-4.143986374509245
2013130525650,-2.6434783436346656,-5.098539390929795,-4.332062417676905
2013130525666,-2.438311157083903,-4.882072836504359,-4.134268943098943
2013130525683,-2.4846166018424185,-4.529995886389953,-4.277459064025527
2013130525700,-2.5076928599610406,-4.196244786595912,-4.4010937208659815
2013130525716,-3.0436459866116587,-4.1307156906619635,-4.391030487742053
2013130525733,-3.4292712922804256,-4.554858860962696,-4.457626237860517
2013130525750,-3.7244179190492757,-4.210334286501981,-4.451155680496437
2013130525766,-3.9981125561613897,-3.8435404439315826,-4.189274022407275
2013130525783,-4.687914939897943,-4.0453953344774805,-4.050328784083124
2013130525800,-4.688676357341942,-4.455446592301789,-4.090229925771936
2013130525816,-4.371533614368727,-3.91923876199257,-4.1210698000554
2013130525833,-3.749316249380405,-3.7073677016816373,-4.034095590684398
2013130525850,-4.268625714686017,-5.091474380519171,-4.221826529593919
2013130525866,-4.162211439138247,-4.265764109082546,-4.3902344829285305
2013130525883,-4.614099253375124,-4.0607581072380565,-4.393152916366202
2013130525900,-4.73616237429381,-4.47960533059835,-4.139544129434732
2013130525916,-4.703927815580335,-4.631602534395266,-3.8171563841731255
2013130525933,-4.413048514135796,-5.443118618223137,-3.93972672541428
2013130525950,-4.011979153330426,-5.623978900642435,-3.851681117335368
2013130525966,-4.090153813748084,-5.030372941304969,-3.876527928765934
2013130525983,-4.139088133979487,-3.994798693701148,-4.243636684229909
2013130526000,-4.280511554737001,-3.5803911621387488,-4.193988201438537
2013130526016,-4.56243201029066,-3.8976976678072117,-3.9608197988623353
2013130526033,-4.826494342315959,-4.337339922961395,-4.1952803345063625
2013130526050,-5.116996625496194,-4.667618417814648,-4.490406525966964
2013130526066,-5.453706980464921,-3.9602178312807657,-4.363792825749806
2013130526083,-4.722173914839428,-4.37755282586838,-4.566116914758917
2013130526100,-4.901155075431854,-4.110671658782196,-4.360932283156792
2013130526116,-4.749216773759035,-4.156564936299094,-4.173767158235509
2013130526133,-4.790186630205997,-3.4067316393549594,-4.169873967428785
2013130526150,-4.908051937342214,-3.9369491221306254,-3.9433955090688593
2013130526166,-4.788069924437554,-3.6422141058729482,-3.840470938296342
2013130526183,-5.188543126058242,-3.014679858623106,-3.7976941431899687
2013130526200,-5.222247775177058,-2.8536902444971153,-4.000662789641104
2013130526216,-4.966696185968129,-2.8240672886844647,-4.0886357688820265
2013130526233,-5.128538304252672,-2.318874157119519,-3.8412547884617125
2013130526250,-5.040170201420066,-2.1233416091897195,-3.745816508007775
2013130526266,-4.822352969905429,-1.689969852278888,-3.942322896099712
2013130526283,-5.139520377615835,-1.6218745569601687,-3.759400740174354
2013130526300,-6.002872693902477,-1.9101760459960646,-3.3999314006304155
2013130526316,-6.4355318101326295,-2.4642896400140706,-3.084284278519464
2013130526333,-6.422896266479059,-2.3719210811456395,-2.7680885917316203
2013130526350,-6.059398405549673,-1.92215101799027,-2.7041517396288803
2013130526366,-6.413454698483809,-1.92503973045857,-2.65218159970806
2013130526383,-6.832398956809886,-2.125770445231209,-2.3173831780338197
2013130526400,-7.144937200880647,-1.7311942769095205,-2.382205724160234
2013130526416,-6.510029996616587,-1.3298530625830987,-2.310891412638298
2013130526433,-6.760631518342768,-1.2946515314106133,-2.298950205193184
2013130526450,-6.305283347148484,-1.3422681009883535,-2.49889686054549
2013130526466,-5.573065234317374,-1.5673483996986564,-2.695409216100447
2013130526483,-5.408607987719106,-1.9014231084237867,-2.6407888828642982
2013130526500,-4.47246656644261,-2.283140449476713,-2.295336993880043
2013130526516,-4.345606465697023,-1.670802378265262,-2.3283493642177837
2013130526533,-4.66394823362876,-2.3427242077766404,-2.261499842256734
2013130526550,-4.938254818175785,-2.4794624347140646,-2.251989394799873
2013130526566,-5.995105715916761,-2.1684637670298716,-2.342645188944904
2013130526583,-5.18817460335305,-1.9310753686701165,-1.9253367235301029
2013130526600,-5.509954964473652,-2.254055497164637,-2.002862926034999
2013130526616,-5.875585671565463,-1.412691781318288,-2.0255765073476923
2013130526633,-5.991687875080859,-1.719953108496469,-1.998177771048566
2013130526650,-5.690434712995435,-1.9072546091623481,-2.1213280635455796
2013130526666,-6.1325862927057395,-1.4772230088313334,-1.9554349618294422
2013130526683,-6.163372580592652,-2.0437780349237125,-2.2006830655093452
2013130526700,-5.990626282055472,-3.7784044150716376,-1.7747332432540899
2013130526716,-6.372027390578529,-3.843716907962484,-1.70542156037062
2013130526733,-6.463220255650738,-3.0302506564159577,-1.9605535352265104
2013130526750,-6.472547138566959,-2.8897872540764435,-1.865632016754021
2013130526766,-6.785112065486387,-3.4690700280950093,-1.8655268880701026
2013130526783,-6.176264726126653,-3.4195729118886606,-2.1273115744168893
2013130526800,-6.3853019519014165,-2.928247049433269,-2.1619200176338014
2013130526816,-5.814173330825497,-4.026400860344807,-2.0937928608830623
2013130526833,-6.0819337115169585,-3.9700728446981595,-2.1191016800830473
2013130526850,-6.651142299621867,-3.7103397130900952,-2.4785590621947673
2013130526866,-6.091505777763826,-3.6239497344214673,-2.121566672337392
2013130526883,-7.185376738697093,-3.1983052907945586,-2.1866611766123447
2013130526900,-6.868603345327027,-3.007909451559877,-1.8049753435630183
2013130526916,-6.850512127017568,-2.7184372152017207,-1.6407286249968958
2013130526933,-6.30885744759487,-2.8372099064088636,-1.725148676191024
2013130526950,-5.518522823607379,-2.9176865782005157,-1.1795603622082105
2013130526966,-5.963927799130376,-3.7891116443925106,-1.3436521202125475
2013130526983,-6.331932785753342,-4.010972891862951,-1.2288048739043564
2013130527000,-7.156391816695287,-4.144329711336732,-1.7271897373435712
2013130527016,-7.299139969383226,-4.005453265852225,-1.9792832583865902
2013130527033,-7.5166102410645745,-3.963474175564603,-1.77983358976092
2013130527050,-7.341448820003562,-3.731022298677271,-1.71874186347818
2013130527066,-6.8548327267393,-3.825490656179437,-1.6605968678191076
2013130527083,-7.797585885884062,-3.8086095554918526,-2.1949534610053085
2013130527100,-8.256398366015116,-4.142369801905824,-2.5747723405920224
2013130527116,-8.418543619382676,-5.259233789277512,-2.3425971765514446
2013130527133,-8.789306775789887,-5.146980603346287,-2.6822603359156765
2013130527150,-8.514629927532582,-4.912147587389825,-2.2070362579342575
2013130527166,-8.95243709396793,-3.399747878493063,-2.460076106842476
2013130527183,-8.904394544557093,-3.295601900957309,-2.4351633639844064
2013130527200,-8.717150838672023,-2.93280049396668,-2.1191651447651223
2013130527216,-8.880807434328144,-3.048741765458541,-2.311474402222907
2013130527233,-8.765383455207907,-2.790330147505383,-2.3478007104418377
2013130527250,-8.334423443802317,-2.3269326583328533,-2.2280077315394506
2013130527266,-8.749760863248854,-2.2039895633524917,-2.0009805642681795
2013130527283,-8.794435389765017,-2.1417087172694487,-2.039726586750044
2013130527300,-7.912947564804484,-2.611471529587935,-1.6928425868661665
2013130527316,-8.633415718745605,-3.1838844139138196,-1.980615874898261
2013130527333,-8.740839886957966,-3.0317803688550073,-2.3340009737318272
2013130527350,-9.018883729263022,-3.3279821761335375,-2.1963144460033845
2013130527366,-9.37796132286908,-3.2366109937794403,-2.0251322072959512
2013130527383,-9.341822913042378,-2.5200471744182615,-1.9900558318488044
2013130527400,-9.550188913987775,-3.187284272063697,-1.7347856504824988
2013130527416,-9.726756745398433,-3.044098267305557,-1.6531343229968376
2013130527433,-8.961644368915563,-3.5360084167728787,-1.6938240630931531
2013130527450,-8.56134571926805,-3.14300998971156,-1.5395442352166397
2013130527466,-8.658218646094735,-2.832272098110904,-1.5428852579579004
2013130527483,-8.81124164036191,-3.12410563591069,-1.448882857734501
2013130527500,-8.591683357075985,-3.1067655692347915,-1.6325106096747273
2013130527516,-8.164075700955685,-3.1165839815899807,-1.6777366756457055
2013130527533,-8.316312958359294,-2.618846459388895,-1.5752175301278248
2013130527550,-8.696177455700237,-2.40678835395247,-1.7873785645806617
2013130527566,-8.514417159477379,-1.927528336662955,-1.6276599741857656
2013130527583,-8.893397755680258,-1.9898532289556092,-1.455344491756512
2013130527600,-9.072624910269875,-2.135290891213175,-1.58125628412445
2013130527616,-9.538444907557867,-2.82821303986702,-1.4658344310673452
2013130527633,-9.942063392857126,-3.1273649542351083,-1.8963544740619107
2013130527650,-10.345966057524677,-3.701025890963131,-1.552903839098118
2013130527666,-10.596373306390104,-3.878298593318328,-1.2632131921558671
2013130527683,-9.578064710628745,-2.628971161491923,-1.4791702017668258
2013130527700,-9.302884129240265,-2.860239500662811,-2.0216542521050136
2013130527716,-8.656951662010657,-3.1001332573088196,-2.9610457313875598
2013130527733,-9.017108494161683,-3.4475935798943143,-3.0298115101796403
2013130527750,-8.529300057714762,-4.112119414121539,-2.480675010316544
2013130527766,-8.87205367236355,-4.149863817283447,-2.422757110946016
2013130527783,-8.729967205081941,-4.130535358869382,-2.7390053721513534
2013130527800,-8.29601062300652,-4.068080929735761,-2.7546737606756757
2013130527816,-8.890021899241251,-4.111283707813336,-2.478932317413856
2013130527833,-9.434202978306235,-4.021419209292677,-2.3406976262421813
2013130527850,-8.98315856310165,-3.5056649852844686,-2.623347445148471
2013130527866,-8.593525671321602,-4.437564260526848,-2.7161166171262234
2013130527883,-8.12478067279423,-4.8320981904949205,-2.7803003062254774
2013130527900,-7.8978697388279855,-4.865132790657187,-2.840597449497102
2013130527916,-7.698627451846814,-4.29397056918665,-2.7733389861119897
2013130527933,-8.416413519151881,-4.566589136903348,-3.115518885716509
2013130527950,-8.464612808975847,-4.025126616710146,-3.414850215323465
2013130527966,-8.495862500406508,-4.500125040287905,-3.092718415648376
2013130527983,-8.330147296248823,-4.152020262902595,-3.219643361463925
2013130528000,-7.992844360323653,-3.9213512972683127,-3.3680436083795007
2013130528016,-8.083087161618813,-3.5321839565812643,-3.233324002909028
2013130528033,-7.304592457591407,-3.5865670572378754,-3.228974527996038
2013130528050,-7.204796952285235,-3.7328877837168317,-3.038419510756671
2013130528066,-7.624120231500922,-3.9814356535966438,-2.6233073436381225
2013130528083,-7.1785864587172314,-4.568950350405382,-2.7366293471452243
2013130528100,-6.786853460540444,-4.864044924413938,-2.559454702183924
2013130528116,-6.781635699394862,-4.546213489210911,-2.4186768775109164
2013130528133,-6.544770441307665,-5.238931856253116,-2.2819075928189116
2013130528150,-6.207990953060568,-5.088990691962323,-2.175151125837702
2013130528166,-5.946809361489405,-4.730272676991747,-1.9691558462365977
2013130528183,-5.939884274141219,-5.362042983969605,-1.9256524336966703
2013130528200,-6.451732405725442,-6.035130200415099,-2.186193611157792
2013130528216,-5.800297358704021,-5.54745901595314,-2.2920635265492337
2013130528233,-5.221422021707413,-5.576945847750719,-2.0466363318200194
2013130528250,-4.302705227959957,-6.395330070166051,-2.4042505587045597
2013130528266,-4.459753658934134,-6.128819883731425,-2.3017998021398234
2013130528283,-4.489377856907617,-5.4728114239974595,-2.328535278691714
2013130528300,-4.705704928578242,-4.9438969273019175,-2.091360637039443
2013130528316,-4.885444024853073,-4.807483482814997,-2.2353949689638464
2013130528333,-4.977192641530743,-4.472998802587739,-1.9289298894906126
2013130528350,-4.482333825880916,-4.304321922461042,-2.0928726807534996
2013130528366,-4.013655713958659,-4.965991316948763,-1.9227345620119418
2013130528383,-4.177043344192302,-5.2910587352443,-2.305422961095049
2013130528400,-4.462134421087935,-6.140621139225941,-1.8181556395954688
2013130528416,-4.44719584120661,-6.3205670894832755,-1.9861243413311094
2013130528433,-4.14612227518196,-5.998585682537739,-1.6803254774480856
2013130528450,-3.6123660917088025,-6.076734483737695,-1.320242277938845
2013130528466,-3.5013741783294923,-5.855956316464434,-1.1486922977452525
2013130528483,-3.7054122396304527,-6.899006150518667,-1.2543193172349203
2013130528500,-3.34825662529249,-7.492106756235734,-0.9496791124074158
2013130528516,-3.8238723925586573,-8.261994343561042,-0.6735445511163707
2013130528533,-3.6226114841389183,-9.149087776075563,-0.4946528046245249
2013130528550,-3.725378737310537,-9.66644296366763,0.0058091293569599856
2013130528566,-3.6981331824854897,-10.486313775013777,-0.0393427662631074
2013130528583,-3.757667044698068,-10.677159827971238,0.0643325378193933
2013130528600,-4.104537881816528,-9.910751586825475,0.21550256030662807
2013130528616,-3.9003941929153134,-10.678069690050936,-0.059838439027158685
2013130528633,-4.299859043070468,-10.794947046270213,-0.008122760605566048
2013130528650,-4.213493410037246,-10.43009323515893,-0.11635834053355243
2013130528666,-4.095488243951307,-10.515319449014664,-0.11946287242008635
2013130528683,-4.036286868843003,-10.63380323551036,-0.3571310471554048
2013130528700,-4.146839654365133,-10.837757378397853,-0.42990626724204595
2013130528716,-4.496196796761095,-10.767233813914,-0.20148884844559367
2013130528733,-4.401538252897648,-9.820816225095161,-0.38064442999491144
2013130528750,-4.726109009312422,-9.55558368788885,-0.08853056760095779
2013130528766,-4.465413674782353,-9.556968160204649,-0.019712288489275975
2013130528783,-4.139889859526756,-9.271228898673577,-0.3441528907781881
2013130528800,-3.6448021549125613,-9.366331587647,-0.330567111964835
2013130528816,-3.675773297634569,-9.438122924659808,-0.37169984982708426
2013130528833,-3.4327618584885466,-9.748987643868947,-0.43002971863552797
2013130528850,-3.247039679459004,-9.195667436769158,-0.4917969890388343
2013130528866,-2.6635411049444446,-9.653289094969079,-0.7945709148636102
2013130528883,-2.665176713343317,-9.420437279181545,-0.7539954341246085
2013130528900,-2.2266480061431713,-9.016112948405533,-1.1845878075005452
2013130528916,-2.5424773714993814,-8.812015151234455,-1.434166315149046
2013130528933,-2.2477607288508183,-8.313575955788686,-1.3236267791427196
2013130528950,-2.897477272841773,-8.637444671758814,-1.2136388017090665
2013130528966,-2.8539208014342226,-8.884205968245794,-1.2590208063146324
2013130528983,-2.5385491132230236,-9.353207674269008,-1.6830672000407223
2013130529000,-1.9920784309801398,-8.911671559887514,-1.5036181746828325
2013130529016,-2.3224363594123525,-8.55913057452482,-1.6611146942149426
2013130529033,-2.1585066484459023,-7.979869558924004,-1.4379589595688538
2013130529050,-1.723803741686301,-8.124328920423276,-1.1322085281991048
2013130529066,-1.750946317775127,-7.645032207987009,-1.1910564849924554
2013130529083,-1.2605259543008867,-7.71079756913498,-1.1313340653662372
2013130529100,-1.3825785301137867,-7.441801636622362,-1.2066180309446666
2013130529116,-1.7784925765307622,-6.800298187753678,-1.1256587432092724
2013130529133,-1.5436785997844744,-6.632381143273431,-0.946147224305827
2013130529150,-0.7667860063098635,-6.463152966273755,-1.0654120494044892
2013130529166,-0.1962879976126084,-6.104371595866438,-0.8814297715773979
2013130529183,-0.7787061779176652,-5.393381149540254,-0.7814437145595949
2013130529200,-0.5244915072287384,-5.19757825679752,-0.5997632513173448
2013130529216,-0.4413498694324458,-4.774049002249292,-0.8551334743693351
2013130529233,-0.6809721037949119,-4.741930015132808,-1.0484719714131647
2013130529250,-0.4382334063847093,-4.759236998006453,-1.014023523221736
2013130529266,-0.9283012040765097,-4.7081074168469375,-0.9833810015729282
2013130529283,0.03922159536101333,-4.839842584282801,-1.0796063302091687
2013130529300,0.9068210773601244,-4.925509727808668,-1.3600850570820386
2013130529316,2.017473780856138,-4.75676096470473,-1.1132785880401057
2013130529333,2.4117735352008234,-4.7967723844851715,-1.0807725454781214
2013130529350,2.184183397756816,-4.9305717680693695,-1.175898405324535
2013130529366,2.395219320570199,-5.791211635098547,-1.3919299960034759
2013130529383,2.0774158728682597,-5.903303844906814,-1.6191958510328857
2013130529400,1.563487987699018,-5.639096998790222,-1.7273938483675548
2013130529416,1.728349092600693,-5.4368532331789545,-1.5940767925558517
2013130529433,1.7265838756545664,-5.627652344491521,-1.2886408350804968
2013130529450,0.9833666478870793,-5.046776924443625,-1.94176908143236
2013130529466,1.4818926984902152,-4.848753439034805,-2.3973892042808993
2013130529483,1.702481967068108,-4.690289698786233,-2.5894645520284376
2013130529500,1.6976022364764383,-4.159168732584762,-2.6550828688772117
2013130529516,2.2787801215573404,-4.345196322420767,-2.738851376406067
2013130529533,1.6803679891303265,-4.454838709443422,-2.817476488862454
2013130529550,1.0490191765886765,-4.194734911913775,-2.9343097869391896
2013130529566,0.4177297969132283,-4.417180841724635,-3.1165604367338156
2013130529583,-0.5869412538129053,-5.119106480664064,-3.1534328006945893
2013130529600,-0.2671362688206118,-5.798706922817801,-3.1343090870191443
2013130529616,0.0329350784989062,-6.059894315968096,-3.1566713612800212
2013130529633,-0.14481952116421226,-6.30481064428255,-2.968288220099747
2013130529650,-0.04462976013400688,-6.862631874821288,-2.879586577432993
2013130529666,0.36734403864676946,-7.702298037741263,-2.725715864168734
2013130529683,0.9379387320144907,-7.700928501810296,-2.490557564689146
2013130529700,0.7335227046937867,-8.098797231603537,-2.3704762561161994
2013130529716,0.868781084168762,-6.9610601008230875,-2.2447225761238863
2013130529733,1.6198917898472036,-6.341030865445319,-2.019465076681252
2013130529750,0.6289002194555939,-6.992387041246623,-1.9617135964743202
2013130529766,0.8312570665173258,-6.852150810045837,-2.3545710600906924
2013130529783,0.20633449971342266,-6.813295880495818,-2.650634495671179
2013130529800,-0.7777051462437967,-6.751498144601075,-2.4566034036988516
2013130529816,-0.6431087432647731,-7.006981719891197,-2.283319056009331
2013130529833,-0.5072053091447755,-7.112989741630159,-2.3924969845431
2013130529850,-0.6911838228862281,-7.776400675998592,-2.397819369046285
2013130529866,-0.8586335792978925,-7.64508071504304,-2.1568497675638882
2013130529883,-1.1909790696164153,-7.095293285497068,-2.1553350218968617
2013130529900,-1.47710013505271,-6.553618338726031,-1.962281106276132
2013130529916,-1.0037561184718387,-6.888459178230099,-1.757260864728634
2013130529933,-1.5780048492475927,-6.895929611764956,-1.8013122072798782
2013130529950,-1.6399850064982924,-6.848703869626886,-1.4702248850134796
2013130529966,-0.6857215242893808,-6.766838177980905,-1.5887256762590691
2013130529983,-0.6475289579197288,-7.085645508652247,-1.8336219630644892
2013130530000,-1.2593625779223876,-7.34666432622622,-1.7245017159030758
2013130530016,-1.9607558036817165,-6.951701497592387,-1.8459951558723096
2013130530033,-1.8654814704745122,-7.166257767571148,-1.941717113163801
2013130530050,-1.4487643191687085,-6.865461766354077,-1.8704901342176468
2013130530066,-1.6160866685610298,-6.637025227156151,-1.7472406952397168
2013130530083,-1.2590245019373825,-6.499791914873352,-2.0681481031219726
2013130530100,-0.0669388621502991,-6.979513003106148,-1.75929733091483
2013130530116,0.23711955621322822,-5.759210267588843,-1.8457783981723686
2013130530133,0.3005704988860467,-4.97525684249558,-2.0440117850004027
2013130530150,-0.6878583388312469,-4.348274771760249,-2.134506766773088
2013130530166,-1.1067072556919229,-4.589180147847621,-1.9966065757914568
2013130530183,-1.2695073164256678,-4.10013752544107,-2.1163727034791404
2013130530200,-1.6498037099632423,-3.8098182071888393,-2.0348432427981757
2013130530216,-2.1575582242979734,-3.6168810742777513,-2.1448982064609767
2013130530233,-1.8795880567335423,-3.9813035165704944,-2.4521082127034184
2013130530250,-2.0390596864512114,-3.966697695131639,-2.7431643594986754
2013130530266,-2.352905484777555,-4.1880677081565905,-2.9893099844281763
2013130530283,-1.4481510216968712,-3.5287736655182225,-2.782111930446911
2013130530300,-1.266624535582932,-3.371807242937168,-2.728027021243557
2013130530316,-1.6325781029527056,-3.202196954792131,-2.626997353117133
2013130530333,-1.3649260726606518,-2.786023960530509,-2.121346264989901
2013130530350,-1.4456787245766836,-2.399081038562139,-2.1826365883096672
2013130530366,-1.1534209760759344,-2.424190573188012,-2.296752139858149
2013130530383,-1.727883201906605,-1.4725346738637555,-2.192530082184212
2013130530400,-1.7406533350678361,-2.448438662918215,-2.0827247987468307
2013130530416,-1.8526987541839177,-3.195064984571518,-2.2579878262171107
2013130530433,-1.8382091230797815,-3.106884775890961,-2.591559984593562
2013130530450,-1.7925668798921506,-3.8337182760817456,-2.5801465357071653
2013130530466,-2.2785408542005494,-4.196274638771213,-2.9311906314226954
2013130530483,-2.5448721911708594,-3.468942410784521,-2.7426786492687913
2013130530500,-3.1018631217461894,-3.0253166489752226,-2.809178494111082
2013130530516,-3.031067456721661,-3.305077792246118,-2.5367312823531085
2013130530533,-2.574588496724712,-3.5010462758658467,-1.844126234152656
2013130530550,-3.149091718714979,-3.588268648406226,-2.181215993168582
2013130530566,-2.5900600731996066,-3.3599964935269093,-2.375369425293441
2013130530583,-1.8811762354884025,-4.115547885607189,-2.182861636600861
2013130530600,-2.697417920682978,-4.637529226786427,-1.9022740403932437
2013130530616,-2.0622314840230227,-4.682360562065175,-2.0090376227568334
2013130530633,-2.4872050467801823,-4.335559588748719,-1.4572053039120123
2013130530650,-2.0748529996724754,-5.013631517343338,-1.4935081318136598
2013130530666,-2.1586574723891516,-4.134578389710293,-1.631460814314293
2013130530683,-2.3850825404140616,-4.32056754852316,-1.3631311036025449
2013130530700,-2.336981398809394,-3.685326335804529,-1.8978553263224922
2013130530716,-1.9384293734620055,-3.3533978268932576,-1.8840737725922714
2013130530733,-2.120924211787636,-3.8851154649019977,-1.5797818270084065
2013130530750,-2.5185712436708934,-4.110508089702883,-1.4746200205836781
2013130530766,-2.2637522857113512,-5.045636332958299,-1.2067734853453482
2013130530783,-2.7038632779443432,-4.9825388680972,-1.1812500622157487
2013130530800,-2.7572398857994527,-5.093296026144808,-1.2166006944340082
2013130530816,-2.700523926698013,-4.224460243993847,-1.2079944865158656
2013130530833,-2.8747791259847704,-4.863546440543746,-0.9498466029035865
2013130530850,-3.629931083311564,-4.796129882924208,-1.135134212591558
2013130530866,-3.6477102081451944,-5.180991219135951,-1.4811874919008714
2013130530883,-3.264995828989763,-5.271564782689721,-1.453160268490046
2013130530900,-3.4246018031651584,-5.206271633137104,-1.470680364585685
2013130530916,-3.06877421883006,-4.737932649632135,-1.8689984672986055
2013130530933,-2.5315203055008517,-4.908354819115246,-2.265292475145677
2013130530950,-3.1810078824542556,-5.446951161557372,-2.156839541493866
2013130530966,-3.351417227992888,-5.518883404400764,-2.408437458332623
2013130530983,-3.3486907633628897,-5.664854368599685,-2.362651963799524
2013130531000,-3.35503875807845,-6.066076356264588,-2.435094819728752
2013130531016,-2.986458091532206,-6.601927913021562,-2.391737475358387
2013130531033,-3.2695325320480126,-6.632876571294907,-2.2810417780934547
2013130531050,-3.5164466637334364,-6.368605784737825,-2.351734338883387
2013130531066,-3.660543397346148,-6.45473460304914,-2.321165505457317
2013130531083,-2.9140352251499517,-6.709488964826645,-2.2257977474236132
2013130531100,-3.489548425987684,-7.511229678344371,-2.0530722326384705
2013130531116,-3.7561407105667444,-7.1370692940069675,-2.302146043759092
2013130531133,-3.5241853591636296,-6.831967187855642,-2.2927208302065774
2013130531150,-3.9638908528507457,-6.096361888879113,-2.0323841556142033
2013130531166,-2.9444446510739697,-6.532533655043455,-1.8630492193491848
2013130531183,-2.6944537224175096,-6.377469539214184,-2.1378747880874576
2013130531200,-2.39652879327937,-6.338157771369575,-2.498218077733795
2013130531216,-2.4739507106577694,-6.599223121361796,-2.6377833725561253
2013130531233,-2.028402505814454,-7.0371162261527385,-2.677999890557268
2013130531250,-3.057126334346077,-7.559436791000154,-2.353401270236078
2013130531266,-3.0439966251401867,-7.4665217950168055,-2.359089062792756
2013130531283,-2.8896647073548016,-7.311743021571575,-2.452548386959914
2013130531300,-2.0951419143777046,-7.841966327533882,-2.396219897007501
2013130531316,-2.762713675837786,-7.713682618522683,-2.323731967513561
2013130531333,-2.459591246201637,-7.826092158529062,-2.426713235368467
2013130531350,-2.176465203584578,-7.665310139937207,-2.459786644653302
2013130531366,-2.262777177566411,-7.375822259680139,-2.2884062996105503
2013130531383,-2.4915297079178775,-7.6584210694315775,-2.372148743180748
2013130531400,-1.5173909196368633,-7.947896089498229,-2.6730342639109805
2013130531416,-2.077225653175017,-7.830443104283738,-2.641342840579579
2013130531433,-2.103347179847128,-8.32992758664941,-2.3686994070105207
2013130531450,-2.2525764026209765,-8.135878523385866,-2.0172825717488663
2013130531466,-2.3534484044876396,-7.872685513988941,-1.8315611676463666
2013130531483,-2.638198790386314,-8.387624371397376,-1.7278315036392473
2013130531500,-3.1240339186312647,-9.029921780642832,-1.6616818282899117
2013130531516,-3.0553189128670555,-9.371291195718907,-1.827604048573795
2013130531533,-3.111959784215984,-9.912465788389245,-1.9772140051951441
2013130531550,-2.473757536570272,-9.404809985464919,-2.116065869908359
2013130531566,-1.688005132220996,-8.58256758759456,-1.8252826400020878
2013130531583,-1.0490413362935733,-8.26622025122178,-1.535333096295414
2013130531600,-1.0038997148609203,-7.94450716346135,-1.4247651247874238
2013130531616,-1.2093098612326463,-8.59743934718128,-1.2781651658665272
2013130531633,-1.2083578685760292,-9.040363373076232,-0.984649164629109
2013130531650,-1.4380763570555941,-8.51172514691072,-0.9985534534567191
2013130531666,-1.2701788854573612,-8.916382667725848,-1.0529319481695638
2013130531683,-1.2970639610977663,-8.367428942248063,-1.03716258867537
2013130531700,-1.2538920002532556,-8.532615863296172,-1.117541749472971
2013130531716,-1.5018965891173415,-9.196188652409887,-1.331789347075438
2013130531733,-1.6705145089460771,-10.06285566676086,-1.5924182173764327
2013130531750,-2.509222487992118,-9.90627899426484,-2.2784306431527037
2013130531766,-2.1993059073515613,-10.015671142317196,-2.153646741578265
2013130531783,-2.1275031568646696,-10.057233992611181,-2.32603859322521
2013130531800,-2.119996391352929,-9.487721855352037,-2.4527269986963134
2013130531816,-1.506792715300009,-9.59064915344586,-2.448562416754667
2013130531833,-1.7167217312079974,-10.0387478690939,-2.7887915619719514
2013130531850,-2.774436706724011,-9.331127987931106,-2.885512063114725
2013130531866,-2.6975940188379592,-10.074003742094634,-3.1089631441898478
2013130531883,-2.137746867500581,-10.441201531812535,-3.040816002440788
2013130531900,-2.404078269983723,-10.743914889588627,-3.412033641681033
2013130531916,-2.362867388068417,-10.254662137569214,-3.2491296043651614
2013130531933,-1.9365714668944793,-10.330255828543219,-3.345123345797254
2013130531950,-1.2965263048075961,-10.424297216353828,-3.8192994776093743
2013130531966,-1.5848080640499842,-10.824032421181476,-3.52658945012684
2013130531983,-1.2696513910007257,-10.880545443708968,-3.7852682070050316
2013130532000,-1.262625422636928,-10.472570158684855,-3.459842490698102
2013130532016,-1.4826168923016914,-10.23393284664618,-3.3809290282620705
2013130532033,-2.5221507303725135,-10.966263138360908,-3.0652104277819414
2013130532050,-2.9144743780026388,-10.94405556622441,-3.070518195686442
2013130532066,-2.949030843040782,-10.704732916431139,-3.227949345108206
2013130532083,-3.6406717166405382,-9.913032859652521,-3.201711938308183
2013130532100,-2.948850750405969,-9.532354997045283,-3.370206894397878
2013130532116,-2.8365599291838857,-9.424559452073185,-3.2773712016413885
2013130532133,-2.571702186210595,-9.935870167765469,-3.5121708472024946
2013130532150,-2.910110937510187,-9.50066631846997,-3.440266596436634
2013130532166,-3.267457523274744,-9.417196694153368,-3.365381341236853
2013130532183,-3.54992739253879,-9.61588975260624,-3.148108835681759
2013130532200,-3.1337556958877415,-9.326905808240078,-3.265253923122252
2013130532216,-2.761057789641078,-9.461629922468902,-3.1323722257510607
2013130532233,-2.3952194734370136,-9.508237819106734,-3.193933237666964
2013130532250,-2.9356133277564935,-9.098488922049773,-3.3132936622649867
2013130532266,-2.8963515168235827,-9.346232957583256,-3.1191221635035546
2013130532283,-2.7248046539351947,-9.353403433913602,-3.6135348740896145
2013130532300,-2.9357939594075355,-9.57611466357376,-3.3664344454678163
2013130532316,-2.197775260229008,-9.485198492759167,-3.0940795170691455
2013130532333,-3.0664451881269397,-8.83376280945057,-3.009500378206864
2013130532350,-3.6009267215752034,-8.573047413022408,-3.1557248535013933
2013130532366,-3.863302198770793,-7.722566971263339,-2.71584658350285
2013130532383,-4.159419700679505,-7.88050360389896,-2.751859183831714
2013130532400,-3.4408460805388215,-7.872336375500803,-2.828048445086463
2013130532416,-4.175681660975226,-7.185793121722408,-2.5686477684813407
2013130532433,-4.050245439786087,-6.914772535850302,-2.7443481178897735
2013130532450,-3.905582630456419,-6.270239476188849,-3.0198471018621613
2013130532466,-3.5455122190445865,-6.455232881542486,-3.102306318240399
2013130532483,-3.6131165387929585,-6.024255915439797,-3.1262316440429108
2013130532500,-3.5525915904969185,-6.272063857475887,-2.8381115041216614
2013130532516,-3.583898660532463,-5.701471985611489,-2.637360686701479
2013130532533,-3.5246987942333665,-5.935347842222432,-2.725200678334067
2013130532550,-3.508403651889454,-6.429063966469943,-2.7159940757480934
2013130532566,-3.5066461607346997,-6.620877760097367,-2.6726570410171933
2013130532583,-2.5856590320548567,-6.134758325233763,-2.9797808008094497
2013130532600,-2.7096475028059706,-5.762794683455515,-3.1497269862056894
2013130532616,-3.422586026411903,-5.768687150012502,-3.1506700923234687
2013130532633,-4.5520149615131285,-4.640094022232578,-3.378112302791713
2013130532650,-4.65552884964839,-4.779816048168964,-3.388342739123333
2013130532666,-4.8002066060704145,-4.635109456327808,-3.552627771961185
2013130532683,-4.972824889347267,-4.585826639296689,-3.934313905135397
2013130532700,-5.553493832943523,-4.560181448018483,-3.956533665509404
2013130532716,-5.905057004800645,-5.010687234439531,-3.844995812958711
2013130532733,-6.433246528533395,-4.365097927634741,-3.572873179858548
2013130532750,-6.857476933224806,-4.710783887828724,-3.638721829008446
2013130532766,-6.787738892053965,-4.57882867728992,-3.2171808467317424
2013130532783,-6.40203443655682,-4.810550576075743,-2.9812013738680605
2013130532800,-6.7835056363109825,-4.8530895248272525,-2.9585599900638173
2013130532816,-6.327725490275515,-4.838194868673144,-2.5376480502876895
2013130532833,-6.7888388330045295,-3.776423815866734,-2.3279659400216843
2013130532850,-6.265583708210662,-3.590833438994445,-1.9225326324067238
2013130532866,-6.6816701406318835,-3.2833730647607604,-2.1445081638682417
2013130532883,-6.642575889219396,-3.409248603891175,-2.2913435346975013
2013130532900,-6.418816944333449,-3.1502189614849128,-2.4424503737851833
2013130532916,-6.727066092023909,-3.2135166970891107,-2.625445321146751
2013130532933,-6.645949898316607,-3.0869331380048792,-2.9279406093791356
2013130532950,-6.8738607635332265,-2.6649413170109213,-3.0005020071973196
2013130532966,-6.720558552073458,-3.31651904551158,-3.16368693808044
2013130532983,-6.379316484937668,-3.9653111769480334,-3.1144303366576214
2013130533000,-5.929651591711731,-4.2805150414997275,-2.997176171573524
2013130533016,-5.494089269423305,-4.691370911289697,-2.8632041096015723
2013130533033,-6.150391490245853,-4.690075424573931,-2.9073642038375835
2013130533050,-5.884397461078074,-5.01432118311091,-2.950716236715787
2013130533066,-4.92830714735673,-5.508229328212753,-2.533331227878692
2013130533083,-4.332171633296565,-5.5240082575054075,-2.4334895101606677
2013130533100,-4.230596935712961,-5.606281995166448,-2.4369870284099906
2013130533116,-4.446412252565068,-5.738224094289765,-2.1383040262073
2013130533133,-4.208618100955033,-6.220734616820453,-2.0329237078043527
2013130533150,-4.168365462390549,-6.191886861830958,-1.8947408609255785
2013130533166,-3.9978520928044765,-5.640039077567327,-1.784710427872624
2013130533183,-4.306104669746076,-4.547871779814444,-1.7592894269415473
2013130533200,-4.827023418606594,-5.596651549502792,-2.229209920614712
2013130533216,-4.682699136963496,-5.666814623252459,-1.734822475949008
2013130533233,-4.916402630263785,-5.4161774029610505,-1.6134953731198287
2013130533250,-4.691291281350989,-5.118035528760225,-1.5248976715537574
2013130533266,-4.03452391099437,-5.3191670400034194,-1.6093039327214258
2013130533283,-3.776528872741075,-4.812239769536296,-1.8056907094453316
2013130533300,-4.35471742651366,-4.964997128116694,-1.5278991486250355
2013130533316,-5.065617563768061,-5.204528956745115,-1.801411686636828
2013130533333,-5.7586192617314,-4.533374356515715,-1.9413438867369202
2013130533350,-5.192232079103329,-5.10652084975172,-1.8904507941077922
2013130533366,-5.128474612487284,-5.936944431460876,-1.5696179028669286
2013130533383,-5.260744637643997,-6.308324305065526,-1.1353702262035603
2013130533400,-5.345572042212488,-6.605735117734433,-1.5534001167809617
2013130533416,-4.401438184231389,-5.947623861546763,-1.408619151159059
2013130533433,-3.9444119851120747,-5.451572112598892,-1.743487783183389
2013130533450,-3.7225483968114497,-5.557016052164613,-1.7878724091483764
2013130533466,-3.9662161291556135,-6.132184414394879,-1.6391013519222986
2013130533483,-3.873858333469844,-6.0216399374944585,-1.4904666450434114
2013130533500,-4.257853155761998,-6.001622436071986,-1.4241813736344335
2013130533516,-4.313439490841793,-6.137236499801255,-1.422760615328495
2013130533533,-3.4964371515197357,-6.4631413446982915,-1.5426639528124295
2013130533550,-4.561525942561697,-6.667162474441374,-0.9946429481920471
2013130533566,-5.110076029599583,-7.428498408524935,-1.5713815790087822
2013130533583,-4.384519920510438,-7.540004611882491,-1.127056306121383
2013130533600,-4.508814049465048,-7.657515335198655,-0.9872432393132959
2013130533616,-3.92993999629832,-7.1881614163302885,-1.3579855032708106
2013130533633,-3.3371765906977133,-7.170862428615961,-1.173902096350489
2013130533650,-3.1074080523657135,-6.76619643612581,-1.2638338686247579
2013130533666,-2.997211225243348,-6.850492401126654,-1.0703567334053936
2013130533683,-2.296777506247002,-6.452820283201394,-1.4628791100546894
2013130533700,-2.462463654660948,-6.641474234632442,-1.2283491098188555
2013130533716,-2.981216208751665,-6.726468500374213,-1.321150150343616
2013130533733,-3.0517654060198316,-6.741011691872133,-1.3690852369156252
2013130533750,-3.639404261274453,-7.055880388763284,-1.4734925053471177
2013130533766,-2.961328966828256,-7.087206281080146,-1.396199993972565
2013130533783,-3.1335390979302526,-6.711346225666986,-1.0294151407411247
2013130533800,-3.434171000973231,-8.060828135758918,-1.000289029696333
2013130533816,-3.7114303713850143,-8.357485920427225,-1.378443908422664
2013130533833,-3.7559062343136,-8.391451255768743,-1.4550539243152474
2013130533850,-4.130812570838481,-8.374758794641686,-1.3820637958064907
2013130533866,-3.6332513343206934,-7.723139641138413,-1.501941102915265
