timestamp,x,y,z
1856914500000,-6.574153919846287,-5.360516134440487,-1.540586012517649
1856914500016,-6.637431285858244,-5.08485657901473,-1.4711298473888546
1856914500033,-6.371243748650871,-5.344786158822728,-1.869983913459972
1856914500050,-6.133426785549598,-5.516641040194692,-2.1415313413842387
1856914500066,-6.263179795062309,-5.414910825134087,-1.5008846003144853
1856914500083,-5.91998803278164,-5.468862045920636,-1.6870076015651432
1856914500100,-6.10751647338842,-5.099192401374836,-1.4290584413452028
1856914500116,-5.548702813893054,-5.003621948265953,-1.515861772554647
1856914500133,-5.851539068193927,-5.764362590085129,-1.1623888343407178
1856914500150,-5.890489829265936,-5.6449786706098415,-1.2889314008417787
1856914500166,-5.672777348940481,-5.915629683155513,-2.0993763933045306
1856914500183,-6.188333427362464,-6.015402003945386,-2.464707618674253
1856914500200,-5.918499842729481,-6.182478194158771,-1.8242488597506477
1856914500216,-5.944852711499432,-6.199070086533905,-1.627636450975416
1856914500233,-5.934910126722254,-6.218408665865882,-1.545592121400027
1856914500250,-5.610459006640366,-5.8953463436831655,-1.6731727087987784
1856914500266,-5.714600427134196,-5.424257275185679,-1.418150997350369
1856914500283,-5.259307301221927,-5.839658864932829,-1.3594502488533942
1856914500300,-4.968590508852395,-5.632331072108729,-1.2884976904933074
1856914500316,-4.98648726607079,-5.917540987069139,-1.7237849171001125
1856914500333,-5.026804390990037,-5.638406319204908,-1.8771401145768334
1856914500350,-5.101103735503769,-5.724127694756231,-1.6121454696289248
1856914500366,-5.143218342943383,-5.321830153171449,-1.6232829980843497
1856914500383,-4.937255458032317,-5.078585395025702,-1.7044034712200433
1856914500400,-4.719580930651972,-4.901980082223458,-1.7607793811463903
1856914500416,-4.8668385195093276,-4.638961700919371,-1.7396984039770762
1856914500433,-5.039819518698774,-4.54257443457556,-1.9132263887534775
1856914500450,-5.093128737810809,-4.958570277819392,-2.0763153978395965
1856914500466,-5.152453546106109,-4.949888476716894,-2.070601931695507
1856914500483,-4.898457669515059,-4.930576025250331,-2.1613249741212366
1856914500500,-4.91779081750045,-5.116327923347541,-2.4779674363955
1856914500516,-4.794820827166941,-5.368873376876673,-2.4673308578863615
1856914500533,-5.0797356383648875,-5.722703028740591,-3.276916414542764
1856914500550,-5.042483255658479,-6.080085647598635,-3.0748260393136144
1856914500566,-5.113008288951487,-5.7139179234420485,-3.1807146943129885
1856914500583,-5.007726223199574,-5.879755314331994,-3.307044088043111
1856914500600,-4.844853660955226,-5.9170505380174285,-3.366481069555786
1856914500616,-4.6970114729344195,-5.918351881469915,-2.7510930090428642
1856914500633,-4.6107333297381565,-5.86549259663051,-2.4748066956618295
1856914500650,-4.486655802470143,-5.490135344228531,-2.5085533011571863
1856914500666,-4.3586436839169105,-5.524658214569842,-2.636515109864087
1856914500683,-4.74325175702019,-5.780085750610715,-2.450964074201817
1856914500700,-4.7833323266827925,-5.986942348148784,-2.2572615412722614
1856914500716,-4.88347250125964,-5.747880287154549,-2.120524950589598
1856914500733,-5.021219349186666,-6.052116061709176,-2.396909610896049
1856914500750,-5.138610404323257,-6.202130324719847,-2.4241667405430607
1856914500766,-4.9532713348064075,-6.134156331742566,-2.19872042944701
1856914500783,-4.706784008454234,-5.868944290570135,-1.8876833819592775
1856914500800,-4.786868576280447,-5.934016087325313,-1.8187403962754076
1856914500816,-4.72925051009224,-5.957903590365031,-1.595817592444903
1856914500833,-5.03519160381091,-5.536940152977149,-1.6071684521153207
1856914500850,-5.415033644206502,-5.661344865127803,-1.637737691668938
1856914500866,-5.457792411534465,-6.236490030645584,-1.3480803479387833
1856914500883,-5.428595184295362,-6.1956531478926085,-1.2773678967642161
1856914500900,-5.602649735395713,-6.100125626261829,-0.8939813244052787
1856914500916,-5.745923619171877,-7.240414400220669,-1.2129995613456193
1856914500933,-5.803315554572119,-7.096265323440062,-1.3633333281897015
1856914500950,-5.754054156037337,-6.8461960593323195,-1.397120337718685
1856914500966,-6.152306708754498,-6.866156351835558,-1.2486748555974994
1856914500983,-6.445552325203137,-6.7988244412390735,-1.175497094859975
1856914501000,-6.715472590098538,-6.611399888912529,-1.0597298833904287
1856914501016,-6.67262190903915,-6.711746514866901,-1.357329563656807
1856914501033,-6.415635540123381,-6.399994176149879,-1.3478043192410747
1856914501050,-6.22297245034377,-6.247128173220135,-1.297874606513648
1856914501066,-6.29119439682817,-5.702342337401503,-1.113189518227462
1856914501083,-6.3781517959745075,-5.608075651364506,-1.2665594254846668
1856914501100,-6.280377073043349,-5.673025036500173,-0.664997006552982
1856914501116,-6.224949793672277,-6.270515298488602,-0.8886229602960823
1856914501133,-5.809849284513101,-6.212138196339549,-1.060332031361983
1856914501150,-6.28014974120839,-5.057207662463412,-1.090831663978269
1856914501166,-6.243895189624831,-4.474890520300913,-1.68761350898021
1856914501183,-6.057554084139837,-4.539224235120792,-1.27794800479547
1856914501200,-6.1494458058394095,-4.73893855228991,-0.8996117710579645
1856914501216,-6.015415392613139,-5.068128336308613,-1.0254267991846608
1856914501233,-5.830208195917289,-4.985470921521227,-0.9723497264375348
1856914501250,-5.718487237022591,-5.1519085468332335,-0.8628029235692595
1856914501266,-5.47559132208801,-4.9667162529771645,-0.8527713150738451
1856914501283,-5.543989434800819,-4.8396645086981405,-0.6821297606987091
1856914501300,-5.523946728577777,-4.821537938916299,-0.9629362783762957
1856914501316,-5.215474417775398,-5.173127417020338,-0.9829670602894744
1856914501333,-5.213948932405822,-5.282206669794882,-1.1105309390350262
1856914501350,-5.054916970447062,-5.161413246104081,-1.5131109865038774
1856914501366,-5.549017832387417,-5.283280586537668,-1.5482342139593426
1856914501383,-5.463456230092425,-5.369445125308941,-1.7606966336102123
1856914501400,-5.432968113468862,-6.350851411883372,-1.8885126691557643
1856914501416,-5.211103846012386,-5.813705887411254,-2.038473992493641
1856914501433,-5.482482640865887,-5.644126653816875,-1.5611445590329398
1856914501450,-5.5963949206579855,-5.881448537274121,-1.5974697551606192
1856914501466,-5.584579847472464,-5.334677024443904,-1.9793236695459986
1856914501483,-5.525521387907133,-4.787851678943521,-2.125880922062292
1856914501500,-5.544683541646536,-4.963980516030816,-2.0050857214114326
1856914501516,-5.551507188580695,-4.478438911335843,-1.9938180590106487
1856914501533,-5.040842968634231,-4.697251855028846,-2.088557730207828
1856914501550,-4.961926475072292,-5.042908866591874,-1.7301572330537183
1856914501566,-4.949394122031517,-5.143396082758832,-2.0460930415222345
1856914501583,-5.026095058763021,-5.127275727515725,-2.134999395457128
1856914501600,-4.6275459953346205,-5.467557652340223,-2.2765424231738063
1856914501616,-4.813044739761871,-5.291875167874167,-2.1033172342298387
1856914501633,-4.966089643329262,-5.072458689094953,-2.375602504391518
1856914501650,-4.9448913688257665,-5.80776885021421,-2.4064317643273387
1856914501666,-5.2156882602228585,-6.014194399484833,-2.7794747103063635
1856914501683,-5.272336411706179,-6.489505159990544,-3.037755980096099
1856914501700,-5.324982473922259,-6.73696539100951,-2.6940809419384317
1856914501716,-5.590117707729708,-6.450491457179759,-2.5118967284020606
1856914501733,-5.672733139327597,-6.128851766785184,-2.7952301848934153
1856914501750,-5.736131877518952,-5.760032848930481,-2.9629380929739537
1856914501766,-5.690969229582713,-5.755322607962007,-2.9953935341717157
1856914501783,-5.565353917393591,-6.041992091991313,-2.7315215697880095
1856914501800,-5.323067775731185,-5.868769895401264,-2.7080774285765585
1856914501816,-5.448565956140497,-6.212774711911117,-2.8729654145631813
1856914501833,-5.5501235837160925,-6.010540944137408,-2.6579976223029913
1856914501850,-5.54536978950891,-5.798264022933716,-2.445277807454946
1856914501866,-5.846033976683287,-6.286369834320402,-2.177367599494476
1856914501883,-6.015762608819349,-5.583097756300112,-2.3309328697185974
1856914501900,-6.321568935290986,-5.58750952378137,-2.486869012012681
1856914501916,-6.40271128353085,-6.3116810358021445,-2.6310526504969887
1856914501933,-6.378893340682081,-7.1680120213406004,-2.41575018246167
1856914501950,-6.565191608853403,-6.947579958276794,-2.4337937867499404
1856914501966,-6.499192849174883,-6.43859201526856,-2.5042696603678807
1856914501983,-6.3607310274594315,-6.292679307376317,-2.0243975426835474
1856914502000,-6.06724255205814,-6.207640424589505,-1.8639087043015001
1856914502016,-6.5027724436620655,-5.268243519537233,-1.765828329188102
1856914502033,-6.692623462250502,-5.203980981105779,-1.7256940675578578
1856914502050,-6.444093834022773,-4.712804613075864,-2.130813423031462
1856914502066,-6.758883040171752,-4.586291765814076,-1.895724752169572
1856914502083,-6.906610321935351,-4.816830114410153,-1.8624463899042323
1856914502100,-6.771992767955709,-4.67648041986264,-1.7982477183414172
1856914502116,-6.854411721327615,-4.326684927802772,-1.6468284846385255
1856914502133,-6.835211195393618,-4.398312072446359,-1.72706652979097
1856914502150,-6.820424131880641,-4.572411557240066,-1.6949329632495564
1856914502166,-7.054924895209258,-5.348942340873117,-1.7351733733526453
1856914502183,-7.502945667485664,-4.456017228525037,-1.2948800708008705
1856914502200,-7.5546398403846755,-4.478402988408464,-1.615319491594973
1856914502216,-7.629807032290957,-4.555742630078106,-1.9235645940825805
1856914502233,-7.941152475163941,-4.228361429756911,-1.9176714678148494
1856914502250,-7.864241233553251,-4.450225056855512,-1.3795566095074692
1856914502266,-7.687617697149902,-4.583217613654175,-1.7809592659025844
1856914502283,-7.917055847634785,-4.185388996042793,-1.688991328118507
1856914502300,-7.689125152105753,-3.878411227004953,-1.7959130133743781
1856914502316,-7.604101850562511,-4.350477481130469,-1.487752431599418
1856914502333,-7.711268360253833,-3.885700888714562,-1.558845070957536
1856914502350,-7.4694595454916115,-3.2475662922042745,-1.6489614479764685
1856914502366,-7.407440579452073,-2.8263506653443,-1.6383498084113806
1856914502383,-7.6535874072067305,-2.8062471636954296,-1.8125968241617376
1856914502400,-7.659500527026818,-3.264654895692484,-1.8037477936532804
1856914502416,-7.67158283086417,-3.4764658776584474,-1.5913144634381093
1856914502433,-7.961412759770472,-3.71451919818277,-1.6780411249986524
1856914502450,-8.19562638630973,-3.8671500869472935,-1.6528227424953823
1856914502466,-8.539906627920058,-3.738258024332238,-1.667259673253557
1856914502483,-8.541869618439035,-3.265950351779156,-1.9565778820557336
1856914502500,-8.518446035870086,-3.0582178471529464,-1.5651401622548617
1856914502516,-8.768674966135134,-2.8886541908707284,-1.5320599824013994
1856914502533,-8.788258988294265,-2.8117755644813096,-1.272622622826035
1856914502550,-8.859979729286277,-2.7470950184598726,-1.3072638886470316
1856914502566,-8.436683038229425,-2.6286356089819694,-1.6840902651452452
1856914502583,-8.396586575273075,-2.7290730897614903,-1.3079256379576605
1856914502600,-8.370521184500861,-2.726789380165147,-1.2445824668099112
1856914502616,-8.455950005334069,-3.0709276842286024,-1.5144591520785042
1856914502633,-8.528894649669937,-2.9068054672160573,-1.5430829578897656
1856914502650,-8.509674192648696,-3.6458579253924652,-1.534274914523564
1856914502666,-8.183427600198366,-3.9535592684416607,-1.5355898212868666
1856914502683,-8.333665331132597,-3.8311047959153752,-1.7244309401305042
1856914502700,-8.324480450859376,-3.8602238793880455,-1.6082843064695715
1856914502716,-7.971936620416788,-3.9629880862772677,-1.593889044705018
1856914502733,-8.194419775151445,-3.166366846626084,-1.397264246060559
1856914502750,-7.9989674849424155,-3.3741926415965975,-1.2809421298399566
1856914502766,-8.448622358164362,-3.526758393543797,-1.2006407877485565
1856914502783,-8.145101672514333,-3.962839777799069,-1.7301524986159607
1856914502800,-7.5574728542081555,-3.547683212954281,-2.3890343548374773
1856914502816,-7.289535265234015,-3.0221555231157535,-2.249851027814424
1856914502833,-7.473513871616067,-2.9185788102839147,-1.8554417729477442
1856914502850,-7.537099785348422,-3.300318014936584,-1.6663359985739876
1856914502866,-7.379888172202747,-3.4861994771654965,-1.6614238992213899
1856914502883,-7.1650053709750265,-3.320111231786589,-1.9634565472932144
1856914502900,-7.132469875702332,-2.8561760966779675,-2.379388499976871
1856914502916,-7.113795992938444,-2.9668941196885097,-2.6695733074401025
1856914502933,-6.6995169832665065,-2.9998580732933893,-2.9937674279458317
1856914502950,-6.430827116726161,-3.3058019975548474,-3.2571070357989207
1856914502966,-6.288734201982571,-3.7942789814361384,-2.989925615386338
1856914502983,-6.291533343582958,-4.24055722230535,-3.4046168756918265
1856914503000,-6.3259842203023116,-4.788435523599878,-3.3324699022365776
1856914503016,-6.358718316829762,-5.034335990106549,-3.3124104929926483
1856914503033,-6.30715260987757,-5.091173961283648,-3.401394917606913
1856914503050,-6.394961368239975,-5.113971337076973,-4.009681924190361
1856914503066,-5.535428057178149,-4.80074160222858,-3.7501638719814236
1856914503083,-5.6499350109532145,-4.488200882011,-3.9727936804941457
1856914503100,-5.810206647346215,-4.672313021670349,-4.280817728731069
1856914503116,-5.669607613814682,-4.612563903939088,-4.257150296632883
1856914503133,-5.722020399825725,-5.030958265429067,-4.2051951802975
1856914503150,-5.529230565998646,-4.964877557592667,-4.436961607192833
1856914503166,-5.883692492011475,-5.075632037818976,-4.216180002953374
1856914503183,-6.154824545325791,-4.975460561634408,-4.747553425800815
1856914503200,-6.67704599639082,-5.014190688725943,-4.586930102199597
1856914503216,-6.678797593018264,-4.6757420290391885,-4.180680403241006
1856914503233,-6.5221443652259925,-4.26416567633586,-3.7608180708142194
1856914503250,-6.342343966603691,-4.908371822884324,-3.868416744648429
1856914503266,-6.027530598498641,-5.1026255341404,-3.7190974255438967
1856914503283,-6.073383759644358,-5.948540359052921,-3.616288685069587
1856914503300,-6.181697003627736,-5.9527227233246265,-3.561343789439646
1856914503316,-6.323196418221537,-6.196748303771973,-3.157555972098363
1856914503333,-6.5490055102317815,-5.808298061583263,-3.279967401851785
1856914503350,-6.4299889462827196,-5.94898031332803,-2.9202259162114674
1856914503366,-6.069169590323268,-5.95441284094223,-2.4555902955708975
1856914503383,-6.4412729788540775,-5.868870483731762,-2.2413898144196573
1856914503400,-6.425954548293586,-5.573943479260114,-1.8019039558671257
1856914503416,-6.035166085123338,-4.806473605826473,-1.7499196533675296
1856914503433,-5.833054669284295,-4.419682892746212,-2.259061564996152
1856914503450,-5.726298557471149,-4.449259120857494,-2.390891363183413
1856914503466,-5.717509817639787,-4.290518071718116,-2.008338616121286
1856914503483,-5.663113198588575,-4.219342959234405,-2.1993539171103897
1856914503500,-5.834473532886509,-4.148016028143928,-2.1200843468206565
1856914503516,-6.201151437965239,-3.458365319507019,-1.911781856638647
1856914503533,-6.563208670043801,-2.627960066769362,-1.822885959390284
1856914503550,-6.4983295492093855,-2.0712064687194394,-1.305728951162901
1856914503566,-6.627633801601026,-1.2695522425744814,-1.321400370880043
1856914503583,-6.461472909813258,-1.1529530542258968,-1.1740592046903802
1856914503600,-6.76074796518278,-1.1162759861616234,-0.9236302063540959
1856914503616,-6.720579181601882,-1.478963261405129,-0.7831039440660548
1856914503633,-6.4314370197691275,-1.035464333577166,-1.0219570746800375
1856914503650,-6.824950074592169,-1.1685165418287689,-1.2347792814641152
1856914503666,-6.556431601951514,-1.7380443133736359,-1.301116929456305
1856914503683,-6.719753001127966,-1.6804816521053425,-0.763911016483099
1856914503700,-6.7267730943872515,-1.655253474845792,-0.7346436885078682
1856914503716,-6.788300273131506,-1.6735947070688946,-1.4629492030446127
1856914503733,-6.796315896078038,-1.7917029642889464,-1.4253518028351164
1856914503750,-6.432013426749573,-1.1504317644068678,-1.3351072627027423
1856914503766,-6.048768931460458,-0.5780395023392435,-1.1171013130726257
1856914503783,-6.119132955471397,-0.45940677645416717,-1.1782590257706849
1856914503800,-5.846457491348264,-0.36778817428301025,-1.167072264960486
1856914503816,-5.530525782646078,-0.40249837015907985,-1.183439750506809
1856914503833,-5.663313404071827,-0.3024451480835495,-1.2552745197822865
1856914503850,-5.481565711790511,-0.32428608452661045,-1.8079593272601402
1856914503866,-5.529542202049053,0.03666298221017339,-1.3202476399843723
1856914503883,-5.636492810777614,-0.31462855437519277,-1.3741789269572282
1856914503900,-5.45678481563862,-0.47237980232505006,-1.3115668410710877
1856914503916,-5.504195447334972,-0.33599669705692037,-1.4469209482401215
1856914503933,-5.950449967861991,-0.2137385397230931,-1.6783158614277989
1856914503950,-6.464680839420666,0.1147848546667678,-1.1996436828611543
1856914503966,-6.483128725757739,0.24022026017734888,-0.962605509664509
1856914503983,-6.091298102222799,0.2671033331742292,-1.014642687722316
1856914504000,-5.815195460489655,0.38134747320257745,-1.0615421086848684
1856914504016,-5.452447134319835,-0.040299882235513174,-0.9390817342830456
1856914504033,-5.518354507113118,0.26786041039893593,-0.7337246661316816
1856914504050,-5.524425428294933,0.9721882989953556,-0.8639088831267082
1856914504066,-5.361371157149191,0.6686359567780515,-0.6145061333676276
1856914504083,-5.11846567927101,0.9969436576677397,-1.0026091828445933
1856914504100,-5.301224042428311,1.1772618362612732,-0.8562982844987093
1856914504116,-5.363308409976977,1.1146512772441772,-0.8952318431252375
1856914504133,-5.197608333453974,1.3947298721330093,-0.8087540514921097
1856914504150,-5.377487436116009,0.662866181877722,-0.940747073772106
1856914504166,-5.398296265877502,0.7429408947047076,-0.9051504706263868
1856914504183,-6.020547114215937,0.5952266052789081,-0.7366951435234157
1856914504200,-5.6608998072090255,0.8396599460926542,-0.43643085880422805
1856914504216,-5.717636996100979,0.9094771047773964,-0.181393815417632
1856914504233,-5.804982326057595,1.105794977512553,-0.27093303499806143
1856914504250,-5.836458703292188,1.0895180451495152,-0.1865200190894667
1856914504266,-6.028652763235937,0.4543296191024231,-0.13647740264504082
1856914504283,-6.271889222590486,0.6962871594175439,-0.4100678022781534
1856914504300,-6.230352126914674,0.7764193553740188,-0.4930548780441266
1856914504316,-6.4037508516542445,0.17104266479615582,-0.6657107202799695
1856914504333,-6.310488610932725,0.5197478106914302,-0.9579978161147235
1856914504350,-6.255307515342696,-0.04740995122622138,-0.7384371539728968
1856914504366,-6.523832278176349,-0.7319884733625326,-0.6977088643273438
1856914504383,-6.612774735551259,-0.6929314691472159,-0.9643908440286175
1856914504400,-6.668720771998482,-1.0330219988880138,-0.8046444771749471
1856914504416,-6.492287540341528,-1.1707750389189275,-1.2746785580545725
1856914504433,-6.428863025997579,-1.1656333049942482,-1.7053707265664546
1856914504450,-6.702910384204874,-1.0911909976477334,-1.7370811577027836
1856914504466,-6.390449850868275,-0.9803444662364447,-1.7015246233291708
1856914504483,-6.836350139078954,-1.2566411762348286,-1.711150241088255
1856914504500,-6.47608450452882,-0.9309070097657735,-1.7035445221603263
1856914504516,-6.5339505313571316,-0.9229021975554037,-1.3571074666325553
1856914504533,-6.623362206039764,-0.8451046641652962,-1.6046617778950265
1856914504550,-6.7856677742656215,-0.7728962978495435,-1.5430142412377734
1856914504566,-6.383094223150713,-1.1569977082878333,-1.7351660559904363
1856914504583,-6.5828065306918475,-1.2251093440054577,-1.9112499058117733
1856914504600,-6.724439975348937,-0.9711778985204855,-1.5749894710344226
1856914504616,-6.654488552462208,-0.9980840262264508,-1.3050044730516626
1856914504633,-6.505587888100774,-1.1291526103034197,-1.4211123979287552
1856914504650,-6.318419289504129,-1.1707209339813796,-1.2610866050213132
1856914504666,-6.482940766367172,-0.9297026503291104,-1.3305593560651687
1856914504683,-6.269326837798211,-0.7930044045561742,-1.1280824590640253
1856914504700,-6.14970636756315,0.04240394145584858,-1.1176761730467637
1856914504716,-5.78416025783243,0.08356768731396613,-1.6092793112252441
1856914504733,-5.300514034313691,-0.1458741725752004,-1.6841261664350498
1856914504750,-5.649952198912587,-0.14482731657323722,-2.156445930799303
1856914504766,-6.069994876535452,-0.5892684080029396,-2.5284431398990055
1856914504783,-5.968497173092894,-0.3108710445735756,-2.2131522056671766
1856914504800,-5.959088204706724,-1.1414936503329756,-1.637484572804223
1856914504816,-5.905851806721117,-1.2845441710465328,-1.8041483521176604
1856914504833,-5.914514621772588,-1.1936242479491046,-1.3501650371675482
1856914504850,-5.434677234312808,-1.2463575930451682,-1.4118562197426034
1856914504866,-5.40493405319975,-2.077127215455606,-1.347448946288055
1856914504883,-5.310511360876827,-2.158170952306528,-1.818061193045066
1856914504900,-4.902153573806279,-2.401413264711583,-1.9150255161325265
1856914504916,-4.914248281563376,-2.558537505297459,-2.3318516869859147
1856914504933,-4.676006290539206,-2.934137109215428,-2.0624742383220207
1856914504950,-4.464178526103444,-3.0633351519531122,-2.2260346629617813
1856914504966,-4.657986923527249,-3.340899855423813,-2.1565899800964736
1856914504983,-4.9442781301322825,-3.4703880953473547,-1.8149844956766505
1856914505000,-4.9770020492105775,-3.970646701352171,-1.730371973334013
1856914505016,-5.387791056964494,-4.243948298507259,-2.244390958360715
1856914505033,-5.471958739484798,-4.32707836650792,-2.3118750601081066
1856914505050,-5.65009784528668,-4.533102543813251,-1.6515698110682788
1856914505066,-5.980432869884959,-4.418532851429735,-1.539403370174505
1856914505083,-6.039016953987057,-4.88623308848776,-1.3200193615503202
1856914505100,-6.136849060676169,-4.531404572234232,-1.1703686139610412
1856914505116,-6.208560722022984,-4.5689690091477315,-1.0095653567594707
1856914505133,-5.990119338624231,-4.844132329553229,-1.0504459389971137
1856914505150,-6.032859772226014,-4.944737809196359,-0.741620179967806
1856914505166,-6.140853797754228,-4.9572658743607025,-0.7638975744908193
1856914505183,-5.82249288201205,-5.080849373826133,-1.2208477018947563
1856914505200,-5.676663167091136,-4.776869442873888,-0.9729277011500945
1856914505216,-5.537712505967958,-5.044524370075718,-1.0972976490380852
1856914505233,-5.666787542886536,-5.531680889565807,-1.2121360623354513
1856914505250,-5.801794385290174,-5.712218091223603,-1.1781644488021792
1856914505266,-6.1853668747917,-6.230380273572856,-1.3150172078285995
1856914505283,-6.048919103353308,-5.508873713464981,-1.1968320902951435
1856914505300,-5.624386758085538,-5.607604342187871,-1.0615314269712486
1856914505316,-5.358483702216639,-5.811552751849307,-1.2388194235286283
1856914505333,-5.524120644944678,-5.38046810561382,-0.6771417061946934
1856914505350,-5.992271449570678,-5.075306951924094,-0.5133079632184665
1856914505366,-6.274210184220513,-4.7025818817907865,-0.6187834146539962
1856914505383,-6.038015077244799,-4.583436993044492,-0.6418366465528412
1856914505400,-6.49759073147977,-4.668440832009605,-1.0023900368068857
1856914505416,-6.2856143142673995,-4.41794381261317,-1.2373397550629648
1856914505433,-5.873970753595558,-3.981410185090065,-1.0989888092698457
1856914505450,-5.839171109984871,-4.253301315181192,-0.9324253973125942
1856914505466,-5.893235577881339,-4.237602109546245,-0.6759391291598568
1856914505483,-5.867648102092278,-4.609642467825065,-0.4419073991662761
1856914505500,-5.835585355096628,-4.436384434051609,-1.1852672624715508
1856914505516,-5.6405028710885885,-4.979533787479106,-1.1134533107173352
1856914505533,-5.856838421346372,-5.185658826960419,-0.9003206136635595
1856914505550,-5.852667813877638,-5.6466032407310855,-0.588999432559634
1856914505566,-6.269222448985014,-5.996509157622878,-0.3242856041607256
1856914505583,-5.796462405039336,-5.578253545529936,-0.7795709706981874
1856914505600,-5.4799735373729535,-5.107062416046474,-0.8166882585656231
1856914505616,-5.767259388971827,-4.528199564071442,-0.5205705335785387
1856914505633,-5.871158702063605,-4.631797196720953,-0.11158884599307561
1856914505650,-5.596362717772145,-4.559419503559025,-0.4812044348384046
1856914505666,-5.788117384716829,-5.008027216741031,-0.9314076361367937
1856914505683,-5.928059544743993,-4.900114138984905,-1.0215121689936153
1856914505700,-5.745452193959203,-5.382661012026059,-1.2034514003801005
1856914505716,-5.740863117494909,-6.164842181581258,-1.3362395643939924
1856914505733,-6.026501081712686,-6.1365768579385955,-1.1871455620382387
1856914505750,-5.715458748864861,-6.213550216132709,-1.3038472074573915
1856914505766,-5.818727454500817,-6.037511553258869,-1.4203095170414213
1856914505783,-5.782692768539258,-4.849813480156994,-1.2492614222794305
1856914505800,-5.821080520787066,-4.886176678922374,-1.082610656890072
1856914505816,-5.92653067653214,-4.696509276129751,-1.217893384109539
1856914505833,-5.874236386909976,-5.30022450718175,-1.379946101993122
1856914505850,-6.050914671415854,-5.90889298831816,-1.363408584098203
1856914505866,-6.282161207736963,-5.79507256552465,-1.5198592525065504
1856914505883,-5.9824514511323965,-5.760722897801137,-1.8685481090941285
1856914505900,-6.155159006337739,-5.812282961817433,-1.8863720461042757
1856914505916,-6.533469333781708,-5.712696261559656,-1.6814517536391544
1856914505933,-6.845399283656535,-5.656889044487685,-1.6392506973661116
1856914505950,-6.718922194926359,-5.179856007105132,-1.574923944029918
1856914505966,-6.735634016246932,-5.393779337451457,-1.4572130551501519
1856914505983,-6.958829714870747,-5.4156699885840816,-1.5313904812085477
1856914506000,-7.191961289555675,-5.286832708615025,-1.4573896702136642
1856914506016,-6.7280919069711524,-5.279446128905348,-1.560379900401466
1856914506033,-6.354286257239755,-5.074822005098932,-1.8917647958402026
1856914506050,-6.24714862054282,-4.600456301732873,-2.017767351320444
1856914506066,-6.248863045223963,-5.0343240094340835,-2.2276168217596153
1856914506083,-5.875059113095318,-4.727739742286055,-2.4827254591115726
1856914506100,-5.93711196290161,-4.678080450149194,-2.6551982914978143
1856914506116,-5.599472346738049,-4.564999284497095,-2.677572708300165
1856914506133,-5.73155427135631,-4.253731759835431,-2.4814953810662215
1856914506150,-5.663812975965305,-4.49239042123909,-2.6027094350220845
1856914506166,-5.424362597192613,-4.80608034783242,-2.842273517416949
1856914506183,-5.321420690557496,-5.54394114263713,-2.772480478582224
1856914506200,-4.7403190425730815,-5.536794084767995,-2.8657575012765664
1856914506216,-4.589328072741774,-5.626506425743742,-3.147210706135735
1856914506233,-4.697654178342505,-5.9712206611975205,-3.2362934456682813
1856914506250,-4.395771800199671,-5.548179627337179,-3.206705102351041
1856914506266,-4.472304263872222,-5.674176224435893,-3.239112471813388
1856914506283,-4.394721383449826,-5.356971794508384,-3.365608094072694
1856914506300,-3.882212178112807,-5.281710830693593,-3.4474154283627847
1856914506316,-4.025456932575899,-4.789101053975543,-3.385865752289214
1856914506333,-4.397286329596457,-4.735084240935375,-3.183296073617468
1856914506350,-4.407978162640709,-4.201407168104703,-3.3361337754809828
1856914506366,-4.098076330664665,-3.658276070854524,-3.194982490514692
1856914506383,-4.705630639830958,-2.881536354389982,-3.461780795778748
1856914506400,-4.358070123594175,-3.2571838622266753,-3.2016715433065563
1856914506416,-4.268267678260038,-2.9264994141830303,-3.6821069435251608
1856914506433,-4.199218952326816,-2.930270365969178,-3.891489975630215
1856914506450,-4.385230336403272,-3.2812331020954795,-3.614948137416617
1856914506466,-4.303224958481607,-2.9137359811916417,-3.96446437705092
1856914506483,-4.381129106914175,-2.5760915197186276,-4.021676825549529
1856914506500,-3.9674017276168607,-3.113784115589205,-3.8104208161991977
1856914506516,-3.9521993760277017,-2.548294097323405,-3.392650540195509
1856914506533,-3.7715551775507348,-2.164921140894678,-3.8530687514477964
1856914506550,-3.632189437863196,-2.6671867468642994,-3.530053765951987
1856914506566,-3.4290233922052913,-2.908341146753033,-3.2311420060640375
1856914506583,-3.5932977096812295,-2.484111354457109,-3.26492508218671
1856914506600,-3.268561533721999,-2.6050817323227995,-3.651385575102886
1856914506616,-3.3818990484391422,-2.6138588076135543,-3.740664500001035
1856914506633,-3.2020472025230773,-2.9722734867271634,-3.716546867596995
1856914506650,-3.0654499832662885,-2.905715516275319,-3.833336554217127
1856914506666,-3.2394369209111837,-2.690644164155249,-3.704101060354249
1856914506683,-3.1732458137450554,-2.618832208094147,-3.7993314805502694
1856914506700,-3.0366828218340025,-2.5663140664826622,-3.9805942577043036
1856914506716,-3.1135589073527443,-2.6612470751189568,-3.6698151511544626
1856914506733,-2.615096131893471,-2.034972522220495,-3.5298310099668604
1856914506750,-2.266848407694904,-1.614921970424489,-3.7505397707445067
1856914506766,-2.08447174164707,-1.6270323558827533,-3.800963154823716
1856914506783,-2.1075421494355866,-2.3961793398805113,-3.790224522097453
1856914506800,-2.4852515168945533,-2.38968783447109,-3.9357393476627456
1856914506816,-2.367152170067503,-2.214720135981514,-3.6305394363072936
1856914506833,-2.366687899739105,-2.578957324144084,-3.6216773797321826
1856914506850,-2.230877957055167,-1.8843951900438825,-3.2999206792748472
1856914506866,-2.184590061660635,-1.9647518005716131,-3.1445079066878385
1856914506883,-2.2520611018115737,-2.0922411143236683,-3.0262178850205927
1856914506900,-2.3325627962568958,-2.217662536902254,-3.2988167712718734
1856914506916,-2.653504552048871,-2.858380389844232,-3.0244690701197166
1856914506933,-2.6217297087490583,-3.08521169696293,-2.5449929747560507
1856914506950,-2.824351357578743,-2.9749228585525818,-2.754978128053679
1856914506966,-2.940720013849025,-3.4061543398996834,-2.6210704191274754
1856914506983,-3.073859280391797,-3.95470642021357,-2.748580411612193
1856914507000,-3.152957951084944,-3.5609075555293055,-2.9743540813758944
1856914507016,-3.3657743104745768,-3.8139195242012223,-2.869847954284901
1856914507033,-3.580355398134249,-4.138529189407151,-3.0242565684777056
1856914507050,-3.583660078776284,-4.079488887544928,-3.1889457692348016
1856914507066,-3.5253695949890247,-4.584920714398065,-2.9281543239469316
1856914507083,-3.1690982149599662,-4.256557452193163,-3.062350640518602
1856914507100,-3.0508809763702933,-4.110230768146893,-3.0751806038015106
1856914507116,-3.3398242114784376,-4.368000471787203,-3.2407719413231693
1856914507133,-3.4469689286538605,-4.576203439027172,-3.140296009075788
1856914507150,-3.1811435016207033,-4.6465038597722215,-2.9082724798292983
1856914507166,-3.226151002584742,-4.770010379610998,-3.062192855448216
1856914507183,-3.2071221782156294,-4.486474625950011,-2.899303119299155
1856914507200,-3.2863738581022353,-4.348929306690989,-3.1079031691274386
1856914507216,-3.0555227331200183,-4.1753990151690665,-2.974756858633029
1856914507233,-3.1283760991447163,-4.244589985508561,-3.1307569443162055
1856914507250,-3.0158563138680785,-3.899609891553581,-3.186074916545195
1856914507266,-2.6681308690208922,-3.6336650044009855,-3.0574569341091467
1856914507283,-2.8192605025905113,-3.4886562325181987,-3.1682409731088867
1856914507300,-2.938184319125057,-3.57142775547835,-3.6200630613621603
1856914507316,-2.90712116898737,-3.2552794510957264,-3.610753194886556
1856914507333,-2.7775854048432884,-3.3148707138124953,-3.543607491690537
1856914507350,-2.7521351863758956,-3.847920325789016,-3.6799990556450344
1856914507366,-2.8811904070058647,-4.003523104010809,-3.5499883854216883
1856914507383,-2.651858923157587,-4.098361457536958,-4.0355459658023065
1856914507400,-2.3074630130038893,-4.231939929650801,-3.852807657084922
1856914507416,-2.3116786456687968,-4.0187759450727345,-3.6506763654026226
1856914507433,-2.238648015605067,-3.4446249445246013,-3.4546029504444284
1856914507450,-2.414110223657948,-3.565351146003374,-3.4810485377607003
1856914507466,-2.416170304798981,-3.5139639898159354,-3.460272864632
1856914507483,-2.4203474840499175,-3.6960513147490865,-3.663531766466304
1856914507500,-2.4203072894962365,-3.5412644191489884,-3.6582393128161503
1856914507516,-2.432001458070272,-3.737870574843765,-3.8155655638864427
1856914507533,-2.5663539614672235,-3.738804260172158,-4.058237576805179
1856914507550,-2.46941357577938,-3.7298236125043807,-4.1950788596701996
1856914507566,-2.5293056032630914,-3.536973301021708,-4.068633562585974
1856914507583,-2.454014858113396,-3.481074650588205,-4.078623309318363
1856914507600,-2.235952943401355,-3.7513369199527773,-3.738442435972514
1856914507616,-2.427095914171151,-4.4526799977885325,-3.8903078147874037
1856914507633,-2.848780900411716,-4.615673505900247,-3.94519704027642
1856914507650,-2.850958927249391,-4.620756110789335,-3.491468722652852
1856914507666,-3.056206805600074,-4.212722943243099,-3.5375085947208835
1856914507683,-3.4625022904159044,-4.278899105634279,-3.381980053430837
1856914507700,-3.614306358065659,-3.8720525857864714,-3.1374595433158268
1856914507716,-3.6370246700235294,-3.681107109974965,-3.23699128524492
1856914507733,-3.318858517712502,-4.171793105409152,-3.436757988536078
1856914507750,-3.116518032504242,-4.246794050893354,-3.762624712235034
1856914507766,-2.878041208441372,-4.1095423975160195,-3.9295567157407114
1856914507783,-3.4299164481168,-4.568736878296331,-4.64393808078802
1856914507800,-3.4858008433238443,-4.857521033762677,-4.804708469845504
1856914507816,-3.137047483704274,-5.012670553594917,-4.193228207293778
1856914507833,-2.961600422484685,-5.453975221400279,-4.785166599965983
1856914507850,-2.83199237416696,-5.329408498999214,-4.955827616143896
1856914507866,-2.7181554691860494,-4.6516176982688915,-5.242753280755722
1856914507883,-2.4867372734179782,-3.8881816969230063,-5.2025446308875525
1856914507900,-2.4810458744737787,-4.4847723748657655,-5.182617089058736
1856914507916,-2.633562294307583,-4.054924703114753,-5.027585322103066
1856914507933,-2.731104189348509,-4.166108933845766,-5.258981396637068
1856914507950,-2.57240056645792,-4.020967155721252,-5.020596950398595
1856914507966,-2.4007061020292904,-4.144174075162434,-5.270593072345472
1856914507983,-2.5356466453365285,-4.8285623050985755,-5.076608017421767
1856914508000,-2.6408660479999173,-5.3487485933028935,-4.761010716541705
1856914508016,-2.5568286426185183,-5.998153991356115,-4.788522835161173
1856914508033,-2.3319608478104508,-5.889548248274266,-5.1247447181742505
1856914508050,-2.546926059082022,-5.878871072413698,-5.088034842375576
1856914508066,-2.2584801824012146,-5.649147068107317,-4.831464982424967
1856914508083,-2.0506568172679565,-5.508779212037889,-4.82179329356566
1856914508100,-1.702545164899084,-5.335677566004765,-4.881111780875978
1856914508116,-1.6771731027331342,-5.0970877476831316,-4.615796562757003
1856914508133,-1.471642310540442,-4.879337006883667,-4.717545788939514
1856914508150,-1.4615207509841475,-5.108065226497,-4.4959821599931455
1856914508166,-1.604870555784069,-4.721374515178991,-4.063320807269638
1856914508183,-1.3872807369980173,-4.995181903121734,-3.728459915125126
1856914508200,-1.467245323291562,-4.591574818629976,-3.3758149843034198
1856914508216,-1.5435127643002597,-4.928453386002372,-3.5484766045944602
1856914508233,-1.5455330796533295,-5.281968956596964,-3.347335500470718
1856914508250,-1.3385492891027164,-5.1764835573875345,-3.2829006868047568
1856914508266,-1.4605727455700648,-4.8204602926430535,-2.9114087769849677
1856914508283,-1.2163049876891558,-5.317461489183529,-2.8617178925424045
1856914508300,-1.4654123962865695,-5.435621707555709,-2.7236532508225784
1856914508316,-1.1464945183405368,-5.72935868945052,-2.3272783241636317
1856914508333,-0.7074050617122687,-5.795782438982798,-2.0323780947936188
1856914508350,-1.0983157712604377,-5.589529362457887,-2.207129046688893
1856914508366,-0.8510162849392557,-5.5336556624037785,-2.2775984894283843
1856914508383,-0.8240045011330777,-5.622775128551502,-1.8676132458535921
1856914508400,-1.1437433284049123,-5.11122425443592,-2.2581863642401476
1856914508416,-1.0661178405003495,-5.77609651101712,-2.191881800935052
1856914508433,-0.9986216810340953,-5.843403625275389,-2.620012132815487
1856914508450,-0.9808937523886172,-6.268489708496133,-2.507550781502669
1856914508466,-0.7343776762774734,-6.463905497082706,-3.051086858248158
1856914508483,-0.541153997514705,-6.250411426591202,-2.801661358390928
1856914508500,-0.6835066762172053,-5.638744817697419,-3.065257932578622
1856914508516,-0.5680323516797765,-5.245288227845149,-2.9423329594208174
1856914508533,-0.39100104141312464,-5.789723951932399,-3.154289244939682
1856914508550,-0.49005012478707677,-5.778764937428147,-3.199203174163149
1856914508566,-0.2841427922899964,-5.66514536302193,-3.7993122339737955
1856914508583,-0.2185447455705951,-5.159094715911738,-3.774678862118512
1856914508600,-0.03234139978244599,-4.621939072763971,-3.5996220311485674
1856914508616,-0.034128185131043764,-4.591992175214841,-3.405389727772336
1856914508633,-0.31468259636583884,-4.433373724202998,-3.7014934946477074
1856914508650,-0.1622542259413402,-4.134008150764223,-3.659492217625869
1856914508666,0.0955676615346297,-4.013269939060445,-3.732647322280713
1856914508683,0.10388414141472158,-3.5934235109438775,-3.6171872749713363
1856914508700,0.07857597205497147,-3.1863213519489695,-3.537464049015161
1856914508716,-0.131567418467891,-3.013062745818455,-3.6734051452525653
1856914508733,0.1053241520687358,-2.6970345148291943,-3.162525442266811
1856914508750,0.13727083212863445,-3.52699314400155,-3.1080597496067037
1856914508766,-0.06402894006336268,-3.3637135259498443,-3.5984452393505344
1856914508783,-0.04295169909529406,-3.346956676758737,-3.8978164997997795
1856914508800,-0.3266905106317637,-3.5783482614065107,-4.267008359714591
1856914508816,0.09680288419724903,-3.66259851370668,-4.173052836934859
1856914508833,0.10988537832869483,-3.3667634078229933,-3.853468373540267
1856914508850,0.5081639059911804,-2.889728299982073,-3.377244281582488
1856914508866,0.62339199204155,-2.321466550823387,-3.8693137796051276
1856914508883,0.5486923199594962,-2.513170624787407,-3.833116437649183
1856914508900,0.45541546703010294,-2.489612804359248,-3.468188167157008
1856914508916,0.34146629362394787,-1.7250615294006275,-3.7518061251027244
1856914508933,0.0548897969267097,-2.1536900495860767,-4.05667513480601
1856914508950,0.25794235109419095,-2.344724026023794,-3.727746362836128
1856914508966,0.14113768254571735,-2.783813043802133,-3.739208094100077
1856914508983,-0.18466360915357516,-2.7844564704862544,-4.060322974610402
1856914509000,-0.4696791432066423,-2.6963765399508284,-4.030410334923694
1856914509016,-0.3682612757314683,-2.713937217465102,-3.8253080729850772
1856914509033,-0.5127452234840888,-2.085780227704377,-3.533772927729866
1856914509050,-0.6970654131332017,-1.9726196622419572,-3.428197678685648
1856914509066,-0.8780539357194646,-1.6327304842164585,-3.232579885025862
1856914509083,-1.0755991348615725,-2.311697441389261,-3.5799808348463733
1856914509100,-1.1681901182462302,-2.6562351387886083,-2.949160921137225
1856914509116,-0.5249700126976427,-2.83845104410614,-2.757511161703894
1856914509133,-0.5966224085007692,-2.464435854100058,-2.7096930733458677
1856914509150,-0.04111817554753294,-2.0911270815037275,-2.6817208700330406
1856914509166,-0.2617272881222634,-2.522401707244762,-2.729584575825057
1856914509183,-0.22142286342700945,-2.685383697284387,-2.529892609657236
1856914509200,-0.22979201775197655,-2.6844982509808406,-2.272385464867269
1856914509216,-0.11746563521040798,-3.2516474164552345,-2.312579856000745
1856914509233,-0.07533684539445851,-2.9592282965304766,-2.8812047168931985
1856914509250,0.03653675886976071,-3.491604357047872,-2.8817316476942607
1856914509266,-0.1740032067918369,-3.3847427531837626,-2.6480612050069854
1856914509283,-0.21869036931269914,-3.812929735530846,-2.6917803954676165
1856914509300,0.08488731418689799,-4.035906811224416,-2.836220635239965
1856914509316,-0.15898703292994298,-4.060539676014106,-2.9367437463176427
1856914509333,0.08503031191244581,-3.779205753717465,-2.554818049031022
1856914509350,0.10347231885971286,-3.789966114358182,-2.6955936956963282
1856914509366,0.1345441336434714,-4.0056324828226995,-2.494901863362829
1856914509383,0.20910435291362095,-3.86028400359715,-2.432153640468956
1856914509400,0.24676909235825661,-3.7033315477938884,-2.273319301064378
1856914509416,0.1672518492225903,-3.3701464251393634,-2.1973864872326763
1856914509433,0.3037540421715965,-3.254812532327635,-2.1264875535957217
1856914509450,0.39206208545118404,-3.9380334311025575,-2.047943671333818
1856914509466,0.23839709861135638,-3.4563180360287395,-1.75861016391657
1856914509483,0.3898284226891038,-3.426839584225754,-2.0539681606234588
1856914509500,0.8590777451643925,-3.3492042810582023,-1.9797550738154839
1856914509516,1.1074189715969718,-3.3770231952352114,-1.491069657962051
1856914509533,0.8627236683791395,-3.36019912155685,-1.4841270935965711
1856914509550,0.7688177988722202,-3.599240286621329,-1.2156077999159245
1856914509566,0.11105662168602759,-4.025443354499746,-1.0280330892981324
1856914509583,0.1092712119515662,-3.99265967942812,-1.147888330155856
1856914509600,0.4768449409349218,-4.193371860265417,-1.229342995677421
1856914509616,0.6198487547114935,-4.314575763589327,-1.893659267857856
1856914509633,0.4867225365443568,-4.118243482377066,-2.000812979436497
1856914509650,0.30166379395203524,-4.26768603965634,-1.7022409048702987
1856914509666,0.42320910564586356,-4.082589775828708,-1.2049937622161142
1856914509683,0.2613854999597667,-4.02184934198085,-0.9227953716067925
1856914509700,0.17956824675652783,-4.5305656331425785,-1.0369124606176343
1856914509716,-0.09295716038025859,-4.682898565930299,-0.9862521684261488
1856914509733,-0.3880490787992459,-5.139830285767034,-1.3245441505492308
1856914509750,-0.26692556410869983,-5.549282112734984,-1.3900572544561896
1856914509766,-0.1955945733814275,-5.5095630950173575,-1.127087827859351
1856914509783,-0.15983781817416975,-5.466159521088853,-1.1887477984737433
1856914509800,-0.06892833740649618,-5.676834121729411,-1.3713949249761823
1856914509816,0.07890186526846144,-5.794477063648559,-1.5423778363999923
1856914509833,-0.03960794147078417,-6.346567735585933,-1.6315401742786075
1856914509850,0.05823663301143611,-6.162332263996138,-1.9257332978073802
1856914509866,0.5802471447791682,-5.726650599632972,-1.438030208020795
1856914509883,0.4956732810914497,-5.827263759687884,-1.2188168800400823
1856914509900,0.6908304830625553,-6.11143942176457,-1.2406953766448185
1856914509916,0.5344369368737985,-6.623235298511624,-1.0984341307278713
1856914509933,0.4310354918214534,-6.178359132777234,-1.2388544129115686
1856914509950,0.36740630280906306,-6.531106309429435,-1.6913839316802561
1856914509966,-0.2411588193750518,-6.869670738102733,-1.6116435738706292
1856914509983,-0.1795375100430272,-6.415912411268805,-1.3141745361554684
1856914510000,-0.15717234266027535,-6.643470806571013,-1.656288132887524
1856914510016,-0.32185562629549924,-6.345324172207178,-1.7679014881487347
1856914510033,-0.3603877171204113,-6.361131658072014,-1.7221394662478788
1856914510050,-0.3217307197374888,-6.420582949512346,-1.7284809215842347
1856914510066,-0.34566946760214456,-5.902662120855592,-1.7309039638690151
1856914510083,-0.13365340712340235,-5.232572179024425,-1.8848050471328668
1856914510100,0.10074925069697649,-5.483508208531134,-1.93850165366273
1856914510116,0.2621131826078811,-5.948685854007426,-2.3232988805207553
1856914510133,0.5531285801050894,-6.154675295180909,-2.385096502021878
1856914510150,0.4381812856197609,-6.088237306979431,-1.954342484580832
1856914510166,0.34614935265190017,-6.000757188699427,-1.9936945957580599
1856914510183,0.3940567613037089,-6.124943384697266,-1.8720962870248137
1856914510200,0.5998972345200606,-6.3097142516741425,-2.5425562907728243
1856914510216,0.21119987411391516,-5.938033558244548,-2.817780873903973
1856914510233,0.5200346212503373,-5.565125858587934,-2.9192253473139926
1856914510250,0.45425986363120074,-5.56525031116243,-3.0525380034478653
1856914510266,0.7086510284078829,-5.490435653909122,-3.5601069688881557
1856914510283,0.527155391856736,-5.019042103768894,-3.297425747597834
1856914510300,0.22295768736854082,-4.823189294549556,-3.681522889510411
1856914510316,0.30660635532484193,-5.254608573667038,-3.7424955744907065
1856914510333,0.17837225537208035,-5.183620910356939,-4.148684915067838
1856914510350,-0.21507365555487645,-4.814595201134384,-4.530843729294034
1856914510366,-0.08664053400198313,-4.4909823860267775,-4.5089983456256855
1856914510383,-0.2683313357455521,-4.124254926408393,-4.667390703270431
1856914510400,-0.34263543245261197,-4.196072169345225,-5.3918264363137896
1856914510416,-0.4175652750050354,-4.169286257695985,-5.331269903397747
1856914510433,-0.7458686510779913,-3.9210352988095396,-4.882801245390221
1856914510450,-0.5396473557017982,-3.6349106580976565,-4.828289827849459
1856914510466,-0.9445386428730544,-3.61226803781556,-4.672712861593143
1856914510483,-0.9066465897139957,-3.539326446820505,-4.899812391747507
1856914510500,-0.5291899608736665,-4.015204145821281,-4.640143944960652
1856914510516,-0.6372971042284439,-4.2276402383353116,-4.473193033246975
1856914510533,-0.8956529662938757,-4.084106943500549,-4.253934971679847
1856914510550,-0.945057409232978,-3.5952263306507457,-4.394439406761398
1856914510566,-1.2707766992517553,-4.179238985450223,-4.428155246891945
1856914510583,-1.3050588644929504,-4.474970878528848,-4.210440611953356
1856914510600,-1.2030802411410306,-3.850703566378534,-3.9646734485440036
1856914510616,-1.5381833504536178,-3.8724686165228017,-3.7846777061744796
1856914510633,-1.7417902320065317,-4.388260942178942,-3.993508047211325
1856914510650,-1.898781967101868,-4.423794501187146,-3.9129491380866814
1856914510666,-1.8949033446540544,-4.1678585760903815,-3.998729810056234
1856914510683,-1.997839147862062,-4.803390111904773,-4.195753403521462
1856914510700,-1.582008550437263,-5.296650940573367,-3.9177258526921843
1856914510716,-1.600178954623492,-4.948223694077183,-3.9469333089629295
1856914510733,-1.9051617732610686,-5.4490783467222945,-4.400524385563362
1856914510750,-2.185653384520632,-5.927173400656105,-4.489604676112222
1856914510766,-2.0307886048444144,-6.053287172298518,-4.690906928170714
1856914510783,-2.0704157271232835,-6.126998095468288,-5.376485726264111
1856914510800,-1.616821429524785,-5.955993563748782,-5.160868878196185
1856914510816,-1.5743048474613581,-5.544426011207941,-4.764687591468827
1856914510833,-1.1972264193015296,-5.8038564051264565,-4.933511629817282
1856914510850,-1.1380929971311002,-5.511640118586852,-4.662956191088938
1856914510866,-1.2000160189116098,-5.807973771594464,-4.696326101446889
1856914510883,-0.8399210757891291,-5.3099036843681535,-4.830462142059655
1856914510900,-0.3503923103983704,-5.411491175835456,-5.372360190565759
1856914510916,-0.29111547647819513,-5.856714545958417,-5.248262086842911
1856914510933,-0.01170735755501262,-5.764831322441462,-4.765565209277932
1856914510950,-0.33384484942693504,-5.6524506415697475,-4.742960723154519
1856914510966,-0.26181724567572306,-5.629810314312941,-4.899333175271835
1856914510983,-0.46772647704527515,-6.298009823815883,-4.414407607984149
1856914511000,-0.5306960643102618,-6.126712859195703,-4.063478057020944
1856914511016,-0.21224165257522198,-6.240686716359222,-3.839524353634959
1856914511033,-0.5323282102291023,-5.739804852339891,-3.8458902726350512
1856914511050,-0.36561288478869436,-6.482548703602924,-3.987165273506704
1856914511066,-0.4573877074262054,-6.2086491225591915,-4.302607642178137
1856914511083,-0.76915429928611,-6.288363678334241,-3.665615176353793
1856914511100,-1.0926392845458692,-5.9265767142676005,-3.1757432353508337
1856914511116,-1.277723175260281,-6.493095390967494,-2.955011566412349
1856914511133,-1.4032843984118641,-6.573913707454848,-2.9057678689524717
1856914511150,-1.5175811959273267,-6.753010316226772,-2.9807274364330665
1856914511166,-1.3924119546324936,-6.076253408642879,-2.4286940917559603
1856914511183,-1.4899989099392554,-6.703339676837256,-2.3961897791016358
1856914511200,-1.9092891644818812,-6.569190794828801,-2.6748846742734864
1856914511216,-1.6257267016165438,-6.421655611953025,-2.418158129064584
1856914511233,-1.2955698914359872,-6.299665350202755,-2.547626077406905
1856914511250,-1.2484882484788238,-6.0457422153653955,-2.1918974681325962
1856914511266,-1.018182034407574,-6.203940865033636,-2.193701188008429
1856914511283,-1.2465468217458469,-6.1793119837965795,-2.3374808865755865
1856914511300,-1.3036002782935174,-6.104409842332645,-2.3343427921577633
1856914511316,-1.3574998964354283,-6.3657335822420995,-2.5596842439888112
1856914511333,-1.3990511604590044,-6.427091107213753,-2.56828835343711
1856914511350,-1.493303627897376,-6.980070387086305,-2.622729702085119
1856914511366,-1.3627368494270575,-6.620758542015976,-2.619326032559078
1856914511383,-1.3337637069573485,-6.118291612838338,-2.7468974247178166
1856914511400,-1.813188408467696,-6.305915291789573,-3.236188081187101
1856914511416,-1.5575692242471253,-5.621070000655933,-2.558615828962413
1856914511433,-1.4463887299186404,-4.939998539134428,-2.2867348315468794
1856914511450,-1.3377506374267418,-4.776243062896822,-2.710948704689521
1856914511466,-1.5180663300760098,-4.741730862915296,-2.630541341122835
1856914511483,-1.6937876212565164,-5.1849291169051295,-2.851467895883551
1856914511500,-1.717079409167329,-4.73529001631519,-2.8901033293488565
1856914511516,-1.3256986117525837,-4.860190431884289,-3.1340769963113955
1856914511533,-1.4646086435504233,-4.922072882235206,-3.344627339359464
1856914511550,-1.463346249102624,-4.651608072775814,-3.375852285829353
1856914511566,-1.5572115377950877,-5.096668515419266,-3.5058731688110423
1856914511583,-1.8080696016394087,-5.384621646064859,-3.394685515322764
1856914511600,-1.9186433236914224,-5.553650099329254,-3.32007783318649
1856914511616,-1.7100351304176833,-5.31410578685467,-2.9718804371531258
1856914511633,-1.4264776454874863,-5.370967777244668,-2.828453706286087
1856914511650,-1.8692679216979036,-4.925185383753029,-2.6447903209615355
1856914511666,-1.695165795655429,-5.045737107236156,-2.874969018077365
1856914511683,-1.9300758074919644,-5.46666371366059,-2.59094389367988
1856914511700,-2.008953112534456,-5.8165905390589705,-2.7980844226090555
1856914511716,-1.9370131272452706,-5.445872249272025,-2.8868910913528905
1856914511733,-2.0720406859905833,-5.621063317370739,-2.3710366391706343
1856914511750,-1.6535957138130262,-5.953185666118723,-2.227362452852013
1856914511766,-1.3893230910948637,-6.406859462848635,-2.7034323287911404
1856914511783,-1.643201281566376,-6.228306734175502,-2.6226785809519795
1856914511800,-1.8379882597801265,-6.3599819413861525,-2.819436912505152
1856914511816,-2.0242306906531518,-6.716709538536573,-2.9701241513215875
1856914511833,-1.837730248822064,-6.474189725601619,-3.3027446307279544
1856914511850,-2.058414733731343,-6.531360495438046,-3.0835785736943535
1856914511866,-1.6258704151168217,-6.098739460570427,-2.7288052215770047
1856914511883,-1.667619590065215,-5.645604441238161,-2.819482854675592
1856914511900,-1.0559270428130731,-6.126845614754714,-2.930469699860642
1856914511916,-0.6041190892824639,-6.105599316212868,-2.615651363485947
1856914511933,-0.49123818356549975,-6.010563360183284,-2.3531282375375513
1856914511950,-0.4318677307254264,-6.051693021454535,-2.4472027690632636
1856914511966,-0.5735099591347188,-5.930376197780155,-2.306548451264968
1856914511983,-0.5546163086789857,-6.573375899327805,-2.2561594981359834
1856914512000,-0.6765669167122939,-6.453476191354105,-2.226456480252439
1856914512016,-0.9213123547444688,-6.4627476512220605,-2.6127051216462487
1856914512033,-0.7773400243080184,-6.784252120096672,-2.6986234428013134
1856914512050,-1.1230317809113988,-7.041796062999774,-2.8870701658472875
1856914512066,-1.051175167780665,-6.744349706916827,-2.4690281637043716
1856914512083,-1.2329583218772644,-6.727034784402614,-2.4130124075763444
1856914512100,-1.5094955244500392,-6.375457534348384,-2.5883293549863042
1856914512116,-1.59356648457207,-6.127630968945278,-2.798941946163877
1856914512133,-1.6413290574150228,-5.840800571749839,-2.593849274414297
1856914512150,-1.3839752408574575,-6.092011627407617,-2.5394242333422716
1856914512166,-1.585097496139635,-5.986254740599502,-2.606453247005616
1856914512183,-2.0222953204175553,-5.974759527388134,-2.819833170519159
1856914512200,-2.107720861823894,-6.3149793505312815,-2.8018314181066515
1856914512216,-1.6572742349550285,-6.682633224652199,-2.6123465390112175
1856914512233,-1.535911475349352,-7.262238269756795,-2.6503826765911302
1856914512250,-1.5092933644018953,-6.897012437496715,-2.543035746025937
1856914512266,-1.467308321418689,-6.533768795189603,-2.5886727190429157
1856914512283,-1.2526036057417347,-6.9553456760504515,-2.5056316837232693
1856914512300,-1.5511856402437671,-7.162360046289327,-2.8250516483007866
1856914512316,-1.882073867543956,-7.368779016484677,-2.8579547438365145
1856914512333,-2.217031159732511,-7.337109589062944,-2.869248171078627
1856914512350,-1.8548124803113963,-7.164063669252905,-2.897474177072084
1856914512366,-1.6639356840816841,-7.0076283358128455,-3.064727933710257
1856914512383,-1.3246042735605008,-7.131385957789732,-3.046969331907042
1856914512400,-1.0509186943766604,-7.199248002423193,-2.906576042823163
1856914512416,-0.8551643285345758,-6.594855128290438,-3.3207407086746255
1856914512433,-1.307048277912207,-6.767490708329665,-2.688096574553631
1856914512450,-1.2369237889282294,-6.398585636570007,-2.4005656553902615
1856914512466,-1.1155854262420903,-6.469335660369656,-2.4475228847641666
1856914512483,-1.110513868510393,-7.153673694109765,-3.0816226273286684
1856914512500,-1.2750949157010507,-6.612764080998858,-2.8747680668732842
1856914512516,-1.0143682425088967,-5.88113818827995,-2.931989253559558
1856914512533,-0.9061647035269029,-5.877490834953937,-2.8093756003560717
1856914512550,-0.8671561701165507,-5.966777719703959,-1.701507842152095
1856914512566,-1.2439503835049597,-6.05462103923578,-1.6133481480577383
1856914512583,-1.0962064804996072,-5.970089284766502,-1.5420125398197153
1856914512600,-1.4756892332957388,-5.828806085865311,-1.5429202255489358
1856914512616,-1.367333791669759,-6.266286602946192,-1.6094936266539663
1856914512633,-0.8505121779478335,-6.3244343563741445,-1.6663828832313763
1856914512650,-1.3597981856122043,-6.2381184749832075,-1.5140353239324942
1856914512666,-1.4447338786300468,-6.785288220719629,-1.826868887564604
1856914512683,-1.2939196321344943,-7.00169664160466,-1.5464154121862619
1856914512700,-1.2714276645684341,-7.059332110130536,-1.2615050570587096
1856914512716,-1.4142635792679408,-6.181656928215164,-1.2323826687016617
1856914512733,-1.4544867916033217,-6.499744783515773,-1.5455864122664766
1856914512750,-1.1715405540595185,-5.971868219720806,-1.123632394679488
1856914512766,-0.8157252174124796,-5.840953349653441,-0.8483159077645511
1856914512783,-0.697390931858985,-5.555403360151049,-1.0669423781335556
1856914512800,-0.5121939512422378,-5.7250314192685,-1.1089331686707053
1856914512816,-0.7020684769772183,-4.811244451155833,-1.6029944337822428
1856914512833,-0.6958608578301586,-4.942972203782632,-1.745607872932085
1856914512850,-0.9671408507913215,-5.614468639633727,-2.2586291649514245
1856914512866,-0.6124150011144112,-5.464305017645333,-2.2116811376576986
1856914512883,-1.1130643114293433,-5.184606545906924,-2.081093606756895
1856914512900,-1.3729635187791231,-5.44229650961168,-2.148310723141365
1856914512916,-1.4317033876131031,-5.1812837028602114,-2.170148357133698
1856914512933,-1.2082914245909442,-4.9715544796976765,-2.2825328199252914
1856914512950,-1.0740871204190152,-5.086641627385479,-2.2540558333420444
1856914512966,-1.2380241440360882,-5.124837346788001,-2.2089706718239253
1856914512983,-1.3995955369441018,-5.316863668134024,-2.325165259242827
1856914513000,-1.4027983192616387,-6.023978377609649,-2.580196623056483
1856914513016,-1.5995294354663185,-5.508945839181872,-2.4897816491990126
1856914513033,-1.6177205304591347,-6.1255129685402,-2.1980910591856437
1856914513050,-1.4526795389497091,-5.474618765955265,-2.056677277358863
1856914513066,-1.325952074422268,-5.842652408510966,-1.9209643762592212
1856914513083,-1.253959888863446,-5.765560899862885,-2.0619609958194838
1856914513100,-1.6517415416832684,-5.515905943255183,-1.8177725116974166
1856914513116,-1.5386270580847632,-5.814998407021342,-1.9097513176309278
1856914513133,-1.2765311240682067,-5.32508979593863,-1.6858656788247055
1856914513150,-1.3211349673043484,-5.012179647434878,-2.1929958548456128
1856914513166,-1.0908140711816006,-5.180945514278335,-2.1278124743928557
1856914513183,-1.1176126677724496,-5.070595864497501,-2.327160237294641
1856914513200,-1.1214120913047458,-4.957419621259037,-2.7216318022091563
1856914513216,-1.0452414920569635,-4.745217516462508,-2.4557064357186675
1856914513233,-0.8428625152909524,-4.941031458426732,-2.598581236205802
1856914513250,-1.3950137954640538,-5.46059886493512,-2.642125391114026
1856914513266,-1.2977480638154089,-5.623582968412099,-3.1145208674518052
1856914513283,-1.6154571882677327,-5.598512248436543,-2.7518244438742334
1856914513300,-1.632113468240172,-6.1954083754946,-2.298642444944751
1856914513316,-1.4504491461490643,-6.200820904456016,-2.6625820869588854
1856914513333,-1.2874298049069517,-6.543712435308776,-2.3089218708734585
1856914513350,-1.177677094106484,-6.231969925982084,-2.442225179912796
1856914513366,-1.3311399227102312,-6.4386352782634075,-2.7089156260235248
1856914513383,-1.3881887203067964,-6.042944726484001,-2.7163567194613876
1856914513400,-1.411081984141775,-6.745872142057901,-2.9914434870153457
1856914513416,-1.2205366849987702,-6.112218893132463,-2.7498931294611966
1856914513433,-1.5326265662659688,-6.105581033373646,-3.0260232383092784
1856914513450,-1.4853968155681558,-5.705588075077908,-2.492313411182879
1856914513466,-1.5903656092460676,-5.997110753897736,-2.4245977154998646
1856914513483,-1.474641518021413,-6.629989339374759,-2.3248402004902426
1856914513500,-1.5547938754091306,-6.614750378656712,-2.0988530509411807
1856914513516,-1.449718732657126,-6.700509690719585,-1.8773897220796054
1856914513533,-1.3649242085260345,-6.040898509197343,-1.4776710697581177
1856914513550,-1.73433957639046,-5.740636078042035,-1.538819358739835
1856914513566,-1.8191361410957532,-5.727285496748291,-1.6838852598152592
1856914513583,-1.575657394581016,-6.071689186070633,-1.9680864490765835
1856914513600,-1.0911406672693609,-5.465710693306365,-2.1314650708965694
1856914513616,-1.1624674004672793,-5.269937675346954,-2.0575527722593927
1856914513633,-0.9168782449314192,-4.98814009468806,-2.0429664952737436
1856914513650,-1.1010578178004353,-5.264053535778701,-1.6977797338783918
1856914513666,-0.9356239578061905,-5.246565210849052,-1.6919802899576788
1856914513683,-0.5287548638097563,-4.578776575387193,-1.5507439785872925
1856914513700,-0.53960928798507,-4.370172654245369,-1.1145361857265772
1856914513716,-0.6412621050231513,-3.866589519011464,-0.6876830047023162
1856914513733,-0.8739525018232257,-4.503284470246983,-0.79262527857078
1856914513750,-0.9880492653064059,-4.371236071419062,-0.6285466027952825
1856914513766,-1.2792659082527988,-4.667029143508298,-0.4351240504792304
1856914513783,-1.388299234215928,-4.788443620522756,-0.6151737959222263
1856914513800,-1.242637186624978,-4.462471273749214,-0.42813978076914716
1856914513816,-0.950169200091294,-3.976339921030511,-0.27203457934068287
1856914513833,-0.7115228558212712,-4.418227365926244,-0.03793844130889723
1856914513850,-0.656387896621645,-4.42303339109867,-0.10708760402097872
1856914513866,-0.2774997512195352,-4.460377371959705,-0.04066709591024997
1856914513883,-0.15901116901944956,-4.599349435970751,-0.13153233102021367
1856914513900,-0.015022010117465179,-4.795716586222996,-0.19869957966282437
1856914513916,0.028853948710531263,-4.8021691374847695,0.1461153886558446
1856914513933,0.25133045634153106,-4.441732547504099,0.2304476628023775
1856914513950,0.18171371963023653,-4.465462757763463,0.3542224500399922
1856914513966,0.11970423229939353,-4.39627840036265,0.25209245205467146
1856914513983,0.11230971163056669,-4.240571137178259,0.43919197587464964
1856914514000,0.20845937168419315,-3.7740734969939687,0.043491754602440924
1856914514016,0.276778958957145,-4.088498979401391,0.3246467471939525
1856914514033,0.3039967866842179,-4.891730743442699,0.22920629476931897
1856914514050,0.5697451843835282,-5.471624847768922,0.5881717025028408
1856914514066,0.6123206232252354,-5.167625490235352,0.5424308403353586
1856914514083,1.0357254344988602,-5.184789732450147,0.289322905370218
1856914514100,0.9120315805304564,-4.3509899740866524,0.5298723475664464
1856914514116,1.0598398024236966,-4.430882999558871,0.9775435976457052
1856914514133,1.3872038883113742,-4.291824725211436,0.515215044685446
1856914514150,1.3162296554726627,-4.388735904255837,0.21214201264842347
1856914514166,1.8199071830975573,-4.626215650121554,0.19080745612892014
1856914514183,1.8722170936295477,-4.631826431970474,-0.14916500562888202
1856914514200,1.8197810096526608,-4.25548403131814,-0.10832524424245804
1856914514216,2.3022118155538642,-3.9468921102797254,-0.313639868789398
1856914514233,2.1017994244078446,-4.230038229322765,-0.8600400206814592
1856914514250,2.1406899994404984,-4.365230171125749,-0.7062753315880792
1856914514266,2.048419943215297,-4.669086030164759,-0.4045810587280947
1856914514283,1.9868660610991595,-4.7617923960917645,-0.5425297458851408
1856914514300,2.2386523014038335,-4.563819220902218,-0.2361504806836039
1856914514316,2.3498957988109597,-4.3573152529840025,-0.8466589884129747
1856914514333,2.286079802368457,-3.5575573773419404,-0.8218717434464203
1856914514350,2.182231024563304,-3.541477981627206,-0.7532763942061816
1856914514366,2.23091931755675,-3.735829873564796,-0.9679568348064459
1856914514383,2.1917879342715745,-3.871320035129849,-1.2035570719215554
1856914514400,2.2724941891792945,-4.054001402824771,-1.0779234315476276
1856914514416,2.2472043125600036,-4.201203719894707,-0.7433622926899509
1856914514433,2.10532162550244,-4.394903834839592,-1.314498469462224
1856914514450,2.1569142280515834,-4.880597228865483,-1.300933694041174
1856914514466,2.0884725970957865,-4.399420575016153,-0.9613643315214351
1856914514483,1.7899948162203438,-4.30226821765854,-1.3150440068081275
1856914514500,1.5410449486801534,-4.317379369437905,-1.1517433293448303
1856914514516,1.3301024165425392,-4.510852535064493,-0.9288887323604869
1856914514533,0.9870362290932757,-4.528591617160243,-0.9714316883352997
1856914514550,0.7695008351715416,-4.1525184996872255,-1.0908198814293075
1856914514566,1.1410239112217937,-3.8483543815603434,-1.069507913897008
1856914514583,1.0920047804724486,-4.010674586966356,-0.8750716276695365
1856914514600,1.1355421679622228,-3.3255125256753404,-0.6742400061594529
1856914514616,0.9348802467545072,-3.4987949105077254,-0.5596934735627173
1856914514633,1.1322799204212632,-3.4885743940516827,-0.8971961640518773
1856914514650,1.0987313578179894,-3.937102721289328,-0.5969584171463836
1856914514666,1.1664389815858023,-3.8297263177703282,-0.4284834825891566
1856914514683,1.1991256148066247,-2.9938001493865225,-0.2897922326229827
1856914514700,0.958686234027545,-3.282657982852235,-0.27247889759064203
1856914514716,1.0298381264886753,-3.851490249499478,-0.2514628564778434
1856914514733,1.2644663217161494,-4.548114067752798,-0.6055001215018014
1856914514750,1.0763145567610888,-3.7294275353774813,-0.23557577041468836
1856914514766,0.8193075126255636,-3.557016654484007,-0.34276098747391415
1856914514783,0.8989951473437294,-3.644135768072668,-0.14895641251946712
1856914514800,1.0984162001965165,-3.298720603912017,-0.5089125808522649
1856914514816,1.0386454590539307,-2.94293861121325,-0.5042268353790432
1856914514833,0.6871804136470816,-2.8400106036113373,-0.2897557989484907
1856914514850,0.3871818042157944,-2.8864044746625055,-0.4160699944635802
1856914514866,0.7546394899034174,-2.8348125093841507,-0.25508304446565466
1856914514883,0.8069498713889356,-2.5166485736701945,-0.4207114845784867
1856914514900,1.0107295838961585,-3.1047618407735507,-0.8380885117495775
1856914514916,0.9153808932669243,-2.220884019138241,-0.791953584586764
1856914514933,1.2186560105339614,-2.0076327027710628,-0.8033007663827492
1856914514950,0.764501566419578,-1.681448960778308,-0.7418823644456713
1856914514966,0.4433547536858038,-1.9063249971090572,-0.5603689610538874
1856914514983,0.5502784367896352,-1.9795894234150957,-0.7259258807991249
1856914515000,0.0623488026430703,-2.060988831903674,-0.7858146391643053
1856914515016,-0.26330097367587246,-2.4454665939953353,-0.8075115892972935
1856914515033,-0.07391740673176628,-2.221323565898885,-1.4139474936787422
1856914515050,0.19245748421317188,-2.1148239199934107,-1.8438988221168762
1856914515066,0.10135541343426091,-2.3574148988609185,-1.6884553260841124
1856914515083,-0.26667886970024757,-1.636795188538704,-1.6209163603438146
1856914515100,-0.26666859206015303,-0.8902710205494104,-1.3963081936954873
1856914515116,-0.3828056918166922,-1.226393999352565,-1.61180177803336
1856914515133,-0.3109295571638677,-0.8671009784794244,-2.2114721763138294
1856914515150,-0.02673422997127961,-1.0237359375897475,-1.8583451376411437
1856914515166,-0.11420020607656323,-1.0699725095514623,-2.3419435392716688
1856914515183,-0.14279638188834376,-0.3744261485248641,-2.4755029518407787
1856914515200,-0.3226735626914401,0.06564701602230816,-2.249723232694251
1856914515216,-0.296788033618129,0.06062753122576403,-2.086146965997637
1856914515233,-0.049613567426487926,0.23368998024111765,-2.008516060835611
1856914515250,-0.2523861718643037,-0.4181714410935724,-1.8476516053404555
1856914515266,-0.3827025221986995,-0.5904621838447017,-2.0182369674703993
1856914515283,-0.1544301986085257,-1.3621692162303471,-1.7205493505438159
1856914515300,-0.44786009630973833,-1.5233196864484047,-1.997827694150958
1856914515316,-0.433488537927639,-1.549230590831085,-1.8651697557576716
1856914515333,-0.4321363748282261,-2.0674169404106646,-1.3422823746386952
1856914515350,-0.264037496177715,-2.107640277697932,-1.4299575229264903
1856914515366,-0.4973425805079419,-1.516520290677871,-1.3402355535711286
1856914515383,-0.47071077525233385,-1.207402118928595,-1.0719326803891622
1856914515400,-0.751377152943455,-1.0644937301287296,-1.316867882025081
1856914515416,-1.0399799871183943,-1.3332155504185836,-0.7027639945821345
1856914515433,-0.9857666573927806,-0.9305745286542768,-0.7879465472182122
1856914515450,-0.6121717517909975,-1.1377611335703586,-0.8773592504944924
1856914515466,-0.6396362620847933,-1.2107080715572902,-1.053683999376579
1856914515483,-0.17748526113991403,-1.3732605577472121,-0.9885747192983244
1856914515500,-0.005067373012050069,-1.3751530112558283,-1.1992863373422764
1856914515516,-0.1532985319392166,-1.3774585997650783,-1.3286618963744594
1856914515533,-0.628460570969148,-1.5642852460284855,-1.1713172559480767
1856914515550,-0.6337431663259139,-2.1388418184027085,-1.0047793329614079
1856914515566,-1.0708741877133563,-2.04686003870411,-1.1884317788244176
1856914515583,-1.1974632010830257,-2.2502697233723907,-1.1131340998973667
1856914515600,-1.0805186092357406,-1.6578022328798783,-1.4815555987235047
1856914515616,-1.3127685790284258,-2.3326587774127026,-2.010959255121397
1856914515633,-1.2046915801684217,-2.6449177526680545,-2.036998854714613
1856914515650,-1.3453765613124724,-2.510791575228252,-1.6775575458110765
1856914515666,-1.2706876309788457,-2.608452089391214,-1.3674830594352259
1856914515683,-1.2251201282873132,-2.817147171236489,-2.02904012720981
1856914515700,-1.251504182110927,-3.0304663021412424,-2.29790265907931
1856914515716,-1.5699427201333922,-3.2861157080638654,-2.3449177958597645
1856914515733,-1.7629423368610815,-3.697867271093896,-2.1582707202627414
1856914515750,-1.79327372990319,-3.510754749475878,-2.28177879356883
1856914515766,-2.0222109257997154,-3.241835394704954,-2.063415155267747
1856914515783,-2.3151406304233206,-3.1865962794369196,-1.7627783893077071
1856914515800,-2.0363978270921375,-3.088383369764886,-1.9372424541203794
1856914515816,-1.533570938185032,-3.34914580840954,-2.139699888509872
1856914515833,-1.6482753192398456,-3.4615452396651514,-1.9106138518759277
1856914515850,-2.063496317677598,-3.9908791049542054,-1.7297646165359402
1856914515866,-1.6501321080207072,-4.2657893731842975,-2.049336455348558
1856914515883,-1.4696853707890374,-4.472277657683566,-2.0678073440088545
1856914515900,-1.7806995400770425,-3.8114897904911174,-1.6273489178252398
1856914515916,-1.9277095838655525,-4.4091871965468155,-1.8554184246091339
1856914515933,-2.2018314374699473,-4.594100948908764,-1.5821088707873274
1856914515950,-2.4422128435437163,-4.1807693231641725,-1.684384039654732
1856914515966,-2.720818802602705,-4.335753979175032,-1.4197593242372293
1856914515983,-2.7350154052621916,-4.259378409118078,-0.9799392687879434
1856914516000,-2.720741572920853,-4.331228732288524,-0.8409275976950986
1856914516016,-2.5768674264244407,-4.872536385901609,-0.7073844751469254
1856914516033,-2.5039003540913245,-5.11004491563799,-0.7044111483090089
1856914516050,-2.778282175328494,-4.613833396441654,-0.8422289207389685
1856914516066,-3.238430287941532,-5.1925323046837155,-0.8618992438868741
1856914516083,-3.2270545987558146,-4.515613630606174,-1.1071768642458137
1856914516100,-2.7853296401261667,-4.9958658737270305,-0.8092233035504747
1856914516116,-2.6176745426643646,-5.445526352102012,-0.43899623803764376
1856914516133,-3.1044185306704257,-6.008682591105095,-0.8053189371100185
1856914516150,-2.872509766916667,-5.912850552007781,-0.24486462244105267
1856914516166,-3.3393502517257185,-5.751653271175965,0.01850916700730232
1856914516183,-3.145258111219935,-5.642555635825898,0.11917691118502649
1856914516200,-3.251997801747055,-5.288078280598896,-0.19632387591745082
1856914516216,-3.5703136534873625,-4.838348731461942,-0.05699255256562741
1856914516233,-3.810577496583522,-5.107094632524369,-0.5212739983044747
1856914516250,-3.775177142274556,-5.048405468798579,-0.33666756402963127
1856914516266,-3.641165355224702,-5.323968243822908,-0.5446874683465002
1856914516283,-3.6248940974796207,-4.8886683922003495,-0.26449715421278897
1856914516300,-3.214978604207822,-4.9641401408227726,-0.26022440022565396
1856914516316,-2.9460751177963256,-4.91189117794335,-0.5714320352938498
1856914516333,-3.026669921261927,-4.26719417310913,-0.5485405499315769
1856914516350,-3.0979714385462174,-3.70284834060928,-0.3710114882001452
1856914516366,-2.798491017191561,-3.203238677189793,-0.38346599382008284
1856914516383,-3.0208700875243375,-3.23137909081852,-0.13411262964626003
1856914516400,-3.190803812895677,-3.531249849659962,-0.4374868912058312
1856914516416,-3.4350357507628595,-4.019520420365643,-0.5811717073983202
1856914516433,-3.004655128000719,-4.654464226892338,-0.6876177033304108
1856914516450,-2.9390079375764957,-4.401232878525789,-0.7548904375328859
1856914516466,-3.1191447839680624,-4.578484520825267,-0.6863220365796677
1856914516483,-3.2149160294730192,-5.253375703869726,-0.5585653415916009
1856914516500,-3.105345089335063,-5.73420843264528,-0.47205848535769745
1856914516516,-3.422442704832488,-6.197706199427114,-0.6371682334793737
1856914516533,-3.5897585592293826,-5.874014130658303,-0.3818998575878485
1856914516550,-3.8584729556141357,-6.082739615205523,-0.24368139043798198
1856914516566,-4.111093985611276,-5.61299070428656,-0.2921297873247555
1856914516583,-3.932719076784626,-5.521267724546179,-0.32526313924292927
1856914516600,-3.764464947925652,-5.831087137996409,-0.8654952952603885
1856914516616,-3.785472576818738,-5.536136852075697,-0.9452192338635136
1856914516633,-3.42268643236971,-5.4474542625792255,-1.205936686940448
1856914516650,-3.7319372845856775,-5.210302430378125,-1.3014840290571539
1856914516666,-3.6933090122035326,-5.787808184678533,-1.9926391508172316
1856914516683,-3.2523992808961557,-5.826319952264851,-1.8352700043904462
1856914516700,-2.844158966295339,-6.509376244308134,-2.002004056620334
1856914516716,-2.8299830202863703,-6.542862865550511,-2.0424384994961073
1856914516733,-2.920003170603252,-7.07398319278609,-1.8377617693996526
1856914516750,-3.1564631031365824,-6.4433909491494195,-1.7775971848061705
1856914516766,-3.255831957144787,-6.718304824171707,-1.8137864436211202
1856914516783,-3.5959998179492954,-6.841069002071962,-1.305819547096544
1856914516800,-3.4257463667718837,-6.451230049020125,-1.176026118824299
1856914516816,-3.4954134939663106,-6.306879665787463,-1.3493835132106327
1856914516833,-3.615350685879311,-5.758311027045649,-1.6317011117962539
1856914516850,-3.4133031455178946,-6.077440048213051,-1.3601919584724134
1856914516866,-3.934053352213061,-6.816941041114782,-1.6293819732776347
1856914516883,-3.8225405430426767,-8.132147883938272,-1.6765007015017084
1856914516900,-3.825920459409535,-8.154415956812114,-1.824323181267098
1856914516916,-3.6927587852862978,-8.044943665269784,-2.1469069321622616
1856914516933,-3.3571643739363024,-7.9411947011896,-2.264791996114341
1856914516950,-3.4749372821006954,-7.573426977884674,-2.0444382679336695
1856914516966,-3.144051033056525,-7.627893012790755,-2.2753685470234406
1856914516983,-3.4918591571270388,-7.57937104202615,-2.144053930938065
1856914517000,-3.8022715194249432,-7.900630657862163,-2.0601471757000684
1856914517016,-3.832386417031067,-7.535497103623999,-2.19038361045095
1856914517033,-3.961101513485095,-8.307150270981507,-1.84036898030204
1856914517050,-4.106596688429479,-8.405899889541619,-2.074836093505725
1856914517066,-4.053979669088874,-8.469941448932733,-2.2225513128857908
1856914517083,-3.9342425178200933,-8.079370354065375,-2.145122816392135
1856914517100,-4.120384004463407,-8.240872039499763,-2.530765361457706
1856914517116,-4.50806492308496,-8.790573881705193,-2.4335868840116266
1856914517133,-4.430674752418324,-8.20678364387551,-2.513066727147579
1856914517150,-4.702662852655861,-8.140182668887494,-2.4310262238447606
1856914517166,-4.375513407683101,-7.173060168330034,-2.3339502740172793
1856914517183,-4.178021472191606,-7.223442743605288,-1.9359734709655951
1856914517200,-4.361904547179843,-6.963794683289986,-2.0269080203489054
1856914517216,-4.404252680591578,-7.50243484382577,-1.4470686085267201
1856914517233,-4.371593137106227,-7.86067437492077,-1.8865979665478794
1856914517250,-4.94149790642662,-7.703929571264778,-1.5382809467453555
1856914517266,-5.0398872453893375,-7.617564656968613,-1.68414496847797
1856914517283,-4.790167265784685,-7.8625350772469105,-1.753824990483659
1856914517300,-4.4186330338354765,-7.508431314135663,-2.2425949670278382
1856914517316,-4.562545172405088,-7.836519151009147,-2.460573881986607
1856914517333,-4.459195449825836,-8.069122505203223,-2.2026535712881246
1856914517350,-4.276152126138306,-8.018392636228375,-2.369182943671304
1856914517366,-4.326615959544005,-8.83104643770847,-2.2945691382143196
1856914517383,-4.140425975684769,-9.213192451718967,-2.013229454721345
1856914517400,-3.7373950310219506,-9.346701999853655,-1.8023730614551787
1856914517416,-3.5736593952440017,-8.862105480905608,-1.9106372764865494
1856914517433,-3.7259996924573775,-8.317309951273911,-1.4254290763919286
1856914517450,-3.8659736767129385,-8.332732057323962,-1.9168876901030028
1856914517466,-4.131574016403689,-8.174002325088038,-1.9768605849319654
1856914517483,-4.355635246570906,-8.20542306285694,-2.0285496327778834
1856914517500,-4.30823668088321,-8.481737205631294,-1.7371552903356842
1856914517516,-4.327575602649788,-8.971180983513683,-1.9805405505209082
1856914517533,-4.0642996386387615,-8.828333394343943,-2.081092432471854
1856914517550,-3.887325533592136,-8.313695066087089,-2.3285756670225886
1856914517566,-3.709397543456249,-8.490668144827119,-2.3134550593074237
1856914517583,-3.842772747728434,-9.114121270434337,-2.4032759868721123
1856914517600,-3.563324802587225,-9.291787972486055,-2.218424777746419
1856914517616,-3.564523791339503,-9.054175357373637,-1.642725491231159
1856914517633,-3.2998370442540055,-8.867852722725665,-1.7924976943254938
1856914517650,-3.538809079622816,-8.95794535027735,-1.5126148421995391
1856914517666,-3.1078040247897407,-8.99677711572064,-1.8322344563506026
1856914517683,-3.0930739151612747,-9.14381502500951,-1.6612820676862339
1856914517700,-3.083856558857218,-9.39541944802132,-1.4270459568011788
1856914517716,-3.5159226124669836,-9.821478874696579,-1.6026468896607513
1856914517733,-3.695792523307071,-10.099904076286172,-1.8654888875499744
1856914517750,-3.4685011238190766,-10.28274053900898,-1.8326859181900104
1856914517766,-3.6137616420306395,-9.842986249630524,-2.087487263190336
1856914517783,-3.5032397058833022,-9.645281439481723,-1.995117120606037
1856914517800,-3.6299771112555006,-8.878788396712373,-2.0285361386832865
1856914517816,-4.109619173596256,-9.138720846919476,-2.2730613198563967
1856914517833,-3.9837352478641486,-9.093000679072919,-2.4513736338630503
1856914517850,-4.381929575458882,-8.884182973320517,-2.607546451584205
1856914517866,-4.074590894893505,-8.245017742525858,-2.6545086413363297
1856914517883,-4.204498572769578,-8.268919263959061,-2.5580201242033658
1856914517900,-4.316743481640282,-7.917529998969453,-2.455302951693903
1856914517916,-4.394917138029143,-7.763763976903112,-2.3132448691132357
1856914517933,-4.512723671757783,-7.983314905972569,-2.5128303129776723
1856914517950,-4.350271775743579,-7.539228665995198,-2.814041088481131
1856914517966,-4.904883960115668,-7.612294904594062,-2.613553294245628
1856914517983,-4.974598613269906,-7.9412046485056695,-2.880411039492081
1856914518000,-4.777852543528495,-7.868503437948864,-3.061570585969884
1856914518016,-5.025089762456555,-7.786213215786714,-3.2224798735532825
1856914518033,-4.870004040923977,-7.23797238170215,-2.918222239621411
1856914518050,-5.054338517280333,-7.4724896265708765,-3.0395946135457783
1856914518066,-5.049560076868448,-7.432849811953849,-2.918372768305991
1856914518083,-5.030821346209358,-7.259687112732808,-2.8239723832186097
1856914518100,-5.113653350921908,-6.876156954695804,-2.9295161912581844
1856914518116,-5.1300639995995185,-6.020951205137388,-3.0396807930978857
1856914518133,-5.3352590283351535,-5.148770385839091,-2.9797008078935887
1856914518150,-4.93741016019681,-5.3851831140169795,-3.2792004421741847
1856914518166,-4.849850681118426,-5.656331923562372,-3.5649927247366895
1856914518183,-4.985372462565934,-5.168713601282015,-3.402441071838661
1856914518200,-4.97318588542857,-4.743059117393847,-3.25266085494173
1856914518216,-4.963285141416777,-5.189887160987085,-3.5761184770946133
1856914518233,-4.695904233083093,-4.7346443167684225,-3.520166749926585
1856914518250,-4.563083030763294,-5.16369048545606,-3.6418323531057157
1856914518266,-4.9281370685406305,-4.731132762418168,-3.65474021158563
1856914518283,-4.891455805057558,-4.806949137754611,-3.6923374979619865
1856914518300,-4.996745137929958,-4.880107862672711,-3.3145089700519863
1856914518316,-4.949139309333755,-4.391114342499169,-3.2538256414870483
1856914518333,-5.043547555389887,-4.0305775095294045,-3.287551896242255
1856914518350,-5.084952262925751,-3.7960337502316293,-2.9439863355470974
1856914518366,-5.1777281795841175,-3.707347703624591,-2.523256817645703
1856914518383,-4.914623892021973,-3.5234359070086008,-2.586517168133818
1856914518400,-4.828923360010136,-3.586364375508383,-2.5121376425625614
1856914518416,-4.7896637048459985,-3.6308778571546534,-2.3436241940697924
1856914518433,-4.492690260067843,-3.8641674615344153,-2.139670527065297
1856914518450,-4.286471285689223,-4.022653863927088,-1.8212153404775873
1856914518466,-4.186928927135765,-3.950198912160377,-1.7646844904317585
1856914518483,-4.327257227094994,-3.8938181367896316,-1.8463005753039738
1856914518500,-4.069768468388969,-4.344641142944754,-2.0625474512354085
1856914518516,-4.080546625023199,-4.081316552125742,-2.7325881413505293
1856914518533,-3.9345819302643963,-4.169065373544303,-2.102005039016276
1856914518550,-4.174505212665317,-4.2751670319375865,-2.2533415930629928
1856914518566,-4.086684121187128,-3.5252637547715446,-2.486874551042569
1856914518583,-4.01477296550937,-3.4873620753067995,-2.4530925805876613
1856914518600,-4.009395587531887,-3.415153920125732,-2.752100469052786
1856914518616,-4.21250240597925,-3.8929832918921283,-2.688824776330899
1856914518633,-3.800522646461875,-3.8176252737280807,-2.6121369447065517
1856914518650,-4.11643517395875,-4.070272778853934,-2.551729489588131
1856914518666,-4.305654258686368,-4.14536925304663,-2.905873141618392
1856914518683,-4.525461918932056,-3.532817907918397,-2.9265435246006266
1856914518700,-4.468084004722122,-3.929271122112706,-3.1175636760235186
1856914518716,-4.549823792080377,-3.79955076827943,-2.6800618131322413
1856914518733,-4.267131439591838,-3.1274292985698104,-2.216675605031284
1856914518750,-4.235613126564174,-2.8741642475090874,-2.2913893182597374
1856914518766,-4.108702607683303,-3.043859239282972,-1.987685723823516
1856914518783,-4.070587918547585,-2.7988613080644362,-1.9582321558917615
1856914518800,-4.318237094665881,-2.670705507242007,-1.766862774017824
1856914518816,-4.42843925571414,-2.7824412649737353,-2.217059679425236
1856914518833,-4.7381461074289835,-2.318691139120504,-2.2398462233915386
1856914518850,-4.9962949526684275,-1.7485737499050114,-2.8012190582498553
1856914518866,-5.191373977869006,-1.761932059966516,-2.9807168653688336
1856914518883,-5.57182163782803,-1.865709510572212,-3.0277369593935015
1856914518900,-5.7909566230216765,-2.110737000201998,-3.0308236404861457
1856914518916,-6.181495734352659,-1.6782686746944355,-2.557136192377218
1856914518933,-6.2922773267049354,-1.6246876500320333,-2.6876642833331124
1856914518950,-6.348635981167185,-0.9269885299093694,-2.721786624273668
1856914518966,-6.371996819300935,-1.0653659909326345,-2.406153633101158
1856914518983,-6.32174816307227,-0.7409606967238478,-2.376174923578356
1856914519000,-6.246717317336491,-0.5566323950936898,-2.266667742736122
1856914519016,-6.260638756027554,-1.2690409631718786,-2.245842434637542
1856914519033,-6.261179215446003,-1.3181757104572434,-2.6133867038370298
1856914519050,-6.278825485317616,-1.6524295737529648,-2.2888455451622303
1856914519066,-6.233854153916585,-1.461925173537443,-2.4318340262428944
1856914519083,-5.885477472221491,-1.5563388129267954,-2.703480411050518
1856914519100,-5.7651945372143985,-2.0694261952463444,-2.805683564726354
1856914519116,-5.802846079691118,-2.0327024555122133,-2.581952565874162
1856914519133,-5.758874582181439,-2.3803066321433564,-2.773391808311909
1856914519150,-6.350583691581817,-2.018101004491051,-2.852792947648576
1856914519166,-5.997545543094711,-2.449551595006033,-2.4666249758772323
1856914519183,-6.229968327557537,-1.8723721442294652,-2.67429035288772
1856914519200,-6.239039553640604,-2.2541257087808315,-2.2908384272788562
1856914519216,-6.256193199999977,-2.0219467972758514,-1.9279375830292298
1856914519233,-6.166278171799867,-2.165656172450097,-1.4016803119126255
1856914519250,-6.3408757380996805,-2.3334609384551337,-1.4442082318920617
1856914519266,-6.192941695054411,-2.054321260156451,-1.362170502741157
1856914519283,-6.1250678858572885,-2.5455956000428017,-1.3178024565423636
1856914519300,-6.141702917499971,-2.770235274870411,-1.2348641364471624
1856914519316,-6.037340357387404,-2.2633030801664846,-1.296678685283462
1856914519333,-5.852960987851495,-2.616170032215109,-1.183438291862546
1856914519350,-5.603496079121484,-2.947247271512033,-1.7412485383112872
1856914519366,-5.591782588310327,-3.5781458934050088,-1.4735685761022024
1856914519383,-5.695066271646359,-4.303910311903502,-1.6625162793463428
1856914519400,-5.338514439538512,-3.716120115827821,-1.7644766037341544
1856914519416,-5.342331453736623,-3.7989570134545376,-1.7630447530236708
1856914519433,-5.389912245430431,-3.976517267417832,-2.0215325125410617
1856914519450,-5.171287787615157,-4.465724188774362,-2.136906276669737
1856914519466,-5.098899268175408,-4.066020341728065,-2.0751082276821315
1856914519483,-5.115773124829542,-4.431134636434501,-1.776624875325794
1856914519500,-5.353871657636864,-3.980902791201076,-1.7510305133361945
1856914519516,-5.387804809834994,-3.4120971638216258,-1.9429432436362715
1856914519533,-5.42514771145346,-3.8028807161694056,-2.381701936373902
1856914519550,-5.380329467555041,-3.7115286617030225,-2.283920671375305
1856914519566,-5.700493430478562,-4.0718797417728485,-2.2580709202629694
1856914519583,-5.568114906238328,-4.37029010263811,-2.2585001810768226
1856914519600,-5.661900111566958,-3.865110124879843,-1.9609603662561677
1856914519616,-5.335164115567186,-3.8599722667600833,-2.0947775655699754
1856914519633,-5.508248223050128,-3.7219070683511646,-2.232153750502114
1856914519650,-5.445291218847045,-3.8246609574172714,-1.7895407766529856
1856914519666,-5.603642810097309,-3.7332064402390186,-1.429742701814656
1856914519683,-5.55387754357,-3.780790892872146,-1.6993395772725968
1856914519700,-5.841515996171951,-3.7895483208854928,-1.2516794771277224
1856914519716,-5.729678738945635,-3.487722478661335,-1.255899490128308
1856914519733,-5.442054710774199,-2.981976988402622,-1.4916229143713018
1856914519750,-5.611563906377634,-2.757956128552794,-1.2138337617411576
1856914519766,-5.448966410272106,-3.0793792889817024,-1.3536699585616037
1856914519783,-5.8001059271318995,-3.124653035094727,-1.2535711850859725
1856914519800,-5.6400701170460525,-3.47389016119335,-1.205986438231287
1856914519816,-5.647737986255034,-3.3431317688077438,-1.3218283689844843
1856914519833,-5.373640860338926,-3.6223012724126993,-1.5242400639992295
1856914519850,-5.177877817227561,-3.652340305759584,-1.6521721532570899
1856914519866,-5.435485523112246,-3.3266049108345994,-1.4172425067874894
1856914519883,-5.301420198922613,-2.962176514409118,-1.4469825915243548
1856914519900,-5.5306057195489995,-2.97071718379268,-1.1390651480353071
1856914519916,-5.57029079024416,-3.2872038876272933,-1.42855724804082
1856914519933,-5.266676997012473,-3.1695985664874904,-2.1422831783872125
1856914519950,-5.114075423242674,-3.4491314119487817,-2.2977781027163986
1856914519966,-4.9267859992312895,-3.390934919582723,-2.0146766671185743
1856914519983,-5.215847693062557,-3.447060818844819,-2.07742476153126
1856914520000,-5.438037791538945,-3.313857233797739,-1.996059977581847
1856914520016,-5.831435460171837,-2.9471642339225945,-1.6540084243399313
1856914520033,-5.6815251648462635,-3.910533243586432,-1.6408407324585104
1856914520050,-5.782070366425978,-3.797646526329479,-1.1966400952595768
1856914520066,-6.070694030076373,-3.575987770339385,-1.0448630764625868
1856914520083,-6.130614142058576,-3.6808216880653752,-1.0571230416963686
1856914520100,-5.8490261434108195,-3.65837749989372,-1.0605051436500454
1856914520116,-5.938996012752628,-3.5802304097913793,-1.1112190858052668
1856914520133,-5.999175677558821,-3.375745222750675,-0.5873864775373842
1856914520150,-5.976631586509676,-3.8534348088069597,-0.6725373131486969
1856914520166,-6.0853632687210535,-4.196780318426008,-0.741335894642352
1856914520183,-6.073573053671545,-4.403842220376577,-0.8305691442654659
1856914520200,-6.140337795315962,-4.14610959239064,-1.0140667723039496
1856914520216,-5.892473847151125,-4.338508387335018,-0.9003676742129519
1856914520233,-5.658415583623363,-4.306346202338593,-1.172301147254858
1856914520250,-5.7704903806265655,-4.226148551220108,-1.0409979542268686
1856914520266,-6.003600133557976,-4.632083995955972,-0.7553450353995965
1856914520283,-6.5226015092853515,-4.705693613184818,-1.0960640900328202
1856914520300,-6.62186757049931,-4.8128066096326085,-0.997233803312029
1856914520316,-6.273419921541835,-4.449028258384071,-0.5699106503193303
1856914520333,-6.292670794075797,-3.9280797297644092,-0.7485687498620056
1856914520350,-6.332406654616829,-3.9452222673642487,-0.6470242951250179
1856914520366,-6.41338969138619,-3.920324919582546,-0.7242340820029748
1856914520383,-6.127404091269737,-3.6310829266749636,-0.6726162851942767
1856914520400,-6.263188411125036,-3.442739154871465,-0.5148619935206773
1856914520416,-6.052115692266303,-3.770028367506131,-0.7148323378857293
1856914520433,-5.6751306328736195,-4.127583627785484,-0.23558259007558346
1856914520450,-5.450079921630957,-4.307598166060624,0.23107943962658095
1856914520466,-5.634658996436165,-4.563366604805962,-0.037157689750831224
1856914520483,-5.645525660707729,-4.599551262998986,-0.09104457010361267
1856914520500,-5.722490753194564,-4.837096470909419,-0.023975674751498754
1856914520516,-5.819810320276315,-5.105840737830165,0.018213455863865358
1856914520533,-5.758590790816928,-5.587191899407316,-0.3907129374933742
1856914520550,-5.979294873900015,-5.318859280720701,-0.0795896545250252
1856914520566,-6.011472565150888,-5.098679329460063,-0.06568397232863155
1856914520583,-6.464568141155407,-4.6725641392368455,-0.247826738029163
1856914520600,-6.57871471587407,-4.7424228158898,-0.10772136587239656
1856914520616,-6.206668713659954,-4.271653074078852,0.03716128976605826
1856914520633,-6.521546775572474,-4.340653214826995,-0.026036209734725313
1856914520650,-6.3951294820092555,-4.692808435578043,-0.3632158657434901
1856914520666,-6.12622360088306,-3.7881880499710388,-0.6456655020015325
1856914520683,-6.118937130883709,-3.5405197376417927,-0.4540252357054029
1856914520700,-6.0318394211643405,-2.5009520693236453,-0.8660235953963668
1856914520716,-5.919675737144144,-2.127759200169626,-1.2352029032538892
1856914520733,-5.771091465757557,-1.9464526546231147,-1.4921660499345013
1856914520750,-5.671879537763865,-1.8602907260276407,-1.51450891654583
1856914520766,-5.341828041687182,-1.7402589533914083,-1.3701012749295707
1856914520783,-4.860845146710012,-1.7364241696257476,-1.2824834917220755
1856914520800,-4.627987539811162,-1.8455712751194655,-0.970973969104881
1856914520816,-4.683123062475616,-1.9953354789291629,-1.3617517289490448
1856914520833,-4.667796619808316,-1.9704570487205686,-1.2012397455683967
1856914520850,-4.5474205205294576,-1.827466301738852,-0.7533176246069511
1856914520866,-4.39571025177316,-1.9169560998879298,-1.1083693916685498
1856914520883,-4.5959173135609115,-1.7727190515554572,-1.269637800139134
1856914520900,-4.247272975794316,-1.102156248284789,-1.384910671985164
1856914520916,-4.772694465968289,-1.847280984365053,-1.436804655683405
1856914520933,-5.13095671590662,-1.6675665286077033,-1.1532880998386799
1856914520950,-5.246148535338647,-2.1732907540277395,-1.2854684400460052
1856914520966,-5.063453600674228,-2.020038574623638,-1.343083729994651
1856914520983,-5.003476492685053,-1.2426104860345202,-1.6889514614790813
1856914521000,-4.93746893924334,-1.4397436172438525,-1.6023213216959757
1856914521016,-4.687080488083062,-1.1502167620795936,-1.4467681295844697
1856914521033,-4.761808348536165,-1.2552271890297018,-1.4325080132878956
1856914521050,-4.7492949595330405,-1.218565363610601,-1.3949079435260459
1856914521066,-4.655346059836813,-0.9011968563314214,-1.3043338283269987
1856914521083,-4.588770136894828,-0.8328899983822229,-1.435885831087946
1856914521100,-4.210519234486376,-0.9285114881492174,-1.3103137773031883
1856914521116,-4.35660289444425,-1.0652385627088448,-1.233828690693201
1856914521133,-4.299718116486825,-0.7425601011448792,-0.8327563524976723
1856914521150,-4.414597173187561,-1.0050598488191023,-1.1115831513717962
1856914521166,-4.58859255787823,-0.8300886303560997,-1.4364038688872691
1856914521183,-4.419545881656667,-0.7530094778497975,-1.1996448934137462
1856914521200,-4.64726102892237,-0.5944903232723497,-1.1116780080876958
1856914521216,-4.83482299335717,-0.15827537784067136,-0.9532181128271559
1856914521233,-4.879840885123819,0.16917745712611154,-0.6667927027450347
1856914521250,-4.9526544219445405,0.06633481590703205,-0.5664376967880452
1856914521266,-5.415192297243959,0.5852727733072749,-0.8063179363796414
1856914521283,-5.450450791189413,0.19051057254235904,-1.2104955294539779
1856914521300,-5.194017570721411,-0.05572696889237516,-1.4061028827731052
1856914521316,-5.240861970219612,0.11337932216685775,-0.9583553975972245
1856914521333,-5.204898983668602,-0.024451598012080744,-0.9877014392009671
1856914521350,-5.235547412239069,-0.14448495777415093,-1.295814601697717
1856914521366,-5.081874540442977,-0.09508395672279679,-1.021311391628817
1856914521383,-5.0214115850405925,0.14011512036463003,-1.1737045369737897
1856914521400,-4.804501550066818,0.2297503534020917,-1.4191461789222029
1856914521416,-5.0478366246094755,-0.64932097577171,-1.0250692735348095
1856914521433,-4.879132915669026,-1.1996863256460388,-1.1007265825856303
1856914521450,-4.327813979376655,-1.4830548963506427,-1.0703714289965898
1856914521466,-4.50065105515878,-1.406626674916664,-1.1657291279149136
1856914521483,-4.809265587178489,-2.0236404250929425,-0.9720745316366093
1856914521500,-4.896623329705763,-2.222406109894772,-1.0887381504226148
1856914521516,-5.0158319852239694,-2.444228430446039,-1.0981259473807186
1856914521533,-5.0560341643183735,-2.6117941224357795,-0.9041673105389199
1856914521550,-5.061881278347711,-2.6799328998648377,-0.9716788051306209
1856914521566,-5.095325211624952,-2.589222838889352,-0.5699774313597064
1856914521583,-5.071121689812296,-2.9238339790096455,-0.7380185695087755
1856914521600,-5.329105687301913,-2.737169881705716,-0.8314623749490448
1856914521616,-4.886862170606197,-2.424803334116829,-0.8851135187578288
1856914521633,-4.6950043681511024,-2.884496914848621,-1.1021309063768028
1856914521650,-4.8926591810581925,-3.3093455965001586,-1.3240831194640337
1856914521666,-4.855265453398788,-3.560433727199398,-1.6872314821682508
1856914521683,-4.493481396815829,-3.616728122893195,-1.9719342628435796
1856914521700,-4.5104568407367855,-3.9693845726652337,-2.2102167342288643
1856914521716,-4.673220297534094,-4.645393305719857,-2.1413047725785703
1856914521733,-5.120630488861386,-5.139004756526212,-1.9391469505402543
1856914521750,-5.084020794619999,-5.7759810686589015,-1.8531001129096374
1856914521766,-5.027886703373877,-5.462286950561212,-1.5659452662793905
1856914521783,-4.969372799231106,-6.2027107287916134,-1.4692512405950366
1856914521800,-5.1922865773171525,-6.193861015616537,-1.8511799538749754
1856914521816,-5.176119675217624,-6.165611202653104,-1.8558512849165287
1856914521833,-4.98877395254847,-6.565789518281633,-1.4481774162088215
1856914521850,-5.180844376426173,-6.19952193686995,-1.4533638228036465
1856914521866,-4.995428646671114,-6.210566473005128,-1.4597491097909372
1856914521883,-4.895211588067917,-6.3480831446022625,-1.4868627278470905
1856914521900,-4.559060482279353,-6.400118494987473,-1.7869834244186722
1856914521916,-4.565262449414488,-6.645885449959239,-1.4682922139750416
1856914521933,-4.945265113506851,-6.818305235727652,-1.4313545310253948
1856914521950,-5.130561358470912,-7.048182335461082,-1.115709058350169
1856914521966,-5.072447739697862,-5.961812750046734,-1.312843328229537
1856914521983,-5.182498562932141,-6.161860045548848,-1.094771191050768
1856914522000,-5.134265633354121,-5.844030708885647,-0.9174387534751718
1856914522016,-4.865617709215657,-5.159043598999642,-1.2157138014546331
1856914522033,-4.702205271710374,-4.91957525695263,-1.4023649233990052
1856914522050,-4.909037764383602,-4.82031307515699,-1.5168205004980433
1856914522066,-4.86626923792868,-4.773088172551474,-1.3257629357019638
1856914522083,-4.7872075017970666,-4.122369169054856,-1.015086234923785
1856914522100,-4.8284569455095,-3.819035582283936,-1.0031803062425975
1856914522116,-5.412253194498618,-2.9326880816087915,-1.4248802203148971
1856914522133,-5.852025075615638,-2.959862944473302,-1.4292965032729268
1856914522150,-6.044765824491112,-2.9337910458765926,-1.5320802840379286
1856914522166,-6.099375609356888,-3.0898302783645075,-1.551798939328769
1856914522183,-5.841323751224014,-3.118634634318068,-1.7080130794881756
1856914522200,-5.725596871551195,-2.9176417613104966,-1.3846993227739919
1856914522216,-5.9248919048797655,-2.517856719157042,-0.9827343180271176
1856914522233,-6.104349136057495,-2.9495331244872136,-1.488862567373815
1856914522250,-6.005591401277291,-3.050828344410835,-1.3022700773843296
1856914522266,-6.068528135811027,-2.8627029834456956,-1.5261404793221207
1856914522283,-5.6612005173153035,-3.164273614144411,-1.4837019819638386
1856914522300,-5.2587388034914895,-3.3229593536806843,-1.4533051947726119
1856914522316,-5.123349023456782,-2.9284732737785064,-1.4977902832742807
1856914522333,-5.097314345620627,-2.813621072161683,-1.13879840988902
1856914522350,-5.4629483650958095,-3.2513582337826255,-1.1804675844264372
1856914522366,-5.201368931260433,-2.813681726062393,-1.194422544950823
1856914522383,-5.198881514824655,-3.0586980809734143,-1.4016797972993096
1856914522400,-5.3603630296287825,-3.89091288369501,-1.7568090727818158
1856914522416,-4.827862165259668,-3.9119718175146176,-1.9351744511684452
1856914522433,-5.073761387820162,-4.736430627906531,-2.3586035420394826
1856914522450,-5.248504226796127,-4.059368248420119,-2.4640336149945994
1856914522466,-5.29580593544744,-4.822332093104051,-2.3192665224559703
1856914522483,-5.364714731056649,-4.294923442144477,-2.140614437173632
1856914522500,-5.533092288211692,-4.8854028953659165,-1.9844319345011745
1856914522516,-5.6327474779436955,-4.938750684826482,-1.8868326627042042
1856914522533,-5.431898440686961,-5.158577736529077,-1.7011038042650202
1856914522550,-4.9791693260254535,-5.377635833427618,-2.001773778249138
1856914522566,-4.583761768186557,-5.022125312238943,-1.8307405649009354
1856914522583,-4.492192798564609,-4.784149742345769,-1.6597958653777614
1856914522600,-4.512274001578955,-4.349440024082178,-1.961105723830833
1856914522616,-4.057969740721035,-4.640272059800017,-1.4995736454637534
1856914522633,-4.508421894662295,-5.241057131794352,-1.6438217515962674
1856914522650,-4.426481040536788,-4.810754023064194,-1.2851298060342604
1856914522666,-4.139921996682323,-4.604638531749871,-1.0509743545389232
1856914522683,-3.7787566249887536,-4.576498942112694,-0.867317148763845
1856914522700,-3.5887733440450296,-4.1771216406330405,-0.9590223225933182
1856914522716,-3.46246718456518,-3.511370022071114,-0.4689379840339889
1856914522733,-2.947652766863928,-3.4301764392793905,-0.7512821007428274
1856914522750,-2.9058382819225894,-2.6986459160460656,-1.1635762427523804
1856914522766,-3.1318974936767097,-2.881095311164,-1.1514123072311286
1856914522783,-3.0761430574086766,-2.1074052250519673,-1.4378261648481803
1856914522800,-3.1752012670973295,-2.5466829804884097,-1.62910055034764
1856914522816,-3.452064893139125,-1.99684105846132,-1.7468799901275616
1856914522833,-3.412089733293336,-1.7476512908653188,-1.5274408078174022
1856914522850,-3.444986896970603,-2.2671500118597265,-1.8600011276780763
1856914522866,-3.508747815074599,-2.309270116162014,-2.0080712674897265
1856914522883,-3.494742005929318,-2.2522452947021314,-2.1021636295848287
1856914522900,-3.294890392762361,-2.7795472202042864,-2.1397825997254802
1856914522916,-3.2923268165207014,-2.4230233779048778,-2.5549960162789445
1856914522933,-3.694452442437241,-2.5869000096085215,-2.6608262267490774
1856914522950,-3.751914327292349,-2.432724846011035,-2.4723379448183795
1856914522966,-3.587943430156343,-2.0505582030916623,-2.3179403544707204
1856914522983,-3.6689105318307362,-2.4566131352532725,-2.64571051504746
1856914523000,-3.548806401952768,-2.8222999529535153,-2.5598548838703707
1856914523016,-3.6158685503509798,-3.035739613874557,-2.6467838627253686
1856914523033,-3.758289402130357,-3.10977818544159,-2.6591170237202792
1856914523050,-3.672450162650931,-2.7397960367425087,-2.4518183684429893
1856914523066,-3.2849665838731665,-2.6739663476855484,-2.684736411019982
1856914523083,-3.383974612593253,-2.0419962720634928,-2.3230148678352687
1856914523100,-3.1439295210022746,-1.6981128732158233,-2.0953867549795664
1856914523116,-3.21401791333888,-1.8690558931782597,-2.1868278284837186
1856914523133,-3.5309872730877174,-1.4755070189657875,-2.1430431575888487
1856914523150,-2.996476817820735,-1.0681396615256515,-1.5305409508938042
1856914523166,-3.313572279306781,-1.387827811472957,-1.2895404091744587
1856914523183,-3.0404184904706897,-1.826840521805825,-1.395766897782512
1856914523200,-2.905207838362501,-2.8534255718940926,-1.3164500017243472
1856914523216,-2.6159162268998006,-2.7482353081405773,-1.345239233111525
1856914523233,-2.962147483470077,-2.4325350464564055,-1.6282887245035693
1856914523250,-3.136227634493665,-2.3131341614211713,-1.6620174664258682
1856914523266,-3.3797043007913237,-2.6769273257653956,-1.7600052802875796
1856914523283,-3.1374537109802487,-2.2888167299875795,-1.584722868191849
1856914523300,-2.955196153459805,-2.274120639512712,-1.2965815807964924
1856914523316,-2.8571664407637583,-2.5459835254562653,-1.218687696676907
1856914523333,-2.6078725020690525,-2.396157435431544,-1.2581119121875983
1856914523350,-2.0385945160850922,-2.1950810598834067,-1.3534142062989316
1856914523366,-2.3468271345642173,-2.6570502832921004,-1.5048662902715664
1856914523383,-2.324983087570275,-2.94640738424914,-1.360947133656531
1856914523400,-2.4390754794784244,-3.023342845103447,-1.0777054588751698
1856914523416,-2.6135886564095876,-2.48475538420329,-0.842899736147859
1856914523433,-2.575474605802961,-3.053299801459176,-0.9451379026119373
1856914523450,-2.2105125947085407,-2.5345478687696352,-0.6619316064126208
1856914523466,-1.9930632252901348,-2.44348576500936,-0.5651083988914903
1856914523483,-2.011438441514644,-3.112608597330429,-0.44106795039089963
1856914523500,-1.7936353608231426,-2.7608610378636222,-0.6035911958412163
1856914523516,-1.4897068729384864,-2.765245567798858,-0.8783635936840296
1856914523533,-1.656243803216706,-3.136026214518846,-1.375567093664333
1856914523550,-1.801745529313,-3.508646534711346,-1.2073941511146578
1856914523566,-2.02202530187342,-3.7603421952012632,-1.6317495974068124
1856914523583,-1.5562821356721743,-3.9670059445247046,-1.4088887048877448
1856914523600,-1.7557373752837817,-3.9985126926927363,-1.318369238020135
1856914523616,-1.9440651597430438,-3.1118682032402236,-0.8041063395770631
1856914523633,-1.7398948053726224,-3.425160792080771,-0.7888646194551765
1856914523650,-2.031841456932457,-3.021380924986511,-0.8024598618687401
1856914523666,-1.8981509039025268,-3.194423628640332,-1.1752966166531134
1856914523683,-2.122515469449457,-3.2664340884124483,-1.298551524366197
1856914523700,-1.921754720077197,-2.9919291078229193,-1.1552086238270975
1856914523716,-2.2306149474154093,-3.0829707509697193,-1.2297071323978146
1856914523733,-2.0460520420433017,-3.363451477997347,-1.2658309758272148
1856914523750,-1.6848867535599612,-3.3024519597969433,-1.2951928475895411
1856914523766,-1.4985200813788881,-3.511021638538636,-1.2148997912666994
1856914523783,-1.2053951847890763,-3.739729604158944,-1.2109351376893387
1856914523800,-1.0065492585649412,-4.137807950595165,-1.5946760913347566
1856914523816,-1.0133158065434582,-4.183045539264306,-1.8026014083433628
1856914523833,-1.7237215970764073,-4.710732211001419,-1.844905966112167
1856914523850,-1.7250538215089026,-4.917694752337651,-1.5178688029425653
1856914523866,-1.4728554406231793,-4.891834801178953,-1.7330044946343066
1856914523883,-1.8248670758370675,-4.756963132446062,-1.635100720693183
1856914523900,-1.8673431911233682,-5.15676728414922,-1.59542194593292
1856914523916,-1.9165078061472482,-5.321544458008185,-1.2506927332357378
1856914523933,-2.0990647413509387,-5.298575552469304,-0.9719653908807319
1856914523950,-2.28732701439205,-5.1853955788876895,-0.6094525797924908
1856914523966,-2.2152634067534898,-5.4841760219082705,-0.29725976541243004
1856914523983,-2.3143743763722378,-5.391549747224054,-0.41934272388757043
1856914524000,-2.207512053959394,-5.199960756119022,-0.1811365495303201
1856914524016,-2.025276668228375,-5.0873987129092315,-0.24276658943835638
1856914524033,-2.1246917050712826,-4.947255846428815,-0.5891470480096208
1856914524050,-1.9769470553984618,-4.876309606004143,-0.8018882564385514
1856914524066,-2.032571305822662,-4.231397324768137,-1.0272182188573153
1856914524083,-1.9917029442245449,-4.148061929854124,-0.7767598272428642
1856914524100,-1.7325014400473333,-4.318952107433272,-0.562999307765059
1856914524116,-1.8842423033783198,-4.084741889505391,-0.35938684947186594
1856914524133,-1.780362012616092,-4.203785127290583,-0.45559621110228954
1856914524150,-1.4390711006086567,-3.930149143947061,-0.8898064677213401
1856914524166,-1.5184792623673733,-4.4605253957960596,-0.4926111820255684
1856914524183,-1.3583915024095483,-4.352849684225774,0.14284963285714825
1856914524200,-1.0911921775878373,-4.153557494273045,-0.19785557300151324
1856914524216,-1.1879121805899917,-4.240734622447963,-0.00915400780905884
1856914524233,-0.9079873846897195,-4.501578333156187,0.06365504802223887
1856914524250,-1.0990498593002411,-4.356006310878964,-0.30468208207675396
1856914524266,-1.1163193794627149,-5.069352624657517,-0.2199460700321132
1856914524283,-1.4948986548920935,-5.568026934289294,-0.09340711805881341
1856914524300,-1.4902828181079202,-5.840902669752381,0.06297886469662117
1856914524316,-1.9355092159493101,-5.723604645719868,-0.2259919727319919
1856914524333,-1.5248841090256802,-6.073377944773897,-0.4968239055899042
1856914524350,-1.4038779897796618,-6.4877132293787865,-0.7486946904270886
1856914524366,-1.1219601085959496,-6.604109552871657,-1.0585513071646926
1856914524383,-1.5418936488595705,-6.406586056887038,-1.2327020481237696
1856914524400,-1.461437515979449,-6.5456570749702445,-1.229088884366412
1856914524416,-1.2145744629667878,-6.3964207284336965,-1.304518752055081
1856914524433,-1.5200029672346442,-6.165571536514129,-1.7753042955298948
1856914524450,-1.2506602083172704,-6.53550801811442,-1.5416778854668618
1856914524466,-1.2884052819961003,-6.2987288581059575,-1.4534982194400148
1856914524483,-1.1562350540545299,-6.35673596606043,-1.385697155815797
1856914524500,-1.0780396452089276,-5.694743691645501,-1.1764279595738922
1856914524516,-0.9943541311998443,-5.78983670705877,-0.6807540629973452
1856914524533,-1.357304496708137,-6.593508364588399,-0.8490930487205527
1856914524550,-1.795406860939888,-6.2523111154667745,-0.9025210697889808
1856914524566,-1.7681768438890342,-6.2762534352689645,-0.7143727407472698
1856914524583,-2.07790794745742,-5.551072768297079,-0.7138816034927955
1856914524600,-2.3061721702882747,-5.438173755454598,-1.1023915200257084
1856914524616,-2.1836036815840685,-4.925983539124625,-0.7815313052595388
1856914524633,-2.1708911856460835,-4.651948335678186,-1.293227304123452
1856914524650,-2.1624007186651073,-4.884960086332249,-1.2515189251832717
1856914524666,-2.358984619692738,-4.281083604803847,-0.9862984323387601
1856914524683,-2.442776681242289,-5.203022834861649,-0.6925318602835285
1856914524700,-2.3090234973543757,-5.341635268702591,-0.8404546299935941
1856914524716,-2.3964443975015532,-4.689651782507131,-1.0865897224002141
1856914524733,-2.8402261390436125,-4.58134921790911,-0.8852877187959036
1856914524750,-3.0706446423595617,-4.16853813239278,-0.7874388001500187
1856914524766,-3.10168829580907,-4.326789559193648,-0.6474818615023898
1856914524783,-3.166057439249807,-4.274206892698011,-0.2820429421451194
1856914524800,-3.322660338881159,-4.499195742804346,-0.4379379887562749
1856914524816,-3.5665426301697094,-4.716839483843167,-0.6765003234351268
1856914524833,-3.7659616500423185,-4.975224367850678,-1.084195703488162
1856914524850,-3.4828132556249196,-5.178046297205203,-1.0137836997116751
1856914524866,-3.4590740673878515,-6.307747045891655,-0.8145649363942146
1856914524883,-3.376588068247761,-6.320829176521881,-1.1802451643736307
1856914524900,-3.6230469736825883,-6.115239862117439,-0.9422524935743907
1856914524916,-3.59170004048985,-6.262239696009781,-1.0835725940103287
1856914524933,-3.324613969130335,-5.623620493502459,-0.8164042116923491
1856914524950,-3.661816191654668,-5.658341661050277,-0.7145610162179503
1856914524966,-3.6902848278594016,-5.819056796867699,-0.8351971875076196
1856914524983,-3.7056860164035266,-5.744382332762614,-0.7268148590750266
1856914525000,-3.685004803975616,-5.518663041301932,-1.0726701668425245
1856914525016,-3.9035088352501583,-5.59230910731634,-0.7151296515247685
1856914525033,-4.099855783906839,-5.997407281514058,-0.5361294176995176
1856914525050,-4.078322005059152,-5.872291981737852,-0.9628830437426776
1856914525066,-4.383090114865919,-5.656830179318395,-1.0390005241337459
1856914525083,-4.230683635659706,-5.58407199804159,-1.4504132657248383
1856914525100,-4.866179964179181,-5.779697466454493,-1.618532352518901
1856914525116,-4.431480909778534,-5.839637422515487,-1.703139435796949
1856914525133,-4.269815551675802,-5.452529756315156,-1.244551272379525
1856914525150,-3.9319102787006703,-5.453432340879848,-1.3221432667999418
1856914525166,-4.17554455672903,-5.050308100561774,-1.4666458574915282
1856914525183,-3.986516285593038,-4.648619340572483,-1.546933717706409
1856914525200,-3.7760146034251236,-4.175866557679338,-1.3430048311997638
1856914525216,-4.1555527599095825,-3.9954219402618287,-1.6386790166565954
1856914525233,-4.190793574206544,-4.47571774975761,-1.7651429982839975
1856914525250,-4.062762237324797,-4.2084691450777045,-1.4760623435723537
1856914525266,-4.348882792570416,-4.716318259363412,-1.7628337235385185
1856914525283,-4.198184141555816,-4.554671754503119,-1.586558745154141
1856914525300,-4.354493111139857,-4.666850573487263,-1.514480313999711
1856914525316,-4.476685080363751,-5.04721515677612,-1.6700825925969878
1856914525333,-4.46816836247315,-4.822783038618066,-1.5697187092574585
1856914525350,-4.350817565413029,-5.139616065788599,-1.4273925475241103
1856914525366,-4.092230848596915,-5.226995106126877,-1.6427171264045028
1856914525383,-4.066839135945734,-5.29496250091754,-1.448482727771316
1856914525400,-3.927688189238428,-5.643179635829861,-1.4521437267370203
1856914525416,-3.4574650712968413,-5.265119452436187,-1.5633545103824729
1856914525433,-3.7814256865639724,-5.6735781941696315,-1.8955274113434226
1856914525450,-3.4907915305840698,-6.019883526517912,-1.9342436643208893
1856914525466,-3.798022763860084,-6.494535948199913,-2.118733505856627
1856914525483,-4.403642064972935,-6.488273187096825,-1.8564390410417588
1856914525500,-4.797749414135553,-6.941967546938936,-2.017895626451454
1856914525516,-4.7481538235955005,-6.320210420845514,-2.0718374137380784
1856914525533,-4.861622337663413,-6.366176780285278,-2.3446509302340903
1856914525550,-5.003183598877882,-6.488689767265039,-2.4358023472440937
1856914525566,-5.042513131753389,-6.534458760048102,-2.5452071760671284
1856914525583,-4.8531936258120405,-5.901241960536684,-2.6943610744648723
1856914525600,-4.6491241371808325,-5.591460605095612,-2.540611195606297
1856914525616,-4.3303739693388055,-5.294597285877463,-2.20804794404773
1856914525633,-4.617282819193383,-5.228044009483012,-2.4881191238813147
1856914525650,-4.67987411313968,-5.818220992172395,-2.5401125564000875
1856914525666,-4.756869073681063,-5.742665660720249,-2.7154671590655193
1856914525683,-4.5959374838131914,-6.172384120578144,-2.9554529731316386
1856914525700,-4.510940250850683,-6.236975167280154,-2.477135703637051
1856914525716,-4.613657510106859,-6.103166883698533,-2.1417619237614107
1856914525733,-5.005770828420036,-6.105849407413323,-2.425168858527378
1856914525750,-5.243608267011703,-5.631112916029479,-2.1066055826879198
1856914525766,-5.532876213614682,-5.899015367260673,-2.160041559483919
1856914525783,-5.17056181840776,-5.848393744329824,-2.321422289702188
1856914525800,-5.260358073454266,-6.183452483342263,-2.6000817682011457
1856914525816,-5.458773535470594,-6.27459308576005,-2.9507634798267315
1856914525833,-5.600160178347967,-6.457231979074423,-3.05172829208759
1856914525850,-5.688559472392094,-6.942927726430831,-3.36092446213449
1856914525866,-5.052820833699351,-6.856015922434771,-3.317270498486042
1856914525883,-5.097246262951659,-6.24809384461921,-3.0966410980833547
1856914525900,-5.017203402744448,-6.739020330459436,-3.397263955244557
1856914525916,-5.059562618544889,-7.216648036477742,-3.426922658223905
1856914525933,-5.001040109939425,-7.416574419877601,-3.7437752301212344
1856914525950,-5.182556638249941,-7.566514557702744,-3.9086794419039594
1856914525966,-5.128765924767695,-7.257637069593331,-4.091130989131221
1856914525983,-5.488143959609027,-7.290543913282256,-4.057781767335582
1856914526000,-5.345142265877767,-7.349657274401489,-3.6678418672869197
1856914526016,-5.011291147172637,-7.517504401048559,-3.507400670317836
1856914526033,-5.00133286366385,-7.628088281275842,-3.4391141850506424
1856914526050,-4.9509794391197035,-8.359877856507403,-3.2687014883889836
1856914526066,-5.010684647043664,-8.110182678403747,-3.087869475972089
1856914526083,-5.137808711338275,-7.972384859413722,-2.782163721419075
1856914526100,-4.983037967180209,-8.179360538056557,-2.412659374904502
1856914526116,-4.941570698976917,-7.9171089875025125,-2.111068402755837
1856914526133,-4.827939795745963,-7.771888323372426,-2.259584749100088
1856914526150,-4.898918860837287,-8.479697945161892,-2.0175234789493794
1856914526166,-4.947041759549701,-8.744121331626523,-2.0412434219456963
1856914526183,-5.2546306423108655,-8.61405140653564,-2.2922321588306858
1856914526200,-4.837744294119594,-8.681309434132142,-2.8008867836933575
1856914526216,-5.185980841801837,-8.367501928349904,-2.5625211691429026
1856914526233,-5.263505643694911,-8.451058909843475,-2.242028906130706
1856914526250,-5.40925659520231,-7.83484411710557,-2.748676839840429
1856914526266,-5.528924876814575,-8.264026680227609,-3.2785527291445304
1856914526283,-5.691526210458527,-7.652526330321887,-3.478784602047418
1856914526300,-5.760764386871931,-8.007601094771193,-2.874181982644331
1856914526316,-5.605853842763584,-8.501600456861443,-3.0836091027362977
1856914526333,-5.352285030938241,-9.210205658343629,-3.04374131665765
1856914526350,-5.6675683053927814,-9.064039274442315,-3.20717398455653
1856914526366,-5.727154344975803,-8.960466600848353,-2.492662124615303
1856914526383,-5.854499088766684,-9.7307944969135,-2.5757596792484487
1856914526400,-6.057302171075153,-9.523635801358786,-2.5454459555233804
1856914526416,-5.990665562697832,-9.46280616351846,-2.180584126481085
1856914526433,-6.050134356169264,-9.637635651464358,-2.6235610910961342
1856914526450,-6.168093716421238,-9.38264820956159,-2.372663866349739
1856914526466,-6.180850987451217,-9.527495320472086,-2.9460215416153055
1856914526483,-6.020863015122891,-9.981935439816281,-2.465261590536308
1856914526500,-6.385568962246943,-9.842581934040922,-2.4300204300552393
1856914526516,-6.228231163053702,-9.205193892335535,-2.4654037602221406
1856914526533,-6.235976320687952,-9.18879086431851,-2.3693016067084494
1856914526550,-6.25001880061318,-9.199323679731156,-2.731704722467567
1856914526566,-6.121760381483993,-9.993211298006058,-2.5170931296179155
1856914526583,-5.869551035475835,-9.657516455230365,-2.2992834774197184
1856914526600,-6.264112737873025,-10.07375043008863,-1.900007263817852
1856914526616,-5.898415120656175,-9.961528534076118,-1.780710343928897
1856914526633,-5.9833831443644705,-10.602555220628457,-1.8434893231213698
1856914526650,-5.7999655802510555,-10.131030689243058,-1.6218230464707943
1856914526666,-5.659597521108466,-9.968248290479519,-1.362842007235153
1856914526683,-5.3562731616827275,-10.016433102153204,-0.8292743477912092
1856914526700,-5.8032475195958275,-11.014329832078381,-1.100977464169018
1856914526716,-5.945353363740665,-10.864617720839295,-1.0082135548790692
1856914526733,-5.863707334283295,-11.17252534106179,-0.7707041498042279
1856914526750,-5.968925913090251,-11.077963977868599,-0.4930204754503855
1856914526766,-5.6646516578301505,-11.07618685564187,-0.6694094269102819
1856914526783,-5.535051271493077,-9.99747082222902,-0.8318176205187711
1856914526800,-5.287546070537193,-9.801996971426739,-0.5549685202728905
1856914526816,-5.106824190413356,-9.993836613672674,-0.5267126963588978
1856914526833,-5.070950599219304,-10.631684860258318,-0.5774774200455045
1856914526850,-5.037552944370307,-10.974088813309297,-0.8740647463635273
1856914526866,-5.080657703508125,-11.282087232887886,-1.166026093350012
1856914526883,-5.0061551320859135,-11.37718080737238,-1.4563688758268631
1856914526900,-4.8691084209756035,-10.938690958305632,-1.2176944525175513
1856914526916,-4.596194883871328,-9.95619423552413,-1.067849026767668
1856914526933,-4.604095329639682,-10.63160538222016,-0.7858425415915463
1856914526950,-4.893328053824228,-10.150424290276279,-1.0018225261040095
1856914526966,-4.8649333283053515,-10.239986010818615,-0.712801946668235
1856914526983,-4.964999501409755,-10.283982194758469,-0.5038813016170974
1856914527000,-5.370691345308822,-10.02983857393018,-0.7261356060796718
1856914527016,-5.415150366652895,-9.950956441354224,-0.46389226362197067
1856914527033,-5.761514878290003,-10.47153450503542,-0.5076614379039884
1856914527050,-6.182067863263087,-10.14196428496103,-0.6783985210806761
1856914527066,-5.901390541959934,-9.956413640600617,-0.9537681136750348
1856914527083,-6.063482029843559,-9.585473405221842,-0.9082239275757472
1856914527100,-5.919592206904772,-10.060455407747327,-1.1109762735069209
1856914527116,-5.283831002870879,-10.35932751913256,-1.336861346082393
1856914527133,-5.4952833176303635,-9.938089029539292,-1.0528212162966804
1856914527150,-5.261700909795406,-9.618436879575132,-1.0588793218005537
1856914527166,-5.351762062578873,-9.937115275423995,-1.1126305600785482
1856914527183,-5.108972131720241,-10.713465046038824,-0.9924052092424863
1856914527200,-5.156572556857699,-10.824199795502132,-1.0516686113565827
1856914527216,-5.123876790558569,-10.69243265290525,-0.9652930987688392
1856914527233,-4.958734690497203,-10.095082223488568,-1.5804799713514888
1856914527250,-4.841038157766965,-9.129106495787735,-1.5874820814832076
1856914527266,-4.801093285575265,-9.045101748623553,-1.8554867860003976
1856914527283,-4.496836395829092,-8.910457917665662,-1.612355857970357
1856914527300,-4.807674778306781,-8.331784461577655,-1.090179859531775
1856914527316,-4.716949874642932,-8.237425867590481,-1.385821123802458
1856914527333,-4.623773108775667,-8.069707060027223,-1.0800040651174936
1856914527350,-5.042824602938823,-8.112281568548283,-0.898983050289748
1856914527366,-4.842281977247764,-7.800763012040458,-0.8669346560161837
1856914527383,-4.448073954047872,-7.344822412394505,-1.02995973325689
1856914527400,-4.363304408130427,-7.101442763788576,-1.0439378410420979
1856914527416,-4.268672695764516,-7.06207262042229,-0.8243936522720624
1856914527433,-4.007474267822667,-6.9587319507567384,-0.8154265177828711
1856914527450,-4.007167061812765,-7.352280285071144,-0.781942234347126
1856914527466,-3.961921916098539,-7.232877928384904,-0.8400427971623896
1856914527483,-3.630606040900514,-7.988664188478347,-0.46788956022372274
1856914527500,-3.616686050497959,-7.743708003839617,-0.21070012706923658
1856914527516,-3.651719632777902,-7.669025433087956,-0.3648566782375189
1856914527533,-3.624403938398672,-7.435437880589256,0.2637763592873785
1856914527550,-3.687200977498228,-8.124412968470976,0.1493072416174419
1856914527566,-3.7797571921274935,-8.074748655434954,0.3150280120472333
1856914527583,-4.228122053984987,-8.647319597840664,-0.03881786679501431
1856914527600,-4.704795053926353,-8.394750672905541,-0.515156690910543
1856914527616,-4.489721839733606,-7.848459047855023,-0.6183685192906027
1856914527633,-4.049814268587302,-8.26276128751985,-0.4327289679651838
1856914527650,-3.8887610021176764,-8.092570448110747,-0.18793828207199237
1856914527666,-3.8608771408015192,-8.2241340223682,0.07587621041933157
1856914527683,-3.398997593062804,-7.9825351298386895,0.07901541544359492
1856914527700,-3.2139765627473746,-8.046943463225352,-0.1021701500280281
1856914527716,-3.347143475062878,-8.000835912170313,0.12018987860196151
1856914527733,-3.5549840924555074,-7.919155450111466,0.49377136541952016
1856914527750,-3.7587654556506527,-7.4524055103437,0.3398035516642015
1856914527766,-4.1965657816039865,-6.919013308658419,0.2163721054819816
1856914527783,-4.362446486364425,-7.134968321527371,0.21211140246354798
1856914527800,-4.6475223732035715,-6.897033701717032,0.07439009036567268
1856914527816,-5.01301124459541,-7.724269214750876,0.24287531828107944
1856914527833,-5.319506552177415,-8.314885763325316,0.5938840755995609
1856914527850,-5.216053497537628,-8.16869062339054,0.42509513428033197
1856914527866,-4.675305513484601,-8.429394981663556,0.47991689845657626
1856914527883,-4.806412983819623,-8.766336931650999,-0.050588678426764844
1856914527900,-5.070286332751693,-8.688009385398665,-0.38441610124702974
1856914527916,-4.736540200884947,-8.662360797672157,0.01444625763891172
1856914527933,-4.986560063211636,-8.591332673079307,-0.42075119614931733
1856914527950,-4.529068413129822,-8.762925670239365,-0.22051188904295715
1856914527966,-4.590703412956126,-8.503533375010136,-0.40482332003315946
1856914527983,-4.385403570360685,-8.317813656363777,-0.10048831599940633
1856914528000,-4.221094068180998,-8.25159606269194,0.1212208743503369
1856914528016,-3.9091348055081596,-8.112319102965698,-0.005519466991501076
1856914528033,-3.9106884963258635,-7.747148089047107,-0.2062213956787542
1856914528050,-3.8242751885169723,-7.4236177343851795,-0.015935545201674506
1856914528066,-3.757434807370119,-7.504650256168461,-0.06437502570586018
1856914528083,-3.8417868898777234,-7.835826584886196,-0.053183923760272256
1856914528100,-3.7879974847245963,-7.402875031294755,0.3113215982392983
1856914528116,-3.6067941858555246,-7.535543710465699,-0.0001246961351035747
1856914528133,-3.6514874082740807,-7.784091423039023,0.2296270296591445
1856914528150,-3.181866173821544,-7.700930106659676,0.6709389197152618
1856914528166,-3.109021486697804,-8.020683795036296,0.808697657261868
1856914528183,-3.2221976319279433,-7.797620699392181,0.9654508880571808
1856914528200,-3.038221945095491,-7.51450873997853,0.2881453731067294
1856914528216,-2.9269555496269994,-7.412773215093812,0.2107138935987125
1856914528233,-2.9999084611488893,-6.784542189761277,0.6526886670064309
1856914528250,-3.0991457324228193,-6.501294271959297,0.17236739975159798
1856914528266,-3.1403165210892183,-6.281887633478784,-0.3105943914158835
1856914528283,-3.0903890734974966,-6.659638097499235,-0.334213601525591
1856914528300,-3.0993166025284005,-6.672204942052517,-0.3131848862374318
1856914528316,-3.1400328033086833,-7.352769345880209,-0.27468260630735886
1856914528333,-3.119029344018854,-7.317979695113824,-0.45474696186930563
1856914528350,-3.0181957140564286,-7.423816427540373,-0.07021803177615382
1856914528366,-3.0734930342034286,-7.285549295651362,-0.2906474101066219
1856914528383,-2.823429310925149,-6.9333559787364205,-0.4079579398007176
1856914528400,-3.0901707706184673,-7.1075655243589955,-0.034738650157306816
1856914528416,-3.4789319167879196,-7.248119154913564,-0.03345740231333916
1856914528433,-3.358229962301408,-6.912171026710335,0.2128954535454406
1856914528450,-3.2437390036450555,-6.883445103895331,0.23637741175027394
1856914528466,-2.879631643926963,-6.847707775029987,0.8144665090235819
1856914528483,-2.5605502109349203,-7.0421077216814245,0.52490147044516
1856914528500,-2.51404513229405,-7.132308815843247,0.3635609212928992
1856914528516,-3.0991889073345034,-7.583978354560692,0.19772571823071172
1856914528533,-2.8942633514565532,-6.806421114229278,0.1699424831738301
1856914528550,-2.8475885240750105,-6.805970468385416,0.020326506533353772
1856914528566,-2.834306080991514,-6.629350288176356,0.23444289228216597
1856914528583,-2.8996664172639868,-6.980735033858974,0.4394073960534084
1856914528600,-3.13770730086937,-7.035914634472261,0.2414424342768975
1856914528616,-3.1160565247109595,-6.816289039520462,-0.20370369782702058
1856914528633,-2.937326852806578,-7.103359094369204,0.08987678035088997
1856914528650,-2.8253631805416366,-6.5454749780635755,0.05503451804758264
1856914528666,-2.09194833290234,-6.848957621439954,0.18883965957804172
1856914528683,-2.009716145553405,-7.108111037185335,0.31143816124220436
1856914528700,-1.6665438688607468,-7.008016602203719,-0.07743716416530622
1856914528716,-1.8398289586871188,-7.0436913526685005,-0.3387454387602813
1856914528733,-1.5985059109995499,-7.38594930977054,-0.7481946535763756
1856914528750,-1.4194131200517153,-7.400492555755214,-0.5401950457571794
1856914528766,-1.3712165634109805,-7.529996914917677,-0.42403445866461675
1856914528783,-1.6816736342416787,-7.801839247841656,-0.585402875058695
1856914528800,-1.568914071735168,-7.620357083719354,-0.27137065528851334
1856914528816,-1.7605534357521115,-7.504578156299284,-0.2808453300699463
1856914528833,-2.1170525662454636,-7.677323242981523,-0.5469330651807689
1856914528850,-2.221619348689826,-7.126043313597547,-1.066680942230018
1856914528866,-1.980873654488251,-6.955261179991193,-1.0388745033948088
1856914528883,-1.8500151730826362,-6.985655205800645,-1.0853901582375722
1856914528900,-2.1186913327039307,-7.123331320251626,-1.1248732905533767
1856914528916,-1.9923161650175398,-7.662105523350433,-1.2885146962638245
1856914528933,-1.936405373062661,-7.267556131651103,-0.8517386974597863
1856914528950,-1.865907178184047,-7.441741045677319,-0.7206460226930472
1856914528966,-1.9142693474492756,-7.371396952309588,-0.6951686441665408
1856914528983,-2.3610652443258617,-8.233612466959595,-0.6559145861830228
1856914529000,-2.578754090824278,-8.371720476445411,-1.0557023155505678
1856914529016,-2.681443741241131,-8.575617593878437,-1.2904408104755611
1856914529033,-2.4402018804705796,-7.671275777406926,-0.9517550973977614
1856914529050,-2.2950741869417217,-7.8635849182001625,-1.0240031286249893
1856914529066,-2.3652780142911025,-7.564625980514192,-0.9021705041711074
1856914529083,-2.354387571193869,-7.722596938464799,-0.7809669613299489
1856914529100,-2.1154431420147515,-7.6394851349987025,-0.9215918377666341
1856914529116,-2.253347829979347,-7.906554857572111,-1.1069658771586108
1856914529133,-2.194581144755727,-8.180741704014496,-1.190703163719495
1856914529150,-2.009426614745262,-7.901459320782435,-0.9077869076482817
1856914529166,-2.122148658760051,-7.587547429615826,-1.1984816351007965
1856914529183,-2.0079659261258733,-7.0224555994679,-1.2009479302749297
1856914529200,-2.2278213646115024,-7.35688362741462,-1.0463364619987319
1856914529216,-2.4206674351795927,-7.293074576554037,-1.2182112487086145
1856914529233,-2.4206463105150373,-7.231507348567825,-1.337328212648581
1856914529250,-2.624816027515048,-7.463840272350137,-1.0940445926411932
1856914529266,-2.713652695496776,-8.403849970834203,-1.3040290694385326
1856914529283,-2.3787272580915895,-8.36669610085443,-0.8253452284776949
1856914529300,-2.529863727353554,-8.551289682976059,-0.883346798083547
1856914529316,-1.955394429259969,-8.099206702017494,-1.0280773418546407
1856914529333,-2.332913796395213,-7.808289292628036,-0.35705909624223975
1856914529350,-2.1066235394593753,-7.531443298704377,-0.5122413841016055
1856914529366,-2.3161787065086474,-7.322548376321825,-0.6888226279634254
1856914529383,-2.0007065163347506,-7.418220319729375,-0.8536692130480708
1856914529400,-1.742172028056196,-7.490289228740331,-1.0727020533215004
1856914529416,-1.7178845998460512,-7.796695976195021,-0.8720603954294951
1856914529433,-2.213354471383903,-7.487204640485089,-0.4410453279112261
1856914529450,-2.1538128516028507,-7.54306213156104,-0.4794724122352565
1856914529466,-2.436556357794927,-8.371669977733207,-0.6774643355591925
1856914529483,-2.5730621545569345,-8.61039793360054,-0.9770457529173626
1856914529500,-2.7007622620109255,-8.643498799804583,-1.0682649068178436
1856914529516,-2.7447421837419292,-8.275679706186747,-0.8937853347053734
1856914529533,-2.608748969554627,-8.094570379885022,-1.1986647552177043
1856914529550,-2.260317200236767,-8.01317197876071,-1.0000097436742292
1856914529566,-2.4283942612988274,-8.369256723385039,-0.6303661516956421
1856914529583,-2.49177750670383,-8.550323027094432,-0.5044016552985513
1856914529600,-1.9444948157295738,-8.647266623484583,-0.6953604397041676
1856914529616,-2.240390797994154,-8.378168762409683,-0.8407915590889167
1856914529633,-2.477561939897729,-8.664766714615622,-0.8023023029249488
1856914529650,-3.149803404880048,-8.191457116942328,-0.2965292518412881
1856914529666,-3.4376634000713144,-8.152850388742067,-0.26373369136124136
1856914529683,-3.325595983328128,-8.178731892865372,-0.742972487476071
1856914529700,-3.8127120982011737,-8.631906802077237,-0.7816693475720062
1856914529716,-4.022616308929202,-8.989982124361358,-0.9879052424486879
1856914529733,-3.6533115872001005,-9.331085983999534,-0.7741815811802076
1856914529750,-4.098416095651034,-9.803284786694602,-0.9040268483114088
1856914529766,-3.6959184782881493,-9.290953748268374,-1.1520550006218062
1856914529783,-3.3793624744228445,-8.773501753159039,-1.131434403563316
1856914529800,-3.461381444133058,-8.981544673007297,-1.5927218933339697
1856914529816,-3.7480858823916785,-9.026856726402352,-1.5562377697863754
1856914529833,-3.851462214779909,-9.098682575540114,-1.4786467228497924
1856914529850,-3.6921825316838923,-9.057149387641083,-1.3309801978726847
1856914529866,-3.5456081980536087,-9.118092221880957,-1.4384345793571423
1856914529883,-3.4107573362210077,-8.633149391734026,-1.3514548474959014
1856914529900,-3.3671471653084355,-8.738826772604849,-1.51584048315031
1856914529916,-3.572599855436146,-8.92771278249468,-1.6460734711241782
1856914529933,-3.601566741738905,-9.354636314072009,-1.4417213105368172
1856914529950,-3.088679891225424,-8.886964165805791,-1.3998105290508804
1856914529966,-3.0701680680387535,-8.146646482154301,-1.4017959648587675
1856914529983,-2.7767463593690387,-7.71444675739873,-1.5558184348948643
1856914530000,-2.798036602364186,-7.316150062658967,-1.4053741095714878
1856914530016,-2.4433192383615467,-7.315988095299527,-1.232823170351555
1856914530033,-2.960236787500516,-6.956077462434949,-1.561590397946048
1856914530050,-3.0509761622654485,-6.955112513599449,-1.2728487161630528
1856914530066,-2.693670564803721,-6.921797880897632,-1.6494669197806344
1856914530083,-2.627090809382182,-6.932422202753474,-1.5771530644297358
1856914530100,-2.63665640360284,-6.758089664551892,-1.3174079627855937
1856914530116,-2.2700837368491213,-6.362329549482636,-1.3059879885848968
1856914530133,-2.3843048138548872,-6.304529338699046,-1.0545025200881613
1856914530150,-2.3086030413253265,-6.5294529413819555,-1.0545007736358278
1856914530166,-2.0666211539882244,-7.520457713240144,-0.8898946630079222
1856914530183,-2.1010944079510736,-7.815868741012277,-1.062317990039869
1856914530200,-2.1818247507214985,-8.566617675935174,-1.173484341593419
1856914530216,-1.930034004113491,-8.212956911937408,-0.8033613601357305
1856914530233,-1.8329939352708111,-8.67770058391651,-0.9223963670254484
1856914530250,-1.6739070573114265,-8.466552839646821,-1.2061871923641667
1856914530266,-1.6428182576383192,-8.017598239209025,-1.066658293959624
1856914530283,-1.7018696709693542,-8.157789293249932,-1.1647449206334375
1856914530300,-1.5159403744973612,-7.835225961557686,-0.7999327193069231
1856914530316,-1.7894591721370783,-7.038955410360893,-0.8166200014120814
1856914530333,-1.632455967656234,-6.976306041522907,-0.7040426768737027
1856914530350,-1.8065082703365172,-7.015093333741054,-0.4573612512793077
1856914530366,-1.8177238988098865,-6.501354369852156,-0.3936810170334013
1856914530383,-1.9444930587242792,-6.949952262707312,-0.06632456491245109
1856914530400,-1.9353608051459381,-6.642982550752382,-0.3332816441546289
1856914530416,-1.7943024790828077,-5.677982004643355,-0.3203973087832077
1856914530433,-1.923421796233722,-5.419710647633139,-0.5758827732396044
1856914530450,-2.170170780138616,-5.061172714988329,-0.8265352055610637
1856914530466,-1.9172413383631017,-4.886911388643193,-1.0936145987495736
1856914530483,-2.0656881893376635,-4.762116348802293,-1.1884439231342672
1856914530500,-2.403002804243832,-4.99023101084976,-1.0168380640267336
1856914530516,-2.380121211295488,-5.39095298018731,-1.1264613099639844
1856914530533,-2.1418767167250445,-5.588550672375117,-1.3466725246624422
1856914530550,-2.2148452931144105,-5.46490612133707,-1.1837320179581003
1856914530566,-1.8519609554757972,-5.4775532526513775,-1.4446581579193196
1856914530583,-1.6584329616045586,-6.1843668991470055,-1.5038342061885317
1856914530600,-1.8372024294604272,-6.216315570302723,-1.8953366709552624
1856914530616,-1.6066577128347679,-5.967369776065072,-2.201046376874865
1856914530633,-1.7115756166988243,-6.235563551955936,-1.9758637592378054
1856914530650,-1.944144896824528,-6.738794239548457,-1.8202929634534872
1856914530666,-2.120094548956517,-6.458857533575597,-1.9163865866657182
1856914530683,-2.1722345131351517,-6.790502317214795,-1.890335795880683
1856914530700,-2.6668527524663768,-6.760295951418218,-1.952908769579321
1856914530716,-3.1524586666134846,-6.932226432242908,-1.8281302980386616
1856914530733,-2.8855735589166693,-6.815041331539517,-1.8774846462451205
1856914530750,-2.8131042482679454,-6.884802841375308,-1.6437411057889717
1856914530766,-2.6886119828271493,-6.410493551888878,-1.7502675680830642
1856914530783,-2.899627064580054,-6.391955095977342,-1.742888798175375
1856914530800,-2.962770536808127,-6.061821654473229,-2.17269500979872
1856914530816,-3.274841493862957,-5.9422585135171495,-2.0049337586893623
1856914530833,-3.321014768315025,-5.612464889424959,-1.4790955838145823
1856914530850,-3.5160444100629276,-6.323733690314494,-1.5443410377606281
1856914530866,-3.8049589379241744,-5.809853138752184,-1.465518759764189
1856914530883,-3.459618576390166,-6.715813542411363,-1.0193867208392922
1856914530900,-3.9246321931380574,-7.010837822186755,-1.0589057254878305
1856914530916,-4.431937440697995,-7.006334580347262,-1.5423611008241576
1856914530933,-4.211345663039408,-6.583760821212884,-1.5735715237453556
1856914530950,-4.223118426877976,-6.22625240473637,-1.5765724795893257
1856914530966,-4.192253966440969,-6.314455578029599,-1.8343790057166416
1856914530983,-3.7676250491060452,-6.060220728863532,-2.034755039955423
1856914531000,-3.6369368193931595,-5.306353177720376,-1.9958734859897107
1856914531016,-3.7259393018864735,-5.227040334450779,-1.681960167400418
1856914531033,-3.7188771664807696,-5.264339404480808,-1.7616586004045396
1856914531050,-3.531161461313788,-4.956761837795903,-1.8279428910237445
1856914531066,-3.85982132837628,-4.7037676127669155,-1.5878704458961994
1856914531083,-3.758311882956514,-4.644350876091839,-1.335240548539871
1856914531100,-4.050215467460336,-4.7968482478175005,-1.2908388857230073
1856914531116,-3.9980308923099024,-4.568961080976056,-1.161174331398556
1856914531133,-3.8578297672238193,-4.258467393210964,-0.943364292883701
1856914531150,-4.266297798104927,-4.571249385337887,-0.4788871925153275
1856914531166,-4.275059955543098,-4.643879119163242,-0.20802538698228257
1856914531183,-4.430098169884575,-4.7566685384303495,-0.5423758249137627
1856914531200,-4.642979399096788,-4.88602605308742,-0.9287429219538959
1856914531216,-4.523315480823859,-4.814013873690359,-1.4039399847065257
1856914531233,-4.370798810363815,-4.641173761413944,-1.0235606419320833
1856914531250,-4.706145056111614,-4.078274119716436,-1.0568306162844112
1856914531266,-4.983445080696322,-4.308616677792423,-1.1998738836546157
1856914531283,-5.096562298849269,-4.291191763827274,-1.3582830485859518
1856914531300,-5.056997339966181,-5.028956918588436,-1.2773864136398136
1856914531316,-4.879961213216186,-4.17204449129814,-1.330658894884356
1856914531333,-4.547282491743143,-4.123223883119781,-1.5789922729647092
1856914531350,-4.76882824686135,-3.9734840661447524,-1.2751970082958897
1856914531366,-4.812679302844313,-4.122244644436898,-1.0929878309765624
1856914531383,-4.784249869952379,-3.9675059230067258,-1.465887523966561
1856914531400,-5.231518260096138,-4.271908195881419,-1.778111975452429
1856914531416,-5.105604454834435,-4.541184615104448,-2.4013437718988833
1856914531433,-5.239546154754599,-4.447430052023217,-2.620054964207723
1856914531450,-5.216512162133425,-4.715524017854202,-2.9313418778759717
1856914531466,-4.932448932895664,-4.763989268421824,-2.7270185209523796
1856914531483,-4.868716524040322,-5.170380302955661,-2.1891545890536106
1856914531500,-5.45072629426153,-4.773745921825535,-2.452741551564147
1856914531516,-5.338290532504173,-5.674842848013297,-2.3655933210392974
1856914531533,-5.410760698911837,-5.264075551786309,-2.539342162683032
1856914531550,-5.136385535465849,-5.394491796397648,-2.3523340299190685
1856914531566,-5.250895037374983,-5.2660611763607434,-2.3567591143925015
1856914531583,-5.47225081160301,-5.368964567765502,-1.9841036520208055
1856914531600,-5.149910276916684,-5.312261351750875,-1.630004764077624
1856914531616,-5.254400944541303,-5.308288643763934,-1.7112552627318016
1856914531633,-5.207040858682758,-5.693251921581854,-1.9581037494879947
1856914531650,-5.362692117103347,-5.7772749986568686,-1.8868403236298308
1856914531666,-5.58125453892206,-6.097071121582611,-1.7248587992047164
1856914531683,-5.434723179176643,-5.992168873918251,-1.505887113834248
1856914531700,-5.922086409747123,-6.4409378552918355,-1.6010458407093968
1856914531716,-6.1167037925058505,-6.063534341250234,-1.669382354109649
1856914531733,-6.418843764473549,-6.533071002827571,-1.2776414283811777
1856914531750,-6.32575152245194,-6.220529549914302,-1.2090591523338643
1856914531766,-6.470721099362596,-6.189789561733788,-1.1803274471585739
1856914531783,-6.2738887246044275,-6.045122700668282,-1.0254373906273222
1856914531800,-6.371562833923408,-6.252065693729209,-0.9101859351074977
1856914531816,-6.594519756729138,-6.3690000073323665,-1.3162620925369948
1856914531833,-6.4337428698085155,-6.8486402011100305,-1.6038974750594224
1856914531850,-6.248522660467996,-6.683594847513321,-1.7108365459802841
1856914531866,-5.845498547359023,-6.1837383759655955,-2.153600944626787
1856914531883,-6.508066801926148,-6.627330540508718,-1.9848678093635514
1856914531900,-6.619993601482549,-6.494437089578539,-1.7360664779466217
1856914531916,-6.842210673583546,-6.698130099753339,-2.0962360548335797
1856914531933,-6.86202276497364,-6.928928825926199,-1.9245130458044972
1856914531950,-6.9695299312513965,-7.077619361967694,-1.667566038969725
1856914531966,-6.848041886245501,-7.2365251814608165,-1.7277727973741714
1856914531983,-7.079904523492475,-7.041598928161758,-1.9389259606601363
1856914532000,-7.161546263307804,-6.830165299641311,-1.8151077197707064
1856914532016,-7.296500523899158,-6.875016474461276,-1.6636432438453863
1856914532033,-7.521765233424169,-6.614467278382158,-1.3886796707893405
1856914532050,-7.489037551984541,-6.314234235495988,-1.6257844628826414
1856914532066,-7.270884398822582,-5.779985415084728,-1.6366056263171547
1856914532083,-7.407120347299102,-5.4812472618854,-1.2035737387008185
1856914532100,-7.586165380367454,-5.3090447208881475,-1.3171908121479183
1856914532116,-7.738638445243242,-5.389792129362008,-1.1504551145479347
1856914532133,-7.893056386262414,-5.0677686826579125,-0.9966262671874349
1856914532150,-7.99755420556775,-4.852192962655968,-0.8378352565542121
1856914532166,-8.082017417193565,-4.992497308337901,-1.4030646571495817
1856914532183,-7.991825298828038,-4.793808611517737,-1.8308458201438047
1856914532200,-7.996364742783235,-4.884929627492427,-1.512004187528228
1856914532216,-8.111648728803507,-4.999968777851919,-1.389097457454268
1856914532233,-7.886028002213179,-5.355586478883719,-1.9430908878214008
1856914532250,-7.326767841513986,-4.8108881299582125,-2.314462729750996
1856914532266,-6.885165687925758,-4.699194708350907,-2.7606548905271078
1856914532283,-6.998102568574698,-4.631220979773313,-2.869013961462902
1856914532300,-6.873898443026798,-4.622554280789458,-2.8678177936405973
1856914532316,-7.423638097111361,-4.373784522055074,-2.9540535398759915
1856914532333,-7.4422763269077645,-4.574479927190456,-2.6189894013757185
1856914532350,-7.541062098775707,-4.983136065499843,-2.6019554547967445
1856914532366,-7.432828209645063,-5.0287918998356975,-2.2328264773504043
1856914532383,-7.481781848955784,-5.708624452613017,-1.904978904951587
1856914532400,-7.788446389438522,-5.625271916452369,-1.8558841644693034
1856914532416,-8.016772803991437,-5.9184807405026865,-2.1012857880180382
1856914532433,-7.889585007001051,-5.819466196633141,-1.8229897739966625
1856914532450,-8.043198789273124,-6.1521554578768365,-2.1118131990737896
1856914532466,-8.350914211379449,-6.819507637003255,-1.5011377761160705
1856914532483,-8.55875576313927,-6.818140342257141,-1.2753421838651013
1856914532500,-8.58055069029584,-6.763646834552638,-1.3245169859991428
1856914532516,-8.649802979744564,-6.602642100398504,-1.562682126809008
1856914532533,-8.806207347026868,-6.32797073960193,-1.09301308617519
1856914532550,-8.5981048233188,-6.183060213353485,-1.108621239171924
1856914532566,-8.90665343967136,-6.591098257987051,-0.9507928617137273
1856914532583,-9.109459129544128,-7.127398683168814,-1.1231496954191482
1856914532600,-9.201755797515457,-7.593300397313052,-1.2138310851023029
1856914532616,-9.318302262047764,-7.73138835179921,-1.0984757833155925
1856914532633,-9.697381469152656,-8.109835313188366,-0.8946844819498174
1856914532650,-9.787466792783835,-8.03907511712746,-0.7814451986247627
1856914532666,-9.637067419863637,-8.174819486989023,-0.47243146799282254
1856914532683,-9.405131248015008,-7.924967754063988,-0.629131722641574
1856914532700,-9.249733927963653,-7.406216195657975,-0.4751836707827026
1856914532716,-9.218275445335786,-7.700869721302862,-0.7359527996062529
1856914532733,-9.244996288552851,-7.579988836694197,-0.8837703470419145
1856914532750,-9.2113263023989,-7.473826711950186,-0.7224193200568965
1856914532766,-9.248667319266485,-7.537317567763387,-0.40883852421579814
1856914532783,-9.414887115081115,-7.690134855344304,-0.2789954051204373
1856914532800,-9.515112733393487,-8.084736347325155,0.013014993317624901
1856914532816,-9.303901742112277,-8.140432431786488,0.28763319269813037
1856914532833,-9.593772961874949,-8.059816882186185,0.37099770505008256
1856914532850,-9.437354814540129,-8.239351548534081,0.387353616374041
1856914532866,-9.661973008880992,-8.362933290777292,0.4367316276294315
1856914532883,-9.860066128443354,-8.853252743976256,0.3432323554615031
1856914532900,-9.566096305653165,-9.44609078695615,0.1428244636391025
1856914532916,-9.32902758052861,-9.7566567338678,-0.09176651316745232
1856914532933,-8.892415035249535,-10.116666333720438,-0.13624430109277252
1856914532950,-8.58317663822929,-9.86090919253365,-0.5922299159696871
1856914532966,-8.527827782656802,-10.150616694073545,-0.4319259453959259
1856914532983,-8.44483442537871,-10.452798587395613,-0.4539262943206168
1856914533000,-8.465608742312035,-10.81094773672422,-0.7015773734618854
1856914533016,-8.776474154959235,-11.400857724162258,-0.7096969909038887
1856914533033,-9.087001248378108,-11.88908875810936,-0.9130243559363949
1856914533050,-8.758038307514209,-11.687643486589748,-0.2827097157843592
1856914533066,-8.822774029719948,-11.355998432556538,-0.5726081505393116
1856914533083,-8.670056349164696,-11.362790737042936,-0.3995447025052392
1856914533100,-9.001285057985791,-11.736651468695982,-0.45806201959942894
1856914533116,-8.70917713633373,-10.831862176739442,-0.202055225575007
1856914533133,-8.635366554711945,-10.726163121456953,-0.22281745173894008
1856914533150,-9.04840505180635,-10.550774209941052,-0.3958938274999728
1856914533166,-9.053086082985114,-10.83777032919517,-0.23839893141502944
1856914533183,-8.512905724201719,-10.232096497337558,-0.4466547157476646
1856914533200,-8.738065491022825,-9.931875268929062,-0.6263463063873452
1856914533216,-8.925826970878006,-10.063377309317193,-0.2735491367641951
1856914533233,-9.4653829571026,-8.950089315916635,-0.4840505041472989
1856914533250,-9.383765859735762,-9.169442892047876,-0.10934304069940182
1856914533266,-9.408537744154893,-8.450034997325506,-0.14078781831025222
1856914533283,-9.6273472635114,-9.387116311622634,-0.07396577994399878
1856914533300,-9.629970950326134,-8.404141780126631,0.18840009552800852
1856914533316,-9.55641587024501,-8.264437358321032,0.7693271396192878
1856914533333,-9.769064475438006,-8.22010490011844,0.6478474590174668
1856914533350,-9.623630424641817,-7.97025227278099,0.5125724982534825
1856914533366,-9.34567628286877,-8.482197451574496,0.4616303901629586
1856914533383,-9.54054118133222,-8.266448783866645,0.7196743917657149
1856914533400,-9.522462038049742,-9.110489665443485,0.6943532922788864
1856914533416,-9.419896184994078,-9.05930821062395,1.0872797291795497
1856914533433,-9.067480638432013,-8.420538775943939,0.7746602208855786
1856914533450,-8.85365442991944,-8.069053219345092,0.9247935008255133
1856914533466,-8.68261359106217,-7.69807595453066,1.2740805715432892
1856914533483,-8.643850751234526,-7.688070731951057,1.071330233070483
1856914533500,-8.185572747716959,-8.113734831568935,0.8482487244681427
1856914533516,-8.083454999055016,-8.289206251852585,0.8399167249374466
1856914533533,-8.195959271692097,-8.391111847928721,1.1456844132640858
1856914533550,-8.140250126076413,-8.226898263970849,1.4634673128600308
1856914533566,-8.289193362000036,-8.084709058790782,1.5807405590495778
1856914533583,-8.490846318517168,-7.739411364467099,2.072906485058628
1856914533600,-8.79573026675785,-7.397242466719163,1.9698337059344628
1856914533616,-8.91870359030293,-7.269444184575729,1.9505228011839035
1856914533633,-8.714758388660396,-7.34910487360495,2.3010330973550284
1856914533650,-8.705481452043548,-7.532326744333605,2.1163774512628146
1856914533666,-8.338997682034178,-7.967407365858903,2.1137298597457765
1856914533683,-7.940259307482959,-7.853481984318162,2.05128876005194
1856914533700,-8.040158365829077,-7.4904169267554135,2.621114069772413
1856914533716,-8.06001100229796,-7.025841430577426,2.470979626835569
1856914533733,-8.067515893085893,-6.947904748820324,2.2744215635891294
1856914533750,-8.24005401563109,-6.9201191671441755,2.123477876631207
1856914533766,-8.131018508004079,-6.69758779115399,2.4243847831610106
1856914533783,-8.27021370515606,-6.573613213226275,2.6287970521234802
1856914533800,-8.35978610966622,-6.95690557462873,2.8808721583046966
1856914533816,-8.726602102686076,-7.202888013730011,2.7605690557260782
1856914533833,-8.617982154000801,-7.349616619147815,2.974128872284834
1856914533850,-8.73888121767067,-7.51468111225687,3.1558357486342734
1856914533866,-8.411496071464883,-7.46783359925994,2.7826464872354997
1856914533883,-8.346149619316634,-7.20980221966558,2.663318701079887
1856914533900,-8.061980589897075,-6.903155830699884,2.702421037988743
1856914533916,-8.121255764117999,-7.90225011512093,2.3412204896625837
1856914533933,-7.917562210474662,-7.919346974901567,2.425786286545423
1856914533950,-7.9338138332213255,-7.909864709266607,2.7055174106036475
1856914533966,-8.161573199833635,-7.778707746275688,2.7841172230849462
1856914533983,-8.249433865684663,-7.784599257122977,2.8199074302698772
1856914534000,-8.23890257343902,-8.117925545379514,2.429138655786689
1856914534016,-8.376262342750072,-7.671561616485106,2.1573712926847044
1856914534033,-8.491594488529719,-7.297370410468744,1.8975017263153298
1856914534050,-8.937125624383363,-8.378813873868987,1.3621408847056125
1856914534066,-9.056888724374883,-8.724885885985678,1.4977247725265705
1856914534083,-9.199177387442003,-8.97065012744379,1.284901109655265
1856914534100,-9.100152360427453,-9.10024315006725,1.4088036645899722
1856914534116,-9.293298612923609,-8.804121491349385,1.3756655280209573
1856914534133,-9.254984390819114,-8.867577344764038,1.2657293546744852
1856914534150,-9.14257106213925,-8.683389056794374,1.2345162964772611
1856914534166,-9.193107180050498,-9.242761113827024,1.2013247158957774
1856914534183,-9.081832919814893,-8.80178271913362,1.217851503301135
1856914534200,-9.296551839442326,-8.94831643581165,0.9799013741172011
1856914534216,-9.33112967889552,-9.131288329386312,0.5948936801730071
1856914534233,-9.265722022380483,-9.037849139100166,0.6058669136028141
1856914534250,-9.29469433633238,-8.720514565287365,0.7532355016649026
1856914534266,-9.265426017289425,-8.93682872118958,0.43197535805368226
1856914534283,-9.553869930472814,-8.463244637061104,0.5228016278147161
1856914534300,-9.700778399998155,-8.550531981121038,0.3177727418764009
1856914534316,-9.584827804258868,-8.495234676317251,0.4338259328595364
1856914534333,-9.606413912822948,-8.61162820412519,0.47589463415735245
1856914534350,-9.949006208942123,-8.470320486041922,0.19756965643734414
1856914534366,-10.060995120810158,-8.44096936616228,-0.20577035581792447
1856914534383,-9.89754806864413,-9.037894313609424,-0.28132527280601427
1856914534400,-9.718765446974594,-8.94992369061537,-0.3260529735318767
1856914534416,-9.458550527994241,-8.75302841635005,-0.6506021596958734
1856914534433,-9.320120149849139,-9.46354993865096,-0.2939370312983458
1856914534450,-9.571652551881431,-9.47975742007481,-0.4455440034192677
1856914534466,-9.643541483042075,-9.919322504034067,-0.21671387044025558
1856914534483,-9.269507831203953,-9.509460965482798,-0.49350800637216696
1856914534500,-9.276153190673337,-9.99131898824258,-0.3032018382743713
1856914534516,-9.374054893157725,-10.003543364930316,-0.20481229783361776
1856914534533,-9.372489925187455,-9.446667060484565,-0.08858736122666278
1856914534550,-9.456449892071927,-9.074744750455812,-0.35352934378938783
1856914534566,-9.42291292701211,-9.740069692991778,-0.19487075005206345
1856914534583,-9.43489346253794,-9.972521484288967,-0.14939286647130445
1856914534600,-9.168624645039017,-10.574880429751872,-0.050797193590515155
1856914534616,-9.342958442390259,-10.234324308108363,0.19089188339269958
1856914534633,-9.542500405843288,-9.931674008365832,-0.02674255078969945
1856914534650,-9.61620288555293,-9.894385809280369,-0.03636619646144368
1856914534666,-9.851047834509377,-10.211907075430448,-0.2799815845199527
1856914534683,-9.976713331843689,-10.515712319184964,-0.2878228133088052
1856914534700,-10.14546398546349,-10.290636467323813,-0.2536061726129639
1856914534716,-10.254179671157614,-9.94749485301396,0.060558585794902475
1856914534733,-10.111293463751228,-9.910805008312495,0.08893101801189296
1856914534750,-10.325670441368485,-10.483600046803677,0.13619807609843337
1856914534766,-10.736703249700858,-10.111248745056121,0.11409780916837797
1856914534783,-10.653268406620668,-10.203342930386896,-0.0161295515191473
1856914534800,-10.203903553137522,-9.993853125428885,0.20572525844816525
1856914534816,-10.133173850466116,-10.206430902709688,0.23062019587557003
1856914534833,-9.948105040204231,-10.273571566886432,0.22310651781196622
1856914534850,-9.785216611638553,-10.382536096360017,0.1119885321768399
1856914534866,-9.676684739053986,-10.155784046682909,0.02274834893751443
1856914534883,-9.816116174716425,-10.49368093120274,-0.12348891429111997
1856914534900,-9.259768485176064,-10.524014125052293,-0.12428825239752306
1856914534916,-9.523755820620893,-10.255160978595711,-0.08815031397572826
1856914534933,-9.847598061782387,-10.600047226854647,0.07724705318378278
1856914534950,-10.027827687522615,-10.317824140560464,-0.18720511291508535
1856914534966,-10.090630527115092,-10.971898364794258,-0.03681228655544366
1856914534983,-10.089855133838206,-11.075195588521701,-0.13382838418089604
1856914535000,-10.169162164957859,-11.229500089281876,-0.23089812027514434
1856914535016,-10.034782379640713,-11.39239987397696,0.2759354481934788
1856914535033,-10.268394836185957,-11.010209189898521,0.41986642568217447
1856914535050,-10.58032577362844,-11.730868659342583,0.34997856399889415
1856914535066,-10.713314677310983,-11.150123942501828,0.46488508677421914
1856914535083,-10.485716505983419,-11.645021839294927,0.41826480895990414
1856914535100,-10.500774102944412,-11.064530024218298,0.5239186791108619
1856914535116,-10.358926235527083,-10.878928770923773,0.3827539965773279
1856914535133,-10.16578370146045,-11.267230411105341,0.3368843542874458
1856914535150,-10.511599481607906,-11.21214829329167,0.1615372631231511
1856914535166,-10.290472924002875,-10.897573315366873,0.32335304337331805
1856914535183,-10.164236402775881,-10.526975332385007,0.4237030418542176
1856914535200,-9.826191823305859,-10.688620275919796,0.2192774478204298
1856914535216,-10.150213853203022,-10.171816841104668,0.1780963497086847
1856914535233,-9.931263846582983,-11.07929621925803,-0.36139387012008517
1856914535250,-9.936317153750231,-10.985412584346186,-0.07533507319704724
1856914535266,-10.03462821089618,-11.08184129980409,-0.25973537699788096
1856914535283,-10.448116749924903,-10.7640109086365,-0.37550184227208816
1856914535300,-10.426342415315911,-10.355851452916779,-0.3487861067715867
1856914535316,-10.2786810080522,-10.754627526449013,-0.41936944692335354
1856914535333,-10.317540391864041,-11.221942488125086,-1.2001260687927124
1856914535350,-10.059487109081921,-11.132331201268554,-0.9095931475210127
1856914535366,-10.110298927330927,-11.004682664592718,-0.4980772510150494
1856914535383,-9.914796405146792,-11.264755149499244,-0.5001463476640079
1856914535400,-9.332562281831995,-10.834185528060953,-0.5631233328980949
1856914535416,-8.999832543047466,-10.537083758144142,-0.44248290683593594
1856914535433,-8.832077437361107,-10.963630368120462,-0.646555576506522
1856914535450,-9.127832491155289,-11.625712601842938,-1.0606067804321506
1856914535466,-8.824567860669518,-11.938160833292496,-0.869165875475834
1856914535483,-8.57998492405295,-11.711840317468585,-0.4092650775629827
1856914535500,-8.604842942188705,-11.67958689940098,-0.24641480183047548
1856914535516,-8.528965546529566,-11.152692705797431,-0.4606081038164327
1856914535533,-8.680291090363834,-11.588123248019723,-0.3578260158675455
1856914535550,-8.526203798307153,-11.468298465560128,-0.4565864278480971
1856914535566,-8.518928889990152,-11.28101167362003,-0.17877935958910784
1856914535583,-8.651853122169763,-10.839287989695364,-0.3527978375632468
1856914535600,-8.732576692607786,-10.34631835956919,0.12123656471755284
1856914535616,-9.01774335376532,-10.39083022285659,0.25792814743475634
1856914535633,-9.044170664826956,-10.479998792114708,0.1652271941495087
1856914535650,-8.771410604359026,-10.108756588330063,0.32432385893995197
1856914535666,-8.852834508329318,-10.64081848787783,0.11761032480273026
1856914535683,-8.485254283801067,-10.46156478312254,0.4734621003852295
1856914535700,-8.378822738883516,-9.56455001144501,0.7454426170998389
1856914535716,-8.084194445523526,-9.471687067611292,0.835758376144617
1856914535733,-8.207512735516701,-10.082694689328173,0.3047731241344136
1856914535750,-8.267669229294377,-9.728536350634078,-0.262083257396853
1856914535766,-8.63103094620304,-10.564792769941516,-0.02452371245088436
1856914535783,-8.526670045835786,-11.577687368870286,0.133400329275283
1856914535800,-8.303880776037541,-11.34372606628115,-0.19120997154612507
1856914535816,-8.487587221598185,-11.18565155931094,-0.9340575567615529
1856914535833,-8.533914631642148,-11.649044046838515,-1.020597633388208
1856914535850,-8.33955969006576,-11.926189186437496,-1.0189722544706454
1856914535866,-7.93578310065374,-12.11843880467407,-0.7808719052968717
1856914535883,-8.235173375641384,-12.263880824907142,-0.8644026152115655
1856914535900,-7.756477837793291,-11.799362180996933,-0.7158577779386652
1856914535916,-7.848386434292069,-11.7527920764724,-0.9841965484216252
1856914535933,-7.937691055825548,-11.530197414117712,-1.344653869887007
1856914535950,-8.173773377443837,-11.714419825147193,-1.2523131546495636
1856914535966,-8.006952997273157,-11.39066713546125,-1.4957988111554608
1856914535983,-8.356572940486455,-10.802612957351394,-1.6068957927716347
1856914536000,-8.248857986125913,-11.771141672687346,-1.7462478893545166
1856914536016,-8.230929141989897,-11.566724868995431,-1.684687774028423
1856914536033,-8.394983862917535,-11.290075294156452,-1.5816871916932478
1856914536050,-8.0551453112639,-11.250121262466179,-1.6634354572123449
1856914536066,-7.686387760536448,-11.475695441693055,-1.9357424223164479
1856914536083,-7.7329415302126705,-11.404708216727382,-1.8151275103823008
1856914536100,-8.1965539328212,-11.621122229343582,-1.8761004839332742
1856914536116,-8.32409007796024,-11.667387565965788,-1.959695075675529
1856914536133,-8.67469880097897,-11.547573634188291,-1.6509227868925442
1856914536150,-8.683232757817052,-11.413329518900419,-1.828624109857286
1856914536166,-9.165112577890307,-11.115508352210032,-1.4307133934571035
1856914536183,-8.65241074423589,-11.621454336184236,-1.5660926633676102
1856914536200,-8.790878476442481,-11.208875714701307,-1.3912595148611637
1856914536216,-8.989538889942978,-10.950162600956759,-1.814311258297565
1856914536233,-9.13298119094347,-11.10822925231703,-1.9262529462619442
1856914536250,-9.484381042650753,-10.30775262682753,-2.1557338452343684
1856914536266,-9.41208679704068,-9.647538561610073,-2.0573974626091056
1856914536283,-9.67951241707697,-9.816785882307455,-1.944730287236927
1856914536300,-9.583124218251157,-9.703171911435469,-1.7169224859717294
1856914536316,-9.864093640282288,-10.65764027972507,-1.840344641635714
1856914536333,-9.613250333688297,-10.047849898271624,-2.085834857358271
1856914536350,-9.489552542909191,-10.062238048686309,-2.1797032510992196
1856914536366,-9.388103289117787,-9.488581191010294,-2.0128518792695056
1856914536383,-9.560644874025716,-9.470629296631476,-2.180180552031585
1856914536400,-10.099530100746328,-9.567206792857167,-2.203511892080081
1856914536416,-9.937460698390183,-9.712781385018408,-2.0308272562121554
1856914536433,-9.666729156170831,-9.252959683935968,-2.3287546728518045
1856914536450,-9.958892797046197,-9.235329203590256,-2.2105572755304785
1856914536466,-9.530678734546711,-9.05232895259806,-2.9500472054296427
1856914536483,-9.538594435274536,-9.270758908963735,-3.0382539768109122
1856914536500,-9.000320604643639,-9.588824471846305,-3.0246897620308912
1856914536516,-8.730391952460993,-9.541636844401275,-2.811364604081928
1856914536533,-8.673598845304374,-9.68952640730669,-2.5801112525169154
1856914536550,-8.406802175993407,-9.500394589734874,-2.4119264983884356
1856914536566,-8.298407750897557,-9.425471621158856,-2.4306553976984473
1856914536583,-8.25354966533045,-9.862994412474476,-2.7360322753098947
1856914536600,-8.462382802232025,-10.07238108203137,-3.0841975626148264
1856914536616,-8.571823389438027,-9.985583525953137,-3.2560858422821473
1856914536633,-8.356639944838763,-10.541437363434824,-3.100436543910557
1856914536650,-8.410420056963375,-10.583797323642486,-3.0970446081372938
1856914536666,-8.04100087957295,-11.280055590904503,-2.610895790599243
1856914536683,-7.823262601916429,-11.494682955950726,-2.7418981178418322
1856914536700,-8.014358084939923,-11.461173941928678,-2.5568805376999677
1856914536716,-8.021379171733642,-11.19262541848702,-2.7282110555329893
1856914536733,-7.913831058396873,-11.701740205551364,-3.052132261887089
1856914536750,-7.866452944990005,-11.798311751421402,-3.096951228589359
1856914536766,-7.988780396170586,-11.597869427994452,-3.3913025821375085
1856914536783,-7.99230745880479,-11.246094162917462,-3.2527101293517067
1856914536800,-7.997354534289585,-10.547236117996444,-3.1935331152990885
1856914536816,-8.49668750484954,-10.282152192459574,-3.286199030821562
1856914536833,-8.359436605794958,-9.918875344755874,-3.1862152785040014
1856914536850,-8.520944438271455,-10.242623493930523,-3.2282813909722385
1856914536866,-8.335900540780106,-9.7616204378522,-3.076434509390584
1856914536883,-8.353380726093237,-10.438072591194441,-3.2949400526812296
1856914536900,-8.540722678605496,-10.761854539460264,-3.397921938038361
1856914536916,-8.596083589054615,-10.925040270236444,-3.862957037423312
1856914536933,-8.423216103534354,-11.254550301692355,-3.5029455676111394
1856914536950,-8.454567694371333,-10.689168660140847,-3.226110541859301
1856914536966,-8.294855773102224,-10.533615081226147,-3.3979701524189156
1856914536983,-8.610488423755898,-10.966680759140178,-3.368556999699609
1856914537000,-8.834370771046682,-11.251367590705707,-2.822315631478097
1856914537016,-8.88443261078321,-11.011021676697473,-3.1285053326781407
1856914537033,-8.883981051993787,-11.342778156141456,-3.2761929823507803
1856914537050,-8.838375197759392,-12.033098039901018,-3.191949117824791
1856914537066,-8.641934592666466,-12.50497372420004,-3.3183332668764898
1856914537083,-8.702863504338026,-12.80836407189691,-3.448058004919797
1856914537100,-8.561574455508344,-12.680310090382424,-3.5440796631589766
1856914537116,-8.571904965010798,-12.494574370265733,-3.3742296683853796
1856914537133,-8.759640866309812,-12.129455228788402,-3.682919571049254
1856914537150,-8.58420848509268,-12.37973779264206,-3.633634846401296
1856914537166,-8.834136254014794,-11.75412679782577,-3.6020580950647494
1856914537183,-9.168266797917216,-11.627970468222482,-3.8060409712641086
1856914537200,-9.176073838975764,-12.35650726221747,-3.811592485357079
1856914537216,-9.306915101756516,-12.678389012421015,-3.7853755699776346
1856914537233,-9.546094294309604,-12.421411294180668,-3.5539713649459532
1856914537250,-9.651010211192714,-12.467261429587492,-3.359411622048421
1856914537266,-9.278620326662473,-12.66447902033251,-3.0114176567593196
1856914537283,-9.216693265777113,-12.553605037219764,-2.8074011054408343
1856914537300,-8.880550427169613,-11.558858800904396,-3.257691568260753
1856914537316,-9.025883312342135,-11.779938521407495,-3.401175373974969
1856914537333,-9.010435830465498,-11.871274495015864,-3.28431911358285
1856914537350,-8.961904609009922,-12.279272972755377,-2.798823109048685
1856914537366,-9.142316572004543,-12.724098248113084,-2.8455908090340265
1856914537383,-9.087122291546464,-13.13782934594754,-2.9027839196720864
1856914537400,-9.065839655181776,-12.900367154067446,-2.890144874391991
1856914537416,-8.760799510274513,-13.372001058534643,-2.8611795341712636
1856914537433,-8.788346921931286,-13.200929677941748,-2.9613709372868997
1856914537450,-8.948963718939932,-13.441227280140353,-3.036370837241185
1856914537466,-8.86842383557022,-13.548907391793126,-2.457707001094339
1856914537483,-8.994378724635883,-13.710007002960682,-2.842404029991319
1856914537500,-9.065962409850393,-13.919872094040663,-2.771041932048167
1856914537516,-9.227283868196604,-14.36145767254031,-2.922846767343917
1856914537533,-8.977407912047681,-14.423516442429904,-2.943374296469817
1856914537550,-8.723287715971788,-14.660720472296148,-3.2142466373987553
1856914537566,-8.865438744894874,-14.413135600812701,-3.1969956518749836
1856914537583,-8.942378837582998,-14.101793294511253,-3.2935747379482385
1856914537600,-8.771470657538076,-14.617759079471885,-3.4040670437565
1856914537616,-8.533423293010195,-14.846539662312587,-2.8952817623558014
1856914537633,-8.525075890389378,-14.758364722854157,-2.9328266693610976
1856914537650,-8.838386329091614,-14.336824186962856,-3.564675716271953
1856914537666,-8.491917949498943,-14.161645637281644,-3.609965080186172
1856914537683,-8.449965719141291,-14.572630178870293,-3.866492359098876
1856914537700,-8.510917472001388,-15.053863988945897,-4.415161898875057
1856914537716,-8.71163630482838,-15.07107089879881,-4.349347220667768
1856914537733,-8.875582069845953,-14.774007033255902,-4.062048079888708
1856914537750,-9.055917747596569,-15.227070999504786,-3.8493147254766833
1856914537766,-8.868911288904432,-15.497862275281983,-4.165699203012787
1856914537783,-8.716509779028147,-15.1444015153905,-3.913845622253648
1856914537800,-8.41394308205554,-15.38471760054812,-4.228658674890824
1856914537816,-8.08851836508509,-15.206966485600692,-4.262133034685774
1856914537833,-8.119877367872515,-15.09641239664041,-4.718277225424545
1856914537850,-8.545611834150762,-15.089588127179036,-4.662418750434009
1856914537866,-8.55351999653951,-15.34573819383075,-4.766128538049381
1856914537883,-8.400081948707047,-14.817007737829387,-4.654294544681456
1856914537900,-8.256160817706649,-15.257921128948526,-4.205566085484237
1856914537916,-8.15005312548093,-15.247933757100567,-4.432648565884079
1856914537933,-8.066647399515546,-15.221704370569979,-4.224983594579143
1856914537950,-8.289934768089665,-14.723491639863532,-4.016048937486559
1856914537966,-8.078954953039144,-14.808469329415155,-3.68670245366146
1856914537983,-7.771376556388827,-14.748753041608339,-3.4651317862723325
1856914538000,-7.7646865275255585,-15.199331104739546,-3.426684198935763
1856914538016,-7.3306557189934285,-14.773705563694115,-3.378202527229687
1856914538033,-7.1736853469904265,-14.533563597985912,-3.4092500825164826
1856914538050,-7.019935636673631,-14.324692469767077,-3.042159701477754
1856914538066,-6.9423586114734785,-14.3783569186822,-2.7033442042067186
1856914538083,-7.1007510394097215,-14.123071750711745,-2.939285855930012
1856914538100,-7.092712627790732,-14.577203679073055,-2.5952979482940597
1856914538116,-7.183487976062887,-13.88327381437172,-2.4795481359798037
1856914538133,-7.495716735824784,-13.74781232089423,-2.0808375014463008
1856914538150,-7.297692622924829,-13.493493883617745,-1.8680977576591709
1856914538166,-7.724089858717498,-13.90451633308896,-1.9913595575647351
1856914538183,-7.711479423650218,-14.256768100650923,-2.5827193625189784
1856914538200,-7.1641148701495965,-14.494115148034494,-2.3411869439470454
1856914538216,-7.349049198712397,-14.752428302093382,-2.195774813207846
1856914538233,-7.4750849069907055,-14.3866591323069,-1.8635332123135975
1856914538250,-7.562886371495024,-14.341956066434843,-2.0472401139406786
1856914538266,-7.225592410933366,-14.086247556339254,-1.6403486924475268
1856914538283,-7.314734861102812,-14.146648845331825,-1.5272894748518302
1856914538300,-7.244379534572318,-14.351508220802774,-1.5496668039467876
1856914538316,-7.232237193698391,-13.336017088732689,-1.263727997137154
1856914538333,-6.975278098322135,-12.875881479132754,-1.2390583317831596
1856914538350,-7.185555870389118,-12.93419798150367,-1.3423363485803417
1856914538366,-7.3577169384961865,-12.991082493106184,-1.2671860125804406
1856914538383,-7.570586119730141,-12.757620485829367,-0.9428369403493051
1856914538400,-7.431850757541238,-12.56570061488438,-1.0498817328683803
1856914538416,-7.805505728954218,-12.275319875428874,-0.8140518509363077
1856914538433,-7.892773538053731,-12.323228666434034,-0.9254640310776882
1856914538450,-7.754639895549992,-12.493700616995278,-0.6389671517066764
1856914538466,-7.672892648466588,-11.827786079721683,-0.875684133420296
1856914538483,-7.513469777941772,-11.950089997369512,-0.7743448633152249
1856914538500,-7.560966306673576,-12.150478407446506,-0.6193016326632463
1856914538516,-7.714889458738606,-12.487965962992547,-0.3710076789113834
1856914538533,-7.485631391018717,-12.829551195908994,-0.5434450178894805
1856914538550,-7.722381069157542,-12.878667921462092,-0.05412781237473663
1856914538566,-7.64735094240247,-13.136771686770334,-0.2927927139183524
1856914538583,-7.500956192869692,-13.575678005765717,-0.16084466691641297
1856914538600,-7.580293362043476,-13.652538879246134,-0.3027734098403394
1856914538616,-7.494735454706506,-13.710985204872712,0.22205797959124518
1856914538633,-7.409163245337053,-13.260794923573528,0.47138593049014466
1856914538650,-7.488981520798303,-13.358550724689696,0.41208212624475005
1856914538666,-8.107394363674619,-13.24749206854964,0.6626582412339426
1856914538683,-7.924268281312708,-13.019229413333289,0.41866939507598144
1856914538700,-8.162618663513854,-12.767290936903482,0.4820262561863269
1856914538716,-7.701339358515025,-13.343932168589612,0.1188790374707338
1856914538733,-7.85338609021251,-13.76875381516004,-0.2204676779524366
1856914538750,-8.169584424728367,-13.701903380210666,0.1202354723205894
1856914538766,-8.032863495376127,-13.524675562470257,0.5725536046865054
1856914538783,-7.607624307464883,-13.416777967477907,0.6525900056243343
1856914538800,-7.53013025429596,-13.234460342303063,0.666992180262751
1856914538816,-7.220335363601767,-13.083917800715337,0.3949139958569745
1856914538833,-7.194442803288208,-13.044760184134653,0.9543789285582283
1856914538850,-7.019276372806917,-13.049982046995254,0.8989695531290542
1856914538866,-7.409993338153805,-13.283583236328916,0.8430641414683016
1856914538883,-7.281921947347617,-13.915698657622563,0.8608828431059798
1856914538900,-6.997092700514302,-14.483182628820863,1.222156853053968
1856914538916,-7.097520318291835,-15.026476110748616,1.4544694997408092
1856914538933,-7.327535821349245,-14.998674680095336,1.6457746139148361
1856914538950,-7.175680797620316,-14.979331340288484,1.6096816721478175
1856914538966,-7.543185972721394,-14.740356804447963,1.5898284561398146
1856914538983,-7.575455743675265,-15.050656002045361,1.940606065210165
1856914539000,-7.794451810248284,-15.322505547615743,2.156957753534872
1856914539016,-8.088026933388928,-15.49325876959011,2.3940036012259305
1856914539033,-8.391456304530106,-15.06574159400354,2.1453567783089835
1856914539050,-8.437863612339903,-15.179401954418957,1.9685564045468347
1856914539066,-8.049824573118991,-15.249429172283845,1.8328868897329653
1856914539083,-8.018895379624416,-14.708479595970022,1.6207197040710883
1856914539100,-7.83394795989209,-15.096270404135744,1.4146788218368385
1856914539116,-8.266126064424062,-15.148110214760036,1.240562076505999
1856914539133,-8.124180867962504,-15.292233061047495,0.9671106238309992
1856914539150,-7.837871842292171,-15.273440397536834,0.9007323978770847
1856914539166,-7.632418850673709,-15.627353752886583,0.6341674517918365
1856914539183,-7.452340162416354,-15.478978727728418,0.6341378833385223
1856914539200,-7.568507406434723,-15.20634681436932,0.8364279761594502
1856914539216,-7.588504463296473,-15.395469397335345,0.7909266041697753
1856914539233,-7.602275069931098,-15.278811643545302,1.0423247725411753
1856914539250,-7.506501839732641,-16.29585586230286,0.4527824518289074
1856914539266,-7.926634870712612,-16.32691818648096,0.6057454676200504
1856914539283,-7.914681267950089,-15.619810580216168,0.48795859017820753
1856914539300,-7.945608857570875,-15.562684063136313,0.5765569504843464
1856914539316,-8.169215604882588,-15.648855237484648,0.26670437601923047
1856914539333,-8.320168087522182,-15.781275750832757,0.3497868556265804
1856914539350,-8.528344796721843,-15.785077725837677,0.39705473537487324
1856914539366,-8.765558634579957,-15.958021350939772,0.18462642687902742
1856914539383,-8.208273320521812,-15.833441197159575,-0.013928424421611352
1856914539400,-7.844731380965314,-15.252660766578586,0.4247428802559159
1856914539416,-7.8660261471535335,-15.050506271730612,0.43163146476106395
1856914539433,-7.8125332785748105,-14.586283746443717,0.28754414381446636
1856914539450,-7.708678659178435,-14.992667306622062,0.13310064727715254
1856914539466,-7.5173088149917735,-15.325569408131669,0.23085700637229611
1856914539483,-7.810230455836452,-15.58757444720017,0.6518878410751796
1856914539500,-7.680187422117342,-15.212670839460882,0.5471290667877429
1856914539516,-7.743356921875791,-14.777565885371002,0.5694927701000978
1856914539533,-7.7823804863082255,-14.79190563972536,0.8679790595137793
1856914539550,-8.021070599428086,-14.05332668764273,0.7237892523905542
1856914539566,-8.00028852745143,-13.674017259808103,0.491113882584848
1856914539583,-7.914828725038139,-13.507164475797104,0.4292452972401575
1856914539600,-7.961429927504522,-13.486882766427097,0.12075762270142465
1856914539616,-7.8189365060836815,-13.477817293429544,0.7222900576750599
1856914539633,-8.014525973065354,-13.494499694072635,0.2941184659089926
1856914539650,-7.851291327300023,-13.266447014653984,-0.5126822383971582
1856914539666,-8.013699939501361,-12.99095382769605,-0.7332423637190747
1856914539683,-7.727032682509808,-13.046038731902883,-0.9462372177414343
1856914539700,-8.02432901068669,-13.153105661434346,-0.9926432477437814
1856914539716,-8.16479291765626,-12.794590470268336,-1.149398748864587
1856914539733,-8.012986985683444,-12.851390822353059,-1.0235795659966134
1856914539750,-7.722410174124858,-12.957587070411906,-1.4635695518236955
1856914539766,-7.5725515453308905,-13.269465938296396,-1.1624426846971427
1856914539783,-7.303561341556918,-13.78577869284091,-1.953668296201039
1856914539800,-7.682287278383651,-13.557052872367839,-2.1805744432372896
1856914539816,-7.018651899908448,-13.66001480678565,-2.398099753473015
1856914539833,-7.1568484337093246,-13.246198759812003,-2.294360285066317
1856914539850,-6.663120701418895,-13.22132131798782,-2.3379604781107544
1856914539866,-6.624196074716796,-13.267509915016184,-1.9735787216276186
1856914539883,-6.078998803016877,-13.054739181564067,-1.5931790249870106
1856914539900,-6.150878264859072,-13.599897213628777,-1.6431934617262076
1856914539916,-6.533631402233358,-13.512465859589252,-1.935881824742403
1856914539933,-6.406203576899721,-13.663336023731041,-2.111326622354499
1856914539950,-6.606954314917163,-13.218128080742513,-2.247357878477244
1856914539966,-7.05829521364248,-13.116315305407575,-2.096880547838853
1856914539983,-7.258598262914081,-12.656894001162177,-2.029174686331981
1856914540000,-7.142085825593747,-12.299768435006861,-1.6784098843238893
1856914540016,-7.34411173494798,-12.180459934993461,-1.6405103716504918
1856914540033,-7.178385125172064,-11.94700386931248,-1.834495111818611
1856914540050,-7.092343496857736,-11.788687815228243,-1.960520713271015
1856914540066,-7.059140565566992,-11.647455869632346,-1.9792385492069184
1856914540083,-7.124465762423892,-11.845124648551039,-2.560045835080356
1856914540100,-7.022350724696517,-12.221659657734874,-2.8840475868026223
1856914540116,-7.003994948147949,-13.0772396422755,-2.563437116991972
1856914540133,-7.445269393137184,-13.204167780997112,-2.724119995682836
1856914540150,-7.150282574947889,-12.9460292365242,-2.5149245319408853
1856914540166,-7.040001054103083,-12.519187601704168,-2.487175842959739
1856914540183,-6.646431109830161,-12.76864886169476,-2.331438077440625
1856914540200,-6.7382843445467016,-12.038725009395318,-1.979181231571449
1856914540216,-7.023958519874306,-12.000744283055326,-2.030156045007262
1856914540233,-6.651660517059205,-12.56940673069365,-1.9707073159952715
1856914540250,-6.338589951300202,-11.957142416221824,-1.9722816742137619
1856914540266,-6.180115405319281,-12.029676245954635,-2.133190194004475
1856914540283,-6.0911006048027385,-12.223816635061524,-1.882753962141056
1856914540300,-5.625245319369395,-11.990504999204333,-1.8196719976221516
1856914540316,-5.485231185240944,-11.531985285212585,-1.7115043670722858
1856914540333,-5.891024650326212,-10.953289774777694,-1.831640753548234
1856914540350,-6.155378841897436,-10.82581931154877,-1.6803537257298262
1856914540366,-5.759054883987238,-9.964014543453377,-1.8622817521554875
1856914540383,-5.869140340245068,-10.777676830010883,-1.8050168024574613
1856914540400,-6.221058256586672,-11.357447174848271,-1.8048706361419604
1856914540416,-6.1517276203916404,-11.155927105327507,-1.511322569897087
1856914540433,-6.149118744743299,-11.172425025900978,-1.1736492016976428
1856914540450,-6.285773269288141,-10.822436408713969,-1.3307038338753296
1856914540466,-6.360693754162915,-10.442052902112845,-1.2807045393829317
1856914540483,-6.376855719399147,-9.957036627934468,-1.8571780743968658
1856914540500,-6.383015654867198,-10.312733400705232,-1.9198281568791764
1856914540516,-6.987833500953283,-10.349550457970848,-1.7124774205001705
1856914540533,-7.005876700813319,-10.959722353106315,-1.5712549024762024
1856914540550,-6.906152795372045,-10.622706076261,-1.326852791183624
1856914540566,-6.813585948700677,-10.62623537996233,-1.2779278426004654
1856914540583,-6.74469316091861,-10.738383748983397,-1.5208325667211333
1856914540600,-6.601860047708288,-10.261976590036353,-1.879383991899875
1856914540616,-6.760908969483051,-10.131231342015216,-1.6302690925790053
1856914540633,-6.736877772552161,-10.23779115286086,-1.5339839059425253
1856914540650,-6.936380046572433,-9.844520821719453,-1.6591147161504964
1856914540666,-6.976854350050827,-9.821852278136046,-1.4116942237707701
1856914540683,-6.926449062496763,-9.507634902715592,-1.156840972360691
1856914540700,-7.15988741442081,-9.381321942815099,-1.2425878297717565
1856914540716,-7.167029155213575,-8.948774747374918,-0.9767881477193712
1856914540733,-7.440114973073156,-8.993172521497545,-0.8680031224657636
1856914540750,-6.945251417694088,-8.814101791480159,-0.7874463107364666
1856914540766,-7.534250682683734,-8.327799515610149,-0.6781561602677314
1856914540783,-7.420258058586658,-7.925554362541188,-1.0259168712897342
1856914540800,-7.5532677378694695,-8.371337886199639,-1.147653594953235
1856914540816,-7.447980432226536,-8.256156409033748,-1.1355772229798493
1856914540833,-7.475328267017941,-7.669946134507155,-1.214321252803744
1856914540850,-7.434660754145324,-7.367777040940724,-1.144260976318436
1856914540866,-7.082811390913454,-7.613420025970094,-0.842664582050821
1856914540883,-7.203345088045866,-7.581894775818087,-1.0028634710349111
1856914540900,-6.918451672586691,-7.89974852945457,-0.697465167549483
1856914540916,-6.704714447361772,-8.460474722067385,-0.8427870181908419
1856914540933,-6.616109124156989,-8.34255134518851,-0.9523271469177219
1856914540950,-6.3632174811883635,-8.388915284384531,-1.1297047178423765
1856914540966,-6.209785337542323,-8.34714625212116,-1.1403649221711585
1856914540983,-6.275498524987847,-8.249782662901898,-0.9617794653494421
1856914541000,-5.820741006068773,-8.795426653250374,-1.1580942566886079
1856914541016,-6.025438671671155,-8.590613254943424,-1.3160332221801623
1856914541033,-6.4433571522913695,-8.376846078995635,-1.099307394443973
1856914541050,-6.03800022890443,-8.147594482404196,-0.7711461059889503
1856914541066,-6.067050786052298,-8.072529346602614,-0.6928173685593909
1856914541083,-6.0401955660758,-8.47937682616293,-0.5316463670159286
1856914541100,-5.964465578879804,-8.645540219051341,-1.2557194884541119
1856914541116,-5.833097659448952,-8.527756177545966,-1.2359709870314535
1856914541133,-6.158267110317059,-7.447363553249111,-1.3396542733600254
1856914541150,-6.086674764940534,-6.991909382225674,-1.166859009906656
1856914541166,-6.141938265675091,-7.071862743513687,-0.9897713584298835
1856914541183,-5.7225281991674075,-6.983330625433686,-1.1228927540126783
1856914541200,-5.6499161173015295,-7.476099833245913,-1.3031874267540386
1856914541216,-5.345687390657515,-6.9970089724284446,-1.2690508323091394
1856914541233,-5.354362989245236,-7.09222898074787,-1.5713385895926208
1856914541250,-5.414616971677765,-7.267634658401509,-1.8736756201854823
1856914541266,-5.904657674642671,-7.120802179858968,-1.756285485229668
1856914541283,-6.1100919753113585,-7.374040312874108,-1.8182446613849284
1856914541300,-6.115813740519082,-7.487876243413561,-1.5551209723434505
1856914541316,-6.278289554646141,-7.027119853786411,-1.2623501384339775
1856914541333,-6.359493113027885,-7.409787260908438,-1.1665277479961347
1856914541350,-6.434886752366156,-6.600107095747679,-1.3153463170347766
1856914541366,-6.326377634034251,-6.3825858041334484,-1.3170142793981319
1856914541383,-6.218802959209874,-6.591345502784221,-1.4903532539709277
1856914541400,-6.03416452421847,-6.867592526304027,-1.505498425682261
1856914541416,-6.00746188951846,-6.262348155239171,-1.5182755233756484
1856914541433,-6.08708260573457,-6.793671714934123,-1.0943998386850886
1856914541450,-6.141013723696744,-6.6538451196467845,-0.9912571956578659
1856914541466,-6.0192291275077405,-6.380672436909311,-1.0137349375391842
1856914541483,-6.043240947408778,-6.528349034639181,-0.7588200200220601
1856914541500,-6.245404174861603,-6.687566779801783,-0.7451294387104278
1856914541516,-6.1178058835414335,-6.826783284114045,-0.5916970076745702
1856914541533,-6.0273126725412665,-7.171289035157496,-0.47053048768826633
1856914541550,-6.07110945542327,-8.096380460561091,-0.5361293133715196
1856914541566,-6.513683309978772,-7.992263561631512,-0.7246324855979791
1856914541583,-6.5810301109809854,-7.714432950938739,-0.4716280812236502
1856914541600,-6.37153157479284,-7.206763543901325,-0.5545264942900682
1856914541616,-6.39316424274048,-7.197057350265677,-0.7210494720265818
1856914541633,-6.555439558735478,-7.670280204572229,-0.8572308340193981
1856914541650,-6.276852667860366,-8.482796921075785,-1.181431778056769
1856914541666,-6.353229506443361,-8.036928152972616,-1.0949911852053313
1856914541683,-7.027314301498021,-8.11589102887614,-0.7865788067910394
1856914541700,-7.2474274215078704,-8.408548130375696,-0.7613602472824169
1856914541716,-7.119476180266997,-8.667044215339594,-0.3930817212482043
1856914541733,-7.2522082038428834,-8.753581215598455,-0.25156649502812045
1856914541750,-6.786871381076001,-8.787913085754889,-0.2799649815324443
1856914541766,-6.374039004817249,-8.746120157994557,-0.23359220638861067
1856914541783,-6.716708170726454,-8.434169769773684,-0.16088393635449671
1856914541800,-6.312970349907681,-8.001386608933736,-0.006121279285099757
1856914541816,-6.362628902288017,-7.919294336322141,-0.33098337059999494
1856914541833,-6.457987455727838,-8.312839401625293,-0.3656433055827013
1856914541850,-6.138850725317191,-8.532424540722696,-0.7375444531777181
1856914541866,-5.946998156727834,-8.441019597777288,-0.3025921835399561
1856914541883,-5.873431176390704,-8.261092533385693,-0.028186055817577937
1856914541900,-6.277145484405184,-7.86781069281416,0.04100125553534362
1856914541916,-6.271285208271145,-8.38365784641547,-0.24376549770818823
1856914541933,-6.556612486763188,-8.48615841509513,-0.12705952193463177
1856914541950,-6.749023399002256,-8.484232297854245,0.3395081182713038
1856914541966,-6.663739629191589,-8.92953777717006,0.5531159870555085
1856914541983,-6.485409268551056,-9.318954201278308,0.593232077393405
1856914542000,-6.418816432991356,-9.196296451943068,0.6016593390630454
1856914542016,-6.457559152757054,-9.42404016787152,0.7872699264607634
1856914542033,-6.403248716933495,-9.299070107377165,0.7168331198488667
1856914542050,-6.284308183378784,-8.918036852983604,0.7979639896230464
1856914542066,-6.814307274269039,-9.037023253027876,0.6020337626738508
1856914542083,-6.5473476888259725,-8.622402625614049,0.7970557826145357
1856914542100,-6.350648227869984,-8.916651416223543,0.11825198916074364
1856914542116,-6.203654155212073,-8.758732415960623,0.293231982409907
1856914542133,-6.453528962412683,-8.642545306636972,0.6218982732630227
1856914542150,-6.44814069035314,-8.924122435016393,0.6212152966034044
1856914542166,-6.483461119365787,-8.640624237211172,0.5056372549491319
1856914542183,-6.682635151024324,-8.59463152729565,0.9268836444991884
1856914542200,-6.709302575940381,-8.667204548422394,0.9888478466057298
1856914542216,-6.749456288499573,-7.927797046894128,0.8456244523850196
1856914542233,-6.922562443854515,-8.192696092479553,0.7377396585481559
1856914542250,-6.890093803339612,-8.158141204583638,0.4898140636009869
1856914542266,-7.294502571785063,-8.268514187772317,0.2660668343923922
1856914542283,-7.132559015768002,-8.20678465974866,0.4107091956622628
1856914542300,-7.130742214460352,-7.9983101056708605,0.4430827037308296
1856914542316,-7.047314493378343,-8.000353836609925,0.5321755272987843
1856914542333,-7.249537205773327,-7.921493453729763,0.06628488706383884
1856914542350,-7.3395410997053006,-8.256629521181823,0.07859554486106712
1856914542366,-7.077669887316025,-7.5511287524247415,0.5220738237118736
1856914542383,-6.919992703581277,-7.639855444506531,0.5474384721396088
1856914542400,-6.978046515793755,-7.814573865177639,0.8003501554268211
1856914542416,-6.709927894348779,-8.285478279134065,0.8852412896856596
1856914542433,-6.964126316740353,-7.839752249476919,1.01192765300081
1856914542450,-7.0759701935393045,-8.047682244384509,1.021257923490551
1856914542466,-6.942589241251574,-7.4574706596120235,0.6741848158618495
1856914542483,-6.741308384025611,-7.397145508487033,0.6935727003061629
1856914542500,-6.587735634466434,-8.277001667433357,0.4369327217745258
1856914542516,-6.516847375292701,-9.041499979175073,0.4262774479236573
1856914542533,-6.53384376509867,-8.614080079858445,0.06454014428210098
1856914542550,-6.49598796441119,-9.340832972595566,0.069844237687116
1856914542566,-6.548349545784536,-9.589388390762188,0.38392072621214446
1856914542583,-6.590412038020899,-9.689358377200072,0.5607415398563202
1856914542600,-7.033542349969247,-9.363992035733073,0.1546801898779937
1856914542616,-6.742294002915507,-9.70854501566889,0.06649923970584037
1856914542633,-6.65108725395154,-9.245412091067594,0.01616152374008939
1856914542650,-6.574510862374977,-9.933303273594962,0.17242858010433837
1856914542666,-5.9393474740536165,-9.777578497893234,0.5136580807597655
1856914542683,-6.182115779916643,-10.220849328955405,0.11050718545181892
1856914542700,-6.404044343192378,-10.360975322698902,0.22657824965038986
1856914542716,-6.903919504358148,-9.854089218353074,0.2881867514139729
1856914542733,-7.429001245386944,-9.397820448619797,0.09808629743578723
1856914542750,-7.912144302706922,-9.009464412263007,0.6773553230752443
1856914542766,-7.7907923801575425,-8.627462006716305,0.601157539172871
1856914542783,-7.924275580131505,-8.974313676047537,0.8041831117238645
1856914542800,-8.33926397187634,-8.636637419040888,0.8693692431345603
1856914542816,-8.43118626920153,-8.41633097014996,0.7028897010509927
1856914542833,-9.273265947543289,-8.521129166469208,0.688807901386761
1856914542850,-9.145299982227606,-8.880301185422418,1.058964842830477
1856914542866,-9.11209190822048,-8.983318303445866,1.1659263170986258
1856914542883,-9.075072997638005,-9.378134154016804,1.6175854130113647
1856914542900,-9.120942649161613,-9.791138225872457,1.1139169982217552
1856914542916,-9.446207037088527,-9.401555271942389,1.2907996125432972
1856914542933,-10.009676112152347,-9.436204043615788,1.0982306849988048
1856914542950,-10.148093837873613,-10.298753294349236,0.9811613549614893
1856914542966,-10.102177233255055,-9.740549888373703,1.0489623110342552
1856914542983,-10.184726501860258,-9.344613883846177,1.4938395342971078
1856914543000,-10.168847295342093,-9.647390252347206,1.5011298696324582
1856914543016,-10.087580972394743,-9.144761140039979,1.735409303459908
1856914543033,-10.180636535466963,-9.422493839955024,1.3978829829014
1856914543050,-10.322110672095697,-9.882579218262478,0.9414119598642281
1856914543066,-10.132346379330299,-9.628033321032504,0.9882499151527644
1856914543083,-10.646577206688061,-10.039040028887353,1.4302257727930754
1856914543100,-10.906022865434588,-9.240883958765615,1.3455312716150947
1856914543116,-10.518526623860037,-9.487235400489169,1.3823819452469301
1856914543133,-10.900681769747592,-9.361716734530592,1.3886491160963943
1856914543150,-10.608123921366513,-9.249364894220768,0.8142373686944633
1856914543166,-10.410202903952385,-9.054946179017781,0.6722042914089581
1856914543183,-9.780225917294722,-9.165946866716066,0.45214120087655685
1856914543200,-9.445613805371092,-8.804894456066535,0.4000136226234208
1856914543216,-9.547824403957069,-8.84157712841034,-0.06962346261939856
1856914543233,-9.586548400077259,-8.525275330673178,-0.11548309364332754
1856914543250,-9.55406454110543,-8.37652050754865,-0.565372783272461
1856914543266,-9.917910152230533,-8.255326250456005,-0.7752491994095492
1856914543283,-10.117344266062542,-9.002002753729892,-1.1479038198549556
1856914543300,-10.048397792041593,-9.00976270243837,-0.941731999770643
1856914543316,-10.072880224403072,-9.027272176938348,-1.0156602136962363
1856914543333,-10.094535776068986,-8.725320208245236,-1.2915348909941962
1856914543350,-10.419991595909629,-8.628259436560295,-1.2730046748397421
1856914543366,-10.164982544253396,-8.695113568857778,-1.245293877566579
1856914543383,-10.301330198431717,-9.007899975065051,-1.416271323785541
1856914543400,-10.278552149322,-8.785960653983716,-1.1075175425004462
1856914543416,-10.095191461193524,-8.849756076256867,-1.1420894236980468
1856914543433,-10.132676672097332,-9.030559182474462,-0.5988138562178874
1856914543450,-9.910001716143679,-8.941271060139574,-0.2354223321964053
1856914543466,-9.932806640128918,-9.15405068468879,-0.6554824954824897
1856914543483,-10.328386235104439,-9.400707216309288,-0.593414945843905
1856914543500,-10.43666856612069,-9.407442973816103,-0.5318778447888427
1856914543516,-9.792761391758681,-9.70498947104959,-0.31249689131395053
1856914543533,-9.680436960477952,-9.207554997267044,0.24559744799261063
1856914543550,-9.62475774749688,-8.88949752041137,0.1832726420336246
1856914543566,-9.273522129402215,-9.047124580166976,0.3850208415387697
1856914543583,-9.202569782503854,-9.227442443351375,-0.003119413584103059
1856914543600,-9.308382198603173,-8.91723606655094,0.16131035236147495
1856914543616,-9.47989666811813,-8.949086585361528,-0.20361446901858926
1856914543633,-9.568213455685093,-9.056805114425417,-0.20613443514185792
1856914543650,-9.251571437306263,-8.842180039057848,-0.23920951306470517
1856914543666,-8.689221410967097,-8.693311359744106,-0.17129192214818856
1856914543683,-8.78205968661679,-9.063957382010294,-0.663826399360764
1856914543700,-9.089140388473398,-8.834545193239073,-1.2764512671011048
1856914543716,-9.067502074669827,-8.283177896835362,-1.453116641980971
1856914543733,-9.072455224913272,-7.705811878174146,-1.3884368216947522
1856914543750,-8.950726682926435,-7.3951415906324875,-1.6068765544121597
1856914543766,-8.483846525376563,-7.647822747387575,-1.739588912847102
1856914543783,-8.833110636336238,-7.2275032109939055,-1.5274917196208129
1856914543800,-8.892613581664754,-7.1589980372877955,-1.4615848137460448
1856914543816,-9.064636423206672,-6.6440516086496935,-1.0601225001206287
1856914543833,-8.747197883592548,-6.121440954243189,-1.3109786819389428
1856914543850,-8.924413524882752,-5.918173370274736,-1.3661911501273563
1856914543866,-8.755343047033998,-6.047516925685428,-1.051696723044864
1856914543883,-8.688943710944633,-5.764159610054765,-1.0185152983365349
1856914543900,-8.742781065799369,-5.341184265790776,-0.9259179157204227
1856914543916,-8.600181166133344,-5.088581141281808,-0.7530674251297467
1856914543933,-9.027468675206732,-5.182685985438885,-0.6846382160826789
1856914543950,-9.033916410094374,-5.061101741538944,-0.24530685591229262
1856914543966,-8.778532730370863,-5.598903712073512,-0.27820838554371896
1856914543983,-8.593939328119705,-4.984746127801804,-0.11682366964779578
1856914544000,-8.553946866773641,-5.243082152385074,-0.16457700387500118
1856914544016,-8.142798207956023,-5.579019226494305,-0.24629270837185846
1856914544033,-8.356301923933662,-5.54088126864421,-0.09737684096269206
1856914544050,-8.154045132861071,-5.358209893304786,0.10211346470614924
1856914544066,-7.920536788931889,-5.508445076247569,0.30576159318360574
1856914544083,-7.947245926435626,-5.2924031311650985,0.8172515891337024
1856914544100,-8.258184074219061,-5.969924597330745,1.1322490578444353
1856914544116,-8.40362272421994,-6.122678959836882,1.5981600650604295
1856914544133,-8.687043171218912,-5.937989665730206,1.6760538337321105
1856914544150,-8.740150607838263,-5.819128566812668,1.8545603605126857
1856914544166,-8.74787152639659,-6.67720426940697,1.8118968221343317
1856914544183,-9.010439617515097,-7.063292036139283,2.073311762722229
1856914544200,-9.288870370000595,-6.992486554906985,1.43353786485291
1856914544216,-9.21165322745351,-6.825852938507107,1.499822414034088
1856914544233,-8.856689192571755,-6.72013006708907,1.2534484967302584
1856914544250,-8.401200471242204,-6.494014086961993,1.3777855869868962
1856914544266,-8.106641452759908,-5.9533891276429936,0.9458773491179526
1856914544283,-8.569486877828595,-6.000271656388878,0.8352409892529682
1856914544300,-8.33045772419011,-5.815611975243673,1.142883827024482
1856914544316,-8.098966155540177,-5.661529774820777,1.1136670113711284
1856914544333,-7.837965979676076,-5.764278298048099,0.2261063659490783
1856914544350,-7.418357839416458,-6.318943672282408,0.14985310226499116
1856914544366,-7.595756817997215,-6.267805285196081,0.4537603500166687
1856914544383,-7.526881880864025,-6.337762102474114,0.154840234471032
1856914544400,-7.259436560462123,-6.439345975214099,0.060951078530685265
1856914544416,-6.927561521669353,-6.096223807947343,-0.3241718352519283
1856914544433,-6.713614471626614,-6.254413348274031,-0.09566538525763435
1856914544450,-6.905057433254692,-6.1863222714778425,-0.17566672379399462
1856914544466,-7.158874457413529,-6.553564575457041,-0.18068503332078367
1856914544483,-6.983851828697958,-6.088681064794871,-0.614868340120379
1856914544500,-6.738454890190475,-5.8964548109204795,-0.6427300194954529
1856914544516,-6.74546670576473,-5.955353390346215,-0.9920245520292945
1856914544533,-6.632068070073139,-5.64989648271937,-0.9064639351613125
1856914544550,-6.747734766659449,-6.863633479029863,-0.9590369170208888
1856914544566,-6.8034951391879845,-6.689529950004645,-0.7184157649681038
1856914544583,-6.814773010029719,-7.214945108322188,-0.7318051075229559
1856914544600,-6.7731017267739,-7.70435942295579,-0.7963033261968527
1856914544616,-6.808776894102337,-7.37302965733305,-1.222383124795563
1856914544633,-7.044673512641733,-7.5479679688931585,-1.0363966585355695
1856914544650,-7.1610853390081335,-7.834866186029356,-1.109387919449009
1856914544666,-7.408416565018738,-7.905006375853053,-0.9343672568016229
1856914544683,-7.421209379771421,-8.565473848418442,-0.5524785802121648
1856914544700,-7.638311533774223,-8.95531689677569,-0.5929953040903644
1856914544716,-7.485306592479283,-7.754065276491396,-0.4090227768110979
