timestamp,x,y,z
2002613500000,-4.37823535540249,-8.457451851816856,-3.402296333677321
2002613500016,-4.673033067544363,-8.197755874382848,-3.2257001654414537
2002613500033,-6.191492791895479,-8.29605252421275,-3.257166356156225
2002613500050,-6.093079613209018,-8.020707796956657,-3.418652656646392
2002613500066,-6.370705381407969,-8.690713987682365,-3.1814542135416315
2002613500083,-6.201737137766124,-8.863044429494565,-3.469739454792732
2002613500100,-6.54963331700555,-8.61592484213318,-3.2410811101136057
2002613500116,-6.081970084235269,-7.9363033331950446,-3.447344441250795
2002613500133,-6.017135849794732,-8.17719304107768,-3.587270020361759
2002613500150,-7.352032932350337,-8.696271932019783,-3.4832625546607066
2002613500166,-8.046250015106242,-8.048592217812324,-3.3237963527032184
2002613500183,-9.014688335802258,-8.056657398733538,-3.128421069351544
2002613500200,-8.38904842914979,-7.484251010878651,-3.0019992124300927
2002613500216,-8.635949387379839,-7.8105716684413,-3.1009500288995744
2002613500233,-8.138055144442363,-8.19091994037683,-3.358009568450499
2002613500250,-7.976090277790005,-8.763562809612672,-3.1486844871214004
2002613500266,-8.309992098064956,-8.846062504732705,-2.761671001242654
2002613500283,-7.9203032754409985,-9.188797385105417,-3.030287085142476
2002613500300,-7.848758936336443,-9.267678848561538,-3.081257277132967
2002613500316,-7.276556246808796,-9.098719640810295,-3.577587707367149
2002613500333,-7.363536021234243,-9.162524020056548,-3.6968778548381245
2002613500350,-6.790991559801093,-9.734337667388553,-3.5554378090534127
2002613500366,-8.040249921437084,-9.21312774431644,-3.225961114717289
2002613500383,-7.120253780955508,-9.232298585619723,-3.409966607318629
2002613500400,-7.312275996170654,-9.501466276424605,-3.1156211256179933
2002613500416,-8.607230428060324,-9.566517378291493,-3.059042830046735
2002613500433,-8.594002503990652,-9.457945557184471,-3.045656611047665
2002613500450,-9.618956439514118,-8.831468641411801,-2.9964944487907963
2002613500466,-8.697282726440434,-8.604723015889679,-2.8235998848199344
2002613500483,-8.93771548775316,-8.524581808990913,-2.6304549518265032
2002613500500,-8.667009545774572,-8.504624121293386,-2.627720494536423
2002613500516,-8.703829745041444,-8.84750868635216,-2.479556045837536
2002613500533,-9.265685436926255,-8.747684578554068,-2.348590253242246
2002613500550,-9.498280033925907,-8.754996641146334,-2.610672522301563
2002613500566,-7.891342237430773,-8.865285410536455,-2.4630678525470096
2002613500583,-8.244842314772,-8.660979642289163,-2.125609844572086
2002613500600,-8.25204645708617,-8.694595744445184,-1.9429807789852118
2002613500616,-7.80295628439031,-8.903469659739754,-2.11126074251803
2002613500633,-8.798398534064987,-8.792570776263597,-2.511092604387988
2002613500650,-8.05425634541047,-8.448566246221496,-2.6649482353817677
2002613500666,-7.437064964388502,-7.791608926159168,-2.754489015170099
2002613500683,-6.879475930564173,-7.413535111987984,-2.7204682872720753
2002613500700,-6.147924231240101,-7.49894270625634,-2.3299939695168557
2002613500716,-6.077935578365867,-7.526027531953657,-2.1818502189545437
2002613500733,-5.278063821490014,-7.202382592959237,-2.374032425295494
2002613500750,-5.273138695711998,-7.057092941743501,-1.9088299664904074
2002613500766,-4.715730559509378,-6.41681846716242,-2.055768416557495
2002613500783,-4.948961356672616,-6.816831324288774,-2.132804436092705
2002613500800,-4.775828621954407,-6.4412325552017515,-2.044047308534973
2002613500816,-5.211463518624725,-6.95789316804157,-2.0681451159468067
2002613500833,-5.825177668647772,-6.87107396806451,-1.7702380316458468
2002613500850,-5.441596073135224,-7.340043302524104,-2.060364593664178
2002613500866,-4.898220314481704,-7.738506212549741,-1.8935097446746907
2002613500883,-3.303271079782942,-7.431366076545484,-1.8574348652868493
2002613500900,-3.004265299473439,-7.57044805782337,-1.8532103382835765
2002613500916,-2.771288666937753,-7.987476330963204,-1.5449585792191298
2002613500933,-3.3227666118003203,-7.748421665797902,-1.810199037311719
2002613500950,-2.6720609427293422,-7.8722721671660265,-1.6617492354089167
2002613500966,-2.408351922845332,-8.246288000131592,-1.595016501011585
2002613500983,-2.2607677476724395,-8.18699091816027,-1.8725607876188057
2002613501000,-2.6119416635329418,-8.216615329905382,-2.2173553637853844
2002613501016,-3.1932311105971114,-8.811501209964035,-1.9595195031710968
2002613501033,-3.059919210905323,-9.290519382186513,-2.0747197965225506
2002613501050,-1.8759105913417287,-8.523848628530798,-2.0849494641881083
2002613501066,-1.033879905935839,-9.101881452505813,-2.140885915491472
2002613501083,-1.0491784030498996,-9.081734597056107,-2.11961415061389
2002613501100,-2.0203083765891714,-9.066562225243239,-2.6744648640231428
2002613501116,-3.0677458860323514,-9.3208729443677,-2.666321651519139
2002613501133,-3.9006259196356243,-9.7849095126447,-2.5000895065742443
2002613501150,-3.107434958181157,-9.873097052431532,-2.4123993799922587
2002613501166,-5.156756955723842,-9.809699352929803,-2.360903038907805
2002613501183,-5.396909044803507,-10.449044174492691,-2.679062414286233
2002613501200,-5.3257395782930965,-10.18131130943769,-2.5385762295717043
2002613501216,-4.288295354810149,-9.971626310614308,-2.715919816831477
2002613501233,-4.3367788457505725,-9.959370911243584,-2.538297338502496
2002613501250,-4.816101108205292,-9.775440848747902,-2.5583592304656384
2002613501266,-4.514679939873719,-9.500312233852197,-2.6469773994264356
2002613501283,-4.747496911200217,-9.145818870305478,-2.6793715304828454
2002613501300,-5.878188834474727,-8.775184931144134,-2.6562486751313696
2002613501316,-5.443235603864942,-8.584959201846637,-2.560113595749187
2002613501333,-4.361730358277292,-8.550335416467856,-2.3717140490129824
2002613501350,-4.815055057831763,-8.397142604621164,-2.2410365892816735
2002613501366,-4.884937977179074,-8.983636216501484,-2.1253853272645156
2002613501383,-4.024169188582263,-9.201136202050368,-1.7173892812192428
2002613501400,-4.740507194894245,-9.142092531787966,-1.5072876136042401
2002613501416,-3.495994096984484,-8.234794119530132,-1.493720766657918
2002613501433,-3.8730843538584097,-7.877905887390072,-1.18848914295102
2002613501450,-3.8494836082795105,-8.314914261919649,-1.4152746775395355
2002613501466,-3.604691888358,-7.465454509306113,-1.1779211218481742
2002613501483,-3.167368886187707,-7.83687283717401,-1.249064431098304
2002613501500,-3.164847994239395,-8.330871848122342,-1.0913784335925867
2002613501516,-3.1223575453112833,-8.029149280828037,-0.8691578877847057
2002613501533,-2.981873202243896,-7.996818665080898,-0.8956654156905564
2002613501550,-3.6082939451664444,-7.822463813978301,-0.8460172879228189
2002613501566,-4.022227194981502,-8.604653758759474,-0.9833498829416356
2002613501583,-4.433084873015644,-8.455078627061404,-1.0282180504178304
2002613501600,-4.885159751528392,-8.286865983054884,-0.3789679935384589
2002613501616,-4.297640401854166,-7.278753857115117,-0.22208729736591293
2002613501633,-3.839292592679146,-6.725596953283136,-0.491053169120796
2002613501650,-4.053255135884928,-7.045162775256345,-0.38969387061883953
2002613501666,-3.873668828143687,-7.756551278823062,-0.7425034540273809
2002613501683,-4.526250229466822,-7.083417202964312,-0.6629104002837085
2002613501700,-4.482954468296971,-6.114673380457024,-0.43393034892703586
2002613501716,-4.6767457808884085,-6.39337977495428,-0.39908487002266213
2002613501733,-4.752984787056124,-5.365382397623206,-0.3759268554173918
2002613501750,-4.091996167618127,-5.533845904398346,-0.33773859978201015
2002613501766,-2.906519591742408,-5.975790105576719,-0.11402749584297567
2002613501783,-3.2937155202803523,-6.867039033881016,-0.24458752085366875
2002613501800,-3.455431029421355,-6.988519683104677,-0.2669773464605769
2002613501816,-4.311770780175287,-7.411730256348344,-0.35872888078250575
2002613501833,-4.299641311723097,-8.237372602048875,-0.5567154508354819
2002613501850,-4.639351940383094,-8.39123560375535,-0.07422353476544874
2002613501866,-4.263310431711785,-8.319210424198687,-0.06322239306210609
2002613501883,-4.798797541552396,-7.957607240563358,0.03288894424955169
2002613501900,-4.935012464436968,-8.212986507716312,0.02987501225903033
2002613501916,-5.064549350418557,-8.331291251581316,-0.15584236541466145
2002613501933,-5.748247243895976,-7.693940942941439,-0.3400911235275168
2002613501950,-5.3952327718888355,-7.90277137491484,-0.4123859073084941
2002613501966,-5.685031848906773,-7.741629470904222,-0.3600921788727858
2002613501983,-5.54762702879678,-7.638153420670422,-0.3560077739542278
2002613502000,-4.671856931799428,-8.123601796291759,-0.5651438449845578
2002613502016,-5.049299280004905,-7.610902496180473,-0.14887386904226263
2002613502033,-4.266983967725569,-7.552342233154819,0.09308200652685539
2002613502050,-4.6381214614244834,-7.137239060310513,0.037491254932676465
2002613502066,-3.979463335246268,-6.8466157313955645,-0.38164732126588863
2002613502083,-2.973521269434805,-6.624740598008723,-0.2875396991300039
2002613502100,-2.008844592991525,-7.021161898903509,-0.3527194333266097
2002613502116,-1.226014775466962,-6.831101356970127,-0.16910981394423574
2002613502133,-1.0997366510591151,-6.481391511998657,0.04598809895641143
2002613502150,0.4891473272866671,-7.563840057407074,0.29457390521141624
2002613502166,0.3599604054651371,-7.856134881043874,0.2689793897968844
2002613502183,0.09266076314876237,-7.528817567851019,0.6598743581269915
2002613502200,-1.1632399322816456,-6.788757779065664,0.8172877593927388
2002613502216,-0.6705978192697915,-7.036837074840562,0.7371821992064294
2002613502233,-1.031554315033187,-6.9465044722460165,0.6977628034965808
2002613502250,-0.9435942304020628,-7.140919320267995,0.917508835852292
2002613502266,-0.4142733432899979,-7.105117766468523,0.4961303017817187
2002613502283,-0.8735451773427831,-6.824371712330924,0.6136677108860735
2002613502300,-1.7264767112018244,-7.34608522663089,0.4043355070621377
2002613502316,-1.336187745939685,-7.650065215143313,0.17321495770685935
2002613502333,-1.13410383825551,-7.48429719773525,0.44434148396366346
2002613502350,-2.4039897444775784,-7.302121263432511,0.30083379044599345
2002613502366,-2.4452841095247835,-7.3610444144205935,0.4264428364112365
2002613502383,-2.147411234606738,-7.19939290375146,0.6985136396413991
2002613502400,-3.4739388078508933,-7.866233372099817,1.1411129181923565
2002613502416,-4.132565491350379,-7.878431027804853,0.8690499293431087
2002613502433,-4.521723754427214,-8.186185237301688,1.1438308119973768
2002613502450,-5.4874868584840115,-8.417871338802547,0.9990350826759364
2002613502466,-5.291803003297819,-7.2183553266562415,1.5399440338626271
2002613502483,-4.804428980663291,-7.229349525695664,1.2000807561952618
2002613502500,-4.503297585312944,-7.414582476164673,1.36089069815793
2002613502516,-5.006136352853939,-6.66644511354149,0.9040788788178697
2002613502533,-5.76182030787996,-7.373975540041711,0.8127462894368733
2002613502550,-6.63757893115541,-7.16617123296559,0.6702551445942531
2002613502566,-7.812303596705554,-7.476087409082565,0.6533941467638029
2002613502583,-7.4228331752880266,-8.403669803962792,0.975261021317849
2002613502600,-8.104121217338548,-8.041493076629065,1.3977314920023889
2002613502616,-8.91913373277568,-7.997118941294113,1.4279009945258978
2002613502633,-9.001240677724583,-8.009518063532962,1.4111830158366048
2002613502650,-9.180955311612122,-7.35649021660355,1.428481509949434
2002613502666,-9.090474163891368,-7.3791314064388,1.212844935044489
2002613502683,-9.197725403265796,-7.420669332322364,0.6643931879959708
2002613502700,-8.789282562565159,-7.762318393940949,0.7595103405579238
2002613502716,-9.119754612259419,-7.9934799456899714,0.7253725294314046
2002613502733,-8.702746256934018,-7.9281519913072955,0.7375266434344523
2002613502750,-7.666043143434539,-7.910853194088824,1.0139364905901136
2002613502766,-7.754239553629474,-7.812444863748847,1.241303723753465
2002613502783,-7.7832865318255955,-7.092485923810203,1.1636853793688453
2002613502800,-7.522329647798297,-6.9821831610273115,1.4603673626590408
2002613502816,-7.607978847153317,-6.998725157223156,1.7667073567399085
2002613502833,-7.4295054740351,-7.689299753714753,1.5725414239097995
2002613502850,-6.090703413343331,-7.5640407164976216,1.3502035014727984
2002613502866,-5.858001607224563,-7.1962036812670105,0.92506954127616
2002613502883,-6.307910556045487,-7.104085657496624,0.6170115114756092
2002613502900,-5.676214249083979,-7.8359234061183045,0.2601607760413591
2002613502916,-5.322429733074353,-7.488385065839273,0.1922480773530162
2002613502933,-5.5585763628788865,-7.219541585464975,-0.00440209154578719
2002613502950,-6.298594506101372,-7.162351586572802,-0.02359432778806747
2002613502966,-5.494090809459647,-7.61422030558732,-0.24131432461586844
2002613502983,-4.968138385260084,-7.7023512114929655,-0.32528186386067537
2002613503000,-4.426591178038447,-8.216616760288414,-0.431321402662443
2002613503016,-4.940605706416317,-8.296309074199376,-0.3929964380000923
2002613503033,-5.558139061462129,-8.375978380534555,-0.1109025880406107
2002613503050,-5.459958858099921,-8.715041054555428,-0.22086649343115905
2002613503066,-5.6561008440966445,-7.665194423979627,-0.16801341041470597
2002613503083,-6.640312439257587,-7.665920011806857,0.07142607296744696
2002613503100,-7.035953166826356,-7.999830490161914,-0.3226038410897498
2002613503116,-7.472607261433848,-8.432745451505532,-0.6950999315018769
2002613503133,-7.625397901584778,-8.406497929946353,-0.8182373466802562
2002613503150,-7.702167504066564,-8.010995536923655,-1.3504774281755876
2002613503166,-8.12830988873805,-7.883649018192708,-1.4224739624919434
2002613503183,-9.070347568147602,-8.015325587502023,-1.618381561126676
2002613503200,-10.204612871562627,-7.943603999381553,-1.5913906780352693
2002613503216,-10.214817887143028,-7.543991569031618,-1.41680374467502
2002613503233,-11.042738595879637,-7.929886828382173,-1.0932071486646664
2002613503250,-10.73330223159681,-7.663794202505965,-1.0995215404177345
2002613503266,-10.726885076841743,-7.462005555579659,-1.398671703395854
2002613503283,-10.788099398889983,-6.517229615707426,-1.1687964129449107
2002613503300,-9.619020893964791,-7.231842834447855,-1.5216887867944893
2002613503316,-8.633340804937761,-7.771292466717756,-1.9113000288215347
2002613503333,-9.923865017100857,-7.945663263979615,-1.8944668010199848
2002613503350,-8.601340932299204,-7.40925041327628,-1.7755192577689165
2002613503366,-8.94932952149778,-6.452909337899405,-1.8891464999132652
2002613503383,-8.431970219120526,-6.341323101458238,-2.15574788359007
2002613503400,-8.489915162287158,-6.646621912227632,-2.2930611723924557
2002613503416,-8.139942834356791,-6.812625282299267,-2.494061496224308
2002613503433,-7.303191608269864,-6.758881875707949,-2.32529279816384
2002613503450,-8.772566746619367,-5.667083748570617,-2.393147147917018
2002613503466,-9.858163472135278,-6.143239223944971,-2.1538366391128143
2002613503483,-10.296754513742354,-5.8284992884459035,-1.7063602803064075
2002613503500,-9.860535620138798,-6.025083419937999,-1.5888346452716364
2002613503516,-8.873415507157908,-5.7857014072942485,-1.3627007861598348
2002613503533,-9.014779260867762,-5.42061016775745,-1.085970813817888
2002613503550,-9.05726231433249,-6.124238829823357,-0.7412088146326048
2002613503566,-9.139872100304533,-6.237764693869279,-1.015609680670258
2002613503583,-9.591088831337625,-6.651208475248885,-0.8546649256662415
2002613503600,-10.425317270004783,-6.5125472479264745,-0.9250116044844479
2002613503616,-8.49419374872928,-6.441044495518618,-0.8268228434542677
2002613503633,-9.17046501154198,-6.676749721955299,-0.2469531449757305
2002613503650,-10.132399125946371,-7.487915140233914,-0.36587051441323615
2002613503666,-10.054504111217272,-7.097730638761216,-0.5777891894079734
2002613503683,-9.549460519878593,-7.173684147812388,-0.7721208557891637
2002613503700,-8.6394021936996,-7.8087136790269875,-1.2321735564887881
2002613503716,-8.37844268767853,-7.4903830700667475,-1.1775023236954276
2002613503733,-7.758519909163938,-7.971075514297484,-1.1475510354018155
2002613503750,-8.111274725947332,-8.266066967277636,-1.3743892601209522
2002613503766,-7.760083289434479,-8.169684632414327,-1.1445036370512005
2002613503783,-8.07107005349988,-7.894030072021531,-1.5957014742344122
2002613503800,-7.64193523597324,-7.813304031530791,-1.2653724201337149
2002613503816,-7.179647981394931,-8.151200446623188,-1.1519546956537403
2002613503833,-6.704068692805045,-8.53694454915077,-0.9018291160638348
2002613503850,-5.4327925734939075,-8.554926282276842,-0.6993564737624602
2002613503866,-5.2487852421053915,-8.462458275211086,-0.918970003135505
2002613503883,-3.9715731427871903,-7.845582929016894,-0.8387919905731873
2002613503900,-4.114104959539873,-8.085469421267424,-0.4082688795562981
2002613503916,-4.052879797103504,-8.970766798860769,-0.5009071977487713
2002613503933,-4.399304379204383,-9.158208794208962,-0.6612972646585222
2002613503950,-3.8498588355874555,-8.792758685152325,-0.577503561040245
2002613503966,-3.940951414489125,-8.878441880921862,-0.7416983171874787
2002613503983,-3.3133493880322815,-9.316225164125317,-1.2044927325035522
2002613504000,-4.8763541899525205,-9.59739182949607,-1.2349436005996215
2002613504016,-4.222720019024125,-9.57979070499843,-1.3011461131977768
2002613504033,-4.156499251624255,-9.681128640592751,-1.437122391338686
2002613504050,-4.7993635839067945,-9.841260628279374,-1.0188099187972628
2002613504066,-4.341971846904426,-9.38007260805976,-1.0281453377675505
2002613504083,-4.682594196211255,-8.976937858108496,-1.2892039201834282
2002613504100,-4.458509646170915,-8.489423942752152,-1.1081605007695807
2002613504116,-4.181539947784616,-7.879152648668432,-0.912323690597791
2002613504133,-4.169679213374709,-7.28325967623362,-1.0654305091971745
2002613504150,-4.02409096849731,-7.7841771728714715,-0.9175153944254013
2002613504166,-3.5019113213020403,-8.400416466342826,-1.3236415930025516
2002613504183,-2.4019233755690346,-8.155033907655238,-0.9995337478212265
2002613504200,-2.858707237488815,-8.855905578938362,-1.0679832839744199
2002613504216,-3.942520548248205,-8.623306522836614,-0.9988977254808877
2002613504233,-3.117200934956604,-8.247575843384677,-0.8741989757844961
2002613504250,-2.9396253611736527,-7.1527245197857265,-1.082893693906519
2002613504266,-3.4612451396572887,-7.790179955809533,-1.0832111966521454
2002613504283,-3.0881818551228557,-8.00241332493452,-1.2563266273653482
2002613504300,-2.8788526216621557,-7.872403699849709,-1.2940553550189773
2002613504316,-2.619225585734288,-7.022182599314241,-1.4844872040201036
2002613504333,-2.51378735860111,-7.305851787153374,-1.9060271251534875
2002613504350,-3.278253082254607,-7.103250949779351,-1.9956231314205253
2002613504366,-3.543144739344122,-7.89909122715871,-2.0474419891890023
2002613504383,-4.669290153658167,-7.914189174536715,-2.2294657320883835
2002613504400,-4.070515746539582,-8.418106188434473,-2.0168144725776593
2002613504416,-5.054620299208735,-8.810110614264952,-1.9579425064813336
2002613504433,-5.269230291662685,-9.393438442647843,-2.174271164178463
2002613504450,-6.244931449708239,-9.946546712039229,-2.061092879917517
2002613504466,-7.403115898885139,-10.456650035538065,-1.9383555584208605
2002613504483,-6.174250511386121,-10.491565630060949,-1.8586802739310446
2002613504500,-4.961313285482109,-9.477307734521892,-1.8738559207086953
2002613504516,-5.082636454747157,-9.653577155003584,-1.813262216533154
2002613504533,-4.691657091546933,-9.220916079484518,-1.5513874802338081
2002613504550,-4.264355444596286,-9.872810545752127,-1.4980255916365155
2002613504566,-5.5507772659734975,-10.208354011578916,-1.268881318886601
2002613504583,-5.065597989192687,-10.471107271601836,-1.1897150590905403
2002613504600,-5.397993688075886,-10.423186393294614,-0.7488524128009337
2002613504616,-6.24880678536079,-10.711048356560486,-0.9271479092950061
2002613504633,-6.4508346641133,-10.858724715882751,-0.9313123910416008
2002613504650,-6.206743751448851,-10.668236600762333,-1.0092833333761684
2002613504666,-5.5637964010671155,-11.566411404254431,-0.7868862938347507
2002613504683,-5.991406065940554,-11.93492568191237,-0.9132476891950525
2002613504700,-5.54288479310964,-11.947585527796877,-1.0488893010512166
2002613504716,-4.955107370346475,-11.53346362260838,-0.7539423533057688
2002613504733,-4.968883984919526,-11.26824133370768,-0.53252292043627
2002613504750,-4.956535351868087,-10.675964074142746,-0.7478788842086663
2002613504766,-4.27140344995245,-10.034481511036388,-0.6143286124496412
2002613504783,-4.003340153102122,-9.991406621281413,-0.9356763035062883
2002613504800,-4.278508602246609,-10.032253313645016,-0.9473109815438387
2002613504816,-5.060714583464798,-9.694463863324792,-1.1323747904964836
2002613504833,-5.408260355234317,-8.728700929679393,-0.9966858774752476
2002613504850,-6.0996504287937245,-9.304475537593365,-0.7660770894794096
2002613504866,-5.987926563196201,-9.366726068693175,-0.5510939836922231
2002613504883,-5.175775596555295,-9.62002244011958,-0.7495452564386382
2002613504900,-4.373267437505928,-10.64536519074687,-0.7864541996546015
2002613504916,-4.602606210930765,-11.01277166307164,-0.7973157922423371
2002613504933,-4.8380807029296715,-11.118285280272126,-1.032491047178302
2002613504950,-5.074029780197125,-11.21162988878465,-0.9688134546982943
2002613504966,-5.1184670507595476,-11.08844900451383,-0.7620206104090403
2002613504983,-5.6108601575687835,-10.773135331087598,-0.8218933547381195
2002613505000,-3.4375271804302407,-10.23925696948558,-0.5204324881720965
2002613505016,-3.6477615288324463,-9.690188815443607,-0.7951340550842712
2002613505033,-3.6899680059226307,-9.969940626688546,-1.0605598577237858
2002613505050,-4.502158024846107,-9.649910365144313,-1.0053500271596554
2002613505066,-3.7207053423695045,-9.908245958723088,-1.0168368058076793
2002613505083,-3.17298626848939,-9.886726718314392,-1.4406582034019955
2002613505100,-2.6112970337898713,-9.831411446004,-1.4678305494118054
2002613505116,-1.6768485345384199,-10.03521036008915,-1.3064432146193994
2002613505133,-1.3153391319407826,-9.383185185175392,-1.3541850748955497
2002613505150,-0.9201718459269843,-8.957419625209447,-1.0060510416709312
2002613505166,-0.5497173314916433,-9.314621235876388,-0.5261372054320712
2002613505183,-0.4611583868840965,-9.509840552593552,-0.5855660795931077
2002613505200,-0.7729192951457797,-10.130950737189348,-0.387778533894108
2002613505216,-0.791895581856874,-9.945253347387947,-0.4401918246133665
2002613505233,0.1008987853934773,-10.231346307310274,-0.6207936544008392
2002613505250,0.4307617255999414,-10.202506435272735,-0.6161474003409761
2002613505266,-0.1672517635027262,-10.4126213078186,-0.7290876316747907
2002613505283,-0.3500688204545046,-10.215416278259429,-0.4287198060313031
2002613505300,-1.3930312695478055,-10.298368134096048,-0.3759442638049624
2002613505316,-2.1536932612471147,-9.981846735595983,-0.13926975232185512
2002613505333,-1.6787209567421209,-9.528352495151697,-0.053727194474678885
2002613505350,-1.474514852812744,-9.180161675556029,-0.23032380238704553
2002613505366,-1.6887592630583006,-8.93111225389287,-0.24517927957582453
2002613505383,-1.7637879990198195,-8.56913943711626,-0.6652518265177227
2002613505400,-1.478442789174503,-8.574745438675532,-0.44319335150186445
2002613505416,-2.568175645237274,-8.435914689954709,-0.34804687835360015
2002613505433,-2.8717329295840175,-9.037675334412988,-0.43079755009317244
2002613505450,-2.6172989365906627,-9.06352745795599,-0.7546261987768164
2002613505466,-2.715267406504679,-8.512945729114552,-0.26293968843725635
2002613505483,-1.7080562727340864,-9.460404605804797,-0.34613147048528914
2002613505500,-2.243068892440206,-9.483970742210227,-0.45207807678173717
2002613505516,-2.747846479303197,-10.327389145211232,-0.4467866524234756
2002613505533,-2.1675425455477866,-10.101838423955932,-0.519060534502453
2002613505550,-3.163001284401369,-8.796155431591405,-0.8241291477490318
2002613505566,-2.1288170346885997,-8.622486029261488,-0.9854859027072009
2002613505583,-2.2170956503994685,-8.907695040561727,-1.228783698248955
2002613505600,-1.744595522206526,-8.861609245943445,-1.6096300076740828
2002613505616,-1.710736453952221,-9.050141516979343,-1.7122249614110303
2002613505633,-2.297185534535511,-8.628963154832215,-1.8199777435995363
2002613505650,-1.7301720063303918,-8.674859199074094,-2.209026225066567
2002613505666,-0.7876685632634475,-8.374276160904497,-1.9373700858663687
2002613505683,-1.9463077615057984,-8.348494687115746,-1.8543594284385505
2002613505700,-1.800409662673431,-8.056528447664782,-1.706927631666209
2002613505716,-1.880547241698845,-8.084526270095918,-1.7560476039332262
2002613505733,-1.5322958099640975,-7.665940437510211,-2.0597495335927594
2002613505750,-1.6240522792041538,-7.596288617448851,-2.065422468493418
2002613505766,-1.486942787524189,-8.292941442509605,-2.436136305175805
2002613505783,-0.9575387181534687,-8.370913074392313,-2.672124139965004
2002613505800,-0.8749027005690406,-8.963826003199387,-2.535239513119782
2002613505816,-1.6013180395519249,-8.913108000757452,-2.3277319836017574
2002613505833,-0.34231216880529125,-8.025461446856664,-2.3339183093941416
2002613505850,-0.4904288764288278,-8.129232953832659,-2.3506422329263943
2002613505866,-0.6403547646475269,-8.08197032405407,-2.4341299259843354
2002613505883,-0.23589056815207243,-8.079941552748041,-2.4721381366834883
2002613505900,-1.3661054204528256,-8.221707650529124,-2.3350140343271835
2002613505916,-2.6296685793219017,-8.49633358689812,-2.505555693741973
2002613505933,-2.921600368610185,-7.969089078218475,-2.5680593479845326
2002613505950,-2.966099545791348,-8.866894164348526,-2.6670932179898617
2002613505966,-2.3330024848947737,-8.685577570338593,-2.579071919443709
2002613505983,-3.304150888082027,-9.261650452837598,-2.4200099048193784
2002613506000,-3.9885256472668034,-9.043081890310255,-2.2532323927347484
2002613506016,-3.3896419268777933,-9.208725463303406,-1.926896108938833
2002613506033,-2.989235697786953,-9.269691794664652,-1.710011386239372
2002613506050,-3.1984672857345537,-9.582299084098436,-1.9537127244682613
2002613506066,-3.2612200455799676,-9.09806991033138,-2.081940780548793
2002613506083,-3.368169014613107,-9.374247661295922,-1.910838081623494
2002613506100,-3.35781915248951,-10.070494991707204,-2.2595900148726775
2002613506116,-2.9623864016523185,-10.61975384447713,-2.018363636275271
2002613506133,-3.030782783199019,-9.930994376505062,-1.905842905067666
2002613506150,-3.490612548072092,-10.092214043060805,-1.4868283152885253
2002613506166,-3.396350039883397,-10.425664289212921,-1.337515527750367
2002613506183,-4.930787223604394,-10.629528434307048,-1.4199326755958785
2002613506200,-5.298059582203006,-10.508667387671931,-1.3117737044592963
2002613506216,-5.385619473302344,-11.852925002901067,-1.0340759467285634
2002613506233,-5.188743729308942,-11.976095605665455,-0.8129695586083403
2002613506250,-3.51354759898065,-11.504314672634342,-0.8426879369440201
2002613506266,-2.668573754292103,-11.565927627149936,-1.155298874900667
2002613506283,-2.7148900029340557,-11.655556801059014,-1.0259336074650018
2002613506300,-2.8469638235428434,-12.752512468076791,-1.3458222458254472
2002613506316,-1.9089588920287168,-13.267311729184295,-1.247021941193254
2002613506333,-1.3027419596134058,-13.573307426943227,-1.5567078258800988
2002613506350,-2.057994748618179,-13.406097274547378,-1.4946187661818062
2002613506366,-2.5588128918228406,-13.096924090698042,-1.5977609414764817
2002613506383,-2.553706720254773,-13.206716991348049,-1.8152394065152508
2002613506400,-1.8172642894454931,-13.061065301894882,-2.160612999641981
2002613506416,-1.8256839364552007,-12.909838522019752,-2.261277046800619
2002613506433,-1.3926409578942343,-12.870694321396815,-2.432586334812866
2002613506450,-0.7000144849286452,-13.190187490771958,-2.1761023284379695
2002613506466,-0.7335217250553212,-13.016761386063434,-2.142421834259421
2002613506483,-0.6987146542704936,-12.723616746614475,-2.2626057338599974
2002613506500,-1.124846118397084,-12.686268952186051,-2.6008512118659706
2002613506516,-1.5119055664182564,-11.706700851977512,-2.1878333343504703
2002613506533,-1.378467773051331,-12.25280028312756,-2.076453373919197
2002613506550,-2.459293034776101,-11.954869068655999,-2.044852738022957
2002613506566,-2.7938451999869103,-12.56464661951826,-2.0042372191334
2002613506583,-2.783553782712334,-12.482642422293907,-1.9701815259083846
2002613506600,-2.8882864162760757,-12.688286018802621,-2.1166122511398626
2002613506616,-2.317738772996049,-12.287194641397065,-2.3912482025429256
2002613506633,-1.982263465374992,-11.950907456268158,-2.206732580360254
2002613506650,-1.2125442263637005,-12.71960759744415,-2.5335239650824555
2002613506666,-0.883661200424644,-12.33275312135996,-2.273265001072829
2002613506683,-0.993586888128065,-11.537111044548732,-2.2701368040732652
2002613506700,-0.9682791047989401,-11.27787064518246,-2.629726904149316
2002613506716,-0.6655146268211354,-11.813395322448619,-2.5780745798216738
2002613506733,-0.27625432551157036,-12.049968317436301,-2.7012548280639646
2002613506750,-0.513402058474826,-12.078449629320847,-2.525892675342918
2002613506766,-0.04597929185756122,-11.690874906313649,-2.18293238585625
2002613506783,-0.045445278809433276,-11.970480649805559,-2.199634991211019
2002613506800,-0.11488363036840621,-11.73308492414549,-1.7660583903380545
2002613506816,-0.3426819539539405,-11.40963332674574,-1.890160606878347
2002613506833,0.0974302869566337,-11.031409863888683,-1.9544944117328464
2002613506850,0.11826882638632608,-10.731169659503191,-1.9308863268638439
2002613506866,1.0575842578593972,-10.743260930527871,-1.8419012900921015
2002613506883,1.1624709164613174,-11.107676267654625,-1.7478513465152576
2002613506900,2.1456733581323535,-11.51315188339771,-1.5269736611609976
2002613506916,2.304911251433225,-11.114887323213956,-1.7890885719397391
2002613506933,2.41161875830252,-11.339839921176589,-1.5794560506415425
2002613506950,2.7886925745068813,-11.122405836922521,-1.593218092108661
2002613506966,2.478304645443383,-11.666847373227156,-1.7627421616675716
2002613506983,2.620215233022212,-11.607255366948067,-2.124787838224056
2002613507000,3.2913144821048954,-10.990921323493563,-2.3253987629353707
2002613507016,3.563014271429732,-11.039826313998995,-2.5767953613526573
2002613507033,2.9573845702856447,-11.57270959491382,-2.595376028008208
2002613507050,3.8893658291910667,-11.251455838411577,-2.116742562385178
2002613507066,4.547599425213041,-10.72223916614066,-2.460913680708335
2002613507083,6.462327412341561,-10.574071972907156,-2.6795095762583676
2002613507100,5.544608045153329,-10.267286590247203,-2.618314140164508
2002613507116,5.255625560833789,-10.45838195077844,-2.4118340354086074
2002613507133,4.923885556024742,-10.419434362058336,-2.540679051132858
2002613507150,4.432452117384918,-10.852281321573534,-2.4764775857777277
2002613507166,4.043575107842789,-10.472594016944067,-2.1472597255729524
2002613507183,3.7932362580114516,-10.112382410765138,-2.3263838560592487
2002613507200,3.6346932604669773,-10.395225952918263,-2.121266901344969
2002613507216,4.1044192721324775,-10.083999293694017,-2.443646805459077
2002613507233,3.382516681765744,-10.492221083468507,-2.4559995377021875
2002613507250,2.9271400906685043,-10.164593411434213,-2.0124831334928097
2002613507266,2.700064990956432,-10.165750074612326,-1.7152895601433373
2002613507283,2.1720377195086087,-9.403481779173969,-1.8985368747868536
2002613507300,1.7049973130409315,-9.241720558787755,-1.7921548783087848
2002613507316,1.820026446183065,-8.917657264486492,-1.5834104405194875
2002613507333,1.915822524061915,-8.882022731398298,-1.2302077289437965
2002613507350,2.621769992303695,-9.821098875055583,-1.3501479812435728
2002613507366,2.768237805062019,-9.459488530535559,-1.1800701251903791
2002613507383,1.994034293930195,-9.267088629297369,-1.3886362605802434
2002613507400,1.8774795178718344,-10.209176513286366,-1.2161748026364276
2002613507416,1.8325926127489005,-10.25972846961922,-1.0098593524668553
2002613507433,1.4757228803887523,-10.057939856568314,-1.086778602820164
2002613507450,0.5529347394687418,-10.672756805453556,-1.4645127552238522
2002613507466,0.8017516252719181,-11.381155789957507,-1.6363960980267191
2002613507483,0.1297259603090577,-11.244946245130896,-1.722972348064097
2002613507500,0.03403005876530418,-10.645470251368707,-1.3656595550943182
2002613507516,0.7869670230260786,-10.335704616176134,-1.5755935887656023
2002613507533,0.5438425192551604,-10.323803596715091,-1.4220036014444868
2002613507550,0.8623957442869248,-10.164804602664095,-1.46382634010554
2002613507566,1.3423730921475299,-10.792043734313161,-1.371878729002014
2002613507583,0.5981962650747104,-10.591030973856732,-1.4674445001269658
2002613507600,1.0831537270164802,-10.443493785621627,-2.0003309932872733
2002613507616,1.1979505104151222,-10.05600978516551,-2.0464056050159933
2002613507633,1.3912563287537845,-10.176754639049886,-1.9467969476746243
2002613507650,1.5070049002696884,-10.033926608868907,-2.128811609692855
2002613507666,1.5872379550350528,-9.82896764196402,-1.859958398438689
2002613507683,1.6164462463057925,-9.33995896786537,-1.5147495799290949
2002613507700,0.5611880254132613,-9.883679421566976,-1.1315986979795518
2002613507716,0.9094878716694357,-9.175797684891918,-1.4365801754597551
2002613507733,1.752965330905992,-9.097303944700283,-1.1146427333248319
2002613507750,1.6768471777002159,-9.103650261974792,-1.1448408291160634
2002613507766,1.3077037935013367,-8.916442756687745,-1.1883671753677647
2002613507783,1.3447286184813372,-8.164666948388463,-1.0385224050743562
2002613507800,2.175060898263335,-8.460798914450152,-0.6577649686248037
2002613507816,1.5377014035786667,-8.05035211737614,-1.1258583222896719
2002613507833,1.626626396437496,-7.1534358095052255,-0.8980606720751114
2002613507850,1.6478102467168956,-7.032576974612558,-0.8286403756751897
2002613507866,1.482253831899068,-7.1182789453837465,-0.6171573119040832
2002613507883,1.2850476738952148,-6.974755607616904,-0.6226221472473545
2002613507900,2.0688329723461463,-7.105038571534093,-0.5551328576851198
2002613507916,2.835910054843107,-7.3272905973841755,-0.4947278591161979
2002613507933,1.9819578693662026,-8.163439858730438,-0.2894808418813173
2002613507950,1.7757827171190685,-8.29036702566474,-0.4527052020243967
2002613507966,0.48265542115552496,-8.208368829407211,-0.38997875927434533
2002613507983,0.35538074704074685,-7.970142804821764,-0.7424475578326666
2002613508000,0.413890886371294,-7.847636454542923,-0.612988951482718
2002613508016,-1.1373232378978022,-8.330110884728528,-0.3271153811924026
2002613508033,-0.338754961718311,-8.94529476191409,-0.06047298967326231
2002613508050,0.033080022355381544,-8.652117043807968,-0.11305178728653464
2002613508066,-0.9382831715819169,-8.4801987686422,-0.23167999746156331
2002613508083,-1.7818368778464415,-7.835056725369585,-0.04090940769493967
2002613508100,-2.982237313826584,-7.453711800456523,-0.25501731284603846
2002613508116,-3.5565692031460223,-7.0809018247940845,-0.06149032113947106
2002613508133,-2.522756694970143,-6.94561560423904,-0.06743268775666866
2002613508150,-2.523041496956847,-6.952596966439183,-0.408101732872471
2002613508166,-3.2907299408133706,-6.538728491282153,-0.2638742086772865
2002613508183,-3.1479071363168387,-6.676101489405006,-0.6144997411151438
2002613508200,-3.818110599800513,-7.333165373869271,-0.3878566201311364
2002613508216,-4.1293315548521035,-7.1646559916570105,-0.5194616387286684
2002613508233,-3.680477561764497,-7.103873492662084,-0.7593463412473722
2002613508250,-4.506010359225471,-6.824307779887878,-1.093409234317567
2002613508266,-4.797100852794534,-6.578868202824653,-1.2584591318156817
2002613508283,-4.474040502267277,-6.047268390460047,-1.150883627630604
2002613508300,-3.890396036623775,-4.964077650096988,-1.218676293579057
2002613508316,-4.003339928937783,-5.408807148146566,-1.2781886639793747
2002613508333,-3.1158771031934216,-5.578638571545658,-1.1880766019947235
2002613508350,-3.091293834960086,-5.893582155456373,-1.4992111397419117
2002613508366,-3.4686924271564927,-5.570925739258186,-1.60925652577483
2002613508383,-3.4618922972386406,-6.210502024029742,-1.6226598459650077
2002613508400,-2.8794011936053168,-6.599620204675698,-1.5815385386497496
2002613508416,-2.7603877503604157,-5.867483576424261,-1.407384955196798
2002613508433,-3.1325584132812625,-5.947827691587749,-1.5104225188045983
2002613508450,-3.31984317456648,-6.472014369315958,-1.6947619402645562
2002613508466,-4.443878556182206,-5.785226554514592,-1.9631662715931224
2002613508483,-4.321796638702945,-5.8593584514629455,-1.7289814966828614
2002613508500,-4.076568629781814,-5.857229930706382,-2.0275587214143167
2002613508516,-4.406904353493653,-6.7634219968539915,-2.028227118707408
2002613508533,-4.633101731997041,-6.64474854696935,-1.9717856429464469
2002613508550,-4.601608945598994,-6.539823794532981,-1.9169858963736643
2002613508566,-4.815963122452072,-5.851422913390219,-1.9868403511505204
2002613508583,-5.493726041979823,-5.595181017568065,-2.1828174617700316
2002613508600,-4.040213316746519,-4.8145058938873735,-2.2655785855777193
2002613508616,-5.120720121145174,-4.542161352804417,-2.1775472423748274
2002613508633,-5.229972947706617,-4.25346962138449,-2.216117406062671
2002613508650,-4.561181431182055,-4.977920066841102,-1.845591534762724
2002613508666,-4.74160766536398,-4.399534577493572,-1.6528496190037765
2002613508683,-4.78439112123121,-4.068559879957892,-1.5780250268226628
2002613508700,-5.051053621833568,-3.7729799134226547,-1.5439966336946853
2002613508716,-6.138735154164166,-4.637890776928,-1.7254403930752387
2002613508733,-6.028805279596804,-4.647756795567373,-1.4331006018674188
2002613508750,-5.222687350609894,-4.87435586241562,-1.2694946309883797
2002613508766,-5.799502167613703,-5.185184322095214,-1.0499295882995694
2002613508783,-5.763384349552394,-5.217307675061844,-1.4094814853346007
2002613508800,-5.689667312547426,-5.475745785856657,-1.6634763620025057
2002613508816,-5.7400179447476365,-5.483743254324292,-1.3454788457907934
2002613508833,-5.6752278909908895,-5.435821103859029,-1.3458525956014362
2002613508850,-6.268723528064631,-4.912605450520196,-1.2028099501963196
2002613508866,-6.220616151919058,-5.6142508890631815,-1.1228556266359324
2002613508883,-5.890366814618156,-5.391026531272962,-1.077091061716821
2002613508900,-5.347346316419839,-6.0245561978378,-1.4385644736744776
2002613508916,-5.265442908426866,-6.165297875215091,-1.5948896513771915
2002613508933,-5.592221814663027,-7.142318347357477,-1.9582587341879012
2002613508950,-6.256745443245308,-6.612809227800656,-2.062131501629821
2002613508966,-6.535352208237602,-6.306716004268945,-1.8900280857284133
2002613508983,-6.603911749281057,-5.888021112035531,-1.969836924556998
2002613509000,-5.980337067299924,-5.807708964661627,-2.275351690474698
2002613509016,-5.5496219415716705,-5.456945214505453,-2.3895320292994082
2002613509033,-6.289962443696237,-5.728797063441086,-2.5940287543675273
2002613509050,-6.580781936598818,-5.097388544065904,-2.313705019472799
2002613509066,-5.499608361952914,-5.619662959331412,-2.836523137640261
2002613509083,-5.3490156526188235,-6.531496061609429,-2.632978524352844
2002613509100,-5.061188539311592,-6.274497021913125,-2.8958311651432225
2002613509116,-4.459819622020116,-6.1402766035195615,-2.5754422482136565
2002613509133,-3.7681380353031777,-5.518986455943097,-2.152884600389316
2002613509150,-4.42297917390132,-5.637328937326651,-2.167100744790109
2002613509166,-4.525128372806529,-5.895660236344034,-1.9257550780037795
2002613509183,-4.6601826238678346,-6.015919373578159,-2.215721728058401
2002613509200,-4.346510141552189,-5.803023976245504,-1.8414817237854264
2002613509216,-2.688607199041471,-5.320736787341919,-1.8231390096862659
2002613509233,-3.0515957323486664,-5.903641372620605,-1.9447366277751612
2002613509250,-3.3050527819782767,-5.832059102446066,-1.8817798409419793
2002613509266,-3.0310601665738366,-5.059863180623108,-1.7951855968915087
2002613509283,-2.9923713994746928,-5.215261610231219,-2.165276436540101
2002613509300,-3.506408194028385,-5.2476668277308995,-1.9020022155713643
2002613509316,-4.308692256002246,-4.922465814522402,-1.821821009880693
2002613509333,-4.862730139279223,-4.74264172155344,-1.6393437509891
2002613509350,-5.16282272678917,-4.568256956876442,-1.908348691020334
2002613509366,-5.475710485649084,-5.420156755725825,-1.7362045605818501
2002613509383,-4.8678545244914515,-5.483112199522057,-1.6478167566167592
2002613509400,-4.1977687700892625,-5.826195226503551,-2.0418339543396513
2002613509416,-3.0768927780379696,-5.672538211364367,-2.1351776166487872
2002613509433,-2.578504729976676,-5.450092681430267,-2.2284524442996974
2002613509450,-2.2147158035310217,-6.242102884328046,-2.17947010968623
2002613509466,-1.6135625213082707,-5.70840587892907,-2.304995453839396
2002613509483,-1.9821354605763641,-5.358482256842579,-2.611013109485582
2002613509500,-1.5093666420962188,-4.650840596806091,-2.5000614084448376
2002613509516,-1.342132168702821,-4.225919963681005,-2.3147905590763482
2002613509533,-1.1625547946959136,-3.934250913725186,-2.440612992935294
2002613509550,-1.1378300422914895,-3.9725083944002226,-2.8285712140985115
2002613509566,-0.7254833644903282,-3.4534027341168327,-2.8328261137740336
2002613509583,-1.194491360381118,-4.194464593054803,-2.8964881533349995
2002613509600,-0.7039094884069899,-4.624605820953771,-3.151703047189552
2002613509616,-0.4778333591210693,-4.738297688703726,-3.483773861004714
2002613509633,-1.1271174952647307,-4.4655170221909515,-3.5101099515672103
2002613509650,-1.1729500850415588,-4.044477341608335,-3.6484645562791425
2002613509666,-0.7198733759798577,-3.7959415991506074,-3.9016164023512965
2002613509683,0.36137007073785465,-4.115751115774928,-3.72821545166725
2002613509700,-0.9449436964790694,-4.434465347512766,-3.7473852179066967
2002613509716,-0.7220646401659474,-4.107553633584542,-3.6368498929710675
2002613509733,-0.947018231216548,-3.6574123347302416,-3.326742660270246
2002613509750,-1.7530349090175772,-3.3273937655754207,-3.6235769730788414
2002613509766,-1.486412989753,-3.382922429624541,-3.4858675393789538
2002613509783,-2.1091908855497237,-2.810999916954741,-3.388366565435401
2002613509800,-2.775597141020469,-3.685552060725658,-3.559804749467982
2002613509816,-3.401040107970069,-4.067584409125636,-3.8111675377969325
2002613509833,-3.2128383700149525,-3.817335475055775,-3.714080554008656
2002613509850,-2.918984138411181,-4.327758331955548,-4.06889190732598
2002613509866,-3.1026509262311808,-4.5685894267370495,-3.7046421146390225
2002613509883,-3.324450155612015,-4.325125804585136,-3.9163819712662686
2002613509900,-3.6128322349153326,-3.569384386890714,-3.8979377476130184
2002613509916,-3.372017874040253,-3.4873485801247877,-3.8514839417345326
2002613509933,-2.7787730314234205,-3.6420975065188497,-3.801891335285804
2002613509950,-3.918703862753915,-3.6958227088344224,-4.0384106947101
2002613509966,-4.445030941453637,-3.300553396211378,-4.446161523714826
2002613509983,-4.739490146654354,-3.9517069949078603,-4.200580565845157
2002613510000,-5.621718257368719,-4.166003681531306,-3.9703169218319045
2002613510016,-5.163670582788383,-4.367594337708217,-4.166062264809502
2002613510033,-5.194262101203413,-4.201850594234748,-4.080630359463986
2002613510050,-5.188039108877297,-4.360143104266744,-3.722080030490605
2002613510066,-5.28470623490639,-3.9143727320542223,-3.7302150638756593
2002613510083,-5.14042768739248,-4.027427189251604,-3.5621707013465573
2002613510100,-5.701292556638178,-4.431301227144692,-3.380031021134471
2002613510116,-6.36219366386129,-4.752225755972544,-3.2325980367780964
2002613510133,-5.675419159379673,-5.401691209229326,-3.1177881105094447
2002613510150,-5.040025277372742,-5.5784837919863435,-2.8841166663634503
2002613510166,-4.971403464007356,-5.008011754435525,-3.389856479113005
2002613510183,-5.706598524939103,-4.941447796794934,-3.2946716673950815
2002613510200,-5.946142925531559,-4.9276873488226745,-2.8205367997932704
2002613510216,-4.978817585805263,-4.26760055460681,-2.751849602837778
2002613510233,-6.237925637172278,-4.212308441044239,-2.3966063172297596
2002613510250,-5.009505852244,-4.048598749279337,-2.513183890446481
2002613510266,-5.365064167770653,-3.7966623873898953,-2.670427859764432
2002613510283,-5.817517505083701,-3.446982007840341,-2.482260533470434
2002613510300,-5.693986210870198,-3.944077424683743,-2.4895626717293458
2002613510316,-5.694320653587998,-4.241699783580824,-2.3651067652200446
2002613510333,-4.644231060701447,-4.5802236678278305,-1.9654653122062515
2002613510350,-5.096567781025054,-4.908868592729833,-1.9987870615500614
2002613510366,-5.140110692922002,-4.829137703264167,-2.067476138857103
2002613510383,-5.1059447910463795,-5.0435539789949155,-2.3232904073166774
2002613510400,-4.719242816534378,-5.811189529120956,-2.567625258820535
2002613510416,-5.539210722047458,-5.439021938317725,-2.2297144985614286
2002613510433,-5.547096521741811,-5.177236842479082,-2.1860178154362977
2002613510450,-5.851210279818253,-5.6766652010843615,-2.0889569083158315
2002613510466,-6.006390891754195,-5.832182413968512,-2.4286125606230544
2002613510483,-7.077338921796673,-5.596403614597204,-2.428982279794711
2002613510500,-6.870040103395185,-5.006346840727432,-2.7572159360355117
2002613510516,-6.879880829350618,-4.736964698457621,-2.5539789122981493
2002613510533,-6.837267369144942,-5.034253396325093,-2.7801862791355165
2002613510550,-7.278178667089657,-4.556120149819971,-2.8584064342843534
2002613510566,-6.327878149273618,-5.221116238660437,-3.0576582217912724
2002613510583,-6.856861309840847,-5.614916194649871,-3.313327797315737
2002613510600,-6.399981954900655,-6.1834534837725394,-3.699982238275397
2002613510616,-6.398575680141037,-6.3752498384908485,-3.5743071202470458
2002613510633,-6.434749010606515,-6.144510160531681,-3.480449830681642
2002613510650,-6.311851603385925,-6.2626294516429954,-3.4144636795126386
2002613510666,-5.766923888826133,-6.10585866311429,-3.5448517852513692
2002613510683,-6.100731410727872,-5.990182958366115,-3.7587831987995255
2002613510700,-5.708771054238191,-5.209514070152355,-3.9639718162517728
2002613510716,-5.8297707643107755,-5.284291577414873,-3.8795977251507003
2002613510733,-5.446458118597326,-4.487382676365723,-3.4807464345492103
2002613510750,-5.499574903881401,-4.616357262725181,-3.148419378236682
2002613510766,-6.116114692319317,-4.663819091449,-3.4004276011053025
2002613510783,-5.9503956774330815,-4.80884884460583,-3.253689367064462
2002613510800,-5.6064614985891765,-4.357614564188147,-3.135143254470301
2002613510816,-5.734982200933206,-3.7648595754324115,-3.060390787085137
2002613510833,-5.466170892462827,-4.279597468843739,-2.984424754621393
2002613510850,-4.914646379771136,-3.9809516879703377,-2.780398732824429
2002613510866,-4.0912763083817785,-4.233611380525103,-2.4546005472639036
2002613510883,-4.82196952362015,-5.052914179322886,-2.6214132927631884
2002613510900,-4.443857642559363,-4.8543061321076255,-2.289237990485386
2002613510916,-5.327113974600185,-5.213427038645718,-2.360866289656604
2002613510933,-4.093383503447344,-4.840417587867735,-2.590677691328681
2002613510950,-3.848583511533839,-5.163970781675939,-2.5006620409974305
2002613510966,-3.7742945030256427,-4.66045913187794,-2.387780170983357
2002613510983,-3.1915706610931562,-4.945185102880482,-2.2497107479726033
2002613511000,-3.4930726495883757,-4.39790672858879,-2.649939206434632
2002613511016,-4.236256636060121,-4.459950606502841,-2.739270847430862
2002613511033,-5.5195917066152465,-4.02050241909307,-2.994158351993355
2002613511050,-5.495557325242775,-3.6425013861656788,-3.3811735470926925
2002613511066,-5.103242829782609,-3.8184185556729973,-3.7370991353055185
2002613511083,-4.652377632188027,-3.9737980120405028,-3.7172071924656187
2002613511100,-6.139528303892284,-3.6363591838556633,-3.707278812972927
2002613511116,-5.666559610619025,-3.8986218863125015,-3.680504026339721
2002613511133,-5.920622021921238,-4.569202261621116,-3.832822683539309
2002613511150,-5.191393682187838,-4.373862197113904,-3.9650085234985264
2002613511166,-5.444940881367523,-5.169936585949199,-4.052144478001923
2002613511183,-5.701894337868719,-4.721199363363429,-4.160797212975932
2002613511200,-6.09014691205683,-5.551155228265947,-4.072537707029284
2002613511216,-5.711792901298692,-5.6070668671878945,-4.103248195564715
2002613511233,-5.200330089115226,-4.8349850666728456,-3.857676515105382
2002613511250,-4.5697742426962735,-4.227894305259931,-4.137078346850248
2002613511266,-3.9697164375125364,-4.186730335793649,-4.26666272529252
2002613511283,-4.257616207939654,-5.129456496164215,-4.379020246434538
2002613511300,-3.920167822434818,-5.204813129415552,-4.173335654879366
2002613511316,-4.046611155688899,-4.754084075474412,-4.003794384684436
2002613511333,-3.2007654795523197,-4.926952075969014,-3.812090868553251
2002613511350,-2.5472007612163954,-5.834982999455655,-3.800210524169098
2002613511366,-2.7699637590291335,-5.293048621111276,-3.854534105291485
2002613511383,-3.8388814423175077,-5.35742961145096,-3.9895928467614095
2002613511400,-4.230825617481424,-5.298859466575492,-3.497806567269884
2002613511416,-3.1997792084036143,-5.126129680792693,-3.27138115462731
2002613511433,-2.62442681186126,-5.495209814629746,-3.4153537454268776
2002613511450,-2.875057048154157,-5.325048250371679,-3.5984932158435328
2002613511466,-3.6681429679133988,-5.232124010314846,-3.316907195173139
2002613511483,-4.2472180297835145,-4.940906379131555,-3.2653392890285784
2002613511500,-4.58626897325924,-5.125650161515803,-3.1879506961312654
2002613511516,-4.660259336198855,-4.915796155639199,-3.2856561820255896
2002613511533,-4.466179820823281,-4.599849842577957,-3.1862882413309626
2002613511550,-4.950242449815505,-4.541069079659329,-2.9746075918443635
2002613511566,-5.61914326968621,-4.281996075922235,-3.1751272367431462
2002613511583,-5.655964225415656,-4.0260494273997445,-2.8480649416169057
2002613511600,-5.002047615056457,-4.000875865801206,-2.9180278321956545
2002613511616,-5.7249305978039065,-3.931866209188834,-2.993301631152286
2002613511633,-5.175391928789543,-3.675930579420488,-3.0681219241784397
2002613511650,-5.064387802220206,-3.3045940337857482,-3.1195057714259895
2002613511666,-5.234879401782505,-3.926612628304469,-2.932045926684725
2002613511683,-5.258133322443605,-3.993480966176188,-2.783220685417837
2002613511700,-4.343628190142375,-3.9176104548221327,-2.4348499995846997
2002613511716,-3.7117453102084594,-4.167200768486992,-2.3686656066729364
2002613511733,-3.4024089173506478,-4.938371143596136,-2.3262305230594174
2002613511750,-2.9270045751289553,-4.900620436205988,-2.402028085889664
2002613511766,-3.4836355769672713,-5.028170847576294,-2.2875394012791403
2002613511783,-3.859246477654204,-5.618036641364414,-2.4768400871612166
2002613511800,-3.5836934682884145,-6.06325591447504,-2.7391230009332923
2002613511816,-3.293252093037767,-6.113718368502266,-2.799560614519449
2002613511833,-4.020341767950477,-5.680536183641912,-2.778998593374113
2002613511850,-4.680065885273985,-6.326414799837232,-2.7955326486940577
2002613511866,-5.030605377350624,-6.105735411975405,-2.5870806154521384
2002613511883,-5.696984357313178,-5.788034190903888,-2.6019390763461594
2002613511900,-6.141039084990323,-5.591455026311154,-2.3264163977314816
2002613511916,-5.9518741664672765,-6.431773384846393,-2.6042471507572578
2002613511933,-6.21002282304302,-5.837387391412064,-2.546416426466262
2002613511950,-5.701633699539521,-6.327828246925186,-2.313590295197599
2002613511966,-5.484190001327111,-6.338867168078974,-2.1196569028109984
2002613511983,-4.5202808229193785,-6.949881462461037,-2.2189192799648882
2002613512000,-4.7014816161493105,-6.874126866371119,-2.115838095213972
2002613512016,-3.8238399226075828,-6.538941791663294,-1.9757006198854206
2002613512033,-4.0661735351433705,-6.660238596305283,-1.7942309467681734
2002613512050,-3.9007837373389687,-6.61831368510159,-1.935323749600985
2002613512066,-2.6970181815629473,-6.452057963492504,-1.8785179240572165
2002613512083,-2.3959308881302874,-6.305840866894947,-1.964248124452797
2002613512100,-1.6674821662526855,-6.218825511975253,-2.3017726889505346
2002613512116,-2.480366190391584,-6.529002888979003,-2.500687998778485
2002613512133,-2.283057320612924,-6.90511342809801,-2.825926343300957
2002613512150,-2.638326400564304,-6.648186261141328,-2.8247866806051527
2002613512166,-2.887966857972135,-7.076851478213443,-2.660144588448624
2002613512183,-4.059625608853983,-6.094866839800365,-2.43357027636947
2002613512200,-3.683102478287644,-6.002664464122376,-2.602295367880566
2002613512216,-4.494313029195244,-6.544263861897601,-2.535444343018047
2002613512233,-4.921536087415541,-6.506738590742169,-2.8548681798830153
2002613512250,-4.028172851447489,-5.8867118514613725,-3.126424979865056
2002613512266,-4.440615569100514,-6.275214871729314,-3.0897012503221255
2002613512283,-5.374037698926197,-5.879723018634204,-3.165012737610356
2002613512300,-4.8976940146920676,-5.703011519137303,-2.9067096953536242
2002613512316,-5.722304934632565,-5.755294722938698,-2.7448010338014805
2002613512333,-5.596111099108447,-6.540918032744652,-2.7185496590208817
2002613512350,-5.214249284698906,-6.531838127501555,-2.625919309707068
2002613512366,-4.956890187185192,-6.017462349821962,-2.605593688333003
2002613512383,-4.449745231870788,-5.982040135934593,-2.4802111389910597
2002613512400,-4.617882320083413,-6.049450324750427,-2.3343389371015864
2002613512416,-4.26249785712167,-5.63304075751299,-2.5102210045291518
2002613512433,-4.452089385776963,-5.481613494810487,-2.210430963655968
2002613512450,-4.608579260620365,-5.462974416276237,-1.9443598369695185
2002613512466,-4.657717134553116,-5.620697793230607,-1.835570404923775
2002613512483,-5.41312481962971,-5.474281423237633,-1.9035303096228966
2002613512500,-5.509346799348146,-5.339817218789352,-1.7928761223449001
2002613512516,-5.5332980666692055,-5.935963181687151,-2.0733775930940714
2002613512533,-5.445348641717669,-5.64099590254492,-1.7787376241859318
2002613512550,-5.3121959799964555,-5.822659332672941,-2.08801352429869
2002613512566,-4.099473357884115,-5.9454599549232245,-2.1262422954017484
2002613512583,-4.584398471197074,-5.243552839851877,-1.824133561267314
2002613512600,-5.39885515412328,-5.987732432349972,-1.6475252584593019
2002613512616,-4.827122325930278,-5.931920948250121,-1.708202812942274
2002613512633,-5.332387406349572,-5.579156323423725,-1.600011721228043
2002613512650,-5.423061997324734,-4.98026272585752,-1.5069988180767033
2002613512666,-4.904838922042555,-4.959426364857175,-1.5157256140659388
2002613512683,-4.987151337601726,-4.794761952719879,-1.549619661584951
2002613512700,-4.964116395436683,-5.004344419636638,-1.2952258925451612
2002613512716,-4.734819393257335,-5.302191204439193,-1.425388806680181
2002613512733,-4.898458164947722,-4.586603326626344,-1.7361329130072751
2002613512750,-5.461573545825243,-5.007957372966728,-2.098639666742315
2002613512766,-5.450364759996947,-4.86249369999198,-2.186107841484358
2002613512783,-5.993341793220537,-4.694893454752066,-1.8462625964089563
2002613512800,-6.099820597399736,-4.93089393085178,-1.7837195233872283
2002613512816,-7.693836908791212,-5.607110035108939,-2.181097447491931
2002613512833,-7.631513775574448,-6.3642629455848505,-2.5127574074911854
2002613512850,-8.021788256489756,-6.008845532788231,-2.7496931819891617
2002613512866,-8.30535351960162,-6.704324079049521,-2.664301350477286
2002613512883,-7.677485913203616,-6.274003204515362,-2.5625835951101994
2002613512900,-7.049269191851014,-6.628971623794187,-2.2810995864377417
2002613512916,-7.145080671869088,-6.646390277579799,-2.3614067566565278
2002613512933,-6.764945005144664,-6.8667336534255305,-2.56744190865291
2002613512950,-7.09230575028547,-6.839429397319009,-3.10351848838855
2002613512966,-6.569475710836653,-6.804829329102831,-3.377299201595907
2002613512983,-6.49477667307027,-6.689562347133749,-3.273235969595124
2002613513000,-8.610755628901911,-7.236560183113685,-3.2129500755537332
2002613513016,-8.24796739891935,-7.592866928858952,-3.206944060589011
2002613513033,-7.932348701027814,-7.643676439526713,-3.325274800539962
2002613513050,-7.873068386397904,-7.693418680369129,-3.611885662850229
2002613513066,-8.411043414843299,-7.706632521152869,-3.2872459233549867
2002613513083,-7.901274161290033,-7.144881766312659,-3.198380591777487
2002613513100,-7.967999303495743,-6.912747023598431,-3.310745187610293
2002613513116,-6.543765879260099,-6.838296798477295,-3.3899783549231657
2002613513133,-6.321550670131363,-6.841751661711291,-3.0711889191242263
2002613513150,-7.101831091592214,-6.407223114340634,-2.9830293472311755
2002613513166,-7.091087685357807,-7.227433619416443,-3.061921480363263
2002613513183,-6.978115894608793,-7.646391306826976,-3.0357806082392247
2002613513200,-6.553684900472925,-7.464657658489921,-3.117287673842345
2002613513216,-5.643077992441545,-7.550649996252779,-3.5941706335048553
2002613513233,-6.397352433483579,-7.380923262176323,-3.0780494493974544
2002613513250,-6.8391531071293015,-7.79139124304193,-3.4307183870819546
2002613513266,-6.036152229383236,-7.6483424816716665,-3.526576682041214
2002613513283,-5.472522981390816,-7.863727042092152,-3.887293886633604
2002613513300,-5.908291347580692,-7.832074890514772,-3.6533576569273203
2002613513316,-6.781949939673998,-8.404603345775891,-3.7479251865844496
2002613513333,-6.387015317396916,-8.840336111223316,-3.676705103065747
2002613513350,-6.580169623785343,-8.588500994978167,-3.3418648401127116
2002613513366,-6.201858975025198,-8.359536601530458,-3.5026280076019907
2002613513383,-6.61159246610757,-8.025421354039645,-3.1935425224461524
2002613513400,-5.721700112104872,-7.890294053783167,-3.3353339982348014
2002613513416,-6.27249698520967,-7.957743936217284,-3.2927749378272693
2002613513433,-6.0426872219925905,-8.765363728958963,-3.299848716037092
2002613513450,-6.4246936042340375,-8.445798954973231,-3.356172177229792
2002613513466,-6.06085746541799,-8.766397145820424,-3.35673273943444
2002613513483,-5.987731533164254,-9.154217272563672,-3.721710498729351
2002613513500,-5.939351966704578,-8.75589842453175,-3.5421804473100957
2002613513516,-6.290092793243122,-8.685845242848442,-3.552510325515456
2002613513533,-6.581568982811312,-8.251680683432493,-3.663899240802963
2002613513550,-5.529743614569253,-8.275551312344765,-3.5805941734178024
2002613513566,-5.948426183765149,-8.51355008156203,-3.8832701326718375
2002613513583,-5.166888496716113,-8.770226867909983,-3.8826842817241554
2002613513600,-5.00929330365482,-8.74919930433187,-4.0917565678967405
2002613513616,-5.20510006938304,-9.570212013909403,-3.565630942311672
2002613513633,-4.312685617418849,-9.393038969050425,-3.7722133082558256
2002613513650,-4.607293865441891,-9.456628568228181,-3.5479741559296434
2002613513666,-3.723095794922865,-9.213892989904718,-3.305771709503724
2002613513683,-3.3296667519209806,-9.6703423371425,-3.0255463571594334
2002613513700,-2.773115082633743,-9.44601586414127,-2.782846071096695
2002613513716,-1.7547131223219723,-10.097162633495053,-2.892203597156871
2002613513733,-2.678809470129432,-10.127044580074168,-2.9754172872584954
2002613513750,-2.4423060672634582,-10.219477761565177,-2.7393450662000296
2002613513766,-1.432417580261193,-10.489294151008014,-2.8224293711987287
2002613513783,-2.3318973252498063,-10.547462871414172,-3.0277293458703904
2002613513800,-2.746355925408385,-10.552702825741601,-3.2938394195502414
2002613513816,-2.6382335589910126,-10.105517026550741,-3.4128618819252914
2002613513833,-3.180621843579078,-10.329607280248839,-3.2535177243567075
2002613513850,-2.1722029060017407,-9.544941860027564,-3.2009202922232656
2002613513866,-1.41460078069015,-9.624115642268057,-2.8468700528003987
2002613513883,-0.8055411592911961,-9.432004553495739,-2.653008500199248
2002613513900,0.06050526476011786,-9.48539883425931,-2.630495341678586
2002613513916,-0.18417322652247847,-9.394585751416386,-2.8838587778301696
2002613513933,-0.40748309891342505,-8.99717621822259,-3.0285690964781793
2002613513950,-0.9110963066712818,-8.648567185642898,-3.2560724853626795
2002613513966,-0.9491081100198242,-7.948312291747146,-3.442198894800832
2002613513983,-0.3385008918827568,-8.225278595695997,-3.095079441533832
2002613514000,-0.041016993845843785,-7.677057065147468,-3.27969110908944
2002613514016,-0.08436007202284568,-8.129041432501243,-3.443919905814411
2002613514033,-0.5897842860326028,-8.392963688197693,-3.5642629134300967
2002613514050,-0.5575564281272021,-8.804190280846122,-3.411430563272557
2002613514066,-0.6706938870607688,-8.714891732303176,-2.93205548255815
2002613514083,-0.889849672131418,-8.416413376668679,-3.0761370922735485
2002613514100,-0.9418900505824395,-8.301647148789955,-3.2605173456867536
2002613514116,-1.3306903265735288,-8.866502803064385,-3.1353224825105244
2002613514133,-1.925038367501998,-8.749088652385169,-3.1259071354792027
2002613514150,-2.654781857734886,-8.424912410387222,-2.9688614898359935
2002613514166,-2.8718540642021373,-8.015280930206366,-2.9641749397723194
2002613514183,-2.4790071939640916,-7.870380724179023,-2.662301388283559
2002613514200,-3.2118455394699774,-7.553458100677132,-2.6920810472637995
2002613514216,-2.302359854187522,-7.972472792669194,-2.9787585697728143
2002613514233,-1.8585846400598132,-7.928538031286444,-3.2579141540073877
2002613514250,-0.155967453561761,-8.638153336582759,-3.4431811005598316
2002613514266,0.12096116623083208,-9.121432053489428,-3.476371664788661
2002613514283,0.6221191095484784,-8.543676807872828,-3.361468080841149
2002613514300,1.641133109999073,-8.780338416240143,-3.5893895347762346
2002613514316,1.938992981782869,-9.05257725774846,-3.652942441709217
2002613514333,1.8337863355310962,-9.407201861186936,-3.8631898137932033
2002613514350,1.2122249128474012,-9.2004181472108,-4.015931722513176
2002613514366,1.3255395678972066,-8.93708782156109,-3.953031168850372
2002613514383,1.6913700364988964,-9.610427043749477,-3.7534829304185893
2002613514400,1.0446157196661074,-9.930211528104897,-3.49886326547156
2002613514416,0.49395373786211216,-10.199984552496618,-3.327422945785961
2002613514433,1.2546599590896568,-10.194564453935321,-3.2669095891935216
2002613514450,1.7283777736929764,-10.809283068132888,-3.404540845409505
2002613514466,1.4549360247333443,-11.022561497667322,-3.2660365015447557
2002613514483,0.17542868850843973,-11.072362353483616,-3.3652814798455055
2002613514500,-0.25488153801201907,-11.449736667207068,-3.105652924803182
2002613514516,-0.031578617975461576,-11.099707302557427,-3.174321848990912
2002613514533,0.663120142790679,-10.916764265686286,-3.075799628519766
2002613514550,0.1067647619849117,-11.610122708552822,-3.3724473212766695
2002613514566,-0.13008083623084055,-11.980727574111814,-3.315082561512942
2002613514583,0.6480541771076398,-11.783090198343078,-3.0804286379290966
2002613514600,0.7934447214655016,-11.407904717663632,-3.4374277017915937
2002613514616,0.3907027225875872,-10.985342751611295,-3.464561506781773
2002613514633,-0.05910644641370055,-10.176601084433326,-3.1068325257331404
2002613514650,1.0254714568847847,-10.276582444602312,-3.5005641134302623
2002613514666,0.4365807104545656,-10.550809743681418,-3.2988760986382926
2002613514683,1.5041015171944023,-9.758740390455522,-3.3049756637089454
2002613514700,0.850183185123691,-10.267731344785352,-3.3905205494101236
2002613514716,-0.32628603404454815,-10.121442734469397,-3.2739198371611415
2002613514733,-1.4706636282210765,-11.412791193651195,-3.195174126073399
2002613514750,-2.0626183712091897,-11.416368851708846,-3.854917417600867
2002613514766,-2.009777625032219,-11.400776163234205,-3.57705943900087
2002613514783,-1.753802618848575,-11.46573037279762,-3.780989978557945
2002613514800,-0.5286848237340935,-11.00823440669134,-3.7982660744344665
2002613514816,0.4424260703033207,-11.354637730365841,-3.7949318581914833
2002613514833,-0.698087161389326,-11.582946416815616,-4.075630401211323
2002613514850,-0.5889658680154728,-11.568167968097004,-4.170081539111236
2002613514866,-1.3409641335535305,-11.546991354176555,-4.309356881866092
2002613514883,-0.7243097386703292,-12.043117005723651,-3.9472663821692002
2002613514900,-1.6296037196320365,-11.812448800280432,-3.4451019951610116
2002613514916,-1.6565148121364843,-11.822806319977365,-3.4388779708459882
2002613514933,-1.6731061359546522,-11.265555254776356,-3.356289769138613
2002613514950,-2.0618350956958857,-11.29075040610191,-2.978162001485332
2002613514966,-1.6920912474651617,-11.522274010377892,-3.1748214568478828
2002613514983,-2.3009188677293273,-11.86478538021558,-2.8693504683975535
2002613515000,-1.949271920149866,-12.085320402186492,-2.7304590851374875
2002613515016,-1.6696578586948068,-11.558297331883773,-3.0853686659497117
2002613515033,-1.1438226097692912,-11.055326947270872,-3.1369797286035337
2002613515050,-2.324996274635097,-11.162264342453646,-3.290910834579068
2002613515066,-3.07048884768532,-11.479121787496833,-3.2444841141266387
2002613515083,-2.6396259742526818,-11.12839529579104,-3.04881830073575
2002613515100,-2.3204972973576297,-10.432017760667355,-3.0303977285633428
2002613515116,-3.0638782708575594,-10.802513041824046,-3.1722460782332083
2002613515133,-3.044740317938024,-10.31837312361667,-3.5546444645900883
2002613515150,-2.804113689248042,-10.382309075527564,-3.9726962033933266
2002613515166,-2.9891837488194444,-9.86727431974574,-3.74337755363209
2002613515183,-2.411492395022505,-10.06341022739024,-3.6498493304689394
2002613515200,-3.3314502541397357,-10.192843979343369,-4.021991721727557
2002613515216,-4.988260556204657,-10.891413170510383,-3.9687128641707856
2002613515233,-4.492239709288699,-10.16359192964877,-3.951094198665875
2002613515250,-4.922905431137044,-10.224432782007387,-4.263528682066809
2002613515266,-4.613294286172261,-10.68800699833566,-4.205013917831126
2002613515283,-4.632985322931527,-10.297887628951976,-4.116224382559746
2002613515300,-5.2839405144359946,-9.683535581654285,-3.8344042526309914
2002613515316,-5.623415253128286,-9.746941070587441,-3.683242300716952
2002613515333,-6.140323005041477,-9.445799648216475,-3.8007294515278485
2002613515350,-6.720806335798906,-8.99497395543209,-3.6577771458246504
2002613515366,-6.356331509832958,-8.767867267248826,-3.711700870969353
2002613515383,-6.618153009603786,-8.706389223344829,-3.78479789084235
2002613515400,-6.300188427084191,-8.505123902668295,-4.2439248773694285
2002613515416,-6.27747923023395,-7.94550187797617,-4.337686283124888
2002613515433,-6.500130818366885,-8.287671751201117,-4.362706524614257
2002613515450,-6.221755556029952,-8.701926269297932,-4.296540045756303
2002613515466,-5.5305451906412575,-8.51861735045805,-4.0648231261322625
2002613515483,-4.632592182599854,-8.686548647060851,-4.034681667263005
2002613515500,-5.346048578563357,-8.103512666516146,-3.616324486020338
2002613515516,-5.118690100163628,-8.245962216162393,-3.1964804718824134
2002613515533,-5.298429938933985,-8.107640623243698,-3.24339640108947
2002613515550,-4.950008216443948,-8.165691859297528,-3.1495519210535585
2002613515566,-4.066957949462704,-7.495231873741387,-3.282101372711438
2002613515583,-4.432063614356037,-6.944610811592275,-3.236534136004914
2002613515600,-3.705609647283166,-7.121856729243241,-3.0155137090516524
2002613515616,-4.0857620210101455,-6.573900703420465,-3.2518236880114233
2002613515633,-3.7993704886185995,-6.615770839749018,-2.680210672609403
2002613515650,-3.0807470623708193,-6.596257269581922,-2.5083988750305384
2002613515666,-2.7946139380977693,-6.459097791124404,-2.720482986699824
2002613515683,-4.089384795354783,-6.1447855239390465,-2.967751711386545
2002613515700,-4.02308027084811,-5.902737331380587,-3.062453341879493
2002613515716,-3.896113296965688,-6.433594351157729,-3.3888152398540634
2002613515733,-3.5150357659132556,-6.982452867520744,-3.5942349812005303
2002613515750,-3.4999852426073863,-7.624187559129512,-3.466693643254717
2002613515766,-2.806584906457003,-7.537988651679929,-3.551146335102816
2002613515783,-2.072037405967668,-7.6193619641810155,-3.2306939219960524
2002613515800,-1.0832215886317487,-7.381867008587087,-3.4592847628523917
2002613515816,-1.2185824414165713,-7.699270413787561,-3.2054492512624293
2002613515833,-0.5064468309171195,-7.058400344038981,-3.2087021040017474
2002613515850,-0.6435895785852441,-6.983289278887304,-3.227874507156872
2002613515866,-2.389982431837039,-6.81381499123931,-3.1612056189773527
2002613515883,-2.5367640191301857,-6.832449788990274,-3.0120128757642664
2002613515900,-2.7348795416826035,-7.315286314653851,-3.0812226565049152
2002613515916,-2.083216216159347,-6.570149857601122,-2.903497035585844
2002613515933,-3.0034073408277604,-6.588228444386679,-3.2762583840600374
2002613515950,-3.237460149338417,-6.2282350012954595,-3.182072643816242
2002613515966,-4.384507719669317,-6.388270145253144,-3.027910903612958
2002613515983,-4.233940315355866,-6.576716911540259,-2.9375672783730193
2002613516000,-2.8389448113996565,-7.089265025018746,-2.6497948921127175
2002613516016,-2.9667192193935694,-6.798697686817667,-2.7177160623624057
2002613516033,-3.3642920824952705,-7.214706783919027,-2.310419906384182
2002613516050,-3.4553714016785015,-6.572900602952256,-2.18234034012811
2002613516066,-3.3731685020533577,-6.86363462859109,-2.348474294506747
2002613516083,-3.6624152488441317,-7.346675260125494,-2.23593825235387
2002613516100,-4.168040069953408,-6.572468152683041,-2.4638835786104814
2002613516116,-3.694223341170451,-6.570125736141791,-2.571219097971994
2002613516133,-3.283876200551453,-6.602820824177002,-2.434912406435589
2002613516150,-2.8163835396897365,-6.375582224064594,-2.1127154358696316
2002613516166,-2.5381732932009164,-6.719843884251954,-2.0777686835219065
2002613516183,-2.6767932192225867,-6.657729373540941,-2.0674355638109976
2002613516200,-1.9962713334760065,-7.201872885985018,-2.0476387385639905
2002613516216,-1.9266093052212399,-6.331815455790067,-1.9391120596614184
2002613516233,-1.8879957873539484,-5.5523275845712385,-2.045504625696884
2002613516250,-2.505254984693232,-5.850974325344974,-1.9864182929597543
2002613516266,-2.097916523727538,-5.780736291548992,-1.6592965711011787
2002613516283,-2.6839281533573875,-5.475296360152408,-1.781368133670661
2002613516300,-2.610636075198086,-5.5232570141276325,-1.8063165470895552
2002613516316,-2.0344191456690197,-6.137669315469163,-1.9430632888402384
2002613516333,-1.9748244357778177,-6.525202367026663,-2.036738726365155
2002613516350,-3.3193841207364447,-6.604098458110363,-2.2950983663701083
2002613516366,-2.8011534125819244,-6.965203931530257,-2.659694277241866
2002613516383,-1.9922355838448698,-7.261395481157097,-2.570150771413173
2002613516400,-2.978117689627034,-6.706654280430665,-2.8204702525623864
2002613516416,-3.3375474256084177,-6.6532715599178305,-2.6960369846896453
2002613516433,-4.108959012490604,-6.219258655868002,-2.606899571866791
2002613516450,-4.03815242585147,-6.805545148133242,-2.91794052682685
2002613516466,-4.398858659983784,-6.008898228964018,-3.192829356102975
2002613516483,-5.682029992479783,-6.269781642449544,-2.831803844121387
2002613516500,-5.846679770856596,-6.170288615682067,-2.7586097760956294
2002613516516,-5.591425244259735,-6.065173009824657,-2.9650014923936947
2002613516533,-4.905090349885201,-5.501914126208708,-2.67528332507713
2002613516550,-4.5460298976107625,-4.783527379887728,-2.5907162127782826
2002613516566,-3.8560108374607696,-4.556634962294211,-2.635346574144755
2002613516583,-4.925707831953056,-5.214677657172763,-2.5861202350584267
2002613516600,-4.4222681954903855,-5.190796766806663,-2.5278981194899965
2002613516616,-4.4821934522278815,-5.035766140702741,-3.01873210430328
2002613516633,-4.168227596954889,-5.500517959760763,-2.922659375698437
2002613516650,-4.2250117903309885,-4.618737393076584,-2.878181951494143
2002613516666,-3.6138428981816277,-4.284172231744902,-2.738599264859561
2002613516683,-3.307699892955887,-4.325201263347425,-2.7279554839760145
2002613516700,-1.830640580818299,-4.535180292278489,-2.9260176354918914
2002613516716,-1.928247506795703,-4.301760966099593,-2.771226091006337
2002613516733,-1.784900567444339,-4.628296474816607,-2.7069930580439165
2002613516750,-1.4551459695187456,-5.211216690993007,-2.6544335096794245
2002613516766,-1.7460167975856042,-4.685353051492747,-3.042338626985045
2002613516783,-1.1734072430824058,-4.467548685604593,-3.150206721514109
2002613516800,-1.7293521445112585,-4.205911798258855,-3.4317564508566587
2002613516816,-1.4818643821176392,-4.257971227788667,-3.4838446347224563
2002613516833,-0.8341021589818283,-3.831652270608045,-3.670335113330964
2002613516850,-0.7337753142438235,-3.7673277398012353,-3.4824333899840783
2002613516866,-0.3222148444735833,-4.012294772982689,-3.2489329586922002
2002613516883,0.5532920840586124,-4.12522888249679,-3.0057527893515177
2002613516900,0.8890953971262219,-3.6895783584883084,-3.3275407148716662
2002613516916,1.1821479806024486,-3.572203768297492,-3.3584996154726374
2002613516933,0.47704863977123235,-3.630840339089383,-3.0292986737359664
2002613516950,0.10143244173072485,-4.010953745801924,-2.8868713270913107
2002613516966,0.6977753741718855,-4.127152258887917,-2.935037539339115
2002613516983,1.4646781001469433,-4.539495482193083,-2.9893212134166967
2002613517000,1.2237583453601584,-4.1403363988971265,-3.0615808261294704
2002613517016,1.170366582979388,-4.1893801704680795,-3.120459020847778
2002613517033,1.3206166695773112,-4.142207826771733,-2.9399645370559697
2002613517050,0.5009999499194624,-4.171211527539104,-2.8247160334196697
2002613517066,-0.5995272531983691,-3.991229022749655,-2.603096557833622
2002613517083,-0.24678094649854643,-4.043230701736537,-2.723728379987125
2002613517100,-1.2274340540240853,-4.565173261336985,-2.4389670230192158
2002613517116,-1.1882208526008018,-4.423694719567795,-2.4301924236748498
2002613517133,-2.6222348272752427,-4.532984708280361,-2.5166728247624217
2002613517150,-2.958610184473412,-4.566432007115543,-2.6589377148495275
2002613517166,-3.34018526747679,-5.097962753967501,-2.994413887068013
2002613517183,-3.2193422297717773,-5.0542763459108455,-3.0423236832326968
2002613517200,-3.6896394306826528,-4.982197861369712,-3.279047106473669
2002613517216,-2.9143034633599703,-5.27858465486257,-3.4201605036562372
2002613517233,-2.8289625505820992,-5.179337127152174,-3.483306854584723
2002613517250,-2.233783060506971,-5.278301144400612,-3.669551804044552
2002613517266,-3.1891244557841127,-4.9075900636706375,-3.547351968546576
2002613517283,-3.144075304689788,-5.247688890859118,-3.887013324608624
2002613517300,-3.2615810332064834,-4.541719939537873,-3.778522522992189
2002613517316,-3.1907876319864807,-4.775458168036361,-3.5225318514922166
2002613517333,-2.5057231512230134,-4.474314314394339,-3.412650535034881
2002613517350,-2.718994723086163,-4.250772478531042,-3.3621363883008604
2002613517366,-3.3959787404758535,-4.002251915408459,-2.9058287264364777
2002613517383,-3.4732634609230906,-4.547143186870514,-3.157804767055598
2002613517400,-3.090062859464187,-4.338400992242804,-3.5711214066856365
2002613517416,-2.973616709980792,-4.855613237949193,-3.566699752301073
2002613517433,-3.0700597728026437,-4.919002910277799,-3.1467174979326376
2002613517450,-4.065043276619991,-4.616957321247493,-3.3312019337861742
2002613517466,-5.119147749380688,-4.412029328377913,-3.3133170732796717
2002613517483,-4.021790934691488,-3.809519489115409,-3.1789031415042652
2002613517500,-2.8675747569700443,-3.390086810842717,-3.0577642002709515
2002613517516,-2.66739509213379,-3.1640318782745838,-2.922714547071427
2002613517533,-2.360076584778019,-2.3367117872409,-2.8817896723927405
2002613517550,-2.6470834545708057,-2.5094002715289343,-2.832655984935966
2002613517566,-2.2003971651079715,-2.3564307919522154,-2.867432051938298
2002613517583,-2.4145105936766136,-2.1648231115087953,-2.9398913631971615
2002613517600,-1.8973513007938183,-3.549941573788968,-3.1960005596205927
2002613517616,-1.7325845602728513,-3.4618724456312875,-3.339502614056197
2002613517633,-0.5833056215077397,-3.3048126855543996,-3.3882489783302123
2002613517650,-1.0999636373784085,-3.0402181224512317,-3.5917690185885514
2002613517666,-1.6014451991761147,-3.0440315706420193,-3.692699690285143
2002613517683,-2.5142882205446253,-3.5173763403173446,-3.960534979755835
2002613517700,-2.4756847417788475,-3.942638101035596,-3.8611670242039366
2002613517716,-2.4414375377270696,-4.549329204264252,-3.73993354288936
2002613517733,-1.9508790309260422,-4.426567961185769,-3.8299629425765294
2002613517750,-2.2536376569266956,-4.014978588513513,-3.988090915429828
2002613517766,-0.7718539291666309,-3.445135313289534,-3.8243169802386068
2002613517783,-0.7158002711962279,-3.2799991594477325,-3.5496174396054285
2002613517800,-1.2426697147184678,-2.3690147683926597,-3.3208530980928814
2002613517816,-1.3313396967143518,-1.6496022427967816,-3.46373395915807
2002613517833,-0.1684846736787815,-1.8773601166185347,-3.1495581876940837
2002613517850,-0.15642622199143208,-2.429208300390291,-2.9856613690266696
2002613517866,-0.1983369980883669,-2.924399211193331,-3.0395541890731
2002613517883,-1.5363820390737746,-2.4604801843471473,-2.9880457828202642
2002613517900,-1.918435221204497,-2.7947908791420666,-2.912263356102672
2002613517916,-1.9564313986035353,-2.9162734038924225,-3.0910349587792325
2002613517933,-1.3824691075946807,-2.743790372069946,-3.0799626149027794
2002613517950,-1.1940896040263445,-2.3136166905524544,-2.786507666299801
2002613517966,-1.8596703966750603,-2.3080953836429363,-2.799257899917586
2002613517983,-2.5911225940111353,-2.804415498794917,-2.925712201122249
2002613518000,-4.025355704026444,-3.1125419224971207,-2.8285017835367268
2002613518016,-4.142210062927439,-2.9696432941272617,-3.1076527692272697
2002613518033,-3.198488649815942,-3.1589959418324036,-3.0526154508324366
2002613518050,-2.880966969420987,-2.8115499567326245,-3.080313973146489
2002613518066,-3.072018001263774,-2.8770967287380396,-2.962625508278181
2002613518083,-2.8127905749194793,-1.6789454141958986,-3.024975951943219
2002613518100,-3.361798955305925,-2.17153481838886,-2.8984554124262676
2002613518116,-2.9324716700939844,-1.8791143371224175,-2.812441160791244
2002613518133,-2.470087405040229,-1.7943806987440771,-2.479025683223901
2002613518150,-1.4213635048406532,-1.4595264354752224,-2.601078006971223
2002613518166,-0.6705361190048498,-1.2637399447821727,-2.515143243126988
2002613518183,0.5643743512529085,-1.1267123923830056,-2.2450552319016293
2002613518200,0.14068880690646068,-0.6940641716609486,-2.222472555962041
2002613518216,-0.8456194776702892,-0.6660048948818176,-2.284464701100894
2002613518233,-0.9562715922615848,-1.1857730960732322,-2.1391265996248525
2002613518250,-0.513056274180185,-1.334706998558853,-2.380161660445048
2002613518266,-0.28227828665518917,-1.3510171304389358,-2.4817171026174574
2002613518283,-0.9251640810373596,-1.8077086772565183,-2.5582070903094616
2002613518300,-1.3983303056251328,-1.8739707257321934,-2.4922580019148652
2002613518316,-0.7014226400539876,-2.438315551202117,-2.237434163264547
2002613518333,-0.46316839322948855,-2.3380155358188044,-2.1417245002474856
2002613518350,-0.7589864429133204,-2.2301871148569883,-2.136833819354969
2002613518366,-1.0301183399393468,-2.247320505552604,-2.387986358012519
2002613518383,-0.9879972437653919,-1.7670667870083978,-2.2932204232003532
2002613518400,-1.3671577991781474,-1.3663504756513456,-2.3452089063940305
2002613518416,-0.9038001283672461,-0.9113821567572336,-2.3985897577622004
2002613518433,-0.5142180612213885,-0.908752971868922,-2.257855234748134
2002613518450,-0.8059773374188346,-0.4470173262695063,-2.21652399640383
2002613518466,-1.1782226345746656,-0.7914391966006686,-2.146679465232511
2002613518483,-0.03160662732597963,-1.210268334472457,-2.0584611333301384
2002613518500,0.35060933724487775,-1.307247334248049,-1.966168144680256
2002613518516,2.0521385797277834,-1.1203404227609566,-2.1428357924260153
2002613518533,1.8444432046803856,-0.9734337936391384,-2.0391604235170337
2002613518550,1.8669124385254445,-1.2153523680102882,-1.6100481364210752
2002613518566,2.4239459245802557,-1.4232756215348408,-1.5993068202632512
2002613518583,2.965002233771018,-1.982611967060798,-1.5650792999865013
2002613518600,2.682861098428261,-2.062196139970057,-1.8514380636485042
2002613518616,2.736275111704537,-2.0878719313640084,-2.215492252604318
2002613518633,2.8943444565670253,-3.0719161616039687,-2.224517655742821
2002613518650,3.42262093397357,-2.584940915200286,-2.6686374774945865
2002613518666,4.269131677586922,-2.791389414372979,-2.708703792124809
2002613518683,3.599276728552275,-2.726994617173761,-2.732908148662501
2002613518700,3.584403892203487,-2.7848149571187135,-2.305304822434274
2002613518716,3.000823273257315,-3.202708343767737,-2.3803912431561303
2002613518733,3.1770062312464917,-3.5136293898752053,-2.241293754094329
2002613518750,2.6453649960416667,-3.4180590285777295,-2.32033657646776
2002613518766,2.770777946895236,-3.2556817650985814,-2.34086556500532
2002613518783,2.8741252414760927,-3.2443794236317447,-2.665179441063191
2002613518800,3.7401536829532356,-3.8396416266761655,-2.8073734893082047
2002613518816,2.7220601663388075,-4.536469890451927,-2.56958699935986
2002613518833,2.95220237969271,-4.704887255154304,-2.3902497672923535
2002613518850,2.602062094648006,-4.613838209734141,-2.691540963763356
2002613518866,1.658274984719803,-4.5158401957858,-3.00896569913148
2002613518883,1.6243129055775718,-4.501114187264443,-3.049075860519052
2002613518900,1.558316817603452,-4.039005504383544,-2.668255375577394
2002613518916,0.811988011723713,-3.9993136781192002,-2.488643937328168
2002613518933,0.37467774342609594,-4.528944489938534,-2.290039383819813
2002613518950,0.9788540135192889,-4.463796796261267,-2.547232063621562
2002613518966,1.127348987923555,-3.867400823582701,-2.376399387806094
2002613518983,1.1563766122545163,-3.11726922924786,-2.3740114751685337
2002613519000,1.2477390940672972,-3.3932878607009425,-2.1808508671663374
2002613519016,2.0213557782793687,-3.7684058852628026,-2.124487439251804
2002613519033,1.8332761090458298,-4.281300844213218,-2.424622179887794
2002613519050,2.0893833756109315,-4.167432236538042,-2.8554323248017273
2002613519066,2.547118158668999,-4.2905092927159885,-2.7183393930207247
2002613519083,2.6537984849338647,-3.5670520787441546,-2.691980988715789
2002613519100,2.407640617852943,-3.0029388830240644,-2.9960239723329014
2002613519116,1.4399495704478937,-2.7484549782888688,-3.1887010239465154
2002613519133,1.292750096341245,-2.639345268874251,-3.0509532450919385
2002613519150,0.9590192736601733,-3.1489330660318062,-3.1976261953579828
2002613519166,0.7501565914192341,-2.506098979011803,-3.1589667529874825
2002613519183,0.2530786009806052,-2.4733633261061447,-3.1751729211338655
2002613519200,0.32073926367513383,-2.056840764875812,-3.4878870000129876
2002613519216,0.8923346424597094,-1.7775670211862558,-3.0247626633918743
2002613519233,0.42553143820593675,-2.3816666188650726,-2.8668494539303873
2002613519250,-0.16777562899987863,-2.3202775395736723,-2.797313221939456
2002613519266,-0.9663177552936233,-2.587618629755887,-2.7521732291547227
2002613519283,-1.374541143301765,-2.238963914499674,-2.643224490607006
2002613519300,-1.5183667046068514,-2.509188594403683,-2.393450298590572
2002613519316,-2.2297799040059445,-3.005939934857227,-2.351199296476175
2002613519333,-3.1343843409104686,-2.539118055167609,-2.2292502838649515
2002613519350,-3.3361605437318027,-2.637090265299852,-2.0479132316257633
2002613519366,-3.687247341870821,-2.263294269227166,-2.284717817946371
2002613519383,-3.4253015945147967,-2.22013835910351,-2.135514634079284
2002613519400,-3.457650477580474,-1.8948429004986407,-2.362138682647215
2002613519416,-2.879956155273138,-2.5277307190767866,-2.5053345112259544
2002613519433,-3.7355690271751483,-2.3406354229155015,-2.6603438911654598
2002613519450,-3.8841629362348185,-2.70541458946645,-2.6434956934069573
2002613519466,-3.755312958370474,-2.2968208168255564,-2.5587734330009275
2002613519483,-4.1934327189343295,-2.382901916422279,-2.2668506230130907
2002613519500,-5.424865213635368,-1.8071958851374568,-2.0525199762910074
2002613519516,-6.010268893236922,-1.6748598884569112,-2.246424771583105
2002613519533,-5.533829134605396,-2.108256418754581,-2.239215463153564
2002613519550,-6.607574790244073,-1.4846348510634595,-1.887747248753319
2002613519566,-7.052672512130165,-0.9456704935410372,-2.1238958412065068
2002613519583,-7.958730702721422,-0.7058046085140806,-2.2747065202428316
2002613519600,-7.980973380478316,-1.0066663027224,-2.752036529642074
2002613519616,-8.779940175155168,-1.140131298363933,-2.75017199738838
2002613519633,-9.441183688501992,-1.3452758116564159,-2.9351422894530947
2002613519650,-9.180331946858876,-0.5190778238110356,-3.1613435320300782
2002613519666,-9.227650622588971,-0.4293225685172981,-3.2352746159309884
2002613519683,-10.253389331006833,0.06388008798640588,-3.558823390020995
2002613519700,-9.391458271678427,-0.4112545565481991,-3.2619938438160556
2002613519716,-9.692500564736564,-0.06964279057141542,-2.9900212747705934
2002613519733,-9.25409472075334,-0.5518082076392758,-3.060160596309937
2002613519750,-9.828439736955147,-0.0026782701447594093,-3.1844643786129585
2002613519766,-10.508810897963006,0.5477322790073211,-2.9644854223412564
2002613519783,-11.540803423432845,-0.2721217612318858,-2.950996540237186
2002613519800,-11.975794100667578,-0.8604334555108695,-3.245390607321138
2002613519816,-12.552491832333121,-0.9787046499918901,-3.3526315036204073
2002613519833,-13.008112585581104,-0.9421529436362794,-3.246950295315028
2002613519850,-13.174635599287676,-1.0534246587648841,-2.9974399103488576
2002613519866,-14.21092620488199,-1.547523434057993,-3.246456304789361
2002613519883,-15.389735886990806,-1.9123321367247774,-3.089029243074505
2002613519900,-15.739691740008439,-1.5573110166581712,-2.824481692197783
2002613519916,-15.431594612351844,-1.2454662111705534,-2.8488712435519874
2002613519933,-15.08212469236451,-1.1159060897881234,-3.4232619060058793
2002613519950,-15.475434536059812,-1.3426625117221773,-3.6413654793949277
2002613519966,-15.944629371421694,-0.6559314713098017,-3.81885937813943
2002613519983,-15.7017411608266,-1.1513462401951928,-3.9865335687683707
2002613520000,-15.292336308060609,-1.0225460372237416,-3.600015211698092
2002613520016,-16.176210927007915,-0.6634580274253672,-3.500181884357222
2002613520033,-16.5517690763689,-0.5775407240136774,-3.664160506952286
2002613520050,-15.993687445646707,-0.8297044602940877,-3.878949386133691
2002613520066,-14.894471559193764,-0.4527279649024232,-4.05925571573222
2002613520083,-14.897273814095719,-0.4902488783531451,-4.261150072663087
2002613520100,-14.374997711864257,-0.7048903983290966,-3.604584725119029
2002613520116,-13.880034567157196,-1.1332592556839742,-3.5695223513876426
2002613520133,-14.592353733319559,-1.4506796534151265,-3.781452951149943
2002613520150,-13.599925034557543,-1.3495913553961607,-3.267660102158175
2002613520166,-12.715581611432746,-1.7431285341180267,-3.441962941235929
2002613520183,-12.51703680995352,-3.009853970063997,-3.6726320756572277
2002613520200,-12.036321684966499,-3.643452213748635,-3.646491910912849
2002613520216,-10.748753559772627,-3.7353179259893015,-3.986931608549919
2002613520233,-10.389955809033566,-3.507820496980917,-3.836931452418693
2002613520250,-10.275190682823851,-3.6935854391577747,-3.531871546006111
2002613520266,-9.899265459542555,-3.7745978608010544,-3.9233524732967218
2002613520283,-10.087603405564543,-3.7097895335220805,-3.618195503052852
2002613520300,-10.682567933302373,-2.869258836211403,-3.6441452418578404
2002613520316,-9.375543573043789,-2.805317151547825,-3.3923546847760253
2002613520333,-9.654682757353807,-3.2825856723368396,-3.3770647604667228
2002613520350,-9.449107606817623,-4.125584235371554,-3.34297204549541
2002613520366,-9.402311921049078,-4.47613431139683,-3.349636086565518
2002613520383,-8.33132239058628,-4.2297906637328335,-3.3441847332920163
2002613520400,-7.54568076561274,-4.13176539493928,-3.4065307358462857
2002613520416,-7.586889197245792,-3.977996321817336,-3.5383732203931304
2002613520433,-7.759934737972291,-3.719007492109176,-3.687096471121455
2002613520450,-7.562624006819981,-3.2392810813940356,-3.3788884830264156
2002613520466,-8.454867391651192,-2.8580696770190688,-3.1963352304956034
2002613520483,-8.507004435868055,-3.177570150960256,-3.177439196324649
2002613520500,-9.081927329366067,-3.2583415707700434,-3.088371051891299
2002613520516,-8.27874752352737,-3.034381333459878,-3.0750305089242533
2002613520533,-9.037802732604964,-3.546865619604667,-3.279362621203168
2002613520550,-8.803267509808277,-3.7557109888471434,-3.0152024129901154
2002613520566,-8.575884191632925,-3.4833953260671335,-2.9915188314273897
2002613520583,-8.602744658943097,-3.7169191877065204,-2.8272261036975994
2002613520600,-8.360391225332457,-3.7517029210771993,-3.208072466717995
2002613520616,-8.387113790448112,-4.058186660214248,-3.155231444611783
2002613520633,-8.623526879144553,-4.106261485361228,-3.112712664561659
2002613520650,-8.484671681129544,-4.3804493942850495,-3.13931376229349
2002613520666,-8.5848515199136,-4.608655552311352,-3.109030423378351
2002613520683,-8.040059445502692,-4.923254990645074,-3.2451812584052604
2002613520700,-8.230560171772836,-4.869624588586921,-3.4440497897404088
2002613520716,-6.714583311121555,-4.714215676404496,-3.594905739565572
2002613520733,-6.544861913858475,-4.446410902783367,-3.5744021506446693
2002613520750,-7.6578820651788515,-4.364268172149695,-3.3466215491584856
2002613520766,-8.448979851739615,-4.838373066055794,-3.387106190786004
2002613520783,-7.613453316162035,-4.821236033653163,-3.7948692404232487
2002613520800,-7.70091095518265,-4.779172651164944,-3.6351491126866557
2002613520816,-7.515315520564478,-4.82792004416312,-3.5909781024273073
2002613520833,-6.564708104767886,-5.889544403336929,-3.669982862313672
2002613520850,-8.026530410200891,-6.451323757619888,-3.7058093425004457
2002613520866,-7.456901269747222,-6.782292858731461,-3.8810097847293132
2002613520883,-6.971217404928087,-6.814873270861833,-3.687757602026643
2002613520900,-6.72955392148834,-7.082778644579589,-3.81961012775573
2002613520916,-6.6542476712761625,-6.383887561879921,-3.90700005058362
2002613520933,-7.378012789937365,-5.896030718815651,-4.061891053471123
2002613520950,-8.190436071596892,-5.35685341058891,-3.817176642816877
2002613520966,-7.967400232131199,-4.744926584762342,-3.892942916305877
2002613520983,-8.346977640302251,-5.154602718290237,-3.968260403819097
2002613521000,-8.50053416600738,-4.898377951617974,-3.92197931249529
2002613521016,-8.009542452326713,-4.721011577605463,-3.9721854275380126
2002613521033,-8.297413506807175,-5.347359492478418,-3.678319526219175
2002613521050,-9.247344374904934,-5.38052944498305,-3.453793725734991
2002613521066,-9.691363265670276,-5.163609524324803,-3.532026769607729
2002613521083,-8.9754060082731,-4.9172067797812335,-3.2368169627510843
2002613521100,-9.353863888686544,-4.690353256791765,-3.363273982295161
2002613521116,-9.335949053690438,-5.296278168125031,-3.330038222903891
2002613521133,-8.994199591846415,-4.923451242382502,-2.9091792741845244
2002613521150,-8.431706172835689,-4.253997013224167,-2.76369061509814
2002613521166,-9.343749277357418,-4.11892877357569,-2.8576138114305296
2002613521183,-10.087479744479507,-4.224555884852189,-2.8445799291506235
2002613521200,-10.243519058130307,-4.14859283682823,-2.7056558971442204
2002613521216,-9.172690628181945,-4.289583749926164,-2.5773622294278553
2002613521233,-9.067192730603402,-4.525190222465889,-2.5951996942795907
2002613521250,-9.284110981772146,-4.341123047664969,-2.7432262246617882
2002613521266,-9.336783288294164,-4.503451735629235,-2.9300690401287235
2002613521283,-8.631222291568463,-4.695896742465151,-2.916283411531508
2002613521300,-9.219586473389615,-5.007057325249651,-3.128436524158122
2002613521316,-9.229521366275376,-4.5890938730918815,-2.960504711689656
2002613521333,-9.39675159279367,-5.172388653018418,-2.9458964828036343
2002613521350,-9.344481846269495,-6.043215032736129,-3.2772486001523546
2002613521366,-10.100336928305964,-5.722720639654323,-3.652353664952914
2002613521383,-11.695241216942811,-5.166442520867949,-3.7498642837537126
2002613521400,-12.344983584605789,-5.15155269105959,-3.9635186311661643
2002613521416,-12.34428993189843,-5.232557066327331,-3.9922325671883394
2002613521433,-13.765159589576008,-4.2756271992259895,-4.14353925917301
2002613521450,-14.392294801785443,-4.174963078536737,-4.105138206199172
2002613521466,-14.278420614046393,-3.9456887047551956,-4.173396832648114
2002613521483,-14.453007435398998,-4.232044673147856,-4.3967249382084805
2002613521500,-13.294927896483482,-4.505091447547578,-4.383535241351575
2002613521516,-13.171812970546283,-4.182420728489975,-4.1776885160193
2002613521533,-12.724006020689878,-3.971416499639054,-4.272830019887428
2002613521550,-13.019503828422058,-4.0329110320427715,-4.298196251255733
2002613521566,-13.561502677496371,-4.683371463985175,-3.941866687569126
2002613521583,-13.958360920433691,-4.868094562817446,-3.852406778723358
2002613521600,-13.947823140398732,-4.849284331785277,-3.667536722056215
2002613521616,-13.631224114583642,-4.914974511918463,-3.5443812343340326
2002613521633,-13.421527818992764,-5.139411108312718,-3.582093093958589
2002613521650,-13.6193928010724,-5.590962054834742,-3.5889687946250186
2002613521666,-12.697629856436048,-5.573277299987377,-3.6235897481859207
2002613521683,-13.2478699043695,-5.899363177064632,-3.7733424286988235
2002613521700,-13.593819888311554,-5.864761567171955,-3.90090593070845
2002613521716,-13.87220746523506,-6.338665592272426,-3.9671249616129725
2002613521733,-13.33547434739263,-5.895482072190445,-3.839331004349355
2002613521750,-13.568374383489747,-5.736486188902522,-3.880644931574677
2002613521766,-14.649216740485528,-5.953432610610167,-3.7799910344566925
2002613521783,-14.518912330462296,-6.887182054054978,-4.109796417640361
2002613521800,-14.101411198902138,-7.825052393565835,-4.297331460436775
2002613521816,-13.774021781044794,-7.805126485049682,-4.342861955200928
2002613521833,-13.144913271020034,-8.543986404002903,-4.180361932390522
2002613521850,-13.18322490014651,-8.180580659687514,-4.150681984220557
2002613521866,-13.028570115116025,-9.385204143959493,-4.018438837961635
2002613521883,-12.906886536364876,-9.227441545133072,-3.667069772733882
2002613521900,-13.097479339293582,-8.711472734032746,-3.6152536477527555
2002613521916,-12.833312403723326,-8.728167740765379,-3.597408794227687
2002613521933,-13.0922629391025,-8.230319318561156,-3.607840252033692
2002613521950,-14.120035648994648,-8.121403689815008,-4.102118903881442
2002613521966,-14.688028296800567,-7.858300326393058,-4.184799735796963
2002613521983,-14.248452564186913,-8.120785329532222,-3.7598500970908857
2002613522000,-14.469332753620183,-8.237839877537445,-3.7064286216679037
2002613522016,-14.171517597035535,-8.456322923804525,-3.351170029856047
2002613522033,-13.514839965454772,-7.69894283636045,-3.4336515784011223
2002613522050,-13.097079197885002,-8.485103861685992,-3.725097350951063
2002613522066,-13.13864757455223,-8.413685715736408,-3.6378591860257368
2002613522083,-12.515008057279143,-7.4023593478460095,-3.3085073937015905
2002613522100,-12.317017228981852,-7.979254800681084,-3.4240206751746847
2002613522116,-13.363490381581176,-8.265272582382208,-3.5024724963717215
2002613522133,-12.836711476329869,-9.331468819564492,-3.1383332792603427
2002613522150,-12.495257365572773,-9.205318176138498,-3.01374153668363
2002613522166,-12.562453206866854,-9.231356815489043,-3.2040473764246062
2002613522183,-12.728664847011858,-9.500211863990803,-3.6057298690037474
2002613522200,-12.90494586418594,-9.558910213788028,-3.1787989942638273
2002613522216,-13.863849223392041,-9.286782783722046,-2.8526235225389907
2002613522233,-15.621566250189382,-8.894718060546275,-3.0786645881274346
2002613522250,-14.651129588561535,-8.29529585316612,-3.1176239792671034
2002613522266,-15.140057659799833,-8.368953546401567,-3.233518157883188
2002613522283,-15.649557997289467,-8.215390970993141,-3.47166773663623
2002613522300,-15.163604674637316,-8.077458274895577,-3.3654007717955827
2002613522316,-15.850203769451301,-7.875613346103829,-3.312466191535099
2002613522333,-15.963648932950317,-8.502473273636179,-3.373627478903048
2002613522350,-16.03235078177855,-8.364381340839895,-3.0323425342049948
2002613522366,-16.036525365118063,-8.447648061518493,-3.1442584702623773
2002613522383,-15.705845807971393,-8.753955042092288,-3.2434283747859283
2002613522400,-14.88536795704253,-8.20451678139769,-3.1778016891024343
2002613522416,-14.781203087017762,-8.118252785552754,-2.982129150092333
2002613522433,-14.840041734986801,-7.910831015101992,-3.226016957308901
2002613522450,-14.676692258694548,-8.23044500321311,-3.4082494316856935
2002613522466,-15.295604533934164,-7.644330886508082,-3.6421354801630006
2002613522483,-14.938262945728194,-8.098646538983541,-3.3835295111490478
2002613522500,-14.662041617122494,-8.236435670041693,-3.3599097366484463
2002613522516,-15.39038027193423,-8.748988913286922,-3.3357570456016217
2002613522533,-15.365017274527329,-8.831672459875918,-3.3537525568278306
2002613522550,-13.855591216379551,-8.944516146256957,-3.232135570960194
2002613522566,-13.320333742742505,-8.323214091647085,-3.2987452461914937
2002613522583,-12.71619628027099,-7.594243555544377,-3.283243252963914
2002613522600,-13.928370665639932,-7.790127158606787,-3.5417692375319296
2002613522616,-14.404411840809363,-7.112404529353311,-3.708258990006346
2002613522633,-13.304256308857841,-7.024754960914719,-3.8393434955021224
2002613522650,-12.673529394861177,-6.744275353259901,-3.658147617778942
2002613522666,-12.831540211607894,-5.814232544162847,-3.7928215435608967
2002613522683,-14.050211902046659,-6.533586756178974,-3.724197810271975
2002613522700,-13.335645372770815,-6.225930951070244,-3.9996103842744057
2002613522716,-15.097558872251632,-6.118179222013911,-3.835896097217611
2002613522733,-13.399095343041608,-5.5527461358330035,-3.799066929344404
2002613522750,-13.380488464524753,-5.7267279130378554,-3.821231782874874
2002613522766,-12.610413842836317,-5.529957667200453,-3.853459700461533
2002613522783,-11.917884163162476,-5.711525351561234,-4.129041156020788
2002613522800,-11.810833087137649,-4.518309136219995,-4.586063043023656
2002613522816,-11.569782688332301,-4.618032989989354,-4.437780331616424
2002613522833,-11.570812298709754,-4.713789743613967,-4.6625996424365805
2002613522850,-11.68914812643439,-4.572634249380875,-4.506647358501563
2002613522866,-12.478057849188296,-4.1095669771057874,-4.319627549936759
2002613522883,-12.679860129393983,-3.616247968502097,-4.134374156575329
2002613522900,-13.535023913481556,-4.275707571951514,-3.838797398406281
2002613522916,-14.28662261198054,-3.996285572068732,-3.9466646149692295
2002613522933,-13.898893764169422,-3.9533749196340375,-4.218561289581279
2002613522950,-14.490634572528997,-4.533310277575823,-4.318941444872865
2002613522966,-13.720431272155047,-4.24683299472635,-4.3046279130114025
2002613522983,-13.432046635736675,-4.281376111274794,-4.025750280864802
2002613523000,-13.041696521143525,-4.9421931621845445,-4.237438113590672
2002613523016,-12.659103215562652,-5.142843066226491,-4.037698467059181
2002613523033,-12.407685317905392,-4.869998905447207,-3.603732498984869
2002613523050,-11.69496407690647,-4.753851982845871,-3.3363472910756298
2002613523066,-12.138336019036267,-4.6446383131300895,-3.3686132651253704
2002613523083,-12.33422523177285,-4.415268923837134,-2.8071401143420776
2002613523100,-13.197443471649645,-4.0209630386368005,-2.837072867760429
2002613523116,-13.619362754547474,-3.6311981165592244,-2.670397713657653
2002613523133,-12.465889428578105,-3.9286084661454703,-2.4066041880513827
2002613523150,-12.587240813891038,-4.042967763650915,-2.0347913911704
2002613523166,-12.204504266641388,-4.011747936246072,-1.9924972282573452
2002613523183,-13.083756697970532,-3.9819619620864843,-2.227077478019852
2002613523200,-12.663331600745298,-4.184364150997706,-2.7072719874674296
2002613523216,-13.836131582166697,-3.1580887090241365,-2.6821944874928123
2002613523233,-13.805142186968343,-3.3748721374746036,-2.72839595060957
2002613523250,-13.622548128860505,-3.475014002083202,-2.760057989294696
2002613523266,-14.047716209689785,-2.8031146552609907,-2.8290510262037896
2002613523283,-14.00254346476235,-2.6415568657540143,-2.4942854796370915
2002613523300,-14.285225082998917,-3.0455699032679666,-2.4793929709156823
2002613523316,-14.270030521512286,-2.675231183977849,-2.9687857846746972
2002613523333,-14.028177841363917,-2.524676997720317,-2.9596112701241197
2002613523350,-13.64438037162413,-1.353521533072965,-2.6911880559235986
2002613523366,-14.00299164958584,-1.2792669190249848,-3.0432817250151247
2002613523383,-15.01761809690305,-1.071673775328617,-2.8338168623821987
2002613523400,-14.668089631080356,-1.0537258040275486,-2.737039296240677
2002613523416,-14.095400327050271,-0.8509366790760611,-2.712046341370182
2002613523433,-13.601159342645893,-0.7158427007573271,-2.7491921815414537
2002613523450,-13.75464825637852,-0.758576666742484,-2.7940994735948363
2002613523466,-14.500069422659472,-0.340052307668155,-2.692701219224793
2002613523483,-13.806398772446745,-0.46807663185784065,-2.265748043465503
2002613523500,-13.83524232599375,-0.4070826938019865,-2.1030626822030665
2002613523516,-14.10843273682831,-0.849064149455451,-1.9373131563489974
2002613523533,-13.251640066398178,-1.18155729536758,-1.7801278693018103
2002613523550,-13.82267397337618,-1.1461938119668575,-1.8982625905006536
2002613523566,-13.272725968244487,-0.40135210353159145,-1.5709850177511768
2002613523583,-13.781998326646011,-0.8221875603485937,-1.483300734708958
2002613523600,-13.21139875302652,-0.7738895300047828,-2.0856195042417243
2002613523616,-12.407128597514195,-0.7659713015950453,-1.782569822898274
2002613523633,-12.388493442820693,-0.6413882432660785,-1.67202430539251
2002613523650,-12.56200018306075,-1.3323359277204574,-1.7285912203945522
2002613523666,-13.28237782434708,-0.9557523656166493,-1.9661777981673216
2002613523683,-13.599925277070732,-0.24220561917053285,-1.989741180995091
2002613523700,-13.309539635771124,-0.3794056294111625,-2.1095472250581864
2002613523716,-13.145106618146741,-0.053979679822129256,-1.8526975703487165
2002613523733,-12.944420807988305,0.017122322182760996,-1.7922506527517874
2002613523750,-12.077282748111209,0.19982028634487659,-2.0637727311180516
2002613523766,-12.18291966544868,0.14085849644057724,-2.3078390018746777
2002613523783,-12.145850181759082,-0.03670949786642641,-2.4395797840639366
2002613523800,-12.264028517230907,-0.5147099938698823,-2.6964647025109247
2002613523816,-12.048279590748118,-0.627101173745034,-2.8794846797826876
2002613523833,-13.183706019834663,-1.0859121500294657,-3.1327662865207837
2002613523850,-13.662477188201652,-0.7664897606793382,-3.418481216421628
2002613523866,-13.155276263473048,-0.8258096492529008,-3.204512717646556
2002613523883,-14.112122486871499,-1.08850976501079,-3.50658691636964
2002613523900,-14.315305080186615,-0.7960677500958893,-3.316499235363234
2002613523916,-13.88468348477129,-1.0054851104681717,-3.6204360098998913
2002613523933,-13.382380462765312,-1.0398575413537614,-3.6923405483742977
2002613523950,-11.512381580052683,-1.3842624537915285,-3.549452942909569
2002613523966,-11.99089113306621,-1.4372062955183367,-3.4326748136620115
2002613523983,-11.02008845585416,-1.1553731044536164,-3.241628573700429
2002613524000,-11.582409952434421,-0.9352772639437985,-3.1591709255853555
2002613524016,-10.416241602945522,-1.183337702355968,-3.391406524873519
2002613524033,-10.240855843099443,-1.3351453380685276,-3.39314634479509
2002613524050,-10.006653527270156,-1.46295609138053,-3.294850032862115
2002613524066,-9.297487949613664,-1.4897815129822671,-3.8532946024746515
2002613524083,-8.421017672631736,-1.345417583313596,-3.4216027061980143
2002613524100,-9.121026041337498,-1.349249519661111,-3.5839365999179273
2002613524116,-8.933391880377222,-1.5765862975438356,-3.6032291953621427
2002613524133,-8.414731901775383,-1.3073867957395047,-3.620221399364418
2002613524150,-8.135586777944454,-0.36848459362682195,-3.6654935610158237
2002613524166,-7.330872031564759,0.09315129645614917,-3.7633849185380654
2002613524183,-8.521460222582519,0.1054114870293077,-4.263141648203248
2002613524200,-7.691967119372351,0.15480297025365086,-4.353875603833092
2002613524216,-8.02328506519815,0.0714053458668289,-4.3892982995190115
2002613524233,-8.685738807393985,0.2904270744697728,-4.434042910788689
2002613524250,-8.490078978726707,0.13662472551953098,-4.469175842387889
2002613524266,-8.836588797799024,-0.1796794115905076,-4.591247837683699
2002613524283,-8.966045224823066,-0.3260329189343256,-4.377900805617802
2002613524300,-7.880448180791804,0.004770543526496418,-4.508342662499101
2002613524316,-7.610915140809626,0.7218758905705025,-4.614069185064375
2002613524333,-7.03177615048896,0.49782747654256454,-4.890940426594453
2002613524350,-6.901104292609679,0.37976065671343573,-5.101799239795431
2002613524366,-6.610471724049101,0.12307024722571303,-5.142587504041554
2002613524383,-5.3525814041579975,-0.7013405946098876,-4.936556841761444
2002613524400,-5.057468743359607,-1.0751990333339752,-4.88938637951024
2002613524416,-4.96216522352888,-1.3028037481005068,-4.813265836314774
2002613524433,-5.627065791498575,-1.6693799131643043,-5.313113047433754
2002613524450,-5.43053300141177,-1.7990753703963724,-5.782792086253756
2002613524466,-5.16773783886983,-1.5973044316511897,-5.2646840031145805
2002613524483,-5.211935656222496,-1.5000044295068458,-5.556808011128356
2002613524500,-6.20582768455984,-1.6802451341145161,-5.670105989465437
2002613524516,-6.1515365132296935,-2.1865537261656445,-5.445242886236059
2002613524533,-5.226350743349004,-1.5343498599274685,-5.295415407108802
2002613524550,-6.2101857943908465,-2.060247299523459,-5.587627392031857
2002613524566,-6.092703294863906,-2.4773835628709877,-5.714501671277001
2002613524583,-6.331862822114853,-3.0804158923128186,-5.327586010135134
2002613524600,-6.175567071527983,-3.295790336337218,-5.481330916939262
2002613524616,-6.332947208465223,-2.8853677115651566,-5.356013698327406
2002613524633,-6.229948277385065,-2.7492506855356154,-5.36518296220264
2002613524650,-6.210804073014432,-2.8733772985615658,-5.28060743223756
2002613524666,-6.698128013977051,-3.541348449096827,-5.008285404888776
2002613524683,-6.781357817660756,-4.026760761771164,-4.911888431123566
2002613524700,-6.631942228331487,-4.49680630608441,-4.840444548766281
2002613524716,-7.536791785271727,-4.3851095026129085,-4.9875281140704795
2002613524733,-7.566976347845296,-4.281411768671249,-4.710165756385103
2002613524750,-7.779999123459375,-4.518834810321307,-4.749076470612893
2002613524766,-7.816295738996777,-4.49692706700163,-4.858002694975205
2002613524783,-8.427673156575356,-4.107404551169141,-5.176246909401028
2002613524800,-7.829040163923445,-4.421045863275734,-5.090593947479033
2002613524816,-8.934632421356724,-4.25590632706437,-5.0330239444015525
2002613524833,-8.222463791094285,-4.1982728858420035,-4.8800026855699485
2002613524850,-8.648326008427647,-4.429989178184711,-5.155802036501347
2002613524866,-8.425551156060484,-4.824990829862004,-5.2710028719016915
2002613524883,-8.040983866520005,-4.85615328727915,-4.763054969061817
2002613524900,-8.059460698170618,-5.287877705604558,-4.425939436115703
2002613524916,-7.618820933814688,-5.844197160138992,-4.141664445248897
2002613524933,-6.898344499571341,-6.274475682195922,-4.096034661041276
2002613524950,-7.794618694881857,-6.2939569213897,-4.368065614553533
2002613524966,-7.913574904762747,-6.324692927335268,-4.760262195025687
2002613524983,-7.307223249933051,-5.951093562188822,-4.689610432127026
2002613525000,-6.778278156480698,-5.203366329833529,-4.754767832420251
2002613525016,-7.1742296407804975,-5.57492013555656,-4.874977979805066
2002613525033,-6.794718192660367,-6.355592322582475,-5.101970319738048
2002613525050,-6.8070433833394155,-6.845284219643302,-5.150089886497526
2002613525066,-5.971038273738399,-6.89084322011334,-5.230393971566031
2002613525083,-5.791784523421821,-7.083894052972302,-5.005296708346901
2002613525100,-5.972756325980802,-7.242449956174794,-4.567773806645229
2002613525116,-6.721127116724908,-7.591711745747244,-4.46296872454745
2002613525133,-6.263462320422645,-7.864465405010957,-4.704038640948502
2002613525150,-6.385851058845804,-7.829947822407285,-4.792848119881414
2002613525166,-6.824106154907203,-7.603520621119156,-4.918574880472292
2002613525183,-7.502558886277625,-7.371132390766579,-4.485332289602
2002613525200,-8.09174852865733,-6.717216405937459,-4.259001587394688
2002613525216,-8.257351308306708,-6.770768406928329,-3.981935997478788
2002613525233,-7.371664652436396,-6.651573867479932,-3.5546470042634324
2002613525250,-7.042025095791258,-6.306445529428628,-3.0942978775612566
2002613525266,-6.181501484979345,-5.957478152782787,-3.4840295377326385
2002613525283,-6.204322850558891,-6.074214170686962,-3.216144109874249
2002613525300,-5.405903004837366,-5.722547094089289,-3.0050342054431374
2002613525316,-5.612488885007161,-5.649831304374829,-3.2380160747962914
2002613525333,-6.023671184338543,-5.344353534091636,-3.52591693773169
2002613525350,-5.540986642673755,-4.712476357139136,-3.1324548515280606
2002613525366,-5.735540605613623,-4.199628968442464,-3.2061678729257057
2002613525383,-6.0029678257787165,-4.238905074088702,-3.5620683998797364
2002613525400,-6.445266806588648,-4.029248507761594,-3.545700650588418
2002613525416,-5.580686429898878,-4.761007506485025,-3.608895593839332
2002613525433,-6.716594990545289,-4.913542605440384,-3.4747212208958373
2002613525450,-6.155040406608329,-4.725498818657142,-3.3514751400243834
2002613525466,-7.685392942997623,-5.476308910745233,-3.405297913346744
2002613525483,-7.949730514224283,-5.591550637832279,-3.196687133419266
2002613525500,-7.145121820495872,-5.523623096480614,-3.218405687467815
2002613525516,-7.480069108214712,-5.573909167230654,-3.3847872164502717
2002613525533,-7.840092858998602,-5.173716059922314,-3.4414882002971146
2002613525550,-7.785189655371198,-5.434068723853355,-3.4647550486162686
2002613525566,-7.741961995165841,-6.038981599511063,-3.43158484731285
2002613525583,-7.959441827940383,-5.894967762950157,-3.7644309578346813
2002613525600,-8.426258164856952,-6.210876204991995,-3.461147913904178
2002613525616,-8.740883514626544,-5.91105781108883,-3.3418509887956844
2002613525633,-7.914016091190318,-5.800781936179066,-3.510715142337548
2002613525650,-6.605252659204381,-5.925617741989647,-3.403545303840617
2002613525666,-5.512483360905481,-6.304630183697668,-3.398526666222672
2002613525683,-5.883235625301966,-6.331948693748937,-3.443269021889681
2002613525700,-7.012119039457938,-6.611776617574232,-3.5280522849623406
2002613525716,-7.2532273832978404,-6.563408191580592,-3.475627960824701
2002613525733,-7.0047512937645005,-6.842965353301535,-3.9962747958187066
2002613525750,-7.487539500508451,-6.98691872258112,-3.941843495418694
2002613525766,-7.835821839707899,-6.606350481441856,-4.023560385553894
2002613525783,-8.217413123479503,-7.052745665560826,-3.9298368050016714
2002613525800,-8.763818643324848,-7.259317436156017,-3.9734627494316905
2002613525816,-8.325609964428054,-7.0370058705634975,-3.8314083182114027
2002613525833,-9.043620288420183,-7.456724292389999,-3.9685493244076104
2002613525850,-9.032289289544384,-7.321662630575629,-4.153356521789778
2002613525866,-9.309850195365787,-6.854060085698547,-4.14524138382479
2002613525883,-9.130611289098246,-7.1686239674922945,-4.2779375182595345
2002613525900,-8.960444044380464,-6.62835090955482,-4.15768216311829
2002613525916,-9.173529919482354,-6.157499779906214,-4.515563728268374
2002613525933,-9.416596669472492,-5.406271567484028,-4.314162806162518
2002613525950,-9.735640157169925,-5.047224032001055,-4.145416115778709
2002613525966,-9.992050435088336,-5.3058342533638125,-4.248404564489214
2002613525983,-9.499618535535053,-4.87345260503596,-4.4913244237393295
2002613526000,-9.04423761561683,-4.562358790361117,-4.733869640701946
2002613526016,-9.095112519056865,-4.427422890150491,-4.920950821547944
2002613526033,-9.031710488496948,-4.543411022701564,-4.8356560770929296
2002613526050,-9.125733019715648,-4.785726865708043,-4.741004437359937
2002613526066,-9.277839836625724,-4.724250579850294,-4.785664682012601
2002613526083,-9.105468147797696,-4.2777709576429785,-4.773761288157878
2002613526100,-8.57870700699394,-4.400774153654045,-4.91528064248825
2002613526116,-7.961765716656922,-4.695631845243041,-4.637814385768127
2002613526133,-6.590267835861463,-4.590883544892131,-4.6297224995345205
2002613526150,-5.630275113440734,-4.353374397916639,-4.255842612213069
2002613526166,-5.357107777968739,-4.36988653645395,-4.210405745375614
2002613526183,-5.533997952797807,-4.156284456666571,-4.218991394721603
2002613526200,-5.87662575813556,-4.4386755945481475,-4.308284179629408
2002613526216,-5.972429939774264,-4.7502470559294245,-4.181586584331933
2002613526233,-5.924699797710198,-5.168214671810739,-4.303004290080853
2002613526250,-5.546417870514061,-5.291788076192718,-4.424064998676933
2002613526266,-5.462823560750568,-5.332411227731872,-4.4635279071435825
2002613526283,-5.813798541931874,-5.670904547501316,-4.23115223313452
2002613526300,-6.4118017314339255,-5.912908297567749,-4.448866653926769
2002613526316,-4.502938955531538,-5.928699941893095,-4.591541172540133
2002613526333,-4.8095851590208465,-5.696059780259064,-4.660058319595123
2002613526350,-3.593474682337358,-5.784142704173239,-4.913170837233861
2002613526366,-3.9854850618997206,-5.6218948553072146,-4.686122754758197
2002613526383,-3.920056294838475,-6.101990217594314,-4.7048310722573135
2002613526400,-2.742930124770085,-6.058807062851571,-4.793644476728991
2002613526416,-3.554881805176176,-5.660345677432716,-4.460378403148809
2002613526433,-3.6292214530409383,-5.348711722130633,-4.365173638736228
2002613526450,-2.8819680345611465,-5.055941731152394,-4.2222294817228985
2002613526466,-2.104946688962668,-5.163426197840067,-4.1267610613867305
2002613526483,-2.685528809091063,-5.222973531254919,-4.4921280665234775
2002613526500,-2.8251621449804647,-5.115170990471429,-4.422689174174234
2002613526516,-3.2242276125723968,-4.295982944338485,-4.51924416673905
2002613526533,-2.1574158305511584,-3.4022305385196376,-4.249036189635193
2002613526550,-2.560877781630488,-2.3867386609939887,-4.186727371550564
2002613526566,-3.097882148736591,-1.943583312906358,-4.442001180301846
2002613526583,-3.9443910703851577,-1.7688115989264528,-4.354935318028634
2002613526600,-4.467811938842949,-1.949135874518407,-4.110427356700508
2002613526616,-4.607153364350912,-1.671958214437276,-4.111004633186877
2002613526633,-4.574466877485119,-1.4156471149927263,-4.251626727361956
2002613526650,-4.885337238344223,-0.8779683751940999,-3.9519778067606737
2002613526666,-4.7790665192824155,-1.3090887257485182,-4.0990689377912215
2002613526683,-4.056651232333067,-2.0332905876126164,-3.999349077818062
2002613526700,-3.7103545954905917,-2.123050922550974,-4.05792995862954
2002613526716,-3.1367232493446098,-3.161757937018894,-3.917945465220853
2002613526733,-3.2956222891394926,-3.14948640757845,-3.7804685914215126
2002613526750,-3.637900383120842,-3.4272015205712973,-3.4134076482875937
2002613526766,-3.6975588965771484,-3.249050164198382,-2.7043704956073866
2002613526783,-3.9147185985843067,-3.6624370315738854,-2.4310665174348984
2002613526800,-2.9038546820268967,-3.4323045873177573,-2.0417280126490556
2002613526816,-2.871933425929933,-3.515272519346593,-2.0880588537433047
2002613526833,-3.1509529602929836,-3.3072943924358786,-2.1214031880747948
2002613526850,-3.8061020502315426,-2.5212669445172304,-2.0135083995761978
2002613526866,-5.329098071582157,-2.0657497099807474,-1.9356390351388646
2002613526883,-6.834444847560482,-2.405526425630815,-2.3714098017622462
2002613526900,-7.803051731909372,-2.8795672388668945,-2.752208306772295
2002613526916,-8.511721207036064,-2.8803395760228656,-3.1717723647465514
2002613526933,-8.53800375735947,-3.1300971822157884,-3.2626188804086222
2002613526950,-9.432812663643627,-2.9596411091180483,-3.221731191626856
2002613526966,-9.224015736991465,-3.6713289793381723,-3.0909674705598666
2002613526983,-8.880025680070545,-3.722526020590986,-3.377267704179631
2002613527000,-9.993533215732636,-3.5233024411927856,-3.1906850187578546
2002613527016,-10.226205890363765,-3.621060594016523,-3.3193781724404516
2002613527033,-9.830731261690588,-3.447278006259236,-2.8731836964686015
2002613527050,-10.147288892335265,-2.741801291005412,-2.7908345058098605
2002613527066,-9.705533415384153,-2.2331549466604694,-2.9196247836197866
2002613527083,-8.841034205380085,-2.64712292984151,-2.721965598803443
2002613527100,-9.205393362655164,-1.527905022026406,-2.7202892192100543
2002613527116,-9.35770041712857,-1.5537162351515477,-2.610728317843929
2002613527133,-10.085106365439984,-1.607417022048791,-2.8213403466236167
2002613527150,-10.246645804868393,-1.4500707683574712,-2.8796310488059387
2002613527166,-10.743303443434744,-1.3397096083140392,-3.189049226189194
2002613527183,-10.492496136518566,-1.5710319220247362,-3.4128797559103763
2002613527200,-9.82675149927119,-2.5730822381061618,-3.3968826026197876
2002613527216,-10.563966040059384,-2.3858214027763505,-3.0236432504349326
2002613527233,-10.520576210610301,-2.9632258472363513,-2.5950358991084777
2002613527250,-10.577057374448934,-2.899989643870016,-2.3646421794968395
2002613527266,-10.915968278184833,-2.860935303689635,-2.458092272459094
2002613527283,-10.305360446478641,-2.4945401196683226,-2.228364623127861
2002613527300,-10.302318437712021,-2.228773453689736,-2.4035279711546695
2002613527316,-10.659157102585302,-2.861520560844649,-2.5753576280082964
2002613527333,-10.857933097084372,-2.560466620768297,-2.519573950017024
2002613527350,-11.460380369378834,-2.7583743959634024,-2.4442370251041394
2002613527366,-11.277030878195154,-2.7980765639854015,-2.662125516062829
2002613527383,-11.111731769788488,-3.074007767311924,-2.8353706813588735
2002613527400,-10.510895479760185,-2.4005540612158045,-2.535576975208264
2002613527416,-10.945041721249098,-2.1403829878259524,-2.7291439910242152
2002613527433,-11.742605859613466,-1.5865292204261374,-2.5154216837594467
2002613527450,-10.910696776657302,-1.8720186745311347,-2.712625679228118
2002613527466,-11.239191621799634,-1.5835801088578423,-2.945506577044395
2002613527483,-10.835197646037205,-2.070826072970752,-2.916297122106863
2002613527500,-9.902949150177701,-2.1228882014664294,-2.8576728277374546
2002613527516,-9.174828723021907,-2.158189722685208,-2.8289999662841883
2002613527533,-10.145945149461614,-2.256883020592925,-2.7194444473274877
2002613527550,-11.227171367938105,-2.135436220481552,-2.661670651928665
2002613527566,-11.969974466460066,-2.7529799916881617,-2.657705830572742
2002613527583,-11.65262253683088,-2.6849054772336225,-2.591213156199301
2002613527600,-11.013550912623678,-2.136353702370778,-2.642464230568902
2002613527616,-10.853346852386288,-2.6172885815034173,-2.4086541151315846
2002613527633,-11.455404179683708,-2.8175169767752393,-2.5493239912545542
2002613527650,-10.747508013003037,-2.9893873708076097,-2.49593047298223
2002613527666,-10.774795354569957,-3.5813375748650116,-2.727906252543549
2002613527683,-10.720051704241103,-3.6882140514248074,-2.75166056168554
2002613527700,-10.632738827577974,-4.041859009988078,-2.520661911102638
2002613527716,-11.686869236636248,-4.308871516248011,-2.313758963390059
2002613527733,-11.65755280687598,-3.9677188230394105,-2.3452856412709284
2002613527750,-11.844277416824587,-4.086064170448255,-2.7168014820709243
2002613527766,-12.588329566114625,-3.36327213878134,-2.9382662356562053
2002613527783,-12.78083302904319,-3.2370048121220147,-2.645672921261874
2002613527800,-12.751566934405801,-2.9667411384119724,-2.56777512080197
2002613527816,-12.604898930186074,-2.6655723169694436,-2.76437744812677
2002613527833,-12.398493342518789,-2.292326688678945,-2.7276612771525235
2002613527850,-12.044356773875625,-3.0891825710730005,-2.8919049787989017
2002613527866,-12.342847424840294,-3.698361685106773,-3.158549663111779
2002613527883,-12.134054041929296,-4.261970564153247,-3.143883238623756
2002613527900,-12.292930952631874,-4.377946203192352,-3.05646690815124
2002613527916,-12.083781444113788,-4.008493967266979,-3.0079831213483827
2002613527933,-12.461012328904825,-3.246875366124215,-2.8899362523596213
2002613527950,-12.110768659996687,-3.2661365525466266,-2.977697318203203
2002613527966,-12.32804785000273,-3.0560434127433007,-2.7266148894697055
2002613527983,-11.808368216175207,-3.7605430603259222,-2.698138322416848
2002613528000,-12.396869624361731,-3.738322842749128,-2.86099269235792
2002613528016,-12.23469824358505,-3.352640066749817,-2.756109812691396
2002613528033,-12.254306615298843,-3.57618741809776,-2.8627603580332726
2002613528050,-12.410908029041057,-3.6171303715328973,-2.972096221608786
2002613528066,-12.29802045059293,-3.595390751886532,-2.9658518151054607
2002613528083,-11.104228647992432,-3.360086397871534,-2.7219862248747857
2002613528100,-11.494102541793113,-3.3597552205920693,-2.3530430114275416
2002613528116,-11.132621803141266,-4.424789706437744,-2.45416339767419
2002613528133,-12.30868217668469,-4.379929790180513,-2.4235289473817536
2002613528150,-11.84200227893248,-4.677731405651557,-2.3180045100295104
2002613528166,-11.855079230943074,-5.211407575421989,-2.5656980926798547
2002613528183,-11.141144481101172,-5.371008274950495,-2.7056448533060915
2002613528200,-11.27487758309644,-5.520015647428376,-3.11388606554533
2002613528216,-12.922373095273308,-5.816281374139753,-2.9817822253038453
2002613528233,-13.216373608292368,-5.602078225155248,-2.8876797867143544
2002613528250,-10.755193955984243,-5.944490946971147,-2.637001909517308
2002613528266,-10.706886040597366,-6.020169919826661,-2.507749125823991
2002613528283,-10.481517564411021,-5.623807589499075,-2.4899100687239697
2002613528300,-10.205086686293086,-5.907294460514194,-2.3807322480961317
2002613528316,-10.269510032202962,-5.873237910706581,-2.64596099918449
2002613528333,-10.017135111945045,-6.448555654799904,-2.876812852698241
2002613528350,-7.847515881916303,-6.070424693214735,-2.7407886033468
2002613528366,-7.241693108614596,-5.879160186643869,-2.6693549010541195
2002613528383,-6.967410128315226,-5.316905167442725,-2.742003997496822
2002613528400,-6.931485830930361,-5.39105294448018,-2.944946852610075
2002613528416,-6.040735201883534,-5.23757116198051,-2.840061314954802
2002613528433,-5.897559208262498,-4.8244824718323285,-2.8964536053810153
2002613528450,-5.774354563721626,-4.4951699930446205,-3.1797229078902505
2002613528466,-4.727128116297565,-3.9814175360973825,-3.5193087908861407
2002613528483,-5.265677097315459,-4.043130083779738,-3.451610870271934
2002613528500,-5.4141643489651505,-4.060636107909545,-3.5375594666651455
2002613528516,-5.572895413589842,-4.3725053955459625,-3.740855942929108
2002613528533,-5.838954502480006,-4.619042048986298,-3.862793527990118
2002613528550,-5.026274793769616,-4.528436033652206,-4.087064690380178
2002613528566,-4.726011242968551,-5.126955509669893,-3.9644052003344847
2002613528583,-4.0128722568025665,-4.635957586242747,-3.5431341988401064
2002613528600,-2.9619944402316234,-4.356666579259159,-3.832383025166946
2002613528616,-2.3386295139614877,-4.846950703057404,-4.016239319939914
2002613528633,-2.7641111829020217,-5.111203780099302,-3.949051118192687
2002613528650,-3.6837972298572863,-5.170838754016086,-3.9833950705960817
2002613528666,-3.20311156602467,-4.751625544610638,-3.5665083834812554
2002613528683,-3.563338507607072,-4.412838006214711,-3.5129972380351817
2002613528700,-4.054664989230892,-4.64974428816794,-3.659749306510549
2002613528716,-3.3146261527092395,-4.4747386979016035,-3.354702853060058
2002613528733,-3.271610939909096,-4.9997605789418476,-3.087588589725326
2002613528750,-3.0574461781161153,-4.786468747293638,-3.1198191698264717
2002613528766,-4.483766052453765,-4.617120936376809,-3.2630585627902216
2002613528783,-4.293476436601846,-4.335907576193206,-3.425593246120613
2002613528800,-3.5582821952750523,-4.304760306260913,-3.2081317848560875
2002613528816,-2.9144052375230913,-4.321135026321183,-3.000222661456478
2002613528833,-3.3345323025319704,-3.706246945437183,-3.1777613603923056
2002613528850,-4.001050600361838,-3.1734524627586795,-3.5463422751807436
2002613528866,-3.8707067376587156,-3.89081822103211,-3.6274713671999854
2002613528883,-2.5506775230123457,-4.453325435440708,-3.7816120388182695
2002613528900,-2.6544886407373354,-4.615563217635918,-3.275604076688261
2002613528916,-3.3145956669315826,-4.1150716133545355,-3.4008845125028198
2002613528933,-3.3617447817926864,-4.304789907324654,-3.415839914421241
2002613528950,-3.4689826780751085,-3.442406913425135,-3.231395956051448
2002613528966,-2.3074013443906027,-2.9126872964172077,-3.2493078859927573
2002613528983,-0.8582239099928932,-2.602615110675744,-3.1468069903679554
2002613529000,-1.0953614776192673,-2.6238945576303885,-3.1595020227626334
2002613529016,-1.9331812612110149,-2.8022513446791697,-3.2597761337419575
2002613529033,-1.2380041955455452,-2.719291499884304,-3.0942177659240144
2002613529050,-1.2500637963432535,-3.1739795448683816,-3.0758928583642033
2002613529066,-1.440969699210822,-3.1573997518509076,-3.1030034371834003
2002613529083,-1.0161897785735317,-2.9583971448666593,-3.039450833964125
2002613529100,-0.8565907805738675,-2.534679703213311,-3.0246487227231764
2002613529116,-1.2111033512479237,-2.8074741798695646,-2.7459039583344125
2002613529133,-1.4243330564752235,-2.5704789692891445,-2.403132697369323
2002613529150,-1.2160134193379593,-2.8620323540748567,-2.2446443550351756
2002613529166,-0.6327170470265102,-2.832527346511967,-2.3233570670955297
2002613529183,-0.7392428639313486,-3.320811512853081,-2.5870859179415127
2002613529200,-0.7794664330839236,-3.915355113567948,-2.6582458462260456
2002613529216,-1.5574140454033603,-3.7959576184857515,-2.6171827341918883
2002613529233,-1.8695998533855969,-4.131677485922404,-2.1612752819227383
2002613529250,-2.179798341746603,-3.6649324868440774,-2.2497175439735653
2002613529266,-2.023099385058174,-3.7705244637012894,-2.157823595568004
2002613529283,-2.572816533032427,-4.335614366696726,-2.313595974653715
2002613529300,-2.720349903297872,-4.726621211861836,-2.145777942463068
2002613529316,-2.8916244133500872,-4.520120620846598,-2.2226316613563175
