timestamp,x,y,z
1801671500000,-6.996946617424555,-6.704249201068019,-2.529045361256239
1801671500016,-7.250570074799778,-6.911027630002601,-2.6639744178157487
1801671500033,-6.637616187055853,-7.046480287098878,-2.687922480322514
1801671500050,-6.76610066369293,-7.243163196962829,-2.897803493714455
1801671500066,-7.185265122820365,-6.987823394789738,-2.8871223417269167
1801671500083,-7.213807577093695,-6.857035749955949,-2.905391853133278
1801671500100,-7.282762104299286,-6.653681922197672,-2.9026259991704255
1801671500116,-7.744300454266174,-6.550430426187709,-2.98563055583072
1801671500133,-8.019360112688355,-6.911698548046933,-2.8565059878382635
1801671500150,-8.506462724917052,-7.031988992427689,-2.9311014858216122
1801671500166,-8.51544616163551,-6.909911147295526,-2.9162744071584505
1801671500183,-7.558356595978864,-6.308098730784383,-2.8857156357046985
1801671500200,-7.048718151691627,-6.2138315661424555,-2.9567930008507695
1801671500216,-7.294661694528808,-5.89508344403858,-3.043245615777209
1801671500233,-7.239765772297089,-6.36657454306837,-3.0675831633869572
1801671500250,-6.725203398276731,-5.995448454361225,-2.8862455605159143
1801671500266,-6.60942564852702,-6.3869883439177455,-2.9032775163829543
1801671500283,-6.23565691594866,-6.853362443857643,-2.715570909147186
1801671500300,-5.9554480821854625,-6.949067646377428,-2.7201185697478163
1801671500316,-6.066931374718136,-6.555457849327559,-2.8845606759859357
1801671500333,-5.701346083069437,-6.716410822848823,-2.760382099216711
1801671500350,-5.574264060631073,-7.080360212487565,-2.7399233230500157
1801671500366,-5.697076869481855,-7.314762820163856,-2.8780267763811374
1801671500383,-5.434925470801758,-6.990918651326854,-2.7082531442761484
1801671500400,-5.589294441411479,-7.188118396384622,-2.6589524094121115
1801671500416,-5.200670276602734,-6.930659316065972,-2.636685717052766
1801671500433,-4.4062326681929385,-6.69306188638274,-2.5847803000268463
1801671500450,-5.038283341111626,-6.849624316697157,-2.683623060758815
1801671500466,-4.58893636532696,-6.867292082928083,-2.516491995986941
1801671500483,-4.486088738752778,-6.877683889358851,-2.6590078163368274
1801671500500,-4.429113066170275,-6.5982629482944795,-2.55069406892997
1801671500516,-4.411070760953621,-6.457165382269537,-2.5173601495026965
1801671500533,-4.376461738844661,-6.9563325948431896,-2.414151087126874
1801671500550,-4.823564199149494,-6.943799064903644,-2.370932476923061
1801671500566,-4.598766157993652,-6.988765091262504,-2.369469811195078
1801671500583,-5.029382219663052,-6.565783993179719,-2.122894856342489
1801671500600,-5.110976350859463,-6.174709234963367,-2.2165614185672733
1801671500616,-5.455447216332577,-6.140695158311807,-2.348229702043753
1801671500633,-5.396126755378657,-5.904670565560274,-2.227807669531234
1801671500650,-4.65388638337511,-5.750267703941241,-2.111525587563746
1801671500666,-4.355530016747137,-5.541043984028819,-1.8996261620990298
1801671500683,-4.483460983484486,-5.151148695260642,-1.780452706559884
1801671500700,-4.386888534015119,-5.034397296415213,-1.8588042281687966
1801671500716,-4.239845884548929,-5.167767744009474,-1.9946255190287665
1801671500733,-4.3076082349647375,-5.3093708445421015,-1.7425626831473366
1801671500750,-3.9281388519938383,-5.111350451185775,-1.6528495350193644
1801671500766,-3.9098485397464895,-5.256419633895758,-1.254897760738113
1801671500783,-3.970289037293285,-5.744934453331266,-1.3047631062009026
1801671500800,-3.961402213051323,-5.349081358373497,-1.4875384151279016
1801671500816,-4.278901068922328,-5.1630722653090615,-1.4882107161372622
1801671500833,-4.407416554728094,-4.64342296002804,-1.3912456896952168
1801671500850,-4.474483437525741,-5.069874147849609,-1.6148670152002589
1801671500866,-5.182605312586264,-4.82405976052293,-1.5980643138068849
1801671500883,-5.547895127658268,-4.940449152738774,-1.6616432323472783
1801671500900,-6.669569824327619,-5.170697667097916,-1.7300090718629975
1801671500916,-6.693105322809783,-5.455301632828881,-1.5664188594777972
1801671500933,-7.465777988879141,-5.173923667038109,-1.877006995859996
1801671500950,-7.177646371364508,-4.7677315514794145,-1.4943209206466381
1801671500966,-6.563550640029998,-4.688531925523229,-1.4580053473230834
1801671500983,-6.135117564998317,-4.6967968548711445,-1.264897090965522
1801671501000,-6.32056179188778,-4.711913351721493,-0.9523485846095117
1801671501016,-5.9662481344415355,-4.611717893120725,-0.5220197816806449
1801671501033,-5.774758573126315,-4.360837316042127,-0.5288815922458077
1801671501050,-5.3160631588958855,-4.152408776037786,-0.4449284325087741
1801671501066,-5.072628672538736,-4.431293810806522,-0.5912983644127356
1801671501083,-4.793627843146417,-4.009320360956772,-0.6303406837715122
1801671501100,-4.184029373349466,-3.861388417873769,-0.7936290719026635
1801671501116,-4.543995683459951,-3.7996032033619342,-0.986826016856011
1801671501133,-5.0662688738441775,-4.178694860766651,-1.1028715297556726
1801671501150,-5.3233404501674935,-4.399361727233533,-0.8171468739281047
1801671501166,-4.804758707620738,-4.045454390542339,-0.6280814256020788
1801671501183,-4.138392413157857,-3.60791419231528,-0.5880932664426699
1801671501200,-4.372056698834313,-3.026916446055092,-0.38363904359382595
1801671501216,-3.7094050909766874,-2.7835323678437254,-0.45420537745070355
1801671501233,-3.2737849181875265,-2.2201753618399165,-0.4114978504253841
1801671501250,-3.5415085265809916,-1.9934396643956314,-0.5769279657026027
1801671501266,-3.2790648046743875,-2.1647527632384342,-0.6279661986514156
1801671501283,-2.919375531954525,-2.193338245664777,-0.6252968670027843
1801671501300,-2.593353024144011,-1.6434309430083962,-0.6175416516140424
1801671501316,-1.9565299705015433,-2.1320322729001617,-0.8046081037428099
1801671501333,-2.3476528440747293,-2.0033189837605896,-0.7879618021265355
1801671501350,-1.7931892029721963,-1.9466477270804377,-0.6271217482439448
1801671501366,-1.4481513323651645,-1.5802110192675718,-0.6803906522793421
1801671501383,-1.3467123477554641,-1.4930648668271864,-0.5720869252060479
1801671501400,-0.6838598555635409,-0.8614426380841307,-0.6192451609858884
1801671501416,-0.3197610038855734,-0.7681718513182387,-0.6960892455263279
1801671501433,-0.11280517377706634,-0.9891389397345831,-0.7362529771102477
1801671501450,0.5981092304571467,-1.410239513296192,-1.0290354742776229
1801671501466,0.3303714224630827,-1.0825848527651445,-1.0490414488647852
1801671501483,0.5914158336062165,-1.3050517708574283,-1.0274369113848225
1801671501500,0.9563260333537915,-1.6142916416633568,-1.386607389633707
1801671501516,0.8845665984023094,-1.8557397982544819,-1.1916687351635031
1801671501533,0.11731157108310786,-2.2316725255599263,-1.1120463877087867
1801671501550,0.44582920340854315,-2.526959590345263,-1.1290197427704691
1801671501566,0.8402842781377045,-2.329434236585981,-1.2552119240512847
1801671501583,0.7961682016975269,-2.5582646000915226,-1.1505049843654374
1801671501600,0.9535088173780846,-2.6043477832309696,-1.5874809432176515
1801671501616,0.9048893277925556,-2.1253735284285913,-1.7247443368157633
1801671501633,0.615904224656135,-2.4648812324164537,-1.6641655045183195
1801671501650,0.025407475633551613,-2.3080904628180767,-1.3035007503128053
1801671501666,0.372566131705784,-2.6574741939962068,-1.4876919169497285
1801671501683,0.1808487641159502,-2.590936332089001,-1.5859011780249697
1801671501700,0.5638408703415445,-2.8223931384016505,-1.8934021729265478
1801671501716,-0.24779197796781816,-3.1592816402772805,-2.1800739911223337
1801671501733,-0.20474954559962644,-3.4509051171420064,-2.3645440047895008
1801671501750,-0.4013215678432296,-3.61244379686547,-2.219485087890834
1801671501766,-1.3361946367416606,-3.7725094241848955,-2.202885828729236
1801671501783,-1.1450267576266593,-3.8752630076857386,-2.0836842561297333
1801671501800,-0.7734604706331258,-3.765088752070427,-2.215923789412028
1801671501816,-0.550667181549704,-3.7015430162719665,-2.415550709041961
1801671501833,-0.601945273935387,-3.7834014549343142,-2.5595867969460064
1801671501850,0.07033706890034086,-3.759373411823741,-2.454574379721221
1801671501866,-0.0024081986396531363,-3.4513969210746547,-2.481424025858414
1801671501883,0.347946826592481,-3.4566807106422943,-2.565506681182911
1801671501900,-0.21078059406032779,-3.920148369866368,-2.4531599717357357
1801671501916,-0.07586205395599244,-4.085209604693178,-2.4312547750809004
1801671501933,0.7732332950083851,-4.160652166198067,-2.2210965078389386
1801671501950,0.36766761747197574,-4.28165226720783,-2.352034365944848
1801671501966,-0.26727735481428283,-4.3074349303818495,-2.301541149003506
1801671501983,-0.8476129859457604,-4.135883024337263,-2.424036401615827
1801671502000,-0.7463017755061241,-3.6752905622745744,-2.6936213286582817
1801671502016,-0.5107448863851776,-3.5685654259741764,-2.9026678283708844
1801671502033,0.09499339084564173,-3.6539146470525403,-2.9407762057471802
1801671502050,-0.2741604754196514,-3.231428297477022,-2.9152339154401776
1801671502066,0.4608540342937699,-3.341659912469287,-2.9145012674062376
1801671502083,0.1640787966927002,-2.7483010303998103,-3.152364211546388
1801671502100,-0.2736975167026392,-2.5322248738526754,-3.353014461746714
1801671502116,-0.3652675588785739,-2.7102531712363227,-3.606624059641857
1801671502133,-0.7757372168433698,-2.5498572271410174,-3.8219613739085934
1801671502150,-1.3982788737978016,-2.4888376059299397,-3.8403198031437604
1801671502166,-0.8358606831220916,-2.4979268127558356,-4.03032211967759
1801671502183,-1.7834818058048207,-2.825126885163823,-4.227245947922957
1801671502200,-1.4646965988997054,-2.8936714054030137,-4.383759572304905
1801671502216,-1.460591713009844,-3.025512817232055,-4.417407501584719
1801671502233,-0.8980368686487066,-3.141762232875756,-4.360479104150271
1801671502250,-1.6263885401359373,-3.191706396831699,-4.327074444410777
1801671502266,-1.6349336469453002,-3.1617835363637976,-4.545820054066334
1801671502283,-1.5633099921026319,-3.118195880234119,-4.471250746111591
1801671502300,-2.119316579736445,-3.379400174398659,-4.42571161015493
1801671502316,-1.4210434211468308,-3.5359617210598815,-4.435712409706757
1801671502333,-1.5206223394593508,-3.584328486954443,-4.358799337868902
1801671502350,-1.1147806666241054,-3.6961130115273244,-4.565223871446378
1801671502366,-0.889475331104356,-4.130053777787699,-4.730580776222677
1801671502383,-1.2119002458807033,-3.852471333232993,-4.640133610352318
1801671502400,-0.13899584181940305,-4.063365504604891,-4.51717629491094
1801671502416,-0.16723205942160035,-3.7579872683462465,-4.284008432840829
1801671502433,-0.2524310259526157,-3.4993365891903405,-4.221488193498189
1801671502450,0.08200512386638437,-3.3622025195231706,-4.106993876564271
1801671502466,0.24635083675103076,-3.282132899903368,-4.070649440226506
1801671502483,0.30243550181304535,-3.664029302090647,-3.981920841252441
1801671502500,0.4628579132904953,-3.5039137463800505,-3.9904417415687186
1801671502516,1.2393768036657882,-3.489139624538176,-3.7583488936810894
1801671502533,1.5887229684685504,-3.440733863988511,-3.6650844514915133
1801671502550,2.301230216795104,-3.5656877545701913,-3.814808492193123
1801671502566,1.9156073798660946,-3.5573067923074033,-3.7825689312770576
1801671502583,2.740809810108521,-3.8181287333698894,-3.749729754569769
1801671502600,2.9278725965302597,-3.7005100251719982,-3.9575956522925555
1801671502616,2.235316665674226,-3.764674609956735,-3.9237599714631646
1801671502633,2.2320169053370043,-4.27254157193179,-3.4048841690253346
1801671502650,2.4973807051899684,-4.126766591966315,-3.3406230790297693
1801671502666,2.8255384496577802,-4.563166226448482,-3.3452172890564005
1801671502683,2.4615882120716686,-4.493319669499415,-3.125746339304905
1801671502700,1.8065630053704824,-4.65181032738695,-3.256952965907482
1801671502716,2.2475353128321798,-4.21578528049581,-3.0462253787697087
1801671502733,1.7966285887170628,-4.318265862956688,-3.130622623487287
1801671502750,1.3832529979514758,-4.148427574421881,-3.0687953609145673
1801671502766,1.0040685830693237,-3.9805732715148423,-3.0114821738165714
1801671502783,1.8020946224975445,-4.2642911211294035,-2.9989290014581034
1801671502800,1.4924089471290038,-4.391051082386012,-2.955360583143012
1801671502816,1.3956131608830376,-4.14571055392223,-2.9281267504789725
1801671502833,1.3176149132374206,-4.1037551932871965,-3.2135621136780204
1801671502850,0.9547220653972524,-4.717568759862658,-3.3566514548023973
1801671502866,0.5400469825140704,-4.574832236109302,-3.293389352429027
1801671502883,1.283584408178748,-4.611925497281986,-3.3692523444606746
1801671502900,0.6572311752717823,-4.850213292021923,-3.682017771996148
1801671502916,0.3149784862010243,-4.878725052884548,-3.795963742249385
1801671502933,1.666428621703444,-4.4034726277910075,-3.891430060095534
1801671502950,1.7028160736812668,-4.802694053118375,-3.7927239143904967
1801671502966,1.952680037560853,-4.927936089720207,-3.7552207121274286
1801671502983,2.4218325952777873,-5.121874210335493,-3.7926263345623776
1801671503000,1.882075256945348,-5.480414348112333,-3.616629052717249
1801671503016,1.485026244838565,-5.40930642752305,-3.648245683919802
1801671503033,1.1593472044001913,-5.567344300768022,-3.8352190070974976
1801671503050,1.3507214156746343,-5.574682364370584,-4.050404887020571
1801671503066,0.8616196634430482,-5.475727727357931,-4.165894423875542
1801671503083,0.5404910128431917,-5.62162638117571,-4.444766399819683
1801671503100,0.3049460590634592,-6.045144072124017,-4.510267646605461
1801671503116,0.4996589673101699,-6.311825562660318,-4.406733372365789
1801671503133,0.06913113311659114,-6.300711787288333,-4.63679245606654
1801671503150,0.27639392947648034,-6.189030971379984,-4.498288030660779
1801671503166,-0.030050663842856373,-5.9773141950042845,-4.429045209419749
1801671503183,-0.659911161764585,-5.7018407422843005,-4.312568281819178
1801671503200,-0.2039314391443101,-5.750081668283653,-4.208439261138593
1801671503216,-0.30884345542826885,-5.425740844267118,-3.996179388170048
1801671503233,-0.7811061563619992,-5.143158627875403,-4.11939381657392
1801671503250,-1.3117859521374036,-4.881237683612652,-4.177821047858588
1801671503266,-0.7943146157309928,-5.100336469768727,-4.2089324321517525
1801671503283,-1.5516968751495237,-4.812177578657895,-4.1579478247980965
1801671503300,-1.5538440059833318,-4.668396438231414,-4.030330726093214
1801671503316,-1.7091316868330861,-4.749799951984881,-4.187742697188642
1801671503333,-1.5860912908207156,-4.45995857058654,-4.097756676844659
1801671503350,-1.7581617842105781,-4.508713454394232,-4.160982105659171
1801671503366,-1.6980351381904906,-4.501351893265571,-4.298401402095815
1801671503383,-1.7858984630573018,-4.730949752376457,-4.282096739208692
1801671503400,-1.8433078242796306,-4.858958431896882,-4.32734570954085
1801671503416,-2.204145416690679,-5.160254064841081,-4.447111678209021
1801671503433,-2.6219553873936,-5.281956956593422,-4.670477494082
1801671503450,-3.0213851085720362,-4.965861105559331,-4.601643202761115
1801671503466,-2.673750778613311,-4.950646668547638,-4.569007793242515
1801671503483,-2.8110280466341155,-4.886531444382109,-4.434837328805488
1801671503500,-3.212425226914227,-5.045967728464605,-4.321328644868109
1801671503516,-3.051727207299016,-4.809157119230925,-4.323331898126234
1801671503533,-2.3891488455330294,-4.763270176025001,-4.066577139368256
1801671503550,-2.830824570779751,-4.750170684793778,-4.366205507020636
1801671503566,-2.4311228493100865,-4.5026161259692135,-4.3826893394346875
1801671503583,-1.627367784411133,-4.927581565092738,-4.359443098543903
1801671503600,-2.067167419097758,-4.6640343948455545,-4.1791699421089294
1801671503616,-2.200501819213478,-4.729536928293928,-4.329497523273366
1801671503633,-1.8830831127138166,-5.178428480727952,-4.253594142965433
1801671503650,-0.9173416166942054,-5.23207335176484,-4.359197105929548
1801671503666,-0.773920730103383,-5.241271824702037,-4.42800380711174
1801671503683,-0.3324236904305664,-4.7000082606206615,-4.290399267564892
1801671503700,-0.3524472912466745,-4.487707954680305,-4.070243585358157
1801671503716,-0.16126050359905442,-3.795647334475394,-3.8299083579519646
1801671503733,-0.09511819580777825,-3.950476540562981,-3.8616572395092437
1801671503750,0.29009040888308224,-4.3796925506895334,-3.796031538273058
1801671503766,-0.08084023635939097,-4.1304866830183755,-3.7665510215092377
1801671503783,-0.4307222022173951,-4.409580585688691,-3.7385895981844386
1801671503800,-0.7192871819039759,-5.035670783659013,-3.7204528605139195
1801671503816,-1.0158304285770559,-4.8058203654840606,-3.936676228818519
1801671503833,-0.7653339880335865,-4.629731375135581,-4.072535117112341
1801671503850,-0.6554862289301351,-4.453249955286392,-4.098820979999624
1801671503866,-0.2803132923013125,-4.252712993977642,-4.201438477641916
1801671503883,-0.5226429864451356,-4.535376814283567,-4.054650888352343
1801671503900,0.33831576720132617,-5.0632416985918764,-3.879930580289851
1801671503916,0.3146130637648321,-4.804490283273091,-3.88863715882737
1801671503933,0.967551471304751,-4.752585126501751,-4.000064197719226
1801671503950,0.24596864399232832,-4.5390040269117256,-3.946815980694211
1801671503966,0.6453726417406651,-4.71151151573147,-3.953301715322859
1801671503983,-0.1193765921176615,-4.71874978435957,-3.959880937851865
1801671504000,-1.0550137084814617,-4.653354711674339,-4.050015643449202
1801671504016,-1.101686591967816,-4.560030653015754,-3.967421659597546
1801671504033,-1.0079423434773203,-4.837765301701442,-3.925259949278032
1801671504050,-0.2246574398204748,-4.934353135153152,-4.0414515493173235
1801671504066,-0.0393415063147442,-5.018919699377945,-3.8632048626385287
1801671504083,-0.022545145223701546,-5.2189187439784765,-3.8346145817390793
1801671504100,-0.09540434937546749,-5.01669755346777,-3.932829653365078
1801671504116,-0.3463386383743545,-5.477168547968284,-3.946431563342991
1801671504133,-0.12638772041561452,-5.1740777902861375,-3.6989751382967975
1801671504150,0.1806191650897393,-5.204720723113357,-4.026828150523551
1801671504166,0.3194978083162079,-4.745507526286303,-4.172912467556772
1801671504183,0.7636189130778757,-4.80398332755386,-4.319093235838405
1801671504200,0.9477241964820484,-4.8501606430112645,-4.042255542199106
1801671504216,0.8472745207370478,-5.020196584770604,-4.021915649636946
1801671504233,1.1645921643074626,-5.076121195076625,-4.231863003674551
1801671504250,2.0191712496075755,-4.841293010196597,-4.301956040014123
1801671504266,1.7609277144244189,-4.555665143150828,-4.529683328149858
1801671504283,1.8489716065457307,-4.14277010427071,-4.2576042302756605
1801671504300,1.4578955617770442,-4.477539502859775,-4.305267028442845
1801671504316,0.6535035159163343,-4.745763455945581,-4.276900518461528
1801671504333,0.3905239710336934,-4.500020061384368,-4.36884180001339
1801671504350,-0.5613990087339609,-4.189607376834927,-4.354314692157103
1801671504366,-0.8967939159728759,-4.390343309476271,-4.301582223259208
1801671504383,-1.0870897721486017,-4.722325798733142,-4.2496570120160015
1801671504400,-0.881055834220899,-4.57759206747442,-4.305484557587266
1801671504416,-1.077440533475702,-4.96720901708588,-4.521032420520436
1801671504433,-1.6280656452325575,-5.227967167243409,-4.626446559037446
1801671504450,-2.5414622352322467,-4.976156076624779,-4.582743589774491
1801671504466,-3.2532466701478335,-4.641739819198486,-4.650541463669383
1801671504483,-3.9252730296898988,-4.874104832832741,-4.617399805646357
1801671504500,-4.057483039298134,-4.643525283469096,-4.658628330141982
1801671504516,-3.9752084174447457,-5.030012050267435,-4.767271973838155
1801671504533,-3.825541813558766,-5.1419671225351715,-4.594221365121602
1801671504550,-3.710360169677042,-4.825733055008574,-4.545713411894105
1801671504566,-4.100050730717276,-4.854108323193722,-4.231670551167889
1801671504583,-4.260468745836642,-5.047163672193468,-4.292366379513905
1801671504600,-3.843020321913599,-5.083902156331049,-4.21842296881986
1801671504616,-3.436372000904805,-5.068237218285139,-4.063375449935723
1801671504633,-2.5656641325228375,-4.968158064796221,-4.1663488004899945
1801671504650,-2.480564915757495,-4.962254401725748,-4.276835023098955
1801671504666,-2.285839445429758,-5.289435678204526,-4.183172975932999
1801671504683,-2.445121173332033,-4.960512318766892,-4.18524915387333
1801671504700,-2.4606148005485142,-4.993568839911459,-4.269065867706467
1801671504716,-2.6030804632785554,-5.237427936048157,-4.359132660183254
1801671504733,-2.3788186062815373,-5.128959475225766,-4.356271943808102
1801671504750,-2.098037371031569,-4.827000565100045,-4.263630215075349
1801671504766,-1.6128948990164473,-5.357452412020413,-4.2512410062265635
1801671504783,-3.279255516182017,-5.1860616772722725,-4.277275942933835
1801671504800,-3.574636888822793,-5.156857084532514,-4.6758787303709415
1801671504816,-3.714473594924734,-5.069569806519526,-4.623022396695731
1801671504833,-3.992849804811417,-5.005998143924482,-4.592058114356113
1801671504850,-3.725916994516986,-5.203989620792922,-4.513150461984855
1801671504866,-3.354260160501604,-5.570262693994863,-4.525660388904989
1801671504883,-3.238019882961197,-5.216758996842101,-4.286266824535895
1801671504900,-3.049866937913113,-5.273844180368637,-4.227603380562803
1801671504916,-3.2180185124220912,-4.944818169298694,-4.384451359456969
1801671504933,-2.4950014640512888,-4.672486524399044,-4.6827702205780355
1801671504950,-3.084866356950392,-4.736042496313865,-4.449067363010541
1801671504966,-2.8640930985574506,-4.887302315848416,-4.438852987879775
1801671504983,-2.699016816186232,-5.369847344131132,-4.673166775544148
1801671505000,-2.0525879306048007,-4.952021121372265,-4.213696135526674
1801671505016,-2.6271359819293254,-4.864297422051639,-4.126294241454375
1801671505033,-2.6515899239201226,-4.890621465937057,-3.8512155799706864
1801671505050,-3.5037314280888996,-4.83912653461608,-3.807396243954506
1801671505066,-3.9124958418443305,-5.1917337864510955,-3.811729796770699
1801671505083,-3.9627160993118586,-5.279651530604817,-3.689270682726339
1801671505100,-2.694503482835176,-5.472781865463557,-3.7094332105187604
1801671505116,-2.755081458997982,-5.659119815732071,-3.4233605064973527
1801671505133,-2.477237239946083,-5.709240482068149,-3.46548666613801
1801671505150,-2.1417042742774397,-5.901882443199399,-3.2778729610244124
1801671505166,-1.8925084517051278,-5.934314741614702,-3.3347361021325774
1801671505183,-1.1114465391444632,-5.743012208157715,-3.3523701694075876
1801671505200,-1.8865611846648593,-6.345510406315423,-3.4881811730576557
1801671505216,-2.578740045801519,-6.519113449114327,-3.7253485220320894
1801671505233,-3.111965973878166,-6.296133704406457,-3.698476191409968
1801671505250,-3.2228576150836306,-6.247339674007416,-3.5251157619337055
1801671505266,-2.8045333784226667,-6.5904415705742085,-3.431595654655304
1801671505283,-3.509898048012066,-6.550418028444908,-3.453054759371544
1801671505300,-3.505010778697609,-6.242565305797164,-3.3247636643485534
1801671505316,-3.1707402356942223,-6.152404347990964,-3.3541602659879466
1801671505333,-3.119909303027783,-6.374262816927832,-3.182036116985626
1801671505350,-2.8630020275466848,-6.145018968733547,-3.1026428270306354
1801671505366,-3.5322283941682784,-6.014584672587239,-3.0467544090610397
1801671505383,-3.3897204627904873,-6.021564607011848,-3.1100826050222286
1801671505400,-3.789156024412514,-6.157253223320796,-3.1832033697796907
1801671505416,-3.863991560471033,-6.626712943608805,-3.29534113588758
1801671505433,-3.9609630887874494,-6.238720635213182,-3.17952494615842
1801671505450,-3.4879511474867706,-5.906136721675069,-2.9189081391071685
1801671505466,-3.2526503246227003,-6.275170619667314,-2.7045772524401737
1801671505483,-4.049542959804013,-6.008596667870807,-2.853363433710604
1801671505500,-3.6150171420102177,-5.435319796880504,-2.818094808079002
1801671505516,-4.563668309773171,-5.651212623720024,-2.818149914634991
1801671505533,-5.021745939139895,-5.751571344936316,-2.4931524438482078
1801671505550,-5.27311011780649,-5.884896404102335,-2.5148992636926133
1801671505566,-5.858381674077439,-6.314114021933844,-2.531280415099782
1801671505583,-6.3306856933906595,-5.972663881472676,-2.362506620786478
1801671505600,-6.629642861149484,-5.868905091786945,-2.2817904922232617
1801671505616,-6.420650019957886,-5.832315914238422,-2.1730357586454936
1801671505633,-5.754660013545415,-5.759252332447706,-1.9809353464891246
1801671505650,-5.779621152018763,-5.581926823758395,-2.0776489612324074
1801671505666,-6.199379539930897,-5.660535139473525,-1.921173753600049
1801671505683,-6.472780342939744,-5.827191333990514,-1.8868802027114535
1801671505700,-6.800440162443281,-5.917719799460511,-1.9368581044243096
1801671505716,-6.463192551937628,-6.051950261192056,-1.6017967500785035
1801671505733,-5.941714021086662,-5.683180487639053,-1.6412178557501234
1801671505750,-4.549281602700596,-5.5322095359715435,-1.556487648883076
1801671505766,-5.560101988465293,-5.144410572799334,-1.2726105704925204
1801671505783,-5.215432547637963,-5.201505727426733,-1.355685733806056
1801671505800,-4.618382944465764,-5.008286949166508,-1.3747087625785175
1801671505816,-4.173464227217824,-4.952892444850824,-1.2083798044656149
1801671505833,-4.501446465285544,-5.112337081220594,-1.5173677686156695
1801671505850,-4.022634589817876,-4.578923144100685,-1.6738573242808683
1801671505866,-4.028386007172267,-4.475918422648589,-1.600906342302215
1801671505883,-3.7029386985937993,-4.368981223924518,-1.4094485583961127
1801671505900,-3.91569963336752,-4.684962388949206,-1.3753375892509418
1801671505916,-3.917154992902963,-4.629749729375035,-1.5721528971821088
1801671505933,-3.75141637353358,-4.808040134581077,-1.802030032396857
1801671505950,-4.574652599777922,-5.371308501713963,-1.7948478746068346
1801671505966,-4.48005356934613,-5.19632373122798,-1.8740214208477624
1801671505983,-4.376068853965256,-5.508765938230282,-1.9554751596122513
1801671506000,-3.9283282117311153,-5.447329869487826,-2.1887437302814408
1801671506016,-3.7964233665648734,-5.368026395334947,-2.0944430167556476
1801671506033,-3.6946592883248175,-5.085800765671465,-2.220689693031005
1801671506050,-3.8790920651575425,-4.676030949302476,-2.051352619306481
1801671506066,-3.5366922439746222,-5.217318578489565,-2.0917450999801757
1801671506083,-2.616580070978859,-5.255051079693934,-2.01096962022034
1801671506100,-2.783371578676676,-5.253321624479353,-2.15517472406656
1801671506116,-2.497914069986343,-5.568700844978868,-1.9390474563814302
1801671506133,-2.4891740712306607,-6.002589205231933,-2.0404244787434314
1801671506150,-2.3477219217372998,-6.15432421266774,-2.196645459197995
1801671506166,-2.603624098930835,-5.958031606235755,-2.225876772460645
1801671506183,-1.7098655698500105,-6.269974694667777,-2.122500635044191
1801671506200,-2.219373565040853,-5.94508543755473,-2.238131577595587
1801671506216,-2.030734668327447,-5.894285837050452,-2.315218946155975
1801671506233,-1.819965557498592,-5.850363390570885,-2.2966226347261083
1801671506250,-1.9518726747807964,-5.788795536848734,-2.424926364578648
1801671506266,-2.455525087312439,-6.151819728756333,-2.499161279455075
1801671506283,-2.4113900292466597,-5.623628688044063,-2.4616138288239986
1801671506300,-2.9589561640824744,-5.264529777933895,-2.5668354898060097
1801671506316,-3.333438252888784,-5.879694824366312,-2.5831459938587265
1801671506333,-3.5143996438266125,-6.003975764663257,-2.5626500524073883
1801671506350,-3.6772237896313285,-6.491995980392319,-2.817448983241636
1801671506366,-4.055002048532103,-6.4632073658082305,-3.1664904164185366
1801671506383,-3.6464702884881177,-6.285658257188782,-3.387955761535017
1801671506400,-3.548301002288891,-6.071366100362351,-3.4323189089788633
1801671506416,-2.9335575729191845,-5.949631165423332,-3.4334545891812787
1801671506433,-3.223609108001721,-6.190119624996565,-3.305527885938992
1801671506450,-3.5467311335489318,-6.253457637084462,-3.258396124250775
1801671506466,-3.5131003593170034,-5.9703049482537125,-3.4248382652988276
1801671506483,-3.7704044833009966,-5.705694763015355,-3.3821271728855296
1801671506500,-4.001844223843619,-5.51708439785203,-3.4856947274554875
1801671506516,-4.0692022468802,-5.722960382775313,-3.194822375061116
1801671506533,-4.638490767685894,-5.531731952283629,-3.4315474299427486
1801671506550,-4.998054558428209,-5.65454305043686,-3.3293866207752045
1801671506566,-4.074877886497013,-5.003180942717484,-3.512536574420262
1801671506583,-3.7298658576111237,-4.991649811843349,-3.3888126986229468
1801671506600,-4.104295954468541,-4.899370264440367,-3.142566388850987
1801671506616,-4.265802601992077,-5.132108210757748,-3.061005052996899
1801671506633,-4.310997922360416,-4.855005272440648,-2.87088550344986
1801671506650,-4.033203751544668,-5.107542377538458,-2.814596785952016
1801671506666,-4.731963864905846,-4.590307989648876,-3.0219281515404286
1801671506683,-4.28894371076587,-5.010049695362497,-3.1378901159890855
1801671506700,-3.7974465839389424,-4.96160143375134,-3.0643933648981427
1801671506716,-3.082454599056639,-5.196851177156502,-3.169644252652226
1801671506733,-3.3578075448664877,-5.4457889914068085,-3.151877528246512
1801671506750,-3.193320579410444,-5.836873861759945,-3.0391411222304647
1801671506766,-3.7551710649588053,-5.773980639293962,-2.722559219764527
1801671506783,-4.493285444437544,-5.792155860976691,-2.8621792742461447
1801671506800,-4.106565178273912,-5.830607665907751,-2.972958221055805
1801671506816,-3.748577517466442,-5.573984356517325,-2.9109064290603213
1801671506833,-4.578073264465925,-5.371295568728749,-3.053858598799169
1801671506850,-4.707778533649101,-4.782242555493736,-3.272830951211566
1801671506866,-3.8209198979089614,-4.818680291051858,-3.2678068521488237
1801671506883,-3.8807468834033934,-4.352243885259398,-3.370942976089136
1801671506900,-4.481631676390331,-4.009514036056864,-3.343436390124927
1801671506916,-4.070676166690319,-4.127279196943083,-3.4093637521646967
1801671506933,-4.349882464442094,-4.224162362590529,-3.1503783307916926
1801671506950,-4.360247919685729,-4.209737301572482,-3.1709394697144484
1801671506966,-4.47608152872931,-4.619416042445814,-3.0706524844372063
1801671506983,-4.544053521908989,-4.33312809323056,-2.938082010148515
1801671507000,-4.118430438970745,-4.228619919143686,-2.757015715587787
1801671507016,-3.8558961640984175,-4.045260411620181,-2.947010602591483
1801671507033,-3.7329257407733207,-4.0669643876436865,-2.9773590017698877
1801671507050,-4.267822374510166,-4.133793061293254,-2.906700396928947
1801671507066,-4.559989980566078,-4.186740183323685,-2.568800510892771
1801671507083,-4.517261524667511,-4.291747586316669,-2.3390976719014094
1801671507100,-4.69907319929582,-3.8511170992165535,-2.3777597796721603
1801671507116,-4.448449830640065,-3.822354050447821,-2.393503139182222
1801671507133,-4.4338122158974755,-3.8119182265620535,-2.1245476628000106
1801671507150,-4.2859251535377885,-4.10819778014587,-2.161420521721289
1801671507166,-4.318928916556713,-4.348729473371699,-2.2252484512120305
1801671507183,-3.6347943832485337,-4.951977321836262,-2.127532645252593
1801671507200,-3.5156772533621927,-5.167425750847207,-1.9883590009711576
1801671507216,-3.5113861522258603,-5.054793030263367,-2.0665032371398793
1801671507233,-4.197187435259049,-5.365314957920109,-2.197073551543778
1801671507250,-3.9158357161726007,-5.042513794755917,-2.245932305821913
1801671507266,-3.2814831106102034,-4.909167154153174,-2.16427743732459
1801671507283,-3.793900773629899,-5.350017130247887,-2.0866984551154415
1801671507300,-3.955462896652793,-4.998228719760631,-2.06801613944854
1801671507316,-4.348797750623955,-4.911180050878244,-2.215958575710804
1801671507333,-5.065987170726833,-5.3506294018201555,-2.08040778096683
1801671507350,-4.7214933230698755,-5.405697393449434,-1.9209646640730516
1801671507366,-4.56964660064414,-5.404450708309211,-1.87251045967323
1801671507383,-4.480914419624775,-5.672418649726733,-1.9303228035588733
1801671507400,-4.418378621062958,-6.15284506378124,-1.9632660667613409
1801671507416,-4.974562264601446,-6.24803750954758,-1.933063801035363
1801671507433,-4.7125591545917,-6.2775128386443075,-1.9119011076879937
1801671507450,-4.958180649647362,-6.62085970969988,-2.056984102220476
1801671507466,-4.848051558463322,-6.448822561524948,-1.9570294122983563
1801671507483,-5.168853810013919,-6.2505558987223955,-1.9065337425080515
1801671507500,-4.883633827706811,-6.151160041345813,-2.0339292751816407
1801671507516,-4.249912051365802,-6.5231179658635785,-1.9230098966229974
1801671507533,-4.5473730777522965,-6.868999180683427,-1.9487914574182044
1801671507550,-4.77368948596999,-6.890707400708196,-1.8133540947878992
1801671507566,-4.9437888065123925,-6.874119516597656,-1.8141252949197701
1801671507583,-4.611379737796754,-6.808542552831821,-2.055789625385297
1801671507600,-4.2307576427436535,-6.527793356522998,-1.88220421126816
1801671507616,-3.6691391946280882,-6.244082515857096,-1.889541256801658
1801671507633,-3.3805291207167505,-6.234150375555516,-1.7685777735223043
1801671507650,-2.4329227943313363,-6.444315540689142,-1.495391936853819
1801671507666,-2.622961343556059,-6.693490615202222,-1.288400682910873
1801671507683,-1.9162621229683343,-6.743570581641922,-1.4762207528291025
1801671507700,-1.5133040830501554,-6.914630814086381,-1.6640932191701574
1801671507716,-1.1482705097692003,-6.971210192849258,-1.654686755023733
1801671507733,-1.2684042534676245,-7.287961077082698,-1.8720233847552956
1801671507750,-1.0811797749889496,-7.600788532775814,-2.1486769050184527
1801671507766,-0.8299456750628043,-7.096902371819185,-2.060442452078349
1801671507783,-1.1326422206496423,-6.732333163467365,-2.1645098437703556
1801671507800,-1.305989047002424,-6.621087949947418,-2.0466540750135462
1801671507816,-0.8137034517688884,-6.272511443485151,-1.9012964341080698
1801671507833,-0.8557912221197301,-6.343074755297839,-2.108554139228387
1801671507850,-0.8887410927678157,-5.765449596643938,-1.8225748891477191
1801671507866,-0.7168982930784571,-5.775831448064801,-1.9554503152231837
1801671507883,-0.003223038114189336,-5.8960183771998835,-2.336418493362985
1801671507900,-0.30373284694892444,-5.645706834920789,-2.4859898007487047
1801671507916,-0.5504028156156648,-5.372496005495529,-2.573371449518036
1801671507933,-0.1818258599117737,-5.470466881490796,-2.859954192863352
1801671507950,-0.4200302941947962,-5.258453992734254,-2.4830109998068326
1801671507966,-0.20681628183269307,-5.082840068147885,-2.3674867708757175
1801671507983,-0.9809100291297201,-5.202795971970605,-2.330829952182726
1801671508000,-1.9994302389808358,-5.2953737486106105,-2.3227768069604435
1801671508016,-1.695421485982627,-5.157814632013995,-2.117340229708102
1801671508033,-2.1350324688606523,-4.758340715352156,-2.1555030630771532
1801671508050,-1.708196774719088,-5.004576175640626,-2.210837728767367
1801671508066,-1.2969422404616582,-4.870351046431798,-2.1997454345145995
1801671508083,-1.7613962296552215,-4.5193829310885345,-2.2913311000328758
1801671508100,-1.8368990052700997,-4.5915952958774655,-2.2971407384619145
1801671508116,-1.6780785611329878,-4.62448845334943,-2.1369454141670516
1801671508133,-1.4608453379267123,-4.4663418984611365,-2.1852704189661285
1801671508150,-1.8789250676399365,-4.177021861332823,-2.4924041034875066
1801671508166,-1.4171438031098433,-4.241119364813032,-2.4856228480097626
1801671508183,-1.454424832703523,-3.833248052799844,-2.346959289938586
1801671508200,-1.3565022967531397,-3.763906263045388,-2.219895803523848
1801671508216,-1.149976444122025,-3.6661829132910384,-2.158129830506579
1801671508233,-1.9999841590445717,-4.025395333042471,-2.357156341465234
1801671508250,-1.7270394815309862,-3.9058448877189784,-2.214015651889898
1801671508266,-1.5954993326849793,-3.88934962990601,-1.9145597486167814
1801671508283,-1.9322433370575567,-3.724335859240522,-1.6854586728626515
1801671508300,-2.1364622954887316,-3.714964796333666,-2.2511110614715717
1801671508316,-3.1225746936611753,-3.2513584363762567,-2.2583522230753568
1801671508333,-2.712526246387018,-3.36537221017601,-2.236458844593323
1801671508350,-3.09460128179808,-3.6278728896166683,-2.2106481125380752
1801671508366,-3.4231268029608533,-3.5216887763368816,-2.2707678591859004
1801671508383,-3.771122598890458,-3.424740509264083,-2.2622926490065525
1801671508400,-3.871151610591193,-3.9611436507869406,-2.706317633688968
1801671508416,-3.8361069489554573,-3.8844152230071414,-2.66592493399292
1801671508433,-3.876586791780966,-4.243995559089606,-2.783024495374892
1801671508450,-3.741535988700532,-4.196483437599233,-2.822495266893664
1801671508466,-3.689235203550119,-4.436355117112031,-2.876544458463894
1801671508483,-4.030142068642148,-4.003629905601345,-3.1016355784182985
1801671508500,-3.7067286828860024,-4.005670580923107,-3.1685361735398327
1801671508516,-3.232063977873376,-3.7768357283058256,-3.059147771495469
1801671508533,-2.629514161487368,-3.571530169491528,-2.962464699719885
1801671508550,-2.5081233669889973,-3.5639302388369547,-3.100411853935156
1801671508566,-1.4615818647830294,-2.9977763328728253,-3.1044531060006553
1801671508583,-1.812292319195477,-3.333065455473246,-2.9057720117375823
1801671508600,-1.997807994605624,-3.505619883709462,-2.824625141849503
1801671508616,-3.1616239259902468,-3.661344144241072,-2.9179075610490814
1801671508633,-3.6698543004757136,-3.516785574739276,-2.687438224391345
1801671508650,-3.870029273994385,-3.2840277859354705,-2.4375503549357123
1801671508666,-4.406736075847293,-3.548278331161937,-2.440009572551204
1801671508683,-4.3562703786259975,-3.818905058612013,-2.491326968837431
1801671508700,-4.490580883750388,-3.3264409236097503,-1.9400800659384256
1801671508716,-4.643704531583124,-3.480305547578771,-2.053768968318912
1801671508733,-4.558326735882726,-3.2042018319170067,-2.257369350276134
1801671508750,-4.763322843569807,-3.463087567447518,-2.149477805328057
1801671508766,-4.609074335214604,-3.5386775406520505,-2.3379662084205868
1801671508783,-4.686808673734052,-3.3738380545865505,-2.353379922870392
1801671508800,-4.947131868764312,-3.1558931275842244,-2.438679999116781
1801671508816,-5.167688252046371,-3.4796493668941486,-2.21340163630721
1801671508833,-5.111044957069544,-4.474910236038543,-1.8164774260779484
1801671508850,-5.019306867790513,-4.2524991107832015,-1.9277007396694907
1801671508866,-5.506578619564477,-3.9475525810973737,-2.162327434907752
1801671508883,-5.560907552704969,-4.2565264341929225,-2.54352705314799
1801671508900,-5.301427308282635,-4.373182884467174,-2.7626344347416043
1801671508916,-5.325051988906928,-4.628772769171743,-2.6620017113392382
1801671508933,-5.2216418944949785,-4.506131078067109,-2.3812008223038643
1801671508950,-5.099360429253595,-4.60862183142328,-2.7131261251129746
1801671508966,-5.548009019177933,-4.48431150713219,-2.792397611462194
1801671508983,-6.32236601731386,-4.487171626082512,-2.899595303726383
1801671509000,-5.8495796806955,-4.605747575681289,-2.9530267841919096
1801671509016,-6.426331270039761,-4.441152793814048,-3.0445922541134376
1801671509033,-6.7049098818577875,-4.435576950033656,-2.902414012720567
1801671509050,-6.615650244779138,-4.874746990844249,-2.6967212013655373
1801671509066,-7.362374306074564,-5.130434043942732,-2.951350432941111
1801671509083,-6.324114883548248,-5.15251164497313,-2.7897705253883487
1801671509100,-6.6983961417696785,-5.0847998413872615,-2.8814706644153225
1801671509116,-6.391029386969795,-5.65845057005348,-2.7793036890637266
1801671509133,-6.605489928981408,-5.253418025302304,-2.8686853874845313
1801671509150,-6.383696457987609,-5.157626033539296,-2.592045279397237
1801671509166,-6.494830902714661,-5.245671983253892,-2.8307421771746357
1801671509183,-6.572565845376342,-4.977470267535009,-2.834609866156318
1801671509200,-6.839952004037068,-4.650392657982575,-2.7182073771873916
1801671509216,-6.823918517847851,-5.17495342654945,-2.7366994242044806
1801671509233,-6.5557638680393024,-5.2365335409711715,-2.817190302095605
1801671509250,-6.977513678142299,-4.8052111996791815,-2.6335385279445633
1801671509266,-7.273668846161212,-5.049178481923094,-2.8858201359932334
1801671509283,-7.6978901827634125,-4.847592472616567,-3.2239853296255188
1801671509300,-8.302822011598542,-4.500874788485465,-3.1297311013377787
1801671509316,-8.206761088134996,-4.413789724921727,-2.9313636744234377
1801671509333,-7.90689741427728,-3.794504467647179,-3.2811364543687307
1801671509350,-7.88665826574346,-4.0490907793995525,-3.262062525494009
1801671509366,-7.521616406548127,-3.967636839762479,-2.975337447001805
1801671509383,-7.035024626590192,-3.890267323515256,-2.844206421729593
1801671509400,-7.230280993688143,-3.9224891913274944,-2.698476333295331
1801671509416,-6.743005658036491,-4.011895858370163,-3.0206379499331377
1801671509433,-6.492289831826953,-4.047657546823331,-2.9980866213867188
1801671509450,-6.491358374175874,-4.467528894674363,-2.8155320866739855
1801671509466,-6.586144071636872,-4.312577123367689,-2.8621609730986455
1801671509483,-7.241396292524257,-4.878466285488107,-2.8129616031621025
1801671509500,-7.2333621811910955,-4.951884973594156,-2.7828523523364073
1801671509516,-7.328383102454591,-5.021802743917712,-2.625440620545419
1801671509533,-7.759280001302562,-4.478667959058946,-2.701125874769801
1801671509550,-7.422131117907781,-4.338799352296358,-2.693600409965332
1801671509566,-7.625610515123396,-4.240787822310315,-2.813256083497621
1801671509583,-7.5384740586004195,-4.231068478581921,-2.9803303683310896
1801671509600,-6.799312378875567,-4.557364375627799,-2.940424577592251
1801671509616,-7.420603289594085,-4.642026603604477,-2.904461980678054
1801671509633,-7.401706001393745,-4.3601813292833835,-3.0164356388530735
1801671509650,-7.329803327164809,-4.472755267323594,-3.0881915698328406
1801671509666,-7.554252831739884,-5.519226537780532,-3.1422054428530033
1801671509683,-7.732253571813365,-5.098695908410922,-3.2095809838471365
1801671509700,-8.17373994404672,-4.681172427918066,-3.1681351011826586
1801671509716,-7.402411903434383,-4.5482463157702036,-3.182068460126771
1801671509733,-7.515857960369413,-4.789094264468088,-3.2614487618545147
1801671509750,-8.02683330070025,-4.701886066994322,-3.275900534774325
1801671509766,-8.228145111032541,-4.496473328322456,-3.38786699883309
1801671509783,-8.682536952560788,-4.812205999246438,-3.5942110468660267
1801671509800,-9.419205057853308,-4.977665810995652,-3.669878072318301
1801671509816,-9.810740045409073,-5.053446785201732,-3.4507281827211442
1801671509833,-9.436364348282112,-5.048284402490067,-3.6530064204008568
1801671509850,-9.824008173388798,-5.099061908959143,-3.6992531805452797
1801671509866,-10.152027017879286,-4.91808735485148,-3.799091767886984
1801671509883,-9.971302113519526,-4.569376814929232,-3.716358904002589
1801671509900,-10.517154392772538,-4.774257728888645,-3.9440258132679196
1801671509916,-10.42476579623628,-4.72181025164903,-4.230141586703958
1801671509933,-9.863464046486813,-4.354213002268918,-4.282075950755129
1801671509950,-9.75491585965197,-4.4062891612653345,-4.19084395437143
1801671509966,-9.871477069967721,-4.239381791930151,-4.149680700699288
1801671509983,-9.819322760725363,-4.772054418550811,-4.061477726861448
1801671510000,-9.598524529336515,-4.899921028586315,-4.027188118191539
1801671510016,-9.346930842686913,-5.196986020210974,-3.982720968606893
1801671510033,-9.047804049211862,-4.7540540477549635,-3.9950001763255196
1801671510050,-9.128068799812814,-4.534274159819242,-3.8610162651590354
1801671510066,-9.448267743446623,-4.425568369448211,-4.017181617112056
1801671510083,-9.83274274607949,-4.088013815196312,-3.887751772499492
1801671510100,-9.23341947455313,-4.180809941014475,-4.13445746443772
1801671510116,-9.43869970284857,-4.102732810155887,-4.458947821127482
1801671510133,-9.097439109184293,-4.441362330517109,-4.640437776562665
1801671510150,-9.216613804446686,-4.683484195088461,-4.427934273494309
1801671510166,-9.383684112341196,-4.658699075555309,-4.414364198972341
1801671510183,-9.647489515208704,-4.288035716133833,-4.543685634440777
1801671510200,-9.386117204748167,-4.706327139668094,-4.6966658715976575
1801671510216,-9.803345461135223,-4.873230313004309,-4.464685582047422
1801671510233,-10.129305145996018,-4.686610391930809,-4.512781754546777
1801671510250,-9.75088420997054,-4.662757104718864,-4.295761232533404
1801671510266,-9.301916016399277,-5.01594465379976,-4.6217637394858
1801671510283,-8.644126481360734,-5.137950474598347,-4.316955252163021
1801671510300,-8.780464557932243,-5.443277913303204,-4.161375966135814
1801671510316,-8.284380647317764,-4.9243149104341715,-3.9936699296690326
1801671510333,-7.741251779227666,-4.852548711068801,-4.01145939631444
1801671510350,-7.368269213753388,-4.746647704688532,-3.8211965889789385
1801671510366,-8.47064986326494,-4.891889731634011,-3.6421408017426224
1801671510383,-8.150143256824421,-5.127660920278261,-3.7938505016145365
1801671510400,-8.56732831583891,-5.3009824226295414,-3.8830361928399064
1801671510416,-8.919123044622015,-5.499092891233661,-4.139997722820647
1801671510433,-8.846323799244761,-5.438754074667862,-4.1509521285121
1801671510450,-9.061914297135175,-5.202926746744238,-4.084012614642502
1801671510466,-9.761051167298694,-5.1110140723050925,-4.109824558102163
1801671510483,-9.617299871431845,-4.748073609600337,-4.2734965251396595
1801671510500,-9.357651214575757,-5.2621835019589165,-4.211837836615981
1801671510516,-8.724031827184477,-5.392367408421939,-4.380017473045825
1801671510533,-9.151018571816547,-5.3551476341151805,-4.509252861357557
1801671510550,-9.797088904688225,-4.973120435898185,-4.625195934478056
1801671510566,-10.924418414343666,-5.016222407562265,-4.813424234383048
1801671510583,-11.067877154565455,-4.669469503934938,-4.761329126549578
1801671510600,-11.449410217424074,-4.332054404730619,-4.671418425146099
1801671510616,-11.641806285772946,-4.804606088129964,-4.7510857040123735
1801671510633,-11.392098491509795,-4.400995635250977,-4.672222451845826
1801671510650,-11.060382831474296,-4.204198842061762,-4.651081176350552
1801671510666,-11.672507631596138,-4.1184453489058805,-4.629837099462026
1801671510683,-10.899205184123666,-4.1425193975338335,-4.469099854665273
1801671510700,-11.053944596468293,-4.1259163047969825,-4.45273528438239
1801671510716,-11.099823534322663,-3.752242777254894,-4.806895907436784
1801671510733,-11.345357182810169,-3.62413350555184,-4.747619806939253
1801671510750,-11.387105940176784,-3.6236419808359996,-4.775742275621966
1801671510766,-11.090254505549607,-4.0829039241170975,-4.873415571544296
1801671510783,-10.328234976017537,-4.181026212907978,-4.611079988702441
1801671510800,-10.93635918818493,-4.251100816219539,-4.54290759272828
1801671510816,-11.096622881226708,-4.625407132216162,-4.495251288679046
1801671510833,-11.09078500081278,-4.348724624904904,-4.418257899293552
1801671510850,-11.036479561485722,-4.137089067431621,-4.278887554177804
1801671510866,-10.593044555489461,-4.3264311168873535,-4.375416115378579
1801671510883,-10.112773899513824,-4.228177105536819,-3.9927316647219433
1801671510900,-11.027719575055244,-4.313430136810512,-3.937285038812283
1801671510916,-11.419636482351205,-4.365579005955619,-3.8127720507437206
1801671510933,-11.179113794910883,-4.826076968406294,-4.342613912724265
1801671510950,-10.950101094712494,-4.778506155276903,-4.316685728255954
1801671510966,-11.318490481378095,-4.780278202285937,-4.3570098614176525
1801671510983,-11.813226017363709,-4.552904342654518,-4.489268186863552
1801671511000,-12.368911265541467,-4.236852319738503,-4.29625030457256
1801671511016,-11.38760325106153,-4.321498323787454,-4.519530378210538
1801671511033,-11.884828239862653,-4.429057907898,-4.529252379371497
1801671511050,-12.706447696301806,-4.374204050144745,-4.649655810786139
1801671511066,-12.711866965871607,-3.8886824378403526,-4.678373347698599
1801671511083,-11.841820575683789,-3.9116755719842917,-4.5883862700773115
1801671511100,-11.539893565704833,-3.813945413367304,-4.570974269455528
1801671511116,-11.645492559449115,-3.6059667342359907,-4.708672587126193
1801671511133,-12.413335467350738,-3.598587418209752,-4.582042986939874
1801671511150,-12.182687858189745,-3.4668881596048466,-4.267976210107209
1801671511166,-12.309145428781113,-3.0885105535274575,-4.143374241562374
1801671511183,-12.972042167648738,-3.046910172413683,-3.9476941546878908
1801671511200,-13.077060103583523,-3.0035665404452616,-3.595439107920472
1801671511216,-13.221056158999147,-2.5631842584427584,-3.6436644633618718
1801671511233,-13.280111672448417,-2.3438783495757307,-3.3829927064763647
1801671511250,-14.088098860031216,-2.289919630583,-3.3926747145595564
1801671511266,-13.892248730211598,-2.53641740388217,-3.3145142846169353
1801671511283,-14.048514025300992,-2.699763860155077,-3.41851328274282
1801671511300,-14.171610614952133,-3.0146206106873796,-3.5703118904553413
1801671511316,-13.639107084863415,-2.710242044828456,-3.5565533058104495
1801671511333,-13.681388272223224,-2.9004049813861323,-3.3382756009010235
1801671511350,-13.888305240210435,-2.631277702855878,-3.3409465747135707
1801671511366,-13.660875296644377,-2.209862187656968,-3.377641890564434
1801671511383,-13.992140445533607,-1.9713282712431441,-3.4913341551483863
1801671511400,-13.6362312268251,-2.0919055608142765,-3.5783615875546593
1801671511416,-13.368929116823807,-2.0619142429941424,-3.438587823279832
1801671511433,-13.664669028758215,-1.973650485994206,-3.4047610120850322
1801671511450,-13.882965961441105,-1.907111236965017,-3.328755663190213
1801671511466,-13.820342025774359,-1.800106037238499,-3.573708470354707
1801671511483,-13.68484677605323,-1.5584581279333038,-3.5525649167622455
1801671511500,-13.969764256268327,-1.9437749910023796,-3.4789952491084577
1801671511516,-14.216056168627293,-1.8160518046768868,-3.2855516335772683
1801671511533,-14.397253777245407,-1.8147112976899331,-3.2626449244258904
1801671511550,-14.232902412912495,-1.7452971926508098,-2.9249956535680184
1801671511566,-14.256630795185004,-1.3377464211039545,-2.9788279812984353
1801671511583,-13.955314729784966,-1.185085580860238,-3.2273800529344077
1801671511600,-13.559942470260381,-0.5950939287637453,-3.3189435350386103
1801671511616,-13.864851192476337,-0.8356369305879507,-3.323426741298914
1801671511633,-13.32634549821876,-0.7486045080026846,-3.055785190897551
1801671511650,-13.20030933460011,-0.6341054369320727,-2.9405701739933936
1801671511666,-13.338947267686255,-0.40338804699262276,-2.705730469270587
1801671511683,-13.200255571811137,-0.35751490529364904,-2.722672168038899
1801671511700,-12.964530761508556,-0.39444207085939365,-2.7206898074778145
1801671511716,-13.097866255639033,-0.3249086585829968,-2.682641687054987
1801671511733,-12.815031686824437,-0.4025529887716983,-2.572547131718621
1801671511750,-13.032368388155113,-0.0005069164506874557,-2.685510133664418
1801671511766,-12.975606689806792,0.03676249676331267,-2.7525985593908513
1801671511783,-12.638332966989537,-0.03617722548630464,-2.92307108365013
1801671511800,-12.06278204914247,-0.6324001698563846,-2.973698497216036
1801671511816,-11.63840426953449,-0.8254485636908413,-2.78247326825291
1801671511833,-11.846480108617548,-0.4246067407354861,-3.0208363867457897
1801671511850,-12.277227012288957,-0.48742724762802414,-3.2620359013259854
1801671511866,-12.38203679627626,-0.7417363334072284,-3.2082236878656762
1801671511883,-11.91191945609975,-0.8748282503388376,-3.2282885699475643
1801671511900,-11.986654277424167,-1.0959786565977563,-3.3134701315543764
1801671511916,-12.306306599045897,-1.4109318657485073,-3.3611508307756477
1801671511933,-12.751100680004532,-2.1123386097284946,-3.353102906699643
1801671511950,-12.712176263135383,-2.1584852467379063,-3.187432590062785
1801671511966,-12.878956348685545,-1.6700161586137883,-3.592682917913484
1801671511983,-12.282469314291504,-1.4839073562394578,-3.453925266245319
1801671512000,-12.583982324590394,-1.6853406033481457,-3.363402993190794
1801671512016,-11.961766773655153,-1.202399580295717,-3.0377376267878957
1801671512033,-12.581545944886214,-1.5389745324029738,-3.164759140680259
1801671512050,-12.274960424824762,-1.7330101185228095,-3.1769203600536873
1801671512066,-11.407539683663499,-1.726378031967009,-3.337695507229069
1801671512083,-11.063503702988662,-1.9649462935565944,-3.3806559845270057
1801671512100,-11.727861822370809,-1.5973882522611005,-3.165791812117607
1801671512116,-11.497318701991992,-1.9903113901725704,-3.0477298621785875
1801671512133,-11.433252299772008,-2.18324199390027,-3.0645794071301267
1801671512150,-11.890450339671363,-2.3163055254700784,-3.114349139253193
1801671512166,-11.880433564454666,-2.308114722817288,-3.181099318679955
1801671512183,-11.623248116995681,-2.7119761233341673,-3.472176040324216
1801671512200,-12.248903821426971,-2.5883359348014063,-3.675855171301877
1801671512216,-12.185765953660637,-2.7351027114863875,-3.397024802655311
1801671512233,-12.614373274412134,-3.0477811125773595,-3.36050950421815
1801671512250,-12.594140916138983,-2.9784772012768035,-3.3990890323402834
1801671512266,-12.850539397265539,-3.1669624519239647,-3.1956794709295484
1801671512283,-11.844569216159424,-3.4265740746769264,-2.9512490215536067
1801671512300,-11.371001245558066,-3.2418643587953198,-2.972805103640742
1801671512316,-11.286715020200301,-3.1963370199766303,-2.887070984217668
1801671512333,-11.268991854854596,-3.569044608624774,-2.917298446724941
1801671512350,-11.20325771486786,-3.715187896606967,-2.8252099658538072
1801671512366,-11.248606967120857,-3.7528679355149763,-2.814061647439021
1801671512383,-11.163701462335936,-3.5698442813966222,-2.870917918935385
1801671512400,-12.262777495231193,-3.4786691779447003,-3.064426508880328
1801671512416,-12.483189947344375,-3.572353179967598,-3.1308133549682458
1801671512433,-12.042617165365538,-3.303151057596645,-3.253911126547448
1801671512450,-12.64078642321135,-2.931550591622943,-3.4669493780255074
1801671512466,-13.321617466235633,-2.797821167470502,-3.468414939528235
1801671512483,-13.451909839961466,-2.694864960265456,-3.6251211986038676
1801671512500,-14.046533218005031,-3.12109764964507,-3.5652953449230425
1801671512516,-13.935402319190086,-3.276814023911253,-3.809787287720699
1801671512533,-13.806104462998142,-3.582071879830911,-3.7901737887808316
1801671512550,-12.694079632865702,-3.7184753678411813,-3.4410315219447525
1801671512566,-12.233218954276893,-3.382054658427391,-3.2668494701048156
1801671512583,-12.340826635437143,-3.904427816166559,-3.2344183337959245
1801671512600,-12.566207061744773,-4.010151637307551,-3.016928157944596
1801671512616,-12.223978683726205,-3.926568765570576,-2.998187574759243
1801671512633,-12.675608391993688,-3.901927774944918,-2.895204035313329
1801671512650,-11.853377475116261,-4.122674584734684,-2.855755792218095
1801671512666,-11.498651361303544,-3.868803680007277,-2.923323869211853
1801671512683,-11.717149746271627,-4.3751784432860905,-2.6838802863468043
1801671512700,-11.549605876976504,-4.257064800030743,-2.7011905906349565
1801671512716,-10.86316514048798,-4.253872278581334,-2.7059866238248267
1801671512733,-11.528518672424104,-4.131490962785149,-2.9902486911969346
1801671512750,-11.290120529150593,-4.215384121784968,-2.709992092541591
1801671512766,-10.843109011020442,-4.491981003561808,-2.419320935634426
1801671512783,-10.82346678455462,-4.219880637039021,-2.7823865601358873
1801671512800,-11.216671186884962,-4.5443207713707245,-2.435307334159191
1801671512816,-10.781124834812484,-4.703390144474575,-2.624200215123795
1801671512833,-10.201576205955295,-4.552836000399008,-2.318783737077069
1801671512850,-9.830991948499086,-4.117610526624944,-2.3343886690165725
1801671512866,-9.640121180905638,-3.7057445521313377,-2.1706150999377383
1801671512883,-9.796549024886442,-3.4060766768247004,-2.3250984502534227
1801671512900,-10.223852590354255,-3.6346636181029917,-2.3609238234154573
1801671512916,-10.54629162138185,-3.6568889062363676,-2.4831352213702207
1801671512933,-10.348387091149284,-3.999175462704012,-2.488051136030702
1801671512950,-10.031686460812027,-4.184459930025915,-2.6282172548936336
1801671512966,-9.960512672771939,-4.2349468238797385,-2.5901410501850126
1801671512983,-10.210556964559476,-3.913650247490728,-2.656120127806394
1801671513000,-10.527095894523029,-4.1145066081902915,-2.7634447227417236
1801671513016,-10.690978597550913,-3.9604201556031517,-2.7383269792154956
1801671513033,-10.26722544977256,-3.7944696941293348,-3.162362951352476
1801671513050,-9.482745169155468,-3.7496799949460895,-3.052610330675687
1801671513066,-10.059165030677,-3.972825776038566,-3.102783267738373
1801671513083,-10.775661365152526,-4.19308291713617,-3.100991535003372
1801671513100,-10.830065116996789,-4.628579704510041,-3.2107908506166427
1801671513116,-10.879450090089353,-4.587500808914674,-2.949253483448086
1801671513133,-11.471161661234817,-4.658463478908175,-3.027632483533895
1801671513150,-10.749584899403903,-4.858484846575295,-2.7647726732257785
1801671513166,-11.391123952527789,-4.803836203429579,-2.854773328479981
1801671513183,-11.42070711663733,-4.6139206787209766,-2.915369763351935
1801671513200,-11.356281768799718,-5.0123345437803275,-2.970406533935464
1801671513216,-11.664975637785105,-4.94584898230018,-2.871015487954617
1801671513233,-11.529349028463386,-4.717403741013802,-2.8415193578185285
1801671513250,-11.471180928930131,-4.5043682787482275,-2.9538577235199894
1801671513266,-11.285567233546935,-4.135806365827784,-3.1004463745621784
1801671513283,-11.597504948283827,-4.146407240946986,-3.30741816164413
1801671513300,-11.416721608129457,-4.082875065329424,-2.9627157624265434
1801671513316,-11.74383214193197,-4.329755627889102,-2.9048155172534544
1801671513333,-11.536355944905278,-4.450846420061417,-2.741586808293128
1801671513350,-11.334294271901655,-4.505345846083692,-2.8376852954377823
1801671513366,-11.421732468167793,-4.367329717431646,-2.8705188745341372
1801671513383,-12.201772697633633,-4.309979993743662,-2.9396009612033023
1801671513400,-11.455103937197464,-4.319709424458118,-2.8068968822825253
1801671513416,-11.560202275392665,-4.473575850592832,-2.9615994008911355
1801671513433,-11.272141613286708,-4.378368793149112,-3.0357605125854796
1801671513450,-11.577543877276343,-4.687198482886922,-3.156629587009737
1801671513466,-10.776101056225244,-4.878545239553774,-3.1220861278159515
1801671513483,-10.614414269954299,-4.8351413713595015,-3.11973776634746
1801671513500,-9.78414626796734,-4.821867638732917,-3.0593379728557037
1801671513516,-9.600247417515387,-4.751026155860442,-3.4303312564845916
1801671513533,-9.60573353112827,-4.442923672184887,-3.5260636524242015
1801671513550,-9.55221382869673,-4.199962774985378,-3.7790507515510705
1801671513566,-10.088515361081159,-4.636556388812446,-3.6561931739899625
1801671513583,-10.142649967872133,-4.571323433600299,-3.653264557920271
1801671513600,-9.751690422892118,-4.3669193571463545,-3.6518784364116095
1801671513616,-10.142871828254254,-4.95048207522588,-3.463398796853885
1801671513633,-10.599591222572812,-4.702407956574056,-3.597326362480359
1801671513650,-9.611350577363973,-4.37043321367052,-3.691911527639463
1801671513666,-10.025169372721841,-4.237733026824434,-3.2238385636405353
1801671513683,-10.379738440592845,-3.8783273155154205,-3.508099269612952
1801671513700,-10.091641452381417,-3.7166070993363984,-3.3743133424129255
1801671513716,-10.202894031008636,-3.6579445609357824,-3.425475874146177
1801671513733,-9.65161622365185,-3.696822992490265,-3.4723376867137885
1801671513750,-9.541648067593057,-3.808486291113268,-3.5479793673462416
1801671513766,-10.324798119432142,-3.2123568603124584,-3.484109689198382
1801671513783,-10.475967720555708,-3.1531123328650605,-3.3903803032297133
1801671513800,-9.8829236132343,-3.4482389035615806,-3.368072044332476
1801671513816,-9.851121463875536,-3.7699493597790807,-3.4039843524028077
1801671513833,-8.977247682244341,-3.752343598837357,-3.4512659966434813
1801671513850,-8.600258397398697,-4.111123320063847,-3.355491944649569
1801671513866,-8.101243332320998,-4.103209156530906,-3.173641098182704
1801671513883,-7.836654143660811,-4.129154382068303,-3.02566432760767
1801671513900,-7.308418129507276,-3.9710584249985574,-3.2227257293640488
1801671513916,-7.20778892944046,-3.7606419254531835,-3.1612450290323824
1801671513933,-6.473698653194298,-3.3081996677971826,-3.2429771542872876
1801671513950,-5.945958928786443,-3.3417957341003883,-3.256450779477076
1801671513966,-5.93973442943265,-3.5237054585163556,-3.3581057339280953
1801671513983,-5.2304188383427075,-3.8120776177939417,-3.442194531539004
1801671514000,-5.596891122373271,-3.563698410268402,-3.8826928509421315
1801671514016,-6.266348838083812,-3.3965149369270144,-4.017881535578885
1801671514033,-7.064236481114989,-3.5044510281100734,-3.8445768842973913
1801671514050,-7.840054323358698,-3.598538056979888,-3.9539355366996247
1801671514066,-8.086538440752307,-3.6653570572298984,-4.071932481149673
1801671514083,-7.730247057966121,-3.3622539353104974,-4.411755140114363
1801671514100,-7.907043467361495,-3.5250750958223227,-4.054976559474557
1801671514116,-8.76262463882539,-3.4657829850743447,-3.9888202666764934
1801671514133,-8.28525596727179,-3.944238000094572,-4.301152682196242
1801671514150,-8.792161624016824,-4.280124928560577,-4.4778988383392875
1801671514166,-8.414197370994666,-4.524962236348603,-4.537836391191588
1801671514183,-8.33527844565195,-4.314480170932595,-4.812700389347414
1801671514200,-8.555769831931121,-4.338584848639786,-4.77788437999161
1801671514216,-8.188100287671835,-4.550021386364167,-4.645695035019733
1801671514233,-7.8979801664164455,-4.5799687972561225,-4.649202616052806
1801671514250,-8.421429517098254,-3.8403993845851905,-4.539710755359684
1801671514266,-7.9604330931496285,-3.975706715025727,-4.622630669697747
1801671514283,-8.17041496906607,-4.2381093607741285,-4.642010194942014
1801671514300,-7.186665032204328,-4.381084195934148,-4.67044749300633
1801671514316,-6.612736560438368,-4.160096824125077,-4.365460678352364
1801671514333,-7.0132277988785034,-3.9137060870488547,-4.054919284258295
1801671514350,-6.988124932621297,-3.9412537663296408,-4.060751967582214
1801671514366,-6.260674129980925,-3.824341668179224,-4.092899966951583
1801671514383,-6.299347279934136,-3.9282266236695498,-4.0157015143059995
1801671514400,-6.525555949117255,-3.8637224683892226,-4.022247826118632
1801671514416,-6.797236459898414,-3.3594559156966395,-3.8514686226449926
1801671514433,-7.024842953875677,-3.08517737164657,-4.048092009653556
1801671514450,-6.80237819259896,-2.851173258342944,-4.019721251817224
1801671514466,-6.88998420557837,-2.8160100702258015,-3.7137236744136914
1801671514483,-7.665354251435898,-2.78504762396618,-3.7283045303175406
1801671514500,-7.6032642880087025,-2.427050043538492,-3.9678953826778933
1801671514516,-7.5604298054903225,-2.399936131720025,-3.842398536640804
1801671514533,-8.150457025492706,-2.7210234691394417,-4.110163444258819
1801671514550,-7.8124717342693,-3.3147584399715257,-4.0060672037781515
1801671514566,-8.415411221026323,-3.4277047601604185,-3.882408578802316
1801671514583,-8.90251870092485,-3.296307247916038,-3.8148831214466883
1801671514600,-8.063802987071732,-2.8016190707504394,-3.825676804252443
1801671514616,-7.6109140055104785,-3.0781199556890417,-3.8825704752370713
1801671514633,-7.726844729597191,-2.9990739184307706,-3.9274168927710966
1801671514650,-8.106832805216476,-3.2159400295037717,-3.8425292720036284
1801671514666,-6.774512225344486,-3.2036944228151496,-3.690010090043931
1801671514683,-6.129170753857343,-3.1100589227035393,-3.4719428729393997
1801671514700,-5.930337429994803,-3.155504537331259,-3.3908132153158492
1801671514716,-5.952262331676447,-3.3944662298770947,-2.992026769663065
1801671514733,-5.99256984286713,-3.044711488015131,-3.171504658309047
1801671514750,-5.984393361824948,-3.211562162943399,-3.129495579269216
1801671514766,-6.753077393143601,-3.1705543232348328,-3.180530720176443
1801671514783,-6.834631317852642,-3.1578666755500153,-3.000562985700508
1801671514800,-6.487305239040174,-3.1058660909094944,-3.1158944053918116
1801671514816,-6.461494301865376,-2.66761595455621,-3.277323055876447
1801671514833,-7.136385593621309,-2.0168259386760825,-3.275829814853266
1801671514850,-6.81933685507502,-2.181721618413835,-3.285224054820702
1801671514866,-7.477062916853145,-2.4316826003231427,-3.3527125253058014
1801671514883,-7.194396346886796,-2.407004377258141,-3.2285312899712735
1801671514900,-7.245806085221107,-2.6611929619690615,-3.243347972306961
1801671514916,-6.933114325299073,-2.6352895834755636,-3.3780370137709634
1801671514933,-6.4768738164202055,-2.3797757311780896,-3.5172167650961907
1801671514950,-6.204389703621917,-2.7544181072126723,-3.507186992229422
1801671514966,-6.201727960270025,-2.8133318184915157,-3.38146489793446
1801671514983,-6.66108037170599,-3.2718622129005683,-3.232584528197379
1801671515000,-7.018503816539626,-2.926399458759712,-3.1873931335693393
1801671515016,-6.6035354655492275,-3.0346740624943607,-2.933219542766124
1801671515033,-6.858107321314069,-2.7498869411158564,-2.985676630468072
1801671515050,-7.744298668265156,-2.500776956339971,-2.5431954000125723
1801671515066,-7.544430526276489,-2.606721601515744,-2.495045669935906
1801671515083,-7.239164183583997,-2.4526440448789932,-3.099232873169718
1801671515100,-7.849689518698834,-2.7536679048712793,-3.1775138819904876
1801671515116,-8.13190970126734,-2.9763606217254837,-3.2787094800099577
1801671515133,-7.279475679003388,-3.2933615808966925,-3.0912131924668946
1801671515150,-7.991241665120327,-3.511892170372794,-3.24855311249702
1801671515166,-8.422167632793384,-3.887709335609691,-3.2258571797258955
1801671515183,-7.454857480468819,-4.057869346899702,-3.646957354733614
1801671515200,-7.300387981527716,-4.146742799203837,-3.7560258540593066
1801671515216,-7.410602432052828,-3.7329800393049566,-3.581627315707295
1801671515233,-7.494967813749755,-4.039723528598834,-3.3347410622562443
1801671515250,-7.545200614726458,-4.302366180969547,-3.4904917140470224
1801671515266,-6.72898249571982,-4.145585190378764,-3.3777667970843206
1801671515283,-6.773196161338097,-3.9534182369324427,-3.33395137125267
1801671515300,-6.82834821506653,-3.8768970911992624,-3.222340032425663
1801671515316,-6.247635264857303,-3.8797352268573837,-3.024187723755012
1801671515333,-5.831252668911272,-3.8344952516005004,-3.164047727847669
1801671515350,-5.788484759287515,-3.4866775673612036,-3.2025918138831413
1801671515366,-5.583303219444258,-3.929171251838132,-3.3803968501504467
1801671515383,-5.255984021502156,-4.2316482894717105,-3.3436361014173532
1801671515400,-5.262473028810986,-4.1942730936731465,-3.496798988017363
1801671515416,-5.227499775214174,-4.086542276239041,-3.3279312999338653
1801671515433,-5.509223210284331,-4.021261889012958,-3.163650339515166
1801671515450,-5.07122034626823,-4.638642820950244,-3.2692441867342836
1801671515466,-4.750297406435334,-4.556518163766018,-3.1210293243550304
1801671515483,-5.090650602172115,-4.697149079280344,-2.6178778571073966
1801671515500,-4.9028658049234926,-5.298380488144073,-2.7099940484071556
1801671515516,-5.4503144409052275,-5.411680244546363,-2.6755274311322346
1801671515533,-5.5129933460922,-5.317774837297621,-2.6116294313540562
1801671515550,-4.982844682626234,-5.414146686261678,-2.8893136285021677
1801671515566,-5.0917050965998225,-5.19391037145615,-2.669150329111623
1801671515583,-5.209398880299188,-4.960864404415508,-2.4358973093707146
1801671515600,-4.273770325682111,-5.003469393507529,-2.45320507640565
1801671515616,-4.045196900947474,-4.566147851272807,-2.3629595480865753
1801671515633,-4.1528846554846535,-4.648408203555596,-2.1373879084444223
1801671515650,-3.2897953593982434,-4.454688857487118,-2.4213609397962284
1801671515666,-3.38887305112711,-3.723314627588393,-2.547201388742794
1801671515683,-2.541215674349345,-3.5062379721690338,-2.6006780942744743
1801671515700,-2.408497809830603,-3.7572869314813797,-2.8274563220771918
1801671515716,-2.399086445302667,-3.3500842933865442,-2.6743976363602284
1801671515733,-2.3524845757670003,-3.2861983109296955,-2.6948642384224506
1801671515750,-2.4882920890163027,-3.4532247579385396,-2.7313728288553665
1801671515766,-2.5212458281121104,-4.092570925679422,-2.799411716635799
1801671515783,-1.7082892040387492,-4.49828838134408,-2.7985996556852175
1801671515800,-1.7437788632105518,-4.575017066588465,-2.8457918156648727
1801671515816,-1.1150391917826514,-4.585567467556916,-2.858617904214249
1801671515833,-1.663545245984666,-4.405791340362555,-2.980302429125516
1801671515850,-1.696230920341677,-4.47107397176447,-3.126808903976402
1801671515866,-1.9563108771535846,-4.511156466292531,-2.887024731749654
1801671515883,-2.7690292013843805,-4.710519803407976,-2.738974632964119
1801671515900,-2.9423332889248943,-5.264413984512857,-2.8126111257176882
1801671515916,-3.4549640511168542,-4.671565793025472,-2.79134192284402
1801671515933,-3.2513290582567382,-4.93198945389674,-2.7072384883629703
1801671515950,-3.420714807377979,-4.605718677942345,-2.9671224663544242
1801671515966,-3.5635298864604223,-4.509309752936529,-2.7575067083058675
1801671515983,-3.3844743541010653,-4.047084885616429,-2.757582495570626
1801671516000,-3.0758521386220483,-3.98727003232019,-3.0340609286546147
1801671516016,-2.934227484032426,-4.3488316307887995,-3.2535447439249507
1801671516033,-2.972165885031121,-4.426454352233972,-3.126980814249554
1801671516050,-3.5757695201591417,-4.943733398414684,-3.3377983144053287
1801671516066,-3.3454704190897186,-5.208376833207491,-3.3821707208468434
1801671516083,-3.39181644609271,-5.409422804174989,-3.504732262309542
1801671516100,-2.859294837875522,-5.473489720640527,-3.308855145318503
1801671516116,-3.121583098539306,-5.638208018109547,-3.1761697342322552
1801671516133,-3.914784434321053,-5.691580851730292,-3.2619556786352724
1801671516150,-4.648073847415227,-5.952080260603835,-3.2848049183659596
1801671516166,-5.063266408937018,-5.727989338108565,-3.23619616158775
1801671516183,-5.001781714874086,-6.011058835116396,-3.378493858581441
1801671516200,-5.15524445813902,-5.764891537130383,-3.0790372091191744
1801671516216,-5.644031343948929,-5.778582802197484,-3.13220688208587
1801671516233,-5.384998794840186,-6.08034179567634,-2.7663409082334174
1801671516250,-5.666944880537025,-5.700917063977676,-2.7905443851310827
1801671516266,-5.617333584219359,-5.846071494339136,-2.7568780281489422
1801671516283,-5.295811515976891,-5.903820433003816,-2.709517018957453
1801671516300,-6.081435181145477,-6.0835749908975325,-2.9463304757345994
1801671516316,-6.317759574049311,-5.914616917161879,-2.944564989877437
1801671516333,-6.278728242079971,-6.050676715865315,-3.1240959715361436
1801671516350,-6.237897964172942,-6.370459869291513,-2.925794911816749
1801671516366,-6.167813749902059,-6.894884705245941,-2.809192729425582
1801671516383,-6.569242328200044,-7.074854898316761,-2.6226269606937658
1801671516400,-6.320527115412776,-7.032733461993416,-2.6722532237609324
1801671516416,-6.128282510262468,-6.850714649943715,-2.7506057994725928
1801671516433,-6.95599972563887,-6.889350384408461,-2.8075968332964463
1801671516450,-6.713907333332515,-6.306125984262001,-2.715597717930072
1801671516466,-6.2314043861467034,-6.114348099331386,-2.511347192046112
1801671516483,-6.960007013568745,-6.132410182386734,-2.3380301852818164
1801671516500,-7.028619355623652,-6.366881860843748,-2.3766944181651377
1801671516516,-6.418820309347767,-5.978736482146704,-2.566992086249992
1801671516533,-5.376892413146369,-6.159098562564886,-2.7900708739394973
1801671516550,-5.107724142437516,-5.990900722121181,-2.5934235698052657
1801671516566,-5.297889390839583,-6.080012465604761,-2.5109900427704024
1801671516583,-5.649757647763992,-6.220363676857143,-2.7209763547133794
1801671516600,-5.743764703035074,-5.577855059168093,-2.865000614949526
1801671516616,-6.371872073600018,-5.693191331828925,-2.947733515533267
1801671516633,-6.347293419473573,-5.413069192834266,-2.793393668825977
1801671516650,-6.621579242252648,-5.345441925310169,-2.6157999811590127
1801671516666,-6.473819273048541,-5.247819187363442,-2.6195849031392138
1801671516683,-6.070694987228574,-6.216683958709401,-2.7035792900815894
1801671516700,-5.723489249348705,-5.359560526587366,-2.6857973245804803
1801671516716,-5.012729329543899,-5.077772048743005,-2.7427700923854554
1801671516733,-5.752716006554104,-4.852537689832977,-3.1420434285953407
1801671516750,-5.089295374699456,-4.495448276878357,-3.1491110986923583
1801671516766,-5.079353771300169,-3.701379835940567,-3.331444843354912
1801671516783,-5.946614238717219,-3.91831395939583,-3.5015318441391554
1801671516800,-5.394541180998603,-3.599649361679283,-3.768386376163453
1801671516816,-5.195062345278893,-3.6581169797773065,-3.7234421337193204
1801671516833,-4.933162058634452,-3.811951794299466,-3.8271383336689624
1801671516850,-5.396451373148782,-3.5103668627392306,-3.9041164016263927
1801671516866,-5.27394545221978,-3.4582901135805986,-3.767624188894543
1801671516883,-5.569924496239522,-3.17608418359598,-3.826838392824659
1801671516900,-5.205268391593013,-3.238099391546287,-3.5230797373673677
1801671516916,-4.836409766376097,-3.1718677630780454,-3.828103351356881
1801671516933,-4.382883785870705,-2.6619789026581198,-3.9012476627080757
1801671516950,-3.9846046841938465,-3.0115705874131233,-3.864332664720931
1801671516966,-3.9452216647663882,-3.415922883865716,-3.9664049886108885
1801671516983,-3.882864453966995,-3.1981386942403893,-3.737691146649227
1801671517000,-3.8292550853710505,-3.5116454768408785,-4.069588135436789
1801671517016,-3.742712330420415,-3.792851185749622,-3.932615318514795
1801671517033,-3.531336472208065,-4.046392765752268,-3.9486180355232543
1801671517050,-3.290251993106532,-3.9888774934818176,-3.8961972888998035
1801671517066,-3.131639768973395,-3.8467244430424246,-3.8598097196316608
1801671517083,-3.1196049034063926,-3.5750687368074243,-3.6373279255151942
1801671517100,-3.2551213043312575,-3.5969448104528254,-3.6696993837789034
1801671517116,-2.482030594149841,-3.5670674997340113,-3.7241537380201732
1801671517133,-2.130692507077666,-3.5652387604665927,-3.607347992523278
1801671517150,-2.544470691168519,-3.550473134145128,-3.294715407958555
1801671517166,-2.7239490083960294,-3.559367274477666,-3.3951121064617356
1801671517183,-2.1845603989681397,-3.2759928175488073,-3.657819456679315
1801671517200,-3.149116954747833,-3.0629222805423546,-3.7332889531623463
1801671517216,-2.6164121227826613,-2.9950382198746874,-3.6480654173222584
1801671517233,-2.0471917718992345,-2.511748207774568,-3.8079240161690544
1801671517250,-2.3110167240747077,-2.541513631698,-3.519251930494847
1801671517266,-2.959423828416513,-2.580098703294405,-3.519181667594299
1801671517283,-3.7103439676662644,-2.685675276506372,-3.460502802914023
1801671517300,-4.178390849969967,-2.7580368938311555,-3.5861373130034733
1801671517316,-4.291024723899916,-3.2741009397069427,-3.840891852969048
1801671517333,-4.723123606007875,-3.3922233517924156,-4.00127394976024
1801671517350,-5.230841263625351,-3.4395857647865844,-4.024333556615281
1801671517366,-5.207031257928543,-3.5169555545720934,-4.211523356819023
1801671517383,-5.209073408556143,-3.330999649018367,-4.384527863232947
1801671517400,-5.421438482932165,-3.621643769286619,-4.733683347694648
1801671517416,-4.825919672602233,-3.802871381805163,-4.641678927175495
1801671517433,-5.498291699566601,-3.2145154510766845,-4.569188054327809
1801671517450,-6.007214817667375,-2.994735877242228,-4.364837036054924
1801671517466,-5.333241814455995,-2.6849706374462565,-4.236004125799435
1801671517483,-5.320702524034925,-2.5251723904572754,-4.177991971040252
1801671517500,-5.295612407142893,-2.3921836442378135,-4.147454445220768
1801671517516,-6.09573638489473,-2.218554176243157,-4.0368439043923745
1801671517533,-6.293954243079062,-2.4064322019552793,-4.0574960903898445
1801671517550,-5.934516832287445,-2.12010595254767,-4.160258089425807
1801671517566,-5.558380060467208,-2.382665436374273,-4.115210570069169
1801671517583,-5.800943860230916,-1.908931362367432,-3.9397937549449926
1801671517600,-6.054656568826129,-1.7956145657376954,-3.84968797675903
1801671517616,-6.494973126071457,-2.374919786044528,-4.069150602862457
1801671517633,-6.8621987457916696,-2.7706979436126447,-4.2169388353096835
1801671517650,-7.589250125692084,-2.37183255341512,-4.09176469235825
1801671517666,-7.571268647057815,-1.851286305915285,-4.373338585149435
1801671517683,-6.8975273101360095,-1.750995862498133,-4.342231628590925
1801671517700,-7.126045103157045,-1.4946229885468378,-4.458585549605686
1801671517716,-7.163639171721178,-1.715256235029707,-4.328575713744015
1801671517733,-7.223990512254179,-1.4803460260680001,-4.477573325206481
1801671517750,-7.191105689272994,-1.3568264862053372,-4.681374696041644
1801671517766,-7.244881941819896,-1.6920688235211463,-4.616429566368016
1801671517783,-6.7357537158996434,-2.019982210293894,-4.633870379618518
1801671517800,-6.236657874409297,-1.566320944741081,-4.706260688880547
1801671517816,-6.437253111293196,-1.7356984933928503,-4.774025079985489
1801671517833,-6.514917133400559,-1.8569425455862723,-4.596541819850135
1801671517850,-6.913911595690442,-2.3979297511294493,-4.490404067246491
1801671517866,-7.5181001320953165,-2.680015803852006,-4.7932279204222015
1801671517883,-7.559779396184098,-2.9411211970487843,-4.841758844132663
1801671517900,-7.230493681676505,-3.014908968897664,-4.711145708280396
1801671517916,-6.781864879816973,-2.873891880121381,-4.6215120541194885
1801671517933,-6.0620610314020125,-3.0329742172138383,-4.627420696058916
1801671517950,-7.275201602314616,-3.3187389002416245,-4.467730511495121
1801671517966,-7.03394454860093,-3.221118309010221,-4.46785136864593
1801671517983,-7.555671128800391,-3.2874408882776693,-4.508109358141479
1801671518000,-7.419277048684766,-3.3686004879806437,-4.587194114102041
1801671518016,-7.50051759690767,-3.3362142009456663,-4.5493921839696325
1801671518033,-7.833125277502685,-3.520190186731019,-4.565831243634423
1801671518050,-7.758044232926206,-3.591917678479319,-4.554975991528082
1801671518066,-7.82340242011111,-3.7642322428727413,-4.474675077341006
1801671518083,-7.413628946323589,-4.079199249156722,-4.481861515676712
1801671518100,-7.306323991426549,-4.573191579120879,-4.679600817390688
1801671518116,-6.585603391112322,-4.230455184602036,-4.5035057377918175
1801671518133,-6.756479063735945,-3.9863178258641736,-4.316247091121136
1801671518150,-6.349560802172383,-4.057935863455121,-4.234951648599996
1801671518166,-6.082346868985323,-4.338504332265447,-4.122839172735386
1801671518183,-6.575270255186318,-4.53084853306831,-4.0976429836958195
1801671518200,-6.6521961510536025,-4.395158553351948,-4.05218094018068
1801671518216,-7.054534121681224,-4.635281086254413,-4.081433975749674
1801671518233,-7.944137908281525,-4.56501897455621,-3.8700758880933184
1801671518250,-7.565274730559134,-4.185443788320639,-4.02737527450618
1801671518266,-7.1192357819128285,-3.957105417345245,-4.106390950246773
1801671518283,-7.072142832560793,-4.146285909319311,-4.052477357339615
1801671518300,-7.3487249781183905,-4.097080630604153,-3.982791630291822
1801671518316,-7.373763783956426,-4.290153471076494,-4.1092787620819475
1801671518333,-6.93072149902342,-4.053870244394406,-4.100692805772755
1801671518350,-6.86433046846715,-4.246769201466437,-4.2195769824962
1801671518366,-7.397307586064475,-4.2517774042207215,-4.214404250783737
1801671518383,-6.631585523663163,-4.041608530383396,-4.0603090788054415
1801671518400,-6.725938712304035,-4.092425406486585,-3.9645458265757276
1801671518416,-6.122380857520312,-4.053257339182566,-4.030098484414536
1801671518433,-5.970701787442446,-3.8748604492759147,-4.212979529105613
1801671518450,-6.1486564841071,-4.154852322324065,-4.219781046401564
1801671518466,-6.2051004908863465,-4.246147315282451,-4.226920327314499
1801671518483,-6.234448553711288,-3.959812028510319,-3.9210549743157133
1801671518500,-6.064889310207195,-3.806192402643964,-3.8530890883567017
1801671518516,-6.307249354537556,-3.8220904685842245,-3.796123839397696
1801671518533,-6.378593357049667,-3.693285958878519,-3.9114461163592926
1801671518550,-5.978385645897378,-3.480271622078787,-3.875650860644758
1801671518566,-6.518389554251078,-3.603052262690346,-3.637044425663122
1801671518583,-6.245366337436618,-3.81657727857775,-3.777728021889256
1801671518600,-7.104838701167681,-3.8084205582829274,-3.7001006030069625
1801671518616,-7.315781312712977,-3.6165712721800385,-3.706626751673251
1801671518633,-8.262966746448559,-3.768185598875681,-3.4784113303416633
1801671518650,-8.733726749034407,-3.2214051598682754,-3.420690158637693
1801671518666,-8.3067911323772,-3.0748766581142206,-3.392500725976203
1801671518683,-8.27904251056831,-2.8720445788820426,-3.452412619682869
1801671518700,-8.272823865599218,-2.5919105924406898,-3.168438502955405
1801671518716,-8.499752874742963,-2.671306865521982,-3.0548604966564965
1801671518733,-8.588039112570007,-2.6788160499296083,-3.2098100963451213
1801671518750,-8.001619031850264,-2.6597497015622444,-3.1338656839666266
1801671518766,-7.664328930201725,-2.829733018137593,-3.0143278205469386
1801671518783,-8.575177153433176,-2.7312982487637676,-2.795870728762007
1801671518800,-8.577134371455116,-2.723924472488213,-2.879538241307889
1801671518816,-8.712265680757637,-2.405429817833808,-3.051803185760314
1801671518833,-8.911169280328643,-2.4792978526406104,-3.262464587658971
1801671518850,-9.209086405608343,-2.563765994959887,-3.6675906845222217
1801671518866,-9.512492344576419,-2.840138456378599,-3.7008701849578234
1801671518883,-9.090432721500033,-2.840351805407829,-3.5149235750107315
1801671518900,-9.85272668106784,-2.8224069669299046,-3.014044047766495
1801671518916,-9.306811670777847,-3.128714866669654,-3.2951683277677297
1801671518933,-8.72483929636831,-3.039456480956096,-3.1878944416535036
1801671518950,-9.259510298199084,-2.7642259526588813,-3.3433314123328848
1801671518966,-8.915088586026801,-2.9439061032634193,-3.4728665364521314
1801671518983,-9.154687297425841,-2.8273215439888517,-3.30231073634604
1801671519000,-8.92646050109488,-2.342419981140951,-3.416462386832119
1801671519016,-8.978133273481543,-2.789362834092161,-3.3059636252508553
1801671519033,-9.041772571026641,-3.098409309725423,-3.1676359788044874
1801671519050,-8.881445320183792,-3.1340495638149815,-3.0112311264448084
1801671519066,-8.669094680363012,-3.3336394943265732,-2.87819159564114
1801671519083,-8.680097485969672,-3.3988884570658535,-2.998609485627106
1801671519100,-8.4232573216524,-3.803246224791867,-3.02026184290354
1801671519116,-7.985196478063746,-3.510449557597027,-2.8489312907984408
1801671519133,-7.612985396792819,-3.7841242675538926,-3.0429224298038218
1801671519150,-7.552456861453139,-3.7601422030963576,-3.1286520745665283
1801671519166,-7.776606374173846,-4.055994455662577,-3.0116941021093435
1801671519183,-7.92509504226567,-4.044873137619912,-3.22434380326971
1801671519200,-8.340300666315,-3.9083413226781007,-3.4313161295251495
1801671519216,-8.185387909280209,-4.067730845221664,-3.242427338403706
1801671519233,-8.30587757352999,-4.068531972153564,-3.154861727346199
1801671519250,-7.793422184615602,-3.9274849771073304,-2.9931688023637455
1801671519266,-7.657325141377419,-3.896546055050378,-2.842999831975857
1801671519283,-8.136655644110128,-4.08409593947108,-2.9400489898320443
1801671519300,-7.861596127499851,-4.096580582572237,-2.749357975589065
1801671519316,-7.7651069444358525,-4.0620754542941135,-2.5846958308519468
1801671519333,-7.1736129018818,-3.9461409280991244,-2.766587139286278
1801671519350,-7.579192383343997,-3.7887565814882636,-2.742648391909771
1801671519366,-7.813282616895622,-4.476237355596999,-2.8260335268860417
1801671519383,-8.130177391310387,-4.4889291319406865,-2.792819842703552
1801671519400,-8.086506968347342,-4.612983982963431,-2.8322987491559366
1801671519416,-7.670067635548632,-4.884775337762235,-2.738080859703128
1801671519433,-7.846131652850389,-4.908730030718644,-2.7090668722111095
1801671519450,-7.939386855781001,-4.133698923611474,-2.726085157027235
1801671519466,-8.381169419395489,-3.8830864406185737,-2.7660476507035296
1801671519483,-8.543625699685613,-3.963835528289936,-2.9012771614125397
1801671519500,-8.603445745435105,-3.6883257013126927,-2.7988021029897827
1801671519516,-8.141316845204702,-3.6251005205847857,-2.888910962491745
1801671519533,-8.047464171390468,-3.1863661747840224,-2.852751135009881
1801671519550,-8.682605541701868,-3.108668907908861,-3.2475882650967827
1801671519566,-8.789490276349245,-2.95930147747917,-3.107895093032107
1801671519583,-9.037341541791521,-3.088225948499142,-2.8755114983130547
1801671519600,-9.169612147618995,-2.905354978446535,-3.037899237558243
1801671519616,-8.94137516410007,-2.7166512974170165,-3.3730161787445208
1801671519633,-9.05739064287578,-2.952402345462845,-3.5503727579788693
1801671519650,-8.725839267889782,-3.0455521155088383,-3.8779438125068415
1801671519666,-7.956149759839127,-3.2319430957500686,-3.990302810076302
1801671519683,-8.550659726519077,-2.661165671911601,-3.92407427753894
1801671519700,-8.155506268803268,-2.2264299376962313,-4.0962943966989585
1801671519716,-7.898621241473279,-1.8195057164961437,-3.9319796770047413
1801671519733,-8.817431479970487,-2.062536838405706,-3.925760959601537
1801671519750,-8.533094500763614,-2.3137816995333886,-3.8863749422905505
1801671519766,-8.161765003467597,-2.500513457902056,-3.7755325343789536
1801671519783,-8.355963490980702,-2.5428629405656524,-3.806372644236529
1801671519800,-8.062707442526092,-2.3792180271468863,-3.725087665554656
1801671519816,-8.250780815895432,-2.289371835876043,-3.816207617026407
1801671519833,-8.166768148060115,-2.4516444431322437,-3.732135252296815
1801671519850,-8.018351482092436,-2.3120573607994266,-3.6749085812404694
1801671519866,-7.513874019941536,-2.598392293303854,-4.000275070071421
1801671519883,-6.9902196006519155,-2.168214534969161,-4.10288674614024
1801671519900,-6.313101044253713,-2.373520075310377,-4.096034240602219
1801671519916,-5.974818256163385,-2.3221758987934105,-4.381637887144592
1801671519933,-5.309527412937151,-2.245242312682238,-4.389938699281171
1801671519950,-4.862509512042051,-2.52767162514492,-4.523295477144563
1801671519966,-4.86393427086268,-2.7050471462960646,-4.596413071417961
1801671519983,-3.707058464508841,-2.4397271859710576,-4.586167005459885
1801671520000,-4.114141732762054,-1.6893411704104304,-4.901402452072378
1801671520016,-3.7916855138426633,-1.6577506054656013,-4.798893330358741
1801671520033,-3.4427640066315015,-1.7457809656704475,-4.956753790850466
1801671520050,-3.5424895844856428,-2.1073282637933937,-4.848486981670678
1801671520066,-3.896878013836139,-1.9270902392702962,-4.728103329596308
1801671520083,-4.297665541884845,-1.9680498055115399,-4.850482107139577
1801671520100,-4.210215684353236,-1.8690218676879624,-4.78776147326486
1801671520116,-4.657609439446233,-2.0627483804372484,-4.65944632548523
1801671520133,-5.270076908069338,-2.326132594682638,-4.772594612561349
1801671520150,-5.4570377271532164,-2.43650757025047,-4.738832942224873
1801671520166,-5.450917597862581,-2.5030264876359745,-4.952031017637018
1801671520183,-5.322392133799288,-2.4378177802687118,-4.730370609285902
1801671520200,-5.316213383004267,-2.4278354002844886,-4.54559389071701
1801671520216,-4.992509720659552,-2.859679914495368,-4.663966039047947
1801671520233,-5.525386401766718,-3.1787685716799503,-4.769118979934618
1801671520250,-5.774243087064242,-2.910971363246134,-4.71824900304777
1801671520266,-5.634966951671181,-3.003457323991762,-4.892200062351695
1801671520283,-5.416430287332143,-3.0817960886753917,-4.497065402498267
1801671520300,-5.36459569772934,-3.2635598433499022,-4.473005183472924
1801671520316,-4.916279739374001,-3.5150414893711224,-4.7520866806902635
1801671520333,-4.827109919548216,-3.9236991521027385,-4.517869056773495
1801671520350,-5.541554062502771,-3.9279137919535287,-4.394700914170626
1801671520366,-5.640104223297971,-4.061810153751043,-4.536373376179486
1801671520383,-5.288256202291397,-4.27855976786878,-4.68302469741038
1801671520400,-5.283328272984924,-4.540976267013976,-4.6327347238435665
1801671520416,-5.1598735884214015,-4.359637862069526,-4.711174273713857
1801671520433,-4.300594105831951,-4.708465348880313,-4.320521865158043
1801671520450,-4.736131782657965,-5.137453718065933,-4.21874957160776
1801671520466,-4.858679331609601,-5.194083234022186,-4.292751378017469
1801671520483,-4.244653356719069,-5.216360117291669,-4.1717733149639
1801671520500,-3.9409202264491325,-5.251371314576796,-4.312828267132584
1801671520516,-3.58343806477287,-5.412571544641531,-4.069307270017822
1801671520533,-3.8035090168232686,-5.621958165414389,-3.9221293710210503
1801671520550,-3.8757083015968066,-5.9859521448545,-3.7402025637628284
1801671520566,-4.0812201047484375,-5.7549800065247245,-3.8635393571483094
1801671520583,-4.360171959496821,-5.633605403802321,-4.069406797051002
1801671520600,-4.2243982864888245,-5.909422143766206,-4.29115161519781
1801671520616,-3.728922442544528,-6.491234040096132,-4.303688933682647
1801671520633,-3.8917997595949214,-6.499875857566355,-4.346311734880813
1801671520650,-3.408218340964792,-6.285479683889468,-4.355011248606225
1801671520666,-3.2665941521549193,-6.237112081328661,-4.3763553559904365
1801671520683,-2.950079613186061,-6.705161428557263,-4.414968554138162
1801671520700,-2.5991394549837787,-7.512826161721788,-4.367924479045708
1801671520716,-2.217935583302796,-7.1202571256617935,-4.153053659000548
1801671520733,-2.0623271871325337,-6.957301121394506,-3.82874519587463
1801671520750,-2.286596731583379,-6.8979030744008005,-3.9727558943480332
1801671520766,-2.6875848924418215,-6.954751278383748,-3.856799332436903
1801671520783,-2.4597311742459356,-7.263416966172837,-4.053284925914659
1801671520800,-2.119121772348285,-7.151231750238025,-4.015314269335922
1801671520816,-2.56802906226842,-7.331787418761099,-3.834301301702105
1801671520833,-3.4687418275481976,-7.313861995180483,-3.8768410492781054
1801671520850,-3.597896048886617,-6.723992233914919,-3.7759467933732247
1801671520866,-3.2906761322145406,-6.772473944696505,-3.4408353360813435
1801671520883,-3.4038961822862754,-6.437742771599116,-3.5583892440167153
1801671520900,-3.5863268724229322,-6.984405906070868,-3.7792469468975174
1801671520916,-3.4326759754925114,-6.815106693584326,-3.9506925699096875
1801671520933,-3.532186126940718,-6.91879377360502,-3.8773666908061766
1801671520950,-3.4863459600978546,-6.524012747827177,-4.067146113963532
1801671520966,-3.7990297044862515,-6.657738959982185,-3.721733406373703
1801671520983,-3.7968867430981117,-6.484420369673136,-3.784746237425751
1801671521000,-3.502645143222125,-6.793413876206476,-4.092377152083021
1801671521016,-4.31519333723899,-6.760446906128401,-4.228486015201731
1801671521033,-3.9088701413002664,-6.775219022108001,-3.9532793084531637
1801671521050,-3.4443477496465396,-6.500106165028637,-3.7664623055767557
1801671521066,-3.2238383866271683,-6.780147837523937,-3.7885203312016245
1801671521083,-3.0405321910055987,-6.782210818966134,-3.7067036024432616
1801671521100,-3.358602745294629,-6.745274322666897,-3.682119659158097
1801671521116,-3.1813565454252215,-6.663263344926422,-3.960933035275499
1801671521133,-2.4721259010386363,-6.694968216302065,-3.9821994322011154
1801671521150,-2.1050300483893762,-6.465490622644058,-4.214152972204258
1801671521166,-3.0621355956395204,-6.1462140667223,-4.067550067339761
1801671521183,-3.204722634877836,-6.156387219772964,-3.876276905855417
1801671521200,-3.3279753645269574,-6.068180599778714,-3.6996170646768105
1801671521216,-3.7165839754885663,-5.864965842345305,-3.7895637168243628
1801671521233,-3.986550153289868,-5.7004276296815775,-3.750871764866878
1801671521250,-3.0582271127469136,-5.70295586187787,-3.717349866184442
1801671521266,-3.102721847928767,-5.626273285614032,-3.8425958422078637
1801671521283,-3.426374456069229,-5.7540432784959314,-3.619231014188146
1801671521300,-3.044252155547647,-5.9247943169621395,-3.5757659823630963
1801671521316,-2.898830673007918,-5.998636738032243,-3.54848846342092
1801671521333,-2.8858657825246454,-6.218399084637118,-3.659459864371315
1801671521350,-2.575816556438414,-6.3759931899955635,-3.762501107331254
1801671521366,-1.7327987326014869,-6.663274106468062,-4.00003866949657
1801671521383,-1.3267655026028877,-6.635750647130457,-3.723425844990069
1801671521400,-1.6455576768665954,-7.034569175927864,-3.5779335491329123
1801671521416,-1.9547953554323017,-7.647330159386769,-3.710901792823256
1801671521433,-2.1950567766290545,-7.501833260673075,-3.624839621576266
1801671521450,-2.1971697821639293,-7.293166518542676,-3.4354557616495622
1801671521466,-2.760484687925144,-7.31634679142501,-3.5503512788990843
1801671521483,-2.1455814093893255,-7.267381162682472,-3.7028612781815173
1801671521500,-2.225881528393697,-7.105846167272156,-3.7594537771046816
1801671521516,-2.3226329112682036,-7.176474124710335,-3.4406285187284977
1801671521533,-3.426470240056615,-7.144903564840261,-3.1639373415811853
1801671521550,-3.8053974584614636,-6.99064823402512,-3.3724911483436038
1801671521566,-3.938712209080616,-7.030048790903404,-3.368775828368128
1801671521583,-4.037700225394629,-7.175247999600012,-3.6219112751134825
1801671521600,-3.491207557731917,-7.362094081452604,-3.250132216250499
1801671521616,-3.6514450761774406,-7.250180927245096,-3.1885078470595456
1801671521633,-4.165139348670662,-7.477054904200522,-3.1697102436154463
1801671521650,-4.007150511281514,-7.592719865529997,-3.261926253053908
1801671521666,-3.576293510780542,-7.567473105513795,-3.1677452259709384
1801671521683,-3.5590379725715118,-8.129106675669266,-3.156095510768096
1801671521700,-4.0426772136170825,-8.435794941962687,-2.8257443443036365
1801671521716,-3.859813126355136,-8.477689626264581,-2.8995113912205333
1801671521733,-3.419781746322733,-8.755070052542445,-2.9981538464344646
1801671521750,-3.8205282117942243,-9.231195500705487,-2.8878848575876823
1801671521766,-3.5453614289332687,-9.027578820049158,-2.9197679254687197
1801671521783,-3.8017377338711302,-9.317905098591394,-3.241584810976217
1801671521800,-3.530881429097936,-8.881397481140851,-3.2657046309176385
1801671521816,-2.8724026967602043,-9.209259304364867,-3.3898161282243877
1801671521833,-2.6950599289252,-9.371014580529058,-3.3151118378656994
1801671521850,-2.698368198776339,-9.29100860947749,-2.9387086768911423
1801671521866,-3.2404916302449553,-9.060627759423191,-2.821146094342809
1801671521883,-2.7440034969661533,-9.265099849393934,-2.8078791775973952
1801671521900,-2.400283747119991,-9.310297211199067,-3.140743695442877
1801671521916,-2.9099213072354737,-9.175770489670775,-3.3012135317996667
1801671521933,-2.741697897545782,-9.184980844464835,-2.8984576544249605
1801671521950,-2.8847106022987257,-9.513500207112376,-2.734710803122816
1801671521966,-2.9302119988040625,-9.939965744465523,-2.8299617073409276
1801671521983,-2.397533011475586,-9.981809253665066,-2.9584118525170977
1801671522000,-2.296453127047737,-9.916024165629368,-2.970008705594723
1801671522016,-2.841059823199164,-9.812879736078727,-2.9915916532523905
1801671522033,-2.8574361871166403,-9.658184509374788,-2.917899678338017
1801671522050,-2.4641396664298827,-9.696907070442148,-2.597556984879824
1801671522066,-1.7882374521334654,-9.97547454069036,-2.534173533963833
1801671522083,-1.3634354242835367,-10.470876052734944,-2.2730129939867134
1801671522100,-1.117596193271436,-10.479382853603811,-2.4849891547442473
1801671522116,-0.8395240786834508,-10.55627293130158,-2.7377864785222243
1801671522133,-0.36552367775302397,-10.637245095660983,-2.798602920141763
1801671522150,-1.1019708619226183,-10.70816629125987,-3.05156092953607
1801671522166,-0.29909829022638323,-10.942923137326021,-2.943900811047838
1801671522183,-0.9844489555567257,-11.116154225912098,-2.879973600580555
1801671522200,-1.1904124007315375,-10.796525913662466,-2.8353901412026197
1801671522216,-0.5363992245800482,-10.983062812874152,-2.687446602862831
1801671522233,-0.7893698830348663,-11.083129283919831,-2.3880472312536973
1801671522250,-0.8979220573975901,-11.290665183332589,-2.259315637625534
1801671522266,-1.3943823846568417,-11.515487903986344,-2.328547062468233
1801671522283,-1.4806740451451623,-10.941269595872413,-2.269657510960733
1801671522300,-1.7523021853928218,-10.687976303043348,-2.1959903582274896
1801671522316,-1.7899048675315767,-11.115924238247171,-1.9661832376780533
1801671522333,-1.6765543524694295,-10.565202344765511,-2.2129283515809526
1801671522350,-1.1647809729817364,-10.756017571073917,-2.443365221994042
1801671522366,-1.1321541553042316,-10.699316028401313,-2.5098163055269826
1801671522383,-0.8384539736254562,-10.889279350839509,-2.486528830282032
1801671522400,-1.3719130300856257,-10.991115966541532,-2.5274137740619302
1801671522416,-1.2514999832175464,-10.76494142647334,-2.665567186390433
1801671522433,-0.6389875444326796,-10.729755204464432,-2.803951301748609
1801671522450,-0.5846401288314329,-10.465451815511582,-3.0207284715004694
1801671522466,-1.108921003809654,-10.22671993009509,-3.2050982717327043
1801671522483,-0.901074495644322,-10.628659130872997,-3.348014758528827
1801671522500,-1.3639868290760053,-10.401573920632313,-3.1304486968537377
1801671522516,-1.3438074029788774,-10.585329193405766,-3.118766368574792
1801671522533,-1.0029184423577724,-10.223911741806784,-3.0485773901142466
1801671522550,-1.380319413467309,-10.37768302177026,-3.5726898948339745
1801671522566,-1.120075956677253,-10.724106134069874,-3.7671078921959182
1801671522583,-1.6764591014398982,-10.321399007307775,-3.772465155958087
1801671522600,-1.9631517538317818,-10.501936829747555,-4.022194532087099
1801671522616,-2.7621767237047465,-10.274978559273734,-3.9190097867415115
1801671522633,-2.8730512071240666,-10.714502767273435,-3.9326255435740336
1801671522650,-1.810465375020776,-10.810931719776722,-3.8097942779976046
1801671522666,-1.8207818569505099,-10.63057602957155,-3.7479926335166835
1801671522683,-1.6913067071297312,-10.693113616863005,-3.693190721866123
1801671522700,-1.493119011109942,-10.625419782052267,-3.6562710894342407
1801671522716,-0.9722855681272731,-10.80620311298228,-3.7027379113806074
1801671522733,-1.3278755823846518,-10.568320924402407,-3.7378570422244692
1801671522750,-1.698089620585908,-10.632347943042728,-3.6011032557008584
1801671522766,-1.961535311278805,-10.66196973369377,-3.5965226613311696
1801671522783,-1.5463695713982641,-10.328009841665493,-3.519221929882943
1801671522800,-0.9079848260390069,-10.348573191057726,-3.3444767511822313
1801671522816,-0.6356523182466507,-10.413060307821937,-3.2177085884989336
1801671522833,0.00427055685579969,-10.522880809251367,-3.4063382131207613
1801671522850,-0.653896336058768,-10.733639850298077,-3.521163948654723
1801671522866,-0.6840996166053577,-10.736898031933281,-3.4353045092776244
1801671522883,-0.3212876523379036,-10.1982934566564,-3.3029614771477327
1801671522900,-0.16197501578991425,-10.32402220659555,-3.282169976523019
1801671522916,-0.3169813141819322,-10.364094606465917,-3.207280444381343
1801671522933,0.369394522710925,-10.322740584281235,-3.130049555689362
1801671522950,-0.22955574246644073,-10.037053298426526,-3.055815330632694
1801671522966,0.6014699330476603,-10.568000388260149,-3.1392247874709263
1801671522983,0.7397767006762273,-10.706004128306542,-3.3019471688958597
1801671523000,0.7009465509557398,-10.541210869368303,-3.3119038433760926
1801671523016,0.9111092048291614,-11.015646092141647,-3.4520062742783204
1801671523033,1.099063321453837,-10.775402081910373,-3.282698478976118
1801671523050,0.5241931722256687,-10.79767978794748,-3.5544388059606353
1801671523066,-0.14227429830949845,-10.696835530870933,-3.645682202387207
1801671523083,0.05495411638900638,-11.528061898641564,-3.697278732139295
1801671523100,0.32338605334569603,-11.680538977176907,-3.580083142326638
1801671523116,0.7342535157912708,-11.63421177266331,-3.357649169375868
1801671523133,0.9110923038800953,-11.679689691173703,-3.6034955543086427
1801671523150,1.58353104396733,-11.137459722741117,-3.756818211242744
1801671523166,1.5503415624304075,-10.876262331348016,-3.6311966051063687
1801671523183,1.1929701948750573,-10.948277031474582,-3.292153464837924
1801671523200,1.2134253311527194,-11.453572322373322,-3.4804713134312855
1801671523216,1.0658348551830814,-11.697418345203879,-3.5873564802017692
1801671523233,0.9023763299245715,-11.86036616223344,-3.825938797760625
1801671523250,0.7472765885264527,-11.618763644534528,-3.7037961159587347
1801671523266,0.5163187541501584,-11.606475234573402,-3.760501179108579
1801671523283,0.8275151075196279,-11.878139644702557,-3.5441666989485716
1801671523300,0.44829917898219307,-11.990144127452549,-3.709124546146734
1801671523316,-0.13206581626857883,-12.218435160029454,-3.438365523379254
1801671523333,-0.6428770082295996,-12.196876817991154,-3.3028195931122037
1801671523350,-0.45585901009653185,-12.299158678363012,-3.12017110560248
1801671523366,-0.5780180412885088,-12.38648408275202,-3.4249785213036974
1801671523383,-1.3817719550622427,-12.242896128920933,-3.5918770190640017
1801671523400,-1.0644755717458865,-12.139798297157636,-3.461958975951886
1801671523416,-1.2116869473571588,-12.264078043872672,-3.385339809366794
1801671523433,-1.5640450921939304,-12.414952489524122,-3.4889888279376855
1801671523450,-0.8689187774751597,-12.539791185230342,-3.35825959300883
1801671523466,-1.4213888359605926,-12.825859417496929,-3.3746377648254677
1801671523483,-0.5387531470955205,-12.631649433435829,-3.4233076510019886
1801671523500,-1.8179660044822006,-12.627171831022483,-3.231505664370836
1801671523516,-1.7215701496716878,-12.680910037462489,-3.13940126340016
1801671523533,-1.3724491612998078,-12.548339502483616,-3.0251887557386006
1801671523550,-1.4519906761566879,-12.37152146137225,-3.0355558119133157
1801671523566,-1.3086240206587498,-12.830785754491735,-3.0801318148399046
1801671523583,-1.1638266481597719,-12.651585720008164,-3.3439144259630913
1801671523600,-0.8734454634752398,-12.585235866428981,-3.275252197624061
1801671523616,-0.7196302099060334,-12.353986312601528,-3.166758291250476
1801671523633,-1.2061203005172376,-12.549966628959151,-2.847102435265685
1801671523650,-1.7164287173161679,-12.304378251257862,-2.8085707969862765
1801671523666,-2.119829869510855,-12.661797762318024,-2.9673666724197263
1801671523683,-2.219106477764915,-12.619170243929457,-3.057291135484184
1801671523700,-1.8003705283345761,-12.498344358121765,-2.676328785621517
1801671523716,-2.1620985074865495,-11.96873992360953,-2.719377951690837
1801671523733,-1.73836343225685,-11.90109497605582,-2.8513946929588054
1801671523750,-2.0766755623127207,-11.901044593184594,-3.0188640455164144
1801671523766,-2.6016756824286578,-11.879189041078844,-2.739199350636563
1801671523783,-3.1291486027016298,-11.927388742327281,-2.561005493431989
1801671523800,-2.600712629213024,-11.851305250609489,-2.4091926572762192
1801671523816,-1.5820673372509666,-11.64077766080164,-2.534626025558745
1801671523833,-1.3908212764636625,-11.78553689924175,-2.554065721334667
1801671523850,-1.1607941519245562,-11.635012054770755,-2.442004483935185
1801671523866,-1.149818779100631,-11.69451035889555,-2.3094668575103388
1801671523883,-0.7222908292458854,-11.625789103045069,-2.283404055213811
1801671523900,-0.927294893018793,-11.852094870656481,-2.2130243595804355
1801671523916,-1.0485149477687883,-11.727037256585582,-2.2773893607713145
1801671523933,-0.5331760171331821,-11.721719187356936,-2.1419447215810403
1801671523950,-0.5334152549302358,-11.990313313188672,-2.2369467983646083
1801671523966,-1.1589737355902288,-12.223305821472769,-2.1295640173857318
1801671523983,-0.15354805869922927,-12.1742656407047,-2.431379113051203
1801671524000,-0.4446782959500597,-12.04433379649985,-2.475241055116214
1801671524016,-0.4556198107592646,-12.396944077742702,-2.6231536958000734
1801671524033,-0.6509064630359918,-12.590783933402864,-2.7530868333008356
1801671524050,-0.8941980655161932,-12.215534706398072,-2.948011551954089
1801671524066,-0.9833233048475525,-12.1557481725279,-3.011472663000583
1801671524083,-1.1923837334622411,-12.078514363489205,-3.27289607654695
1801671524100,-1.4641449195189633,-12.242747120963147,-3.1407334433457628
1801671524116,-1.8270594495234702,-12.062227248665474,-3.064361024626815
1801671524133,-1.7428994661899244,-11.835391763867452,-3.067824281320323
1801671524150,-1.5612896081123289,-11.871285465718989,-2.88966675062765
1801671524166,-1.5450162720215195,-11.997201323530593,-2.7884937065489073
1801671524183,-1.704791395242319,-12.12348108972989,-2.804011777131401
1801671524200,-1.4029969099561783,-11.564779174559625,-2.486835727444002
1801671524216,-0.8982958766806082,-11.716401317535084,-2.632918697291575
1801671524233,-0.5060331262383162,-11.78272473875409,-2.599939020257004
1801671524250,-0.20694821750371695,-11.780680205721175,-2.688649331771936
1801671524266,-0.44889043743914403,-11.714332416279696,-2.73282798665449
1801671524283,0.04926893911704777,-11.847797412668962,-2.85291867632785
1801671524300,0.5832082322135195,-11.781289431160268,-2.863479977303523
1801671524316,0.4021026411759241,-11.78475117374888,-3.134565828320031
1801671524333,0.4192652492693405,-12.145521127724887,-3.0904825555663575
1801671524350,0.19021375644446792,-12.413827792254988,-3.0834317405322857
1801671524366,-0.030982268411199776,-12.291762115946623,-3.0534010811255716
1801671524383,-0.7718105144030134,-12.400464726918472,-2.7966342625122507
1801671524400,-1.496118128578956,-11.95738017278237,-2.765629219188657
1801671524416,-1.6929367553728638,-12.029511076120555,-2.932207633759873
1801671524433,-1.7725617272485934,-12.124149449475027,-2.898081374758306
1801671524450,-1.9954041340290294,-12.028301211922297,-2.777742878032966
1801671524466,-1.6650331109671277,-12.356147171086748,-2.8634664958382583
1801671524483,-1.6080111516290723,-11.660861434707641,-2.871874981147699
1801671524500,-1.3610630351778408,-11.759704581803822,-2.8137657554714024
1801671524516,-1.8729131316326098,-12.034814614216215,-2.713147867534931
1801671524533,-2.439410196547808,-11.733618319224227,-2.7069930987477093
1801671524550,-2.590491286448147,-11.614680428111855,-2.305114417234532
1801671524566,-3.6211122381659795,-11.826867475309943,-2.205279083817346
1801671524583,-3.2473957933892024,-11.968444220664024,-2.1073703450639107
1801671524600,-3.6075076540525184,-11.62550288777507,-2.170030949290309
1801671524616,-3.585604153142836,-12.084832299694245,-2.020438297952926
1801671524633,-3.2648594956189254,-12.575053607291544,-1.7629650615645744
1801671524650,-2.8915168458012657,-12.746654734573518,-1.778002532552666
1801671524666,-2.0910341493535745,-12.753023108275412,-1.7149551669235077
1801671524683,-2.015386900369621,-12.8121663792394,-2.005807096867848
1801671524700,-1.857592808448492,-12.719836866659005,-2.1345833392594633
1801671524716,-1.5534954823098062,-12.234200572924438,-2.0139182451310544
1801671524733,-1.777328634695734,-11.95167002635682,-1.9310663779348858
1801671524750,-1.436812731677684,-12.107356951762135,-1.8066672093508984
1801671524766,-1.2134258262335114,-12.095999030025489,-1.8021204949761342
1801671524783,-1.1227555976327985,-12.01840003599347,-1.8995993005203746
1801671524800,-0.9843095070405106,-12.11259722613056,-2.013708748584335
1801671524816,-1.2399952177979268,-11.989308848734888,-1.9985947019591457
1801671524833,-1.0753349358056856,-12.301213654488322,-2.0050882541979314
1801671524850,-1.5688725576317313,-12.617065229519431,-1.8520626885366969
1801671524866,-1.4612765066333222,-12.417760580129848,-2.052841942647432
1801671524883,-1.739735307215013,-12.591538843404352,-2.0657159009608415
1801671524900,-1.0599928603541904,-12.291945315356905,-1.9229646205711648
1801671524916,-1.3954775341119867,-11.817373413472703,-1.9161864593692033
1801671524933,-1.5046853983081996,-11.931278239413288,-1.8090739453985711
1801671524950,-1.3539386029238374,-11.43690480490979,-1.8689862809567115
1801671524966,-1.5276510224071012,-11.023122261673414,-2.086847523295857
1801671524983,-1.9447780707197952,-10.795309160110602,-2.2498447672843556
1801671525000,-2.076576918652737,-10.727251640261724,-2.383934953335024
1801671525016,-2.1128967207618694,-10.353246082617723,-2.0986298484235615
1801671525033,-2.114078759011016,-9.903364311757986,-2.174576667510849
1801671525050,-1.5776717805668423,-10.06391005909608,-1.8816808081415066
1801671525066,-1.9333977338963857,-9.785944058774806,-1.7925912945541556
1801671525083,-2.4996967653620477,-9.726368373175546,-1.6375843808341122
1801671525100,-2.861549065360336,-9.748614999272725,-1.6054158105608962
1801671525116,-2.9376842849108478,-9.97394690910981,-1.6431255829377673
1801671525133,-2.360396074828158,-9.043534315618025,-1.669026186845176
1801671525150,-2.6915145875348467,-9.610570333121842,-1.5679126226431033
1801671525166,-3.0017847301062073,-9.413021370933006,-1.5773343921790646
1801671525183,-3.00225785785471,-8.774640582674959,-1.68856150035852
1801671525200,-2.610217848853036,-8.812912474105019,-1.686591672735116
1801671525216,-3.339282375311536,-9.332179329511527,-1.7409552193959157
1801671525233,-2.914617857574027,-9.330417112009087,-1.4308289244369752
1801671525250,-3.396433170505441,-9.574760233381335,-1.2188204157480491
1801671525266,-3.7271552241309873,-9.287333018855506,-1.0386282417310597
1801671525283,-3.6529015494011077,-9.576497190834882,-1.1668836057266065
1801671525300,-3.77577665088686,-9.54353951462958,-1.2131877369775157
1801671525316,-4.124085960111888,-9.456527389079112,-1.0017344681977502
1801671525333,-3.100847308909251,-9.7057313257269,-1.197766458612467
1801671525350,-3.173656512792845,-9.834205825009185,-1.2966438792113322
1801671525366,-3.248528858178828,-10.090207077455343,-1.3631672554426628
1801671525383,-3.011211190690443,-10.069361774510117,-1.3066017756610175
1801671525400,-3.6433179932530573,-10.110973271479349,-1.4466510488438915
1801671525416,-3.660841247199772,-10.480497413873216,-1.4917657247931968
1801671525433,-3.4031623257772647,-10.270454473016411,-1.3304137725917302
1801671525450,-3.912761337378766,-10.350276884047862,-1.2001554993415424
1801671525466,-3.826556367664983,-10.203995953007869,-1.4086571987223735
1801671525483,-4.213713484620136,-10.13918210807967,-1.4449525705946218
1801671525500,-3.1424450620556,-9.781861034592168,-1.4477394535656793
1801671525516,-3.0967932135636853,-9.99468101159193,-1.356250870011171
1801671525533,-3.8059447451390085,-10.197382954081863,-1.34995797114701
1801671525550,-2.8421950460644028,-10.652523573885984,-1.4363354685897476
1801671525566,-2.5288322285676057,-10.323861215074789,-1.351623014800954
1801671525583,-2.2012225074791307,-9.983879119619967,-1.2222304511771578
1801671525600,-2.6621517241322237,-9.984367721991553,-0.9820788812014287
1801671525616,-3.3823559315228713,-10.554104019787044,-1.1156507599506598
1801671525633,-3.3302926625233518,-10.655771084804837,-1.1556219339441864
1801671525650,-3.1904378944672667,-10.896097599238821,-1.2775805388630257
1801671525666,-2.5908563340666193,-10.796142267437713,-1.371831999081536
1801671525683,-2.3211494487916062,-11.079474650523391,-1.5711354098976704
1801671525700,-2.2423622956988827,-10.923201025220887,-1.6680457563805988
1801671525716,-2.339837063151159,-10.811796904072066,-1.5746742247549583
1801671525733,-1.6617812376177308,-10.66513813177237,-1.6626762959697368
1801671525750,-1.2957119748086043,-10.371954227298266,-1.771127359822752
1801671525766,-0.9651068756256738,-9.995697971010905,-1.6861167761532008
1801671525783,-0.7884832313848484,-10.313813697565585,-1.7078944846884005
1801671525800,-0.7710758222928646,-10.195074762035976,-1.7846938654886642
1801671525816,-0.4700333287977516,-9.804497873300098,-1.6323151225008545
1801671525833,-1.2030534484370072,-9.998257940734856,-1.494305237984523
1801671525850,-1.364360867977366,-10.098553605761493,-1.3262704770499618
1801671525866,-1.7364494398545665,-10.121086589230371,-1.3564151858564637
1801671525883,-1.489617622362811,-10.026135189927562,-1.2251030267773853
1801671525900,-1.2833985146587916,-9.585002480384617,-1.2791364556901004
1801671525916,-1.0095143503470583,-9.569084107579082,-1.2850405317322675
1801671525933,-0.909893828867832,-9.749049702017384,-1.3250218089026569
1801671525950,-0.35124127508849323,-9.909404714658596,-1.3634120826149545
1801671525966,-0.9901330040482743,-9.663342002521388,-1.4467622793537394
1801671525983,-1.695454306738263,-9.778186361512674,-1.4287921984838539
1801671526000,-1.0702989866600383,-9.58768074803251,-1.0922409628505534
1801671526016,-0.5799815055099531,-9.081023065466137,-1.1752006553674808
1801671526033,-0.506452676825158,-9.435103870115487,-0.9643877872480076
1801671526050,-0.04461069056227629,-9.460953820572014,-0.7962778865065738
1801671526066,0.8011324774407047,-9.451306314570262,-0.7434542484689173
1801671526083,1.2306823857703844,-9.162834210092555,-0.7138812708072195
1801671526100,0.7092511858141899,-9.327056671947616,-0.9405899373617066
1801671526116,0.40773942028904653,-9.703556592681938,-1.0639470103739517
1801671526133,-0.13666660326003832,-9.345844760552431,-0.8853081519378692
1801671526150,-0.22473836584077755,-9.427208038050038,-1.2238021927995537
1801671526166,-0.8999355609814264,-9.68553384120461,-1.3737482181497187
1801671526183,-0.7737864228616731,-10.220112044885038,-1.6209770071487877
1801671526200,-0.8014109000751528,-10.166018275710599,-1.7157812708256257
1801671526216,-0.8020518427578303,-10.133267917371324,-1.7901734900905313
1801671526233,-0.07457772398845197,-9.98401597486658,-1.4445267707284504
1801671526250,0.4020544163570685,-9.57003903056107,-1.38463038261253
1801671526266,0.35202999717347705,-9.442067248683207,-1.0851409485093368
1801671526283,-0.1475317708195396,-9.787601591046178,-1.120878880725535
1801671526300,-0.09834023520115309,-9.99253722917516,-1.3524030289173865
1801671526316,0.39454024573177016,-9.931208448681364,-1.7195376139679421
1801671526333,0.7271858071772037,-10.066160363975573,-1.836600427502191
1801671526350,0.4672040826294239,-10.25386176396836,-1.8639803475762078
1801671526366,-0.022051155297249103,-9.816716765387323,-1.88086931397959
1801671526383,0.02474547887394163,-9.618146089265483,-1.7890950236352436
1801671526400,0.8186938524894627,-9.43730915301392,-1.6187615764419911
1801671526416,0.8562759502249726,-9.664444466986442,-1.4782126044199346
1801671526433,1.6322288118396608,-9.800310098877986,-1.4185171580949862
1801671526450,1.7241597974685048,-9.401548909613886,-1.6036017515256318
1801671526466,1.6618262052174178,-9.279287727896776,-1.6354357978358882
1801671526483,1.762476554251613,-9.900209545242985,-1.8643816001424456
1801671526500,2.0826618456377606,-9.58359484691051,-1.7512001293987598
1801671526516,1.6793920462404204,-9.57924694411048,-1.4723828023396621
1801671526533,1.1660761731200813,-9.794393427214978,-1.3015351847895926
1801671526550,1.5541799235677924,-9.624979862839458,-1.1113088090732908
1801671526566,1.5172634133694185,-9.26221430185604,-1.1806657025804248
1801671526583,1.2376658021424678,-9.089585758852179,-1.060245690681549
1801671526600,1.3042528926828156,-9.117513624874022,-1.1827757007527022
1801671526616,1.0144875588680229,-9.510035833349065,-1.2391407135316026
1801671526633,1.3435811315337958,-9.304373113583893,-1.545787753338083
1801671526650,0.7529204331936619,-9.299924055652022,-1.481172008213131
1801671526666,1.037405307340654,-9.485992201181602,-1.3969617006870407
1801671526683,1.1493181666254237,-9.441097806038348,-1.31502747438648
1801671526700,0.3144928948670884,-9.81368665365384,-1.5149717504656193
1801671526716,-0.24527250382367694,-10.435490556469428,-1.6782486278002393
1801671526733,-0.2795082724225626,-10.536944359035907,-1.8882743113594989
1801671526750,0.2348642661711473,-10.40319616373063,-1.7994546767357256
1801671526766,0.016350468310960764,-10.74399076785707,-1.9737888750178707
1801671526783,0.2304859499084655,-11.108919204250236,-2.0115776989914655
1801671526800,0.10964531249921006,-11.085418769582237,-1.8129538609701419
1801671526816,0.4785689534883737,-11.185378447114768,-1.6822258497839664
1801671526833,-0.3509856600717116,-10.899816447458036,-1.7774408531588088
1801671526850,-0.5254654129964402,-10.719250766345816,-2.0330950612247545
1801671526866,-0.8457292201582836,-10.673523861036525,-1.9360544019232828
1801671526883,-1.0898709729573124,-10.39866838719239,-2.123522721472354
1801671526900,-0.9288108773992869,-10.64380845459236,-2.301191469626329
1801671526916,-1.1279233037703928,-11.055660716608902,-2.1216515945296033
1801671526933,-1.1722485997274514,-11.369060335167468,-2.143529449807219
1801671526950,-1.5185136368673198,-11.57718531558874,-2.2295948446675404
1801671526966,-1.8287971520341033,-11.866841077563711,-2.3394007821152605
1801671526983,-2.326737646310137,-11.354791746603471,-2.4195055363387308
1801671527000,-1.9288739603130418,-11.227278100985483,-2.7148391700937275
1801671527016,-1.747676735603171,-11.46686342779026,-2.6073176454366678
1801671527033,-1.5016064137652525,-11.611006727123456,-2.689103636556613
1801671527050,-1.9476397219123252,-12.054556482537919,-2.657153873777137
1801671527066,-1.9341908296897334,-12.022829525336991,-2.792243934061855
1801671527083,-2.059740035801068,-11.721203033759036,-3.1581578574582827
1801671527100,-2.3308654896680987,-12.153485101669869,-3.268313597633961
1801671527116,-2.67383189335428,-12.231690899002146,-3.732288776946062
1801671527133,-2.1852870535856628,-11.995815563589929,-3.6334227104916152
1801671527150,-1.282271930420074,-11.598988875540172,-3.709425310500205
1801671527166,-1.6342985337309623,-11.125165764410678,-3.420249641163066
1801671527183,-2.2066224347760173,-11.14681032780431,-3.4160093858240623
1801671527200,-1.9288488341822791,-11.096756334303175,-3.547609945214636
1801671527216,-1.7862493183373531,-11.158112000517406,-3.5010417682583856
1801671527233,-1.679832593056994,-11.231101796651895,-3.574461638320314
1801671527250,-2.975157060962025,-11.138477463957248,-3.466833782035885
1801671527266,-2.9889651222359377,-11.249631019381411,-3.4033364367417778
1801671527283,-3.6901530650021725,-11.394301333446034,-3.846322896231659
1801671527300,-4.068769751905132,-10.89508787399497,-3.8512689769509265
1801671527316,-4.376728330444393,-11.340464265865227,-3.8278903929830226
1801671527333,-4.5956866295133985,-11.498258622566361,-3.8168492109858745
1801671527350,-4.545828763667927,-11.281960792443613,-3.8824795210010827
1801671527366,-5.87365616655973,-11.305716205063646,-3.691191877959398
1801671527383,-5.445443905419438,-11.106168035006899,-3.64121674297376
1801671527400,-5.287758941995677,-10.992974699055853,-3.667597655973941
1801671527416,-5.043379014466943,-10.852478997230383,-4.0993168427973865
1801671527433,-4.932435954695214,-10.825332564606171,-4.423824823211229
1801671527450,-5.013236131181786,-11.133648590159577,-4.652764130644496
1801671527466,-4.540034952009887,-11.408177799583566,-4.69564135984788
1801671527483,-4.479977041467758,-11.294306390273087,-4.626343410418968
1801671527500,-4.646265410898129,-11.197865978335578,-5.073191239231215
1801671527516,-4.411442660179965,-11.123592635152923,-5.189375516249829
1801671527533,-4.580256239219539,-10.699289837191825,-5.133703080793454
1801671527550,-5.064257283412518,-10.712996806886316,-5.239580054239539
1801671527566,-5.366155557409179,-10.896306277486513,-5.3145109877671075
1801671527583,-5.432422712238019,-10.957815956414468,-5.31985343154536
1801671527600,-5.217263507898838,-10.60011997762,-5.156764662354558
1801671527616,-5.495312176880594,-11.108246294652833,-5.22139873179397
1801671527633,-4.892559470502478,-10.9972926030923,-5.253460480263575
1801671527650,-5.597931132690661,-10.598021401910358,-5.409092743943865
1801671527666,-6.582863706807066,-10.33858582820783,-5.431689569519174
1801671527683,-6.663517897285458,-10.509154500101449,-5.422125916744841
1801671527700,-6.900390817648224,-10.574749293739073,-5.465206669131725
1801671527716,-7.524624214026808,-10.56243293448604,-5.277540303004898
1801671527733,-8.389562280701114,-10.710034194746907,-5.163116810637348
1801671527750,-8.298021977146293,-10.429797892945913,-5.286515634699892
1801671527766,-8.062673140039065,-10.620511614459284,-5.339980340893966
1801671527783,-8.036197716608791,-10.91765558173616,-5.5149896953481505
1801671527800,-7.869987807886476,-11.029891697053337,-5.479149033774839
1801671527816,-8.64820416345015,-10.695219581540176,-5.341781993636911
1801671527833,-8.90772303942775,-10.63339368617304,-5.431589018517876
1801671527850,-9.81113227846644,-10.866950689767432,-5.405914990025275
1801671527866,-9.803509714367111,-11.144619080372658,-5.604077340001703
1801671527883,-10.209099547734372,-11.28635506062315,-5.227547642179617
1801671527900,-10.06310926125835,-11.018286187131299,-5.267100323329235
1801671527916,-9.627747044619676,-11.104317670828056,-4.671733507396453
1801671527933,-8.975301312213372,-11.259428368980277,-4.65396142819222
1801671527950,-8.801349689065667,-11.240038527991711,-4.467971772183553
1801671527966,-8.224344149160643,-10.802595832009942,-4.34989211756055
1801671527983,-8.908632141059838,-10.737419965413938,-3.9844290005863354
1801671528000,-8.441266817549199,-10.786893882774216,-3.9110774036430938
1801671528016,-7.8875829743437045,-10.283693094126985,-4.017861454303752
1801671528033,-8.605500749595073,-10.519447505124898,-4.210446864879932
1801671528050,-8.745928384274585,-10.695893599285789,-4.19700961288008
1801671528066,-8.241442065080061,-10.632261540958527,-4.192472523054844
1801671528083,-7.934802855942332,-10.705167119249168,-4.08313412061201
1801671528100,-7.7490500768992305,-10.95869739384425,-4.046919983793417
1801671528116,-7.099950117360344,-10.980861666132085,-4.03620405643257
1801671528133,-7.253999802633116,-11.242902274221809,-3.759758698310778
1801671528150,-7.308727399227386,-10.4940850858728,-3.89874487432694
1801671528166,-6.3947513247137096,-10.568175242958834,-3.823956185381231
1801671528183,-5.850317456765519,-10.34962902262467,-3.9288593143633643
1801671528200,-5.862067070831531,-9.957474026653985,-3.8327059188015995
1801671528216,-5.305437779726441,-10.112757060745647,-3.5016243883350393
1801671528233,-5.428715503463506,-10.780829818815521,-3.351459295459027
1801671528250,-5.120935553665335,-10.375205927027078,-3.436043269745994
1801671528266,-5.1037943720428425,-10.433834896757276,-3.28583142534437
1801671528283,-5.14871542412714,-9.894505855301656,-3.547431520004452
1801671528300,-5.142813842798638,-9.770455390171795,-3.440922282092091
1801671528316,-5.106513111090512,-9.737687075547363,-3.218839774590093
1801671528333,-4.452347969365033,-9.52809222349713,-3.3110946424729635
1801671528350,-4.114447222389758,-9.752980946819973,-3.002181463008287
1801671528366,-4.317341443499829,-9.58698373975983,-3.023251598904317
1801671528383,-4.599163378968577,-9.433765219042794,-3.2209920742862166
1801671528400,-5.16801997698887,-9.291967760933394,-3.170087743415481
1801671528416,-4.717050280034355,-9.108914608988227,-3.2816143525847026
1801671528433,-4.717329402437546,-9.21369780580438,-3.2708241901535855
1801671528450,-5.149256307153245,-9.408210481967645,-3.259324554280638
1801671528466,-5.283085514105071,-9.419313784524379,-3.2817593314810396
1801671528483,-5.107669773100758,-9.905308064535504,-3.3793059702252073
1801671528500,-4.718820180118272,-10.00398573412221,-3.5194466891122307
1801671528516,-5.087790152720468,-9.660139536829664,-3.416197253139525
1801671528533,-4.961771973347955,-9.58970697491163,-3.4712802407535217
1801671528550,-5.841354444138346,-9.415151365516625,-3.44462288971388
1801671528566,-5.665407579133857,-9.363957566125038,-3.154703188231363
1801671528583,-5.417585449519541,-9.103157167562316,-3.2577429735544325
1801671528600,-4.862567085069946,-9.149829493559563,-2.9037230440897797
1801671528616,-4.48879824191163,-9.028092246547635,-3.076848571205507
1801671528633,-4.445834129477442,-8.682088582986061,-3.3812849455040306
1801671528650,-4.656957411395668,-8.446236833808593,-3.3145282261852684
1801671528666,-4.963587433419325,-8.178254190742303,-3.580081208658908
1801671528683,-5.155761512704348,-8.205024511974242,-3.4618315647375155
1801671528700,-5.88125387465571,-7.982044026213304,-3.83173010462432
1801671528716,-5.885763130589288,-7.893596907348774,-4.022058269509247
1801671528733,-6.3849716290991525,-8.023354699996458,-3.5861082649709273
1801671528750,-6.377771839958324,-8.185132682096448,-3.49723548742479
1801671528766,-6.649509293881444,-7.969070792884734,-3.8082482798616706
1801671528783,-7.3892857892946635,-7.909951640967801,-3.777721334266578
1801671528800,-7.966783975274513,-8.08838023519245,-3.851865858802306
1801671528816,-8.399221705141091,-8.196243359825788,-3.511854745259947
1801671528833,-7.950596514096164,-8.655637162537719,-3.496003046971652
1801671528850,-8.441529927775138,-8.895117153450169,-3.5736338507972136
1801671528866,-8.229300582289927,-8.941782919654045,-3.52830988077846
1801671528883,-8.064583949512894,-8.837599019639807,-3.3363791157697054
1801671528900,-8.200051622154145,-8.975284566074727,-3.1643185610604196
