timestamp,x,y,z
2028665500000,-4.136537877093481,-4.999048818397724,-1.0077078308843928
2028665500016,-4.464445846746497,-4.573111707100256,-0.8616127837118956
2028665500033,-4.706223986896844,-4.8181363655760725,-1.4467438752429977
2028665500050,-4.297017598144048,-4.4892152778147505,-1.3879828324369718
2028665500066,-4.376115583377642,-4.5197630519113146,-1.585171302541196
2028665500083,-4.451150622851546,-4.552610239870294,-1.3211593686491208
2028665500100,-4.945453473519191,-4.5510622039482325,-1.2293183748556542
2028665500116,-4.8937240540488745,-4.627045227748118,-0.8633880234418752
2028665500133,-4.949747223165871,-5.204327276507219,-1.15855767084081
2028665500150,-4.973367515497857,-4.452888234552633,-0.8386240118394346
2028665500166,-4.573330380204645,-4.524801330728591,-1.1277356432381673
2028665500183,-4.720670961504387,-5.396122360347046,-1.692453596754993
2028665500200,-5.023360250874122,-5.935323111334946,-1.6276112132750775
2028665500216,-4.841519105633024,-6.8279252238456385,-1.5245563067582952
2028665500233,-5.138701049674688,-6.708181493333745,-1.5799501352492484
2028665500250,-4.6042630239795095,-6.2320217657716555,-1.8661880694379902
2028665500266,-4.402068453288533,-6.097447299611954,-1.7599377958805693
2028665500283,-3.831907321340726,-6.332573905284538,-1.4223989733075744
2028665500300,-3.721550475102241,-6.282024258351608,-1.7942045127138253
2028665500316,-4.242425047504682,-5.956375246093876,-1.5074529440956437
2028665500333,-4.222965350375447,-5.832400800646703,-1.5061527093490734
2028665500350,-4.121617375411185,-5.955723636651229,-1.1656876905634286
2028665500366,-3.9118981084386855,-5.620800253148248,-1.559714000146085
2028665500383,-4.09604473448684,-6.15855943545888,-0.9220719346022507
2028665500400,-4.339992502895002,-6.419273273312174,-0.6214528020719408
2028665500416,-4.464765864407765,-6.032454341059629,-0.687275269705496
2028665500433,-4.339389229638545,-6.603397491043359,-1.0713210215818676
2028665500450,-4.256529392153291,-6.258422833070792,-1.1948506797804508
2028665500466,-4.082381915193935,-6.498178180461828,-1.579688610954281
2028665500483,-3.950019402125018,-6.5622008770830105,-1.1569005871068965
2028665500500,-4.136415462205518,-6.414619222392552,-0.6636967152818771
2028665500516,-4.353648519825953,-6.835807141696602,-0.45265559333141386
2028665500533,-4.471922208914047,-7.836705725251949,-0.7384869612926612
2028665500550,-4.647235493248199,-8.04314501893856,-0.15635502010683816
2028665500566,-5.0344064840316385,-8.383041090998441,0.19671898074666316
2028665500583,-5.411098913965482,-8.820950177655739,0.020382550950545086
2028665500600,-5.4839598595169905,-8.754252145807708,0.4099337020215542
2028665500616,-5.671119646861206,-8.615650463071658,0.3847791026463613
2028665500633,-5.902831539698665,-7.823737736224653,0.5437113690500183
2028665500650,-6.037606544157658,-8.14748796483217,0.5656062778953969
2028665500666,-5.769085542874411,-8.3848031724773,0.7213890432489184
2028665500683,-6.039137969365012,-8.03853637356272,0.8169677054796766
2028665500700,-6.277168426559802,-8.425460510322873,0.6721278518516817
2028665500716,-6.12842294788877,-8.955383250279894,0.686609099706256
2028665500733,-5.770722280054981,-8.0014881594045,0.7261046005951274
2028665500750,-6.244896742799974,-7.9488725654043435,1.0878078900130772
2028665500766,-6.092206690629431,-7.520274141232785,1.297460508821069
2028665500783,-5.909193159700291,-6.8079646942535526,1.811007043689444
2028665500800,-6.476695663726177,-7.557339847795366,1.4662642141082554
2028665500816,-6.593859518547923,-7.620234087176229,1.6202926160589057
2028665500833,-7.052521908888131,-7.665719764495229,0.31835506223160925
2028665500850,-6.736538141493031,-7.39790481148743,0.1892264881457627
2028665500866,-7.088053311947354,-8.213630301433136,-0.041941140651324094
2028665500883,-6.953343465361392,-8.66998107924317,-0.14429494434952655
2028665500900,-7.281420251143146,-8.712233412673562,-0.028879414659512603
2028665500916,-7.722478694989794,-9.232259624530048,0.2685385779823448
2028665500933,-7.846288798966178,-8.805979724451444,0.43774624516041327
2028665500950,-8.004015478013606,-8.277880970724524,0.6288523039638495
2028665500966,-7.871162681635612,-8.574744076071688,0.6934827325883183
2028665500983,-8.482330337196418,-7.635619910369212,0.7177422499994678
2028665501000,-8.82665019819055,-7.57867214689176,0.26831391718569764
2028665501016,-8.833627859055333,-7.660816305507858,0.011613003204136163
2028665501033,-8.630655277575347,-7.783806930183183,0.17261397096805897
2028665501050,-8.748741528662158,-8.5934460468075,0.1490418759884945
2028665501066,-8.75378572912458,-8.487736138678592,0.2875318447991587
2028665501083,-9.071243483088086,-7.997308236695275,-0.4765731549950925
2028665501100,-9.006432035860794,-7.170622828619916,-1.276563783651464
2028665501116,-8.91453818211263,-6.949378272838441,-0.5820143478102651
2028665501133,-8.582061810670773,-6.981649442994877,0.039803203188023994
2028665501150,-8.532699769237768,-7.024727063597764,0.058486553174627476
2028665501166,-8.293445212670987,-7.956216185606463,-0.22986600757495484
2028665501183,-8.453983289106091,-8.60605104968026,-0.8319647066305441
2028665501200,-8.329872010807495,-8.832529324381078,-0.479145708935073
2028665501216,-8.230068256868305,-8.612641511939888,-0.18657234708932474
2028665501233,-7.740092750475588,-8.325248032050059,0.19109019144224193
2028665501250,-7.636463740477868,-8.017427804674155,0.6356339353803871
2028665501266,-7.98355176441277,-8.487756211215334,0.6450862311025468
2028665501283,-7.82415258799334,-8.79361660125398,0.6832628661644807
2028665501300,-8.107484350363125,-7.987011053281724,0.8451669589591063
2028665501316,-7.702503755418089,-7.9992432886351,1.1646005838847224
2028665501333,-7.666506612415768,-7.900198587279419,0.9933381089595542
2028665501350,-7.213104994282343,-7.794888934394779,1.446148830470225
2028665501366,-6.96631404126785,-8.478574713513394,2.0654962610045624
2028665501383,-7.046848437485768,-7.957457638553892,2.1339587665872517
2028665501400,-7.4554413877299535,-8.341419293309926,2.5047327917645847
2028665501416,-7.129446370368198,-9.08148391879456,2.6881519187379173
2028665501433,-7.811249553649754,-8.868018656129829,2.383482289895849
2028665501450,-7.68416414902528,-8.665631568010046,1.5448539709461726
2028665501466,-7.429488394148519,-8.14822938855147,1.4114503337757665
2028665501483,-6.792716135915901,-7.728805526044678,1.7242934401692116
2028665501500,-7.198082154761654,-8.445564335724427,1.4975110065345212
2028665501516,-6.791939210545963,-8.312762382399505,1.2117539181839039
2028665501533,-7.308954885246533,-8.190817926168599,0.51964575985087
2028665501550,-7.125233055112055,-7.80989799056817,0.27416646187127747
2028665501566,-7.423691127504915,-8.094382639782454,0.5703038947511015
2028665501583,-7.391214259232898,-7.217421657211714,0.12342316728261216
2028665501600,-7.4054993817787125,-7.352886056889733,0.1135300613182052
2028665501616,-7.793919980698591,-7.633930377002686,0.17068542461954528
2028665501633,-7.499540389553527,-7.079869464940572,0.6658899951216143
2028665501650,-7.5760302997869235,-7.130187128148042,0.5433954281852927
2028665501666,-7.563742223053919,-6.7544143403458765,0.1887258129324827
2028665501683,-7.707893783859673,-7.551600020807413,0.014460327467917478
2028665501700,-7.642955597008145,-7.4190985573373265,0.32210106522332294
2028665501716,-7.233362046370924,-6.49962885766276,0.5381578318151315
2028665501733,-7.416470813371746,-6.463114887172643,0.680206003203563
2028665501750,-7.6624592679451435,-6.6109008404428815,0.3086088635465385
2028665501766,-7.417116026874118,-6.544554944870088,-0.21463015999827922
2028665501783,-6.922664734077274,-5.885245658682006,-0.08003183151189447
2028665501800,-6.229503798028283,-5.487784357835911,-0.10689650786259586
2028665501816,-5.930308618203681,-5.481774944650241,-0.46451106400411263
2028665501833,-5.946170686550503,-5.924227625639664,-0.36775450045501445
2028665501850,-6.065118833827156,-6.308668149195655,-0.015827839762062812
2028665501866,-6.476281256265382,-7.1047804480934555,0.03779842662743493
2028665501883,-6.862892959126124,-6.996601226980249,-0.454271991397809
2028665501900,-6.774592743957021,-7.5876825038766,-0.4905456881157428
2028665501916,-6.983153748836017,-7.321554000492688,-0.2523691099047187
2028665501933,-6.983075303083099,-6.783122953154366,0.031209602963890082
2028665501950,-6.647287495149003,-6.774938683336826,0.17305553160987608
2028665501966,-6.348708907838369,-7.7244470823682505,0.024735005720115666
2028665501983,-6.508417331000509,-7.090237784510201,-0.2795407334773101
2028665502000,-6.67431244073908,-6.539121515111052,-0.35323734738674833
2028665502016,-5.9887337821120745,-5.621842196645992,-0.9017322736189961
2028665502033,-5.9881587279258515,-5.299618377611006,-0.8708581495476193
2028665502050,-5.621455125388209,-5.878948804468707,-1.0637043165105928
2028665502066,-5.606116651736586,-5.360951889217288,-0.7503205535554505
2028665502083,-5.166028797051842,-4.9735061142342545,-0.8245968281113343
2028665502100,-4.422386332203586,-5.340994809579237,-0.7094682169912331
2028665502116,-4.202777702917936,-5.347311727380708,-0.5760659883391714
2028665502133,-4.154054436156937,-5.686894439968838,0.050021075245958224
2028665502150,-3.6328598160656203,-5.672084457797983,-0.2304755659281914
2028665502166,-3.561991500110278,-5.891369681245096,-0.04422050719495052
2028665502183,-3.3902783111631143,-5.615124141115327,-0.36424774016895867
2028665502200,-3.897150660705333,-6.003769951636022,-0.3152280067026466
2028665502216,-4.182744049259791,-5.540811716899861,-0.6885648903171357
2028665502233,-3.839275086024063,-5.717342578600565,-0.7863556943029403
2028665502250,-4.284636377002986,-6.781679690297466,-1.0890333201345284
2028665502266,-3.990609042318588,-6.789246567581993,-0.8464839942129414
2028665502283,-3.6392350745147004,-7.109630628375087,-0.3635153501554238
2028665502300,-3.6615789141478885,-6.961584681189018,-0.6386642336132791
2028665502316,-3.623061262200868,-6.347543421778532,-0.37295198107933114
2028665502333,-3.755321322728861,-5.458231837469115,-0.010612559641070385
2028665502350,-3.1897031020655144,-5.437041881001483,-0.2916674382505263
2028665502366,-3.517746907164034,-5.513362031906633,-0.7702273566258311
2028665502383,-3.406458631739768,-6.156497096391075,-0.7714578470371034
2028665502400,-3.3352528094023643,-6.236401977743062,-0.9926235137697205
2028665502416,-3.141486467396901,-5.168175978375834,-0.9409344912867676
2028665502433,-3.3640896049205318,-5.545161389825721,-1.0868033035505609
2028665502450,-3.742059095260002,-5.496783689018717,-1.137588565943095
2028665502466,-4.041580131530588,-6.209000992195511,-1.06865713581049
2028665502483,-4.332987209009444,-6.136772240450335,-1.1200564851520654
2028665502500,-4.292878471009501,-5.815617922053382,-1.0418553062199418
2028665502516,-4.2178698900257885,-5.396350953485626,-1.2059655611226403
2028665502533,-3.6841427950051546,-6.196256099147491,-1.1963455724062717
2028665502550,-3.8423745919781114,-6.438217650713417,-1.2303439308974042
2028665502566,-4.0145304949687315,-6.7971008738649035,-1.6187476917619814
2028665502583,-4.1375827478254426,-8.078830046213751,-1.589257556009756
2028665502600,-4.031605658166074,-8.1109493117054,-1.863206731699333
2028665502616,-3.9432670088815627,-8.665574518916195,-1.7033420288531338
2028665502633,-4.362493241347477,-7.918727178118846,-1.2373438806789996
2028665502650,-4.083393112069471,-7.553294653505535,-1.446693860645278
2028665502666,-4.236070266539421,-7.359183560685524,-1.230826411319187
2028665502683,-4.433291529811073,-6.92421063573573,-1.2150814378334487
2028665502700,-4.315899563748422,-7.3332062603824415,-0.920382112555208
2028665502716,-4.0149237650623615,-7.298993039947116,-0.7910854616989837
2028665502733,-3.887020545571997,-6.733652836502996,-0.7318325404404931
2028665502750,-4.128033989641477,-7.865128880851344,-0.39720407444883865
2028665502766,-3.8729171125360238,-7.726681765041476,-0.035191198620197595
2028665502783,-3.7726377714399195,-8.090314769878933,0.015437937587554074
2028665502800,-3.593813323627214,-8.274756989932301,-0.0610177565366643
2028665502816,-3.5714251037231746,-7.6302640465227185,-0.5483011175476988
2028665502833,-4.093986964194659,-7.629111244833374,-0.8270848269086752
2028665502850,-3.529925844157705,-8.07136882788928,-0.9365338020051159
2028665502866,-3.7421604496204646,-8.154585297647436,-0.9272088758848867
2028665502883,-3.8614952942592335,-7.73508792537985,-1.2763727211785727
2028665502900,-3.7166346696916763,-7.833361619358777,-1.2282274961483388
2028665502916,-3.746397717876902,-7.823752536458614,-0.9057575466655674
2028665502933,-3.3854582625977288,-6.912547605223296,-0.7621611362844869
2028665502950,-3.7430691666997067,-6.790307284254149,-0.7363879001578258
2028665502966,-4.165552873787988,-5.944363312447283,-0.5460754396025037
2028665502983,-4.040027004556014,-5.502432055223988,-0.2496777194477653
2028665503000,-3.7520243882313222,-6.480808234022049,-0.3000594153071764
2028665503016,-3.6561715252324998,-6.760146338432705,-0.37843051266735067
2028665503033,-4.167251599284456,-6.715640454904015,-0.09642232140604978
2028665503050,-4.604296395343951,-6.278040326245077,-0.20839524464686648
2028665503066,-4.9144232243030785,-5.756717265303772,-0.2905412125491176
2028665503083,-4.787073956335949,-5.653034670561883,-0.3456616930331986
2028665503100,-4.867314790379773,-5.599131241875883,-0.3761538316533975
2028665503116,-4.885519386743812,-5.058184381054704,-0.6368131376262292
2028665503133,-4.930530329718441,-5.428304580079188,-0.1759395262536207
2028665503150,-4.828638780980323,-5.291584391277152,-0.4000504611163861
2028665503166,-5.040349416200716,-5.247187806388312,-0.19802949683349075
2028665503183,-5.255453149291133,-4.2757411106927385,0.18137933818840468
2028665503200,-4.9023359314840524,-4.424937043792065,0.48443781464560576
2028665503216,-5.196990435680174,-4.244723758489105,0.37245022271227046
2028665503233,-5.4413610649231225,-4.374719651928003,0.679703276688031
2028665503250,-5.525564071254221,-4.616494980507114,0.2429157352442245
2028665503266,-5.406569400703773,-4.555235610156122,0.24238638529944379
2028665503283,-5.30232497473909,-4.8405980641224335,-0.2701257708927227
2028665503300,-5.693117021928518,-4.545814574504674,-0.6928750315522978
2028665503316,-5.994516585023167,-4.165205375874847,-0.5338101059331039
2028665503333,-5.665803249405235,-3.8951331346779057,-0.9659595835218401
2028665503350,-5.295369165890797,-3.7815915616573355,-1.2934875560695422
2028665503366,-5.387997977573866,-3.8952672766881564,-1.5758906431895463
2028665503383,-5.191464237889526,-3.764732210491773,-1.5751866225791673
2028665503400,-5.508146476178287,-4.152063979017237,-1.3095713579626842
2028665503416,-5.578474820046127,-4.205144199076883,-1.6062330626804955
2028665503433,-5.672648711235594,-4.791623211790835,-1.6091800207070293
2028665503450,-5.862787703738023,-4.939785229462117,-2.085837283682065
2028665503466,-6.365947856566186,-5.674458536074973,-2.3479424193863725
2028665503483,-6.40043062250203,-4.967354904129616,-2.244229625005593
2028665503500,-6.325467308850435,-4.838349603858392,-1.7652167758191348
2028665503516,-5.9002696622025645,-3.8224129337436032,-1.9962135604794518
2028665503533,-6.210928648335451,-3.890122124465626,-2.365881767376395
2028665503550,-6.245881471084734,-3.402489588983829,-2.3928070688837333
2028665503566,-6.709170245280552,-2.9684948872486374,-2.5643896248701
2028665503583,-6.4626822988188835,-2.4058272619955106,-2.1675617121402597
2028665503600,-6.411655243640623,-3.0345452734010223,-2.453250273877961
2028665503616,-6.426411638922746,-2.282762562647435,-2.3700804251060563
2028665503633,-6.117035104429517,-2.6013622659209816,-2.1579134921575864
2028665503650,-6.808883285714902,-2.789471077359291,-2.105381918429159
2028665503666,-6.673788838871972,-2.1791593872102686,-2.062121806114025
2028665503683,-6.721377969726419,-2.7874310851338744,-2.4611974916090875
2028665503700,-6.404893639141199,-2.680984878638787,-2.4941118289174313
2028665503716,-6.233763421846229,-2.5792851864260546,-2.2338038217545164
2028665503733,-6.057019945074766,-1.9212395427902975,-2.0031844272348196
2028665503750,-5.606311627695293,-2.990626096719652,-2.272754419026541
2028665503766,-5.839549218429589,-2.918887261501617,-1.7440815976744175
2028665503783,-6.173192589118187,-3.373903935314518,-2.052564474057827
2028665503800,-6.562461851841265,-2.9179250741904363,-1.8399193517735872
2028665503816,-6.220061729827615,-3.4445208220584407,-1.8112166459997265
2028665503833,-5.924012463960274,-3.2098014490554094,-1.947552079824542
2028665503850,-5.903859331779312,-2.988745372264711,-1.5468725736345998
2028665503866,-6.1612539129416195,-2.8289135919094894,-0.965205264227216
2028665503883,-5.832691135069882,-1.7810680734084858,-1.2745165267873986
2028665503900,-6.427352596958293,-2.093224662506271,-1.3122415400295662
2028665503916,-6.380183197900009,-1.7579666042211013,-0.849201390740207
2028665503933,-6.6773303477183195,-2.1009750429931286,-0.8525500919758592
2028665503950,-6.265166748760955,-2.205343033467228,-0.8505386622743087
2028665503966,-5.857840449828524,-2.7707484852846154,-0.3696781183181661
2028665503983,-5.91134535416565,-2.7490456207077494,-0.34083986191495497
2028665504000,-6.636075681588644,-3.384923784589341,-0.6265330907649396
2028665504016,-6.78591734819892,-3.3255976388862467,-0.9453809708531377
2028665504033,-6.884252551916656,-3.4324288575977375,-0.7976670365560298
2028665504050,-7.073591173273243,-2.486541269581744,-0.9470691671173079
2028665504066,-6.999221068602613,-3.3044234642013093,-1.3119671866088853
2028665504083,-7.045880900238725,-3.026984200861561,-1.1825954828776375
2028665504100,-6.970671844165192,-2.1912296109443745,-1.1400664515779848
2028665504116,-6.830917332906903,-1.814245268888497,-1.133130833386843
2028665504133,-6.738635941955351,-1.1825868705453857,-1.0500562933214659
2028665504150,-6.792579548328883,-1.2363602551787993,-1.210110273354298
2028665504166,-6.506796114227134,-0.9081425355100157,-0.9614490404280647
2028665504183,-6.084332414154764,-0.2200461190340972,-0.6846208006777641
2028665504200,-6.133670954004764,0.19034260166562245,-1.52703869090817
2028665504216,-5.788447866410548,-0.26148231037840564,-1.3783707396331635
2028665504233,-5.756898811517598,-0.06496887010074825,-0.9765892846054713
2028665504250,-5.400422580823826,0.9016061651847718,-0.8555895657925979
2028665504266,-5.612482370447573,-0.010298773463666144,-0.9703404215700886
2028665504283,-5.821032976117128,0.6346955626837563,-0.9864598535434168
2028665504300,-5.496092230599858,0.6189870853961388,-0.7370944423388839
2028665504316,-5.457533875215246,1.0796176296716053,-0.19212185658207592
2028665504333,-5.727509372085968,0.7651551746773793,-0.4034990589326089
2028665504350,-5.865535973614441,1.899609604905331,-0.17532417309079795
2028665504366,-5.768224073062612,1.5574701247086074,-0.3631321599313005
2028665504383,-5.707253396243804,1.491809657074736,-0.31574100068535815
2028665504400,-6.252394222790067,1.7029332814932907,-0.913580399077397
2028665504416,-6.5226070008273105,1.4563132844280018,-0.8490307179027541
2028665504433,-6.487623387666229,0.7186383176199014,-0.7242761105493936
2028665504450,-6.215753360541319,0.3916550283504652,-0.7996573776115563
2028665504466,-6.0195569442550765,0.5940028268073831,-0.4582300103307267
2028665504483,-5.7454278494623034,0.7198922383386739,-0.18209050481048406
2028665504500,-5.308856509636721,0.3917100065022696,-0.44044355240349675
2028665504516,-5.4440971790545705,1.1611870363767576,0.12094252680525641
2028665504533,-5.414987027862412,0.3557062599514298,-0.3647539931956424
2028665504550,-5.489469358691423,0.8966120267363911,-0.08918494867980564
2028665504566,-6.069904233758495,0.9380787462108939,-0.3664860241891914
2028665504583,-6.398028868231029,1.1942104544616914,-0.6118130111687244
2028665504600,-6.601867834648539,0.9559591970653418,-0.8359610713902048
2028665504616,-7.0614575505614265,0.6279461807377489,-0.7399612080574287
2028665504633,-6.183858648428691,1.1240463285076414,-0.5840159326671936
2028665504650,-6.693333621936761,1.1006896170272693,-0.4554594427411953
2028665504666,-6.612184116358974,1.3101224532930669,-0.7974130945058375
2028665504683,-7.016185233997469,1.402802601709669,-0.7487780492937586
2028665504700,-6.706508156108964,1.6776343682411996,-1.0576855544437809
2028665504716,-6.962472369725989,1.7854447843191714,-1.227198697038164
2028665504733,-7.017039956829538,2.2250633163566764,-1.1753985978598158
2028665504750,-6.819087725928792,2.2116466366011576,-1.0424127291355147
2028665504766,-6.951122511700594,1.819934734502553,-0.6580085239642238
2028665504783,-7.1731414853790385,1.2055006970835889,-0.40476681082068516
2028665504800,-7.8359353928957365,1.059866214553181,-0.7138504354217037
2028665504816,-7.987619020197741,1.3603774639045616,-0.42897088185540855
2028665504833,-7.93240175348447,0.9756115129280261,-0.5945053931817821
2028665504850,-7.816040528049044,0.924095474048217,-0.5422021593142216
2028665504866,-7.547611234256897,1.2667805919214077,-0.5923743306052647
2028665504883,-6.98876984428758,1.4542504821835829,-0.49264158507751105
2028665504900,-7.1011347612292655,0.6105448600617134,-0.6391195672711398
2028665504916,-6.8025654236361515,0.848340647318131,-0.9999714157598145
2028665504933,-6.825530644793335,1.0918351846318313,-0.8395437738566935
2028665504950,-6.587259996549027,1.4942828337993728,-0.6889383712857208
2028665504966,-6.042563458652296,1.2619987076192878,-0.5082705639000148
2028665504983,-6.200745202833691,1.139915050313415,-0.6091764010235992
2028665505000,-5.872053361839485,1.7259968217731574,-0.21672912550654333
2028665505016,-5.723524464947086,1.1409100331575788,-0.36182974672799895
2028665505033,-5.263230436525723,1.4190111301368518,-0.5698293076539649
2028665505050,-5.074990801625884,1.1781600530987975,-0.705301502447821
2028665505066,-5.462118779266194,0.36276215583943827,-0.7415010228752087
2028665505083,-5.540153742120935,-0.30813722073571714,-0.9134957007110076
2028665505100,-5.853829385344461,0.1698298051420446,-0.99097357752658
2028665505116,-5.887162530979138,0.9820323103105366,-0.7111652693737999
2028665505133,-6.211289805917158,0.32852407276340134,-0.3925141185894875
2028665505150,-6.408120571709301,0.5346771782046904,-0.6534854196819943
2028665505166,-6.479950113726222,-0.4666471040052187,-1.207286410875049
2028665505183,-6.2262275076308065,-0.32795057054921095,-1.1237017093645254
2028665505200,-6.212459755517696,-0.18873503002135195,-0.9257235613284405
2028665505216,-6.608262259616488,0.37852316129032904,-0.5255044754718702
2028665505233,-6.186361143764395,0.8204928325333736,-0.23097744404528808
2028665505250,-6.432129810243455,0.6440754303968497,0.03111233934608315
2028665505266,-6.127394990349031,0.8622266102197864,0.30768835862126753
2028665505283,-5.7662906891511865,0.8484158466159499,0.4982207266899513
2028665505300,-5.394939141516877,0.8453141777935587,0.028230782906197183
2028665505316,-5.7904055133975,0.6073193028566637,0.09122514008830829
2028665505333,-5.704034464115893,0.9909315608321743,0.030184459084544812
2028665505350,-5.678154782392403,-0.5423486453334441,0.10676046292610486
2028665505366,-5.999626835885453,-0.8965248689594754,0.29642247976046987
2028665505383,-5.754601985345585,-1.0183207199332944,0.23923238235704447
2028665505400,-5.694675158676451,-1.3598956046233353,0.46818672610760703
2028665505416,-5.309797068489493,-0.9971417241006746,0.6480663001590575
2028665505433,-5.457579542313949,-1.333557397736607,-0.03157952658378749
2028665505450,-5.951832193263945,-1.719515156988228,-0.04029285333065369
2028665505466,-5.91551356513279,-0.4455399163169824,-0.3801253724736345
2028665505483,-5.613661355076086,0.32072383494845536,-0.5973594739956026
2028665505500,-5.3508300494953795,0.533847674629218,-0.4843998002684662
2028665505516,-5.458605383886135,0.5828737288706938,-0.2213385531753505
2028665505533,-5.3126023955902,0.11899386902689013,-0.27812350986258255
2028665505550,-5.481470118253761,0.5042558617170414,-0.08850827675931339
2028665505566,-5.462819147379949,-0.07414454299543483,-0.06931278251716799
2028665505583,-5.407927480055098,0.727012636882514,0.058349014885950345
2028665505600,-5.261083993961944,0.514501599593741,-0.22769707932781424
2028665505616,-5.464433303397593,1.1987839317501683,-0.4717608171605003
2028665505633,-5.277539774575969,1.707084062006901,-0.83566367932622
2028665505650,-5.531043340725976,1.6458738751083013,-0.9558750386806771
2028665505666,-5.262377160868093,1.5323982485730463,-0.7409539827966645
2028665505683,-5.373198292809166,1.587158441981848,-0.5877202415877443
2028665505700,-4.963034568000316,1.2205686331679608,-0.49404615315252254
2028665505716,-4.962356908113622,1.5435228340641318,-0.8387031319869989
2028665505733,-4.9827797018353275,1.0051632598928215,-0.4765262526404704
2028665505750,-4.999587773315906,1.165678461351134,-0.7923726485992171
2028665505766,-4.487674986534983,0.7281204070192073,-1.3579859663510283
2028665505783,-4.226900496883763,1.3686739081433297,-1.359478537082906
2028665505800,-4.308024686718858,1.8529957572888724,-1.4111671729413375
2028665505816,-4.414942531948992,1.901944840313484,-1.6686236797283742
2028665505833,-3.8147553540585415,2.5625727897950448,-1.8287941574860413
2028665505850,-4.314753450129522,2.980734371427566,-1.3771578546616294
2028665505866,-3.979599813862414,3.6176547323822366,-1.26466142708359
2028665505883,-3.5191795742917096,3.6207902933188443,-0.7193363859794442
2028665505900,-3.842791310888372,2.909332850320462,-0.6098156437607919
2028665505916,-3.853682544601396,2.8853176263178053,-0.6007943213108439
2028665505933,-4.032096695301337,1.9033905960605395,-0.745127578056433
2028665505950,-3.3744892290398587,2.0687731720054527,-1.0543049520199803
2028665505966,-3.133444032800137,1.1432145067192572,-1.4334608374762947
2028665505983,-2.8206015161703584,0.7423441444673644,-1.0943984666706772
2028665506000,-3.0011598821361405,0.2731337226476196,-0.9663319239320953
2028665506016,-2.3325178529279254,0.5609177292371976,-0.18165267360241943
2028665506033,-2.4447415946069846,0.7874729487218355,-0.27605998568968343
2028665506050,-2.606268209825574,0.5291387641812655,0.01767106634647786
2028665506066,-2.8774599934411453,1.2362898412354735,-0.0167077087500328
2028665506083,-2.7613379151114303,1.319855819668791,-0.6857968146182103
2028665506100,-3.043026271146076,0.3394432393208451,-1.0275835609053035
2028665506116,-3.3178546028267073,0.4755604946588141,-0.6836040900374216
2028665506133,-3.90805057369525,0.2528242009163071,-0.5350645430115512
2028665506150,-4.411551391029877,-0.08980604689195992,-1.0158136973781926
2028665506166,-4.6077638630559585,0.040236416979627876,-1.1177964243521068
2028665506183,-4.665772276114222,0.15465669879743338,-1.2328173525030528
2028665506200,-4.533392955979995,0.4819976902825207,-1.0339410063479524
2028665506216,-4.54165517423885,0.46420300696985706,-0.8595079075534264
2028665506233,-4.285102855919157,0.2851422347936792,-1.4672546908018376
2028665506250,-4.710196760379545,1.1742240339972279,-1.9261671507552909
2028665506266,-4.593685611391904,0.5756611324533365,-1.5962341785863483
2028665506283,-4.438186522830329,-0.10241687234064845,-1.4884226787256625
2028665506300,-4.505740635374053,0.2886350951587282,-1.9806570934586296
2028665506316,-4.026011009013736,0.06363087823756963,-2.9951892445604615
2028665506333,-4.399190574461857,-0.7539255510727063,-2.319872523965126
2028665506350,-4.119054775476043,-0.5590025364304942,-2.594212387475981
2028665506366,-4.6752596090101575,-1.1703393102491377,-2.5944110320586597
2028665506383,-4.679276473075994,-1.7871265631506752,-2.4317429871102516
2028665506400,-4.329287796973176,-2.558750439350764,-2.551372618470279
2028665506416,-4.12718347836477,-2.162990173047826,-2.097609924502276
2028665506433,-4.381300578256913,-3.1548656669651045,-2.1585875446209584
2028665506450,-3.925987427713687,-2.5506496799239406,-1.9001796839612908
2028665506466,-3.7126851564949477,-2.160641891956286,-1.5153890278246984
2028665506483,-3.9472487918968215,-1.912076345856053,-1.652997408919762
2028665506500,-3.805278006880459,-1.409139918346586,-1.8219173306694647
2028665506516,-3.7275791941258163,-1.1737498697136424,-1.8003638894466496
2028665506533,-3.7322570193851945,-1.0925503577784843,-1.434349809136303
2028665506550,-4.035682561791628,-0.7377142931651361,-1.3853681266772666
2028665506566,-4.335519193246331,-0.21955260761622686,-1.2077831046332295
2028665506583,-4.731689373541984,0.12721660800644496,-0.9645432401637228
2028665506600,-4.723091232580654,0.22407122838636884,-1.1191154079583017
2028665506616,-4.9101197566830255,-0.24217636384116847,-0.5461935714167896
2028665506633,-4.795172550884576,-0.7275046257316369,-0.8285502782212787
2028665506650,-5.043633081909541,-1.298609027810711,-1.2138364630106908
2028665506666,-4.907008228062803,-1.7755230963801978,-0.9690558900342079
2028665506683,-5.933662973564859,-2.0244260577182804,-0.9273387236227839
2028665506700,-6.248836629378651,-2.2377802947754115,-0.7850256806722974
2028665506716,-6.353430500288832,-1.535218685923521,-0.8538346792177544
2028665506733,-6.2348689114242575,-1.7532127093993983,-1.2156052380620452
2028665506750,-6.778523473840085,-1.8944995453685705,-1.2888644513653247
2028665506766,-6.628086981601448,-2.064105481425022,-1.157731582494922
2028665506783,-7.653137953735394,-1.9870450380846272,-1.005361256475322
2028665506800,-7.536085238444997,-2.092852695744645,-1.1681732485897354
2028665506816,-7.197344081629048,-3.4621608706558114,-0.91279176473656
2028665506833,-7.539118745939887,-3.574300721643035,-1.6236380561523576
2028665506850,-8.004250824639682,-2.586498492074043,-1.427171821259341
2028665506866,-8.062933990618287,-2.60373257221074,-1.2362087376522704
2028665506883,-8.307988560793143,-3.0483987192461743,-1.4819479068042982
2028665506900,-7.7981973647736265,-2.231189342081162,-1.0773589167793727
2028665506916,-6.915269255163539,-2.6280695149020117,-0.9032500943623611
2028665506933,-6.862693993384244,-2.560613619139871,-0.7829845475651482
2028665506950,-7.116748071418883,-2.7417700778106195,-0.839257838678847
2028665506966,-7.22598830979741,-2.731716125023227,-0.6412837075343449
2028665506983,-6.960509132914231,-2.9061467976157127,-0.08974079235949584
2028665507000,-6.9592366839945115,-3.1800271250918315,0.4305435516538054
2028665507016,-7.074557907290416,-3.135933766296392,0.2723838463437873
2028665507033,-7.310564731874147,-2.6266881029450935,-0.05783565483607195
2028665507050,-7.589228476426696,-1.8730530082752717,0.6573005009451779
2028665507066,-7.392191413412985,-1.0355730747864262,0.09955149037172084
2028665507083,-7.526951592105428,-1.5520131612189374,0.1823647773536342
2028665507100,-7.593615171746443,-1.972496038003686,0.3056445024628134
2028665507116,-6.937135190485069,-2.318023907773472,0.32099845545676153
2028665507133,-7.11007403110251,-1.903372718553293,0.44872006025560096
2028665507150,-7.260000852406575,-2.186616359509175,0.31862763537585403
2028665507166,-7.52926981070802,-2.5346421404346957,0.15963414095823347
2028665507183,-7.752028538509885,-2.4842176245681657,-0.21404368145392794
2028665507200,-7.644638245048723,-3.059962851411542,0.08424881610316914
2028665507216,-7.726221255812155,-3.6635443826054943,0.4560172977163721
2028665507233,-7.832584836759796,-3.5732010532829777,0.7443004479618643
2028665507250,-8.20706439741761,-3.02742155581843,0.8459022796903727
2028665507266,-8.07815533402965,-2.9711999568807035,1.4026488440268743
2028665507283,-8.54859401097245,-2.821940085081931,1.4373813355709149
2028665507300,-8.822550225693146,-3.091945369212389,1.656286158623185
2028665507316,-8.911442305896154,-3.1990607403613454,1.7618242903716435
2028665507333,-8.991014216028024,-2.678925541530308,1.6625380385780524
2028665507350,-8.318680198665541,-3.0422437612201896,1.7445128092799953
2028665507366,-8.223333180423811,-3.8816297286527055,1.3980777125977473
2028665507383,-7.9768487897646185,-3.4949803661813026,1.500146657720682
2028665507400,-7.9129286749022185,-3.1665849884926978,1.6080282833297677
2028665507416,-7.856452525757436,-3.6869849986292467,1.0429175061757192
2028665507433,-7.8207725869378795,-3.7217057416649073,0.8436956709779068
2028665507450,-8.667638685999467,-4.058339605292511,1.2483928542965441
2028665507466,-8.478437036174597,-3.950069574412771,1.1063148957633389
2028665507483,-8.735456861249826,-4.13455898128296,0.8943258514304836
2028665507500,-8.603557535520741,-4.109488088187479,1.0465144262718264
2028665507516,-8.64199774160524,-3.68945425204171,0.4009877577856288
2028665507533,-8.192174604815243,-3.40001740643158,0.1562532972629237
2028665507550,-8.162971460348528,-2.876456025009456,0.823781508223934
2028665507566,-7.935588008445018,-2.5358730180480853,0.48043785351917934
2028665507583,-7.616149991767195,-2.969105344252111,1.0957139987939386
2028665507600,-7.249026017466354,-3.238804968558248,1.73331388593519
2028665507616,-7.770384028085175,-3.2685738701239075,2.009583781445901
2028665507633,-7.7160946765486,-2.5623114482770073,2.039228543460894
2028665507650,-8.006534323260786,-2.5879545165132267,2.022649234395223
2028665507666,-8.14817739413792,-3.357862296723121,1.8371901255726057
2028665507683,-7.657322851707187,-3.0657347824613908,2.0399757203912428
2028665507700,-7.878988349645903,-3.4855369932185036,1.6689178464408356
2028665507716,-7.992677325094029,-3.3191394460523345,1.3271861493171992
2028665507733,-7.7668606298995195,-3.211267997804134,1.0075376705183747
2028665507750,-7.715850954591318,-3.332687695449519,1.0073879059926494
2028665507766,-7.206388992885108,-3.6098249566733553,1.2855563828012415
2028665507783,-6.6244029006112,-3.9855727302263264,1.3438579168984837
2028665507800,-7.060858578234943,-3.6193753018332697,1.9040502590353396
2028665507816,-6.598122963379787,-3.7359975705649275,1.7775317590697224
2028665507833,-6.224155812939538,-3.9719242371641164,2.1869431456948063
2028665507850,-6.135121035537952,-3.985897832333406,1.5524432393540457
2028665507866,-6.223506219725761,-3.9051244723867025,1.4003134448235834
2028665507883,-6.479533562842322,-4.423303907981501,1.5702922633512584
2028665507900,-7.213394209964449,-4.911000711452264,1.7323214244349203
2028665507916,-7.277273787010375,-5.6112497329107285,1.5082676241963169
2028665507933,-7.5698947121777245,-5.014146200295824,2.1108268698148325
2028665507950,-7.6468283794423915,-4.96540022210004,1.9465414950667776
2028665507966,-7.758540587640007,-4.448497924596461,1.49218955073303
2028665507983,-7.826039836573156,-4.370188565374637,1.7451249588460973
2028665508000,-8.409510073246844,-4.928959693382231,1.9646879090619214
2028665508016,-8.418826975496527,-5.550958852201853,1.7835698318331912
2028665508033,-8.060793968666319,-5.596021089611961,2.2366247131323864
2028665508050,-7.669440971467196,-5.772731581294128,1.99549274484465
2028665508066,-7.361173299009973,-5.128011317522163,1.8024509904957164
2028665508083,-8.286619999998944,-4.982533178395335,1.8279499351521187
2028665508100,-8.348605891458398,-6.207583071921993,1.6680190011771105
2028665508116,-8.173615922168404,-6.279629740393523,1.781492049504366
2028665508133,-8.501877200494096,-6.186202024832106,1.2066879035819444
2028665508150,-9.085594674286263,-5.603544494870108,1.4787689760764966
2028665508166,-9.341246038279268,-5.721633975341855,0.9616929040550736
2028665508183,-9.061032638208593,-6.373759194594863,0.7410089369103617
2028665508200,-9.260552138569157,-6.95397193581384,0.5859209234715194
2028665508216,-9.01948023716598,-7.512679215060997,1.0031525246537099
2028665508233,-9.315875123037735,-7.645683851817699,1.0390699805951158
2028665508250,-9.933916112045099,-8.122853084190728,0.4913793584741373
2028665508266,-10.130915262430452,-7.875689046607742,0.3306859677461429
2028665508283,-9.842372044695171,-7.850339105077225,0.4380090603383001
2028665508300,-9.882074400370232,-7.410079706742657,0.641703235235724
2028665508316,-10.610779270276636,-7.872523405855809,0.10480463422675634
2028665508333,-10.602711200709166,-7.503296584289342,0.09627670463510696
2028665508350,-11.287928778411828,-7.615717866816715,-0.03290362112996165
2028665508366,-11.261878242549189,-8.163588653356102,0.21461797560552864
2028665508383,-11.295857781781528,-8.71788374630463,0.03621083507106926
2028665508400,-11.584390181576378,-9.055593923559112,-0.15497358396703642
2028665508416,-11.999708687072484,-9.040179215038782,0.033924253144202665
2028665508433,-12.211009538101484,-9.376013945053428,0.3343467226657212
2028665508450,-12.786827577788394,-8.583703241278794,0.2737424257076486
2028665508466,-12.66270918232747,-7.950796876484405,0.052552023456326924
2028665508483,-12.98066341492189,-8.424745005139537,0.01098062646419029
2028665508500,-13.40097411523202,-7.859852500840097,-0.34959136759525844
2028665508516,-13.035377322942939,-7.635989251126794,-0.1542083669004914
2028665508533,-13.2080758373921,-7.271613246967881,0.16124234002801585
2028665508550,-13.375176045092637,-6.82410982930191,0.280028330527058
2028665508566,-13.701345853007481,-7.634701805580525,0.26337237490405063
2028665508583,-13.289950941775965,-7.8490357894124205,0.2275920410189003
2028665508600,-13.437174887254056,-7.3856371981882445,0.37259564295585146
2028665508616,-13.985639440385942,-7.278331230061908,0.8152493797646717
2028665508633,-13.554369600135637,-7.364239363019341,0.2374048264933084
2028665508650,-13.454070440282047,-7.195542465188723,-0.0752161084175128
2028665508666,-13.559915545346438,-6.965978014297759,0.14647044901864348
2028665508683,-13.889838579128494,-7.296443169502787,0.16090973442206058
2028665508700,-13.568715440307134,-7.570681568895445,-0.31019907884305903
2028665508716,-13.204048053936724,-7.758186463784653,-0.11473803350588085
2028665508733,-13.052995914504873,-7.079468902123032,0.20882317164350728
2028665508750,-13.396129474560905,-7.8911742686391815,0.15536433437383845
2028665508766,-12.778793881940219,-6.901785582996201,0.20076300751501552
2028665508783,-12.463913516152553,-6.044710472965757,0.685036918143879
2028665508800,-12.081535825794852,-6.18761896816628,0.2708517901070291
2028665508816,-12.298191910665757,-6.374065880175768,0.33315585039323414
2028665508833,-12.480437391791181,-6.074429833961972,0.23461271042274423
2028665508850,-12.558481140634846,-5.527562879816792,-0.20352502983993037
2028665508866,-12.545804107523546,-5.200208724307057,-0.325558671872663
2028665508883,-12.579795623039702,-5.985125820999823,-1.0231442986267618
2028665508900,-12.580009738440943,-6.3733672259826895,-1.0331989147764968
2028665508916,-11.985193340634597,-5.832391475663742,-1.0838451705620233
2028665508933,-11.911582108609775,-6.296889620080534,-1.356180870335356
2028665508950,-11.488682715224549,-6.04530119053489,-1.497862729845572
2028665508966,-11.552042541093487,-6.0884050181179274,-1.336275526758262
2028665508983,-11.836839678959683,-5.84358751758983,-1.4781388706948264
2028665509000,-11.322443383489311,-6.174440411698497,-2.106747056302994
2028665509016,-10.886980473276289,-6.254361726868784,-2.0279075811315366
2028665509033,-10.671097722500916,-6.8231376471254785,-1.6237994817784065
2028665509050,-10.484766488720647,-6.0544487311931094,-1.6905785485367502
2028665509066,-10.776108048204286,-6.382571999847694,-1.4758647414649997
2028665509083,-10.485489031226388,-6.178391517283886,-1.4223190642143706
2028665509100,-10.40292581231028,-6.341747739036265,-1.4964414782117674
2028665509116,-10.283229348898969,-5.6179137320591375,-0.9764058311989788
2028665509133,-10.424788841130152,-6.567550483728114,-0.5522139866369667
2028665509150,-9.981775830965567,-6.241437222166457,-0.7362888573469468
2028665509166,-9.590958151211957,-6.297852145117994,-0.8223712391080792
2028665509183,-9.900623295857333,-6.177327083629083,-0.8957447780014527
2028665509200,-10.092893172777998,-6.550667958805833,-0.6652440794255823
2028665509216,-9.491249338863451,-6.234868722566997,-0.5631721122153827
2028665509233,-9.705202410124752,-6.364624810187355,0.2695395513093529
2028665509250,-9.7267932609026,-7.1118292813009125,0.08209723786141399
2028665509266,-9.782912195149141,-7.140947540028282,0.29006544162903547
2028665509283,-9.983543365534496,-6.814750430997562,0.6594885768033097
2028665509300,-9.879411678687642,-6.90816516307594,0.6368373577824799
2028665509316,-9.234571233784298,-5.718118995053258,0.8714410770739932
2028665509333,-9.083715502103372,-5.531911405599681,0.9773348176838993
2028665509350,-9.142650574619276,-4.973725867259494,1.1864737739700555
2028665509366,-9.096412084866014,-5.019257222670531,1.3055334695134722
2028665509383,-9.050833269593316,-5.050481411656662,1.2617127617222739
2028665509400,-9.224307948831505,-4.105915471282971,1.350906661463482
2028665509416,-9.407626606215473,-4.761737329047551,1.0952751872001465
2028665509433,-9.216039354082085,-5.331442736645516,1.1889788550033753
2028665509450,-9.81982923916253,-4.959443570411163,1.6238951490838405
2028665509466,-9.446475561904155,-4.213902490694355,1.282336233158572
2028665509483,-9.540963449194969,-4.097641628635453,1.411449772233326
2028665509500,-10.020980270265387,-3.5691724097147297,1.5065365147483845
2028665509516,-9.918855188621137,-3.7920319405154137,1.3690496426189007
2028665509533,-9.530734906887897,-3.540231691001438,1.741772609473533
2028665509550,-9.288617298865866,-3.634622585105761,1.0551384408061981
2028665509566,-9.109662603717641,-3.6543352952921277,1.3927573595968834
2028665509583,-9.381637562873927,-3.886962541850684,1.1128427795828384
2028665509600,-8.895442104341363,-4.258960953018187,0.9375295813851295
2028665509616,-8.816175118084624,-4.043315095465561,0.8644092521664343
2028665509633,-8.615455261087824,-3.3081512004155305,1.0303559419585953
2028665509650,-8.809555883040856,-3.343402166329233,0.9061375188188726
2028665509666,-8.376099789822094,-3.6829311212886613,1.489752204345797
2028665509683,-8.36680420139133,-4.123253615129988,1.5418635912577177
2028665509700,-8.029076590574366,-3.963500796010358,1.3912705214517902
2028665509716,-8.144112367298167,-3.439475171744978,1.4602581967189594
2028665509733,-8.645759437594409,-2.894824167262238,1.6960971873008903
2028665509750,-8.264862409368758,-2.9073844125756008,1.0938424530317312
2028665509766,-8.433876093029893,-3.2693000707744657,1.811054681645702
2028665509783,-8.681093778590634,-3.3285990817622326,1.3653446542159982
2028665509800,-9.046423352248684,-2.991301154444608,1.0607419874703914
2028665509816,-9.165297121698156,-3.5772181730764356,0.77991636985954
2028665509833,-10.092648705835611,-5.127281325079309,0.5763779776590011
2028665509850,-9.405285599929279,-5.1387289233571884,0.40335410260557225
2028665509866,-9.427168507186941,-5.913775241937451,0.4210462325053006
2028665509883,-9.898875988697572,-6.1000108567598526,0.6296579603555593
2028665509900,-9.476621007067646,-6.749209434303309,1.032115875497102
2028665509916,-9.394420757304228,-6.356923386123559,0.9788525628191872
2028665509933,-9.340154321029516,-6.181723029212057,0.8709480616264983
2028665509950,-8.944106430122483,-5.967804514708882,0.7264844112413092
2028665509966,-8.451448218927796,-5.863300518552587,1.1077068741777318
2028665509983,-8.68274512331278,-5.712330766810842,1.7230009369844201
2028665510000,-8.361828228869348,-5.421983410750846,1.7793427353240618
2028665510016,-8.40554006012483,-5.521827821368446,1.7869996553536178
2028665510033,-8.877738416551594,-5.862792449455066,1.4498258693077397
2028665510050,-8.892500287234533,-6.365215625684285,1.7429157047767738
2028665510066,-9.280246379766186,-6.591145344844344,1.8069381630367336
2028665510083,-9.206757894432577,-6.3800028234985415,2.0795999944286425
2028665510100,-9.455578722486923,-6.875696819665224,2.2495923080574682
2028665510116,-9.0249781191052,-6.648680016527608,2.0433115281014573
2028665510133,-8.706024113381222,-5.654658304571409,2.335729839737325
2028665510150,-8.775341794586378,-5.063811320882463,1.9669939414863764
2028665510166,-8.911761898460906,-5.825209998152857,1.7470747785770495
2028665510183,-8.784707433027645,-5.289866126461464,1.418282048894219
2028665510200,-8.216661810078639,-5.367832177288611,0.9659236219346944
2028665510216,-8.128150113787623,-5.52209961611711,0.498840939576897
2028665510233,-8.087515731894698,-5.947262573370127,0.3746840056181211
2028665510250,-8.088706378106808,-5.800250806571612,0.08381752703419398
2028665510266,-7.937065398217314,-6.812346525799116,0.017956975091313887
2028665510283,-8.318076096972792,-7.054865422549332,0.06624429946981947
2028665510300,-8.431789066668607,-5.630807058383497,0.07861426821370421
2028665510316,-8.421161441008957,-5.6600856975578795,0.24877608321488565
2028665510333,-8.555293042718144,-5.916545739164676,-0.20212176120726744
2028665510350,-8.952585914455259,-6.10942896692589,-0.08968171730291352
2028665510366,-8.740020025528576,-5.231687592927267,-0.01381864230036256
2028665510383,-8.390712198768169,-5.805374892255417,-0.5136278506221637
2028665510400,-8.540324672427614,-5.517997763589862,-0.8949470363934389
2028665510416,-8.600657147575827,-6.039443249337716,-0.678064556205497
2028665510433,-8.439484012397152,-6.978345988304952,-0.42187622955970466
2028665510450,-8.035412511235199,-6.408327334571763,-0.39619983236824013
2028665510466,-8.115416306486933,-7.019353553545943,-0.43142604921713257
2028665510483,-8.013160174202282,-6.94370127914777,-0.3806129788596937
2028665510500,-8.279359542787022,-7.0432988542750055,-0.24062297223616175
2028665510516,-8.514824603652421,-6.908855324214922,0.23140737967055058
2028665510533,-7.945785271052293,-6.7715265028869736,0.4095315632934371
2028665510550,-8.325526697489673,-7.262466235871385,0.34543455543842105
2028665510566,-9.019384906617256,-7.188809934358407,0.4688280435773978
2028665510583,-8.979652435732007,-6.691512335540312,0.14198154071224522
2028665510600,-9.36682284741243,-6.2808200593030366,-0.08850860398210258
2028665510616,-9.093134566097985,-6.53904033134223,0.006219874174374085
2028665510633,-8.432657844148299,-6.996418545547611,0.02821117385495553
2028665510650,-8.628138843229372,-6.748294121730555,-0.3044555009886939
2028665510666,-8.587462839931408,-6.838652118154617,-0.1693446851508532
2028665510683,-8.516197381281746,-7.2990435966146805,-0.5095522510542185
2028665510700,-8.503149193090323,-7.301735989045212,-0.5657249325513232
2028665510716,-8.252369863627212,-6.972845949481371,-0.8734330452413915
2028665510733,-8.001192028985578,-7.43023155607776,-1.0468074538026306
2028665510750,-7.80894619241511,-7.8031434666533865,-1.2855188323713744
2028665510766,-8.258076765191875,-8.13523952311877,-1.6077604816592066
2028665510783,-7.908181942832808,-8.95080188637924,-1.1887399067140254
2028665510800,-7.926791841053204,-8.268692894762976,-1.0967916448135608
2028665510816,-7.450539372992021,-8.600074558586662,-0.6540153856418638
2028665510833,-7.113171880864849,-9.12797172137519,-0.41139163298218373
2028665510850,-7.7077295057937025,-9.324161088673087,-0.6825356831994667
2028665510866,-7.458568609971431,-8.92795823902549,-0.26832235602002064
2028665510883,-7.101360495439687,-8.379185059115262,0.0835787732505262
2028665510900,-6.767574822076703,-9.207645438587175,-0.08100860167429841
2028665510916,-6.169608305041285,-9.051326940745163,0.1288078360747439
2028665510933,-6.323097594626318,-9.469848076148462,0.3838487828422277
2028665510950,-6.057055613735399,-9.620157218977557,0.6919760737341499
2028665510966,-6.3419617001629645,-9.311254044823137,0.30020555566225693
2028665510983,-6.0519925428904235,-9.875678898159798,-0.05826881539491907
2028665511000,-6.038003084163371,-9.029977882737576,0.07752641702849594
2028665511016,-6.027051108521334,-8.782613345947748,0.09629568402792799
2028665511033,-5.741388106380497,-8.604617829923473,-0.18321644072725995
2028665511050,-5.712772612003941,-8.213527676124613,0.01487775936427338
2028665511066,-5.930909506995099,-7.526124263233683,0.2776907222634317
2028665511083,-5.745116279149307,-8.368575768377106,0.2564132372267196
2028665511100,-5.819137031432624,-8.774895443767026,-0.00492219472824984
2028665511116,-5.924347925654078,-7.793606423505365,-0.16899188926246167
2028665511133,-5.711552322194783,-8.46516455344467,-0.3168799224198296
2028665511150,-5.276920687655,-8.02171742726234,-0.021398703317530077
2028665511166,-5.224531755839639,-7.98890432178195,-0.45409969520069515
2028665511183,-5.330418560058536,-9.075216726115828,-0.4124148902267392
2028665511200,-5.103566955575266,-10.187093995773294,-0.011669537170527489
2028665511216,-5.198970232691952,-10.138457443945349,0.11784311909727041
2028665511233,-5.240666477360587,-10.350119416166788,0.16499283387978436
2028665511250,-5.269221164568881,-11.069139584690632,0.06210785775814143
2028665511266,-5.270701982951753,-10.692101081027827,0.07388423803222333
2028665511283,-4.976333103881504,-10.504741945187043,-0.08128180573029803
2028665511300,-4.5775572232363455,-10.96933984681721,-0.35448430217563404
2028665511316,-4.37814665496225,-11.334243026898651,-0.32709311899375687
2028665511333,-4.411629682566859,-11.143892289702173,-0.9139082735389936
2028665511350,-4.278691033700471,-10.934752469271274,-0.9012408001288066
2028665511366,-4.129747346865457,-11.3101006204614,-0.7615763049030654
2028665511383,-3.8019647169464235,-10.384510492561386,-0.5824368833315826
2028665511400,-3.588423786538267,-10.793956344708079,-0.20203394328376828
2028665511416,-3.538570771639682,-9.47561489970973,-0.008068655452170725
2028665511433,-3.3971331114416663,-10.173605743498669,0.25655448239484635
2028665511450,-3.172540489937582,-10.784513736404481,0.7025093502976166
2028665511466,-2.9539793070670166,-10.915609483761,0.9856716194871676
2028665511483,-3.4760486256415417,-11.283285767331074,1.1906272581649908
2028665511500,-3.0758496170353116,-11.756077526848529,1.0212284262155547
2028665511516,-2.9425625791241696,-11.305294027297471,0.6343941862264907
2028665511533,-3.355010949550235,-12.291643921752339,0.19254626404595787
2028665511550,-2.9559423942952563,-12.181895934380915,-0.02281765136233449
2028665511566,-2.4919276559421744,-12.698443010977421,-0.08146838864166667
2028665511583,-2.339112762215703,-12.3178688739882,-0.10915841440800855
2028665511600,-2.680503841457543,-12.810556987335243,-0.2632657509076145
2028665511616,-2.9361135386533577,-12.894155222380281,-0.5182987686582567
2028665511633,-2.7418634942681064,-12.859343957278409,-0.28121165047770935
2028665511650,-2.819297739808664,-12.338909206599109,-0.4391178835711767
2028665511666,-3.473701019027401,-12.122122553466408,-0.2098967274680249
2028665511683,-3.5260886395872313,-12.453146490096678,-0.10133075576560407
2028665511700,-3.1205812925124006,-12.54344259814974,-0.17944134100318582
2028665511716,-2.89872756595642,-12.348149588910738,0.11144773364023675
2028665511733,-3.3492807091256367,-11.841589732135834,-0.24129555832325766
2028665511750,-3.169579455472475,-11.634762841150966,-0.37169826551486507
2028665511766,-3.5575001083427242,-11.50367831009152,-0.1179799812075557
2028665511783,-3.1920975298735805,-11.509893525231144,-0.0037894744428952354
2028665511800,-2.708549206293815,-10.396492936016635,0.15826008391896884
2028665511816,-3.0339007608350768,-11.089104175356603,-0.03831877057496774
2028665511833,-2.951614398724977,-10.623523888416234,-0.011681896599757435
2028665511850,-3.010728444323261,-10.312229617096644,0.06519998912169356
2028665511866,-3.4076709303454993,-10.118422072055074,-0.2314781882164511
2028665511883,-3.236792448363077,-10.002172058879417,-0.5563479171586413
2028665511900,-4.084968350947898,-9.51499100268833,-0.9332031487110964
2028665511916,-4.431983069022164,-9.030871084803648,-1.1590292227858199
2028665511933,-4.3381370245185815,-9.498297591063654,-1.8139311338054855
2028665511950,-4.669111382462588,-9.417860523866596,-1.8923179271765864
2028665511966,-4.147899060201347,-9.509364340094685,-1.4806582556512176
2028665511983,-4.1025385858562835,-9.080433811526383,-1.5596538907197246
2028665512000,-3.775985182132178,-8.938248138798079,-1.9273260111121902
2028665512016,-4.0459930600658724,-8.665742617916377,-2.1510990568602115
2028665512033,-4.235601954812792,-8.71796373574205,-1.631642912283227
2028665512050,-4.394840515088547,-9.502880138477982,-1.4256149346896767
2028665512066,-4.212787532894641,-9.124900833780702,-1.3337982734296001
2028665512083,-4.09752401675862,-8.76080737654304,-1.5774691272025692
2028665512100,-3.7037489056935855,-8.46702598845151,-1.473121774167422
2028665512116,-4.211626262162324,-7.83700672188704,-1.8262454776094565
2028665512133,-3.9443257885729603,-8.26635250311866,-1.7124484429696336
2028665512150,-4.2209678461245375,-8.431686376250259,-1.9119034979542255
2028665512166,-4.357046360202629,-8.745573911568911,-2.7043525836674274
2028665512183,-3.892638219742188,-8.713277112553019,-2.7002925123206056
2028665512200,-3.771093544775056,-9.348823524688436,-2.4027475527267836
2028665512216,-4.344390448621497,-8.990924425472667,-2.137885739210102
2028665512233,-4.003265943993836,-9.680265371876748,-2.0467019224045426
2028665512250,-4.028789471454194,-10.607123691570713,-1.9998946791511765
2028665512266,-4.582198125824603,-10.339664437645517,-2.3774329865970056
2028665512283,-5.090390913884029,-11.358889618665721,-2.1008678533184355
2028665512300,-5.026679396599862,-11.367401364754862,-2.284201276916725
2028665512316,-5.3341701006668645,-12.110794623801763,-2.1122142582246584
2028665512333,-5.510282196378103,-12.747390613617325,-2.02634958111293
2028665512350,-5.7757988742660435,-13.130250791810202,-2.2532945635885455
2028665512366,-6.096687522273494,-14.105566252855935,-2.6506021989958386
2028665512383,-6.754281487014167,-14.124073551373806,-3.1696479446103436
2028665512400,-6.319961839709735,-14.485920505334963,-3.312219015827671
2028665512416,-6.557370741525278,-13.946217775751276,-3.592570504120432
2028665512433,-6.264411203778767,-14.157701259876488,-3.9301620169720723
2028665512450,-5.99807813248837,-14.041892341245784,-3.6036241994992078
2028665512466,-6.0795377003577915,-14.545043920338706,-3.470720849361394
2028665512483,-5.662048653177089,-15.092027888409106,-3.2737394791173355
2028665512500,-5.826644267158751,-15.253853812041191,-3.5054056147611705
2028665512516,-5.579879358918803,-15.085320262241385,-3.244166037169512
2028665512533,-5.847237379185864,-15.902853626507605,-3.384095102505802
2028665512550,-6.234689008114375,-15.663653109526189,-2.9957377098493847
2028665512566,-6.332886049446166,-15.377741768916296,-2.94890642629403
2028665512583,-6.152408570006585,-14.588123657468465,-3.044063340464248
2028665512600,-5.99129433544296,-14.07068247090878,-3.3875421236517744
2028665512616,-6.176966677881244,-13.494532648502052,-3.2639044338981735
2028665512633,-6.256846518775569,-12.70380056761088,-3.27012472029555
2028665512650,-6.105443998316347,-12.624676490282592,-3.6358554959024274
2028665512666,-5.732829426818342,-12.368328745589018,-3.7274672845661163
2028665512683,-5.353881780032951,-12.666514593198805,-3.8795053390606222
2028665512700,-5.094374841354885,-13.514413111159516,-3.4134846976973496
2028665512716,-5.008057327374837,-13.939187226921746,-3.1840518211902964
2028665512733,-5.053361304113698,-13.319695888818085,-3.221614533514826
2028665512750,-5.123110492474449,-13.53465924417325,-2.8093579988494524
2028665512766,-4.8190368449760825,-13.62208020886493,-2.8180488102150645
2028665512783,-4.828922848007538,-13.483215658001836,-2.7850959091204874
2028665512800,-4.401942622225471,-13.333944765905763,-2.723095316949687
2028665512816,-4.367425191356675,-12.84548111766101,-2.24166132616046
2028665512833,-4.18074867438667,-12.624850131260807,-2.459703417604444
2028665512850,-4.233391175342153,-12.32008001717968,-2.8847575636219087
2028665512866,-4.336234323977346,-12.98168702240299,-3.0303814596141043
2028665512883,-4.138269565477681,-13.970601541259201,-3.00326153528125
2028665512900,-3.912694256011987,-13.727251412596699,-2.2535295642529793
2028665512916,-3.405927313935873,-13.566316385855048,-2.183923883279416
2028665512933,-3.499829956014572,-13.818323045984526,-2.5202531436645144
2028665512950,-3.715912758952781,-14.345620199600756,-1.9701096365013582
2028665512966,-3.8320059021325745,-15.196033244928266,-2.2468196082303344
2028665512983,-3.8324845202599542,-15.272215083592458,-2.4751073327429793
2028665513000,-4.063080952802399,-14.739152471638059,-2.540249444544751
2028665513016,-3.959709626255157,-14.541835143708177,-2.6830560274375643
2028665513033,-3.9551877667663966,-14.132042292524428,-2.0631945370686458
2028665513050,-3.386642444172604,-14.123799332050636,-2.143348164158614
2028665513066,-3.639295773693477,-14.244797819637936,-1.8275261211762834
2028665513083,-3.6202101811944436,-14.144067537678426,-1.0612089857606568
2028665513100,-4.161185289480365,-14.902950024961637,-1.3316245551828505
2028665513116,-3.521415500408568,-14.651971086508667,-1.693419065105647
2028665513133,-3.416696997321683,-14.868166889410038,-1.987822896704147
2028665513150,-3.3366093059395734,-14.886385525373322,-1.667808598877711
2028665513166,-3.105809268123452,-15.307840520203484,-2.167233455813279
2028665513183,-2.966010386414331,-14.988863509698197,-2.1940893965985127
2028665513200,-2.5203785200037516,-15.070112674854112,-2.878983724685918
2028665513216,-2.7265221494926504,-15.51248935182697,-2.7644167916460924
2028665513233,-2.4059455624284283,-15.95399584655409,-2.6613327765685835
2028665513250,-2.034126464574686,-16.585936549718344,-2.7241579096774253
2028665513266,-2.4096316586217292,-16.11566038621725,-2.2402948716177082
2028665513283,-2.0066034746321075,-16.46472954482895,-1.9605795891430216
2028665513300,-2.5779559594846315,-15.454058086681686,-2.482815886822632
2028665513316,-2.171662402831389,-15.768630570137095,-2.7441439166360038
2028665513333,-2.1035807620005214,-15.50449301950173,-2.772210283441293
2028665513350,-1.9304988599461286,-15.464627938098523,-2.4339139939423147
2028665513366,-1.4607400806042667,-15.290212249561616,-2.359711616607353
2028665513383,-1.678300532426388,-14.9499515122728,-1.9752298277793296
2028665513400,-1.8754315390699308,-14.658292357826284,-2.1974042968550354
2028665513416,-1.7091814697326502,-14.972834845172743,-2.6846904438577672
2028665513433,-1.8950620384145052,-15.059077290614407,-2.5858425886130463
2028665513450,-2.198090011933465,-14.845984454281586,-2.5426072673116114
2028665513466,-2.0421588533193553,-14.791858255152054,-2.6511021268957404
2028665513483,-2.185104499397145,-14.428310826795153,-2.96814998006544
2028665513500,-2.0162604964012756,-14.191509063946164,-2.4479809541051125
2028665513516,-2.4278028826137685,-13.028572056426109,-2.3943346773794967
2028665513533,-2.0390817300387845,-13.496759515696791,-2.078786630104463
2028665513550,-2.3788137222286143,-13.42740660986608,-2.336572854013113
2028665513566,-2.4274464314178057,-14.162498708230762,-2.7139723752781597
2028665513583,-2.664751060447326,-13.773887627897814,-2.7946828653495976
2028665513600,-2.6304360751136335,-12.461768683227053,-2.591696851885367
2028665513616,-2.4264498785303914,-11.781120223994709,-2.4802972305138207
2028665513633,-2.4073431622471166,-12.59744424526659,-2.495779272713771
2028665513650,-2.1839790124018528,-13.039552965138988,-2.2370252239979074
2028665513666,-2.266304773735038,-12.752065525655642,-2.511457234727616
2028665513683,-2.1212694399186525,-12.841634115750363,-1.9652232237898675
2028665513700,-1.7266423449703825,-12.646079447931136,-1.7822145405156764
2028665513716,-2.03755546200931,-12.088720194241166,-1.5059122666187204
2028665513733,-1.6734992701542466,-11.422555640002209,-1.6431983138624497
2028665513750,-1.8730126387662729,-10.843888522640661,-1.7863044061247777
2028665513766,-2.081651142049876,-10.237526065436576,-1.6811703685670563
2028665513783,-1.8571312998604128,-9.990563564241219,-1.5802842987536505
2028665513800,-1.987921863430604,-9.905384155042626,-1.9375259220826693
2028665513816,-2.4357948085574286,-9.73939871588862,-2.2602627171352188
2028665513833,-2.154659711088548,-9.951127995312577,-2.4947067851064113
2028665513850,-2.1304190769688183,-9.863924790650543,-2.8787829264145115
2028665513866,-2.4210687256535675,-9.456831183447234,-3.0836441449299556
2028665513883,-2.3396162635191633,-9.529551899383232,-3.3664040082928586
2028665513900,-2.6210708232679973,-9.376538770322199,-3.560505665269694
2028665513916,-2.9056568194082644,-9.694604792391225,-3.886595057261833
2028665513933,-2.770737545360015,-8.883799736388223,-3.462758409253904
2028665513950,-2.6118519298604412,-8.415203625471687,-3.5212701299684146
2028665513966,-2.809766476256062,-7.860041260992478,-3.41383224450319
2028665513983,-2.2965206518489873,-7.923151507687633,-3.328645247856627
2028665514000,-2.278808529886987,-7.697045523581622,-3.494675722650698
2028665514016,-2.701205118097357,-8.241518337396304,-3.634692390367894
2028665514033,-2.4010163457300915,-8.092628847232767,-3.8886574991881893
2028665514050,-2.5128060055338217,-8.492198344578307,-3.6481120397238036
2028665514066,-2.538751907569443,-7.918323122850973,-3.5020520985432526
2028665514083,-2.6904445059601727,-7.637678185538764,-3.2381623157402086
2028665514100,-2.105310545970717,-7.723058125952483,-3.196034470551717
2028665514116,-2.8629916252850607,-6.778324166448953,-3.14058398647209
2028665514133,-2.6312563700902274,-6.103131765927411,-3.003129297608563
2028665514150,-2.2167825804518695,-5.578795995642614,-2.885841289106944
2028665514166,-1.9035190692520851,-5.74666746458314,-2.6377751409926753
2028665514183,-2.282048426367691,-5.771806205592999,-2.425129532895993
2028665514200,-2.3786070334590774,-6.181800681502454,-2.5680860926081768
2028665514216,-2.3108881818597227,-5.745255496156502,-2.499724090897778
2028665514233,-2.2594938275141234,-5.679491895582857,-2.3442120524357506
2028665514250,-2.2390202552680276,-5.3317500331639955,-2.2589192199781927
2028665514266,-2.5462144194204965,-5.878314331576975,-1.8590238652893043
2028665514283,-2.7036146708987623,-5.650928651768283,-2.6125984258589448
2028665514300,-3.054823563114129,-5.323452157900135,-3.0108934999107317
2028665514316,-3.251683153366682,-4.88353507647674,-3.226476140326441
2028665514333,-3.3559583576311245,-5.179729061654664,-3.3438274442064575
2028665514350,-3.714308444729765,-5.019425278189266,-3.2857602288993797
2028665514366,-3.465293392919664,-4.385315712063836,-3.4860866652784885
2028665514383,-2.8746639316767966,-3.9128188915168387,-3.780714779880138
2028665514400,-2.7257418726179594,-3.517225866306406,-3.3783797889536658
2028665514416,-2.379428100911487,-3.4088085888436934,-3.162481056855474
2028665514433,-2.0435826443299674,-3.614452627316564,-3.394022566478536
2028665514450,-1.8980032413576176,-3.6534400302936674,-3.4149324456028127
2028665514466,-1.8781558138065675,-3.376516010879819,-2.992250249237259
2028665514483,-1.4993125874399977,-3.1290932934645794,-2.805298072064078
2028665514500,-1.5569353913796844,-3.384709285985832,-2.691711340255543
2028665514516,-2.0868356893017306,-3.6031594549647017,-2.414822037769482
2028665514533,-2.022503225408901,-3.4311123429204415,-2.6087792904956397
2028665514550,-1.9808497379412873,-3.407972331168113,-1.7921425778397984
2028665514566,-1.9339384746004153,-3.365653536625545,-1.6533608111819982
2028665514583,-1.6075699411961537,-2.929180666937781,-1.7005616803723775
2028665514600,-1.5196386040396344,-3.70207235640835,-1.619376099557266
2028665514616,-1.9453112438919988,-3.7852952284989,-1.9110486872308474
2028665514633,-2.0340649343680193,-3.7188025385704915,-2.11734051410787
2028665514650,-1.8118582212557546,-4.33018021809579,-2.1278115275008695
2028665514666,-1.370358847210091,-4.467618623956803,-2.243735194918906
2028665514683,-1.0182800594839696,-4.085211462820613,-2.346105380353183
2028665514700,-0.9791462504968544,-4.296160582660507,-2.2368008342504657
2028665514716,-0.8377236610867893,-4.169650114422949,-2.4355745490698837
2028665514733,-1.357006135256876,-4.5539989055142485,-2.7749991643854326
2028665514750,-1.0903482476465545,-4.98572652676457,-2.2198801991063273
2028665514766,-1.2435512365268906,-4.365009743650439,-2.490935027316656
2028665514783,-1.3080913798468563,-4.003278349374247,-2.3843964253560777
2028665514800,-1.8906048775503614,-4.827907973639707,-2.5982320576591382
2028665514816,-1.9879099442880497,-4.631581297609381,-2.9299323458213933
2028665514833,-1.9053842142821211,-5.816476615494608,-2.3108994566561707
2028665514850,-2.385404088211608,-6.1054608998036475,-2.4915894165998376
2028665514866,-2.9254967555139713,-6.4604882948767965,-2.1600979719538014
2028665514883,-2.873608429289695,-7.066088167347017,-2.034498359304623
2028665514900,-2.5675684298120935,-7.626806591167125,-2.2048683675441025
2028665514916,-2.800693758299136,-8.430080098662593,-2.10183195739768
2028665514933,-2.561678986919576,-8.774197945445335,-1.7445410454575896
2028665514950,-2.4272690038233535,-9.463965740029,-1.3108498878724495
2028665514966,-2.6757441394347814,-9.078714421917697,-1.657439716284295
2028665514983,-2.287892047755503,-8.689869405405805,-1.4184454496664411
2028665515000,-2.2805813101476677,-8.573650762852578,-1.4010650293559566
2028665515016,-2.267315002210549,-8.634362087497935,-1.630561012377918
2028665515033,-2.081058582384233,-8.460819138919819,-1.63153096245652
2028665515050,-2.296395150470396,-9.119929299000123,-1.8792676701626982
2028665515066,-2.6520774395119213,-9.72958090320746,-2.067759054725473
2028665515083,-3.084237946548259,-9.311313719561367,-2.321874578387174
2028665515100,-3.7590398012077886,-9.274682245149787,-2.783303904368891
2028665515116,-3.670148906901882,-9.297730459288605,-2.6891229494016566
2028665515133,-3.1658138370926254,-9.255276343140167,-2.3810874983811097
2028665515150,-2.584922968230366,-9.008738418075353,-2.527308797297778
2028665515166,-2.0544101136219544,-8.62684646889471,-2.6147564727841135
2028665515183,-1.283206274541497,-8.753034698247582,-2.109760157699301
2028665515200,-1.071044340079788,-9.849810039094134,-2.211750928011719
2028665515216,-0.7947464152687314,-9.530449368497138,-1.9661257214254708
2028665515233,-0.7566330475526106,-9.347399719532287,-1.9168479247471093
2028665515250,-1.2150731435380555,-8.716014928754214,-2.1575921865836083
2028665515266,-1.257920266909899,-8.653421702150148,-1.9302425919918829
2028665515283,-1.3133252978351653,-8.45588999347175,-1.5805225661325313
2028665515300,-1.190824418141112,-8.707902116698065,-1.3428231660048282
2028665515316,-1.2036296542368756,-9.168298998337304,-1.555851979745718
2028665515333,-1.76187196348415,-9.343847159746584,-1.4108115003430304
2028665515350,-1.2770416263555457,-9.253349677363119,-1.7065119404760964
2028665515366,-1.5781774636120662,-9.483083519531654,-2.4560262308997896
2028665515383,-1.598712230777953,-9.923106465412554,-2.3459810776582017
2028665515400,-1.466119342227561,-9.077356426262018,-2.0030449425033865
2028665515416,-1.1580222693000684,-7.738948528696329,-2.0870006584752043
2028665515433,-1.1435962089111387,-7.361949696362915,-1.4994570389747528
2028665515450,-1.6330325216154153,-7.406735148212062,-1.8887658718329674
2028665515466,-2.260965389322378,-7.762070876106255,-1.742283005515144
2028665515483,-2.2539053588681246,-7.3323263509877625,-1.461327231867818
2028665515500,-2.602686987482418,-7.273447774062825,-1.6716249422933434
2028665515516,-3.448800942495532,-7.697809493709352,-1.7998869477079769
2028665515533,-3.7667563712350223,-8.404606908579328,-2.2424461557832824
2028665515550,-3.9077971206423463,-8.167411094379297,-1.9318392681524497
2028665515566,-3.675764296933891,-7.181949034531037,-1.2625771764123903
2028665515583,-3.1196309126143045,-7.039242612226663,-1.2361449351499703
2028665515600,-3.3168679804563785,-7.328589695093075,-1.6032480474359727
2028665515616,-2.6240211545477035,-7.007661777044928,-1.633887724643952
2028665515633,-2.4610063431112374,-6.9846359552379695,-1.5258072606784023
2028665515650,-2.123386616069356,-6.629654140612701,-1.8151806489509283
2028665515666,-1.9114486753045852,-5.99689656704379,-1.6587549053273771
2028665515683,-2.1056808379778107,-6.204700288051069,-2.147020178260478
2028665515700,-2.14929154088345,-6.660425704553184,-1.8127819038387023
2028665515716,-1.554774622392023,-5.625352152145873,-2.042938327257608
2028665515733,-1.1470604061551821,-5.582423885163025,-2.010496732925364
2028665515750,-1.2980025240561428,-6.168903401055972,-2.1734403559319837
2028665515766,-1.545149310050356,-6.147723273189415,-1.9709906184319328
2028665515783,-1.2466574490170705,-6.930968763378912,-2.00312021756792
2028665515800,-1.1020045423325593,-7.099792628229203,-1.8386205288389506
2028665515816,-0.7409430468604272,-6.770475973151068,-1.1648108838435207
2028665515833,-0.6292283108862806,-6.84562321747819,-1.878877343799393
2028665515850,-0.7132595490742943,-6.794090622830481,-1.4442108624259065
2028665515866,-0.8344921303339516,-6.9087032266845885,-1.1370766883766965
2028665515883,-1.0783154371882473,-7.856982088924899,-1.571733643272581
2028665515900,-0.8629428593075739,-8.062046902550378,-1.633977251988827
2028665515916,-1.3285011318658642,-8.23722382600007,-1.3528651472116988
2028665515933,-1.5163923125887586,-8.087129035554808,-1.3174379250018795
2028665515950,-1.4321548901180154,-7.773160040781338,-0.7791621328434399
2028665515966,-1.4731275342045822,-7.603726446346083,-1.1532795331028676
2028665515983,-1.8311940005708962,-6.880416206562731,-1.1796742579800017
2028665516000,-1.8039398934379118,-7.606139010519785,-0.34956394924225365
2028665516016,-1.4886642963043868,-7.503196447135788,0.07806985291988877
2028665516033,-1.5150050931033845,-7.02774511926552,0.4291983724924774
2028665516050,-1.9077527819865896,-8.42456745876409,0.5231161627626003
2028665516066,-1.6881986750271616,-8.656808002278385,0.7147434201279942
2028665516083,-1.9314119180331004,-9.151488886771702,0.9878201402901433
2028665516100,-2.3495198551494316,-9.369457631005341,0.7429087887749889
2028665516116,-2.2660396882785636,-9.215596880275838,0.17091545240322525
2028665516133,-2.34978136799372,-9.329546601674338,0.31347350071533087
2028665516150,-2.376540381884494,-9.84812407562125,0.3567118675922071
2028665516166,-2.152103614399459,-9.84960862784517,0.6210486696537235
2028665516183,-2.124678558223723,-9.629603620673342,0.27203954299282607
2028665516200,-2.443905274279205,-10.073161416343225,0.30449501465795026
2028665516216,-2.4656396207843247,-10.083963174171434,0.36369785216389205
2028665516233,-2.789729860014261,-9.822581718332138,0.08119211899811629
2028665516250,-3.0124125311206,-9.204542301164825,0.3788667795632934
2028665516266,-3.107389778306488,-9.528994567617445,0.5395955643516633
2028665516283,-3.1815115796926756,-9.519305078130284,0.7508386594879607
2028665516300,-3.090801021841872,-10.13202044857395,-0.026696309118990014
2028665516316,-3.5977823757546883,-9.526639550489037,-0.12751184845894675
2028665516333,-3.0823394073266988,-9.238398461879843,0.35251608355900843
2028665516350,-2.91314373007937,-8.889865735082996,0.2446215586804743
2028665516366,-3.035588529568094,-8.4968676956424,0.5963481732866559
2028665516383,-2.6616540886412756,-8.927388461311622,0.07133818819398896
2028665516400,-2.570209091353588,-8.3665477752812,0.02476347789828115
2028665516416,-2.584429726350441,-8.068097959105089,0.1322663069597776
2028665516433,-2.7102773117389156,-7.879286810001209,0.3127091291315276
2028665516450,-2.707828348207936,-8.664146946252375,0.04831119003479467
2028665516466,-2.556988607751044,-8.409061879620435,0.003383390084795823
2028665516483,-2.1414662510353426,-8.132809179645308,0.2619246884160463
2028665516500,-1.3045480821362867,-7.7791138542047165,0.5024661453255285
2028665516516,-1.669790064892699,-7.753907581874592,0.563284368222095
2028665516533,-1.9395047418659348,-7.549999174615063,0.2927234681855171
2028665516550,-1.1458998525706683,-7.2495563211578755,0.3384980281734654
2028665516566,-0.35975859280255307,-7.842020093423266,0.33805394172110814
2028665516583,-0.5102770128023169,-8.054630303989295,0.7002791237076244
2028665516600,-0.5854062505623618,-7.996976480936538,0.8593881237472022
2028665516616,-0.39504272925323125,-7.960236917618731,1.0574846333635963
2028665516633,-0.5850265725958685,-7.534181713352998,1.4121354838524454
2028665516650,-0.4329965021971711,-7.733898032846716,1.6034659381979353
2028665516666,-0.6604011920183135,-7.704460776842024,1.5979398764920933
2028665516683,-0.9296805611527006,-7.676025063901148,1.5322810887323794
2028665516700,-0.35189462173922426,-7.66765450923526,1.3751361947596257
2028665516716,-0.6490699237409228,-8.044430008763374,1.1053526519342403
2028665516733,-0.6879752773159149,-8.521446531657983,1.3932101591086896
2028665516750,-0.7690917326436333,-9.359317567299549,1.3624230407893645
2028665516766,-0.4576269372868733,-8.89730448381219,1.546700366060966
2028665516783,-0.8755313351663236,-8.250698643481307,1.2206759741736724
2028665516800,-0.35682804050815253,-7.649819881764019,0.5315307207225587
2028665516816,-0.06910762109610324,-6.835281442268061,0.8169833839777133
2028665516833,-0.01963729680902304,-6.989027256835895,0.8721151731922264
2028665516850,0.17244374285117114,-6.562522779847315,1.228100958425455
2028665516866,0.355283203081604,-7.534372927809377,1.107711603633557
2028665516883,0.4003673063476967,-6.812339086799944,0.971690768170464
2028665516900,0.7500614853253138,-7.340105107690776,1.02366655231687
2028665516916,0.8353145598280722,-6.874653094856489,0.7893390538642148
2028665516933,1.569730363086851,-5.978463974842652,0.9424004901128858
2028665516950,1.5436638598169123,-5.982461332987681,0.2606621911424677
2028665516966,1.7035400691294127,-5.204213826744882,0.36003026035528163
2028665516983,1.8446517550521397,-5.414580558073351,-0.1260030719906881
2028665517000,1.7800384766295938,-4.746903724229498,-0.5471025852258264
2028665517016,1.223371116612399,-5.863862536163658,-0.5231759291938328
2028665517033,1.1422641623114282,-6.187724142885352,-0.8404747381330591
2028665517050,0.5924896464638776,-5.639789607225375,-0.6291139190982165
2028665517066,0.5851262960806753,-6.642759131238516,-0.6621640423051358
2028665517083,0.14083380514016586,-6.532295294470695,-0.4792826856969037
2028665517100,-0.0010567118730673286,-5.333544359447478,-0.8256583616087323
2028665517116,0.13725100949937907,-5.257127604781748,-0.2341205744386523
2028665517133,-0.15940491840741267,-5.974223345848036,-0.23145577128088624
2028665517150,-0.5959396393651577,-5.86288103479356,-0.06642164707643206
2028665517166,-1.1005888078208512,-5.671279240559863,-0.1300929307241831
2028665517183,-1.4099745874258476,-5.1105269095017185,-0.32620391865205595
2028665517200,-1.5328257592285235,-4.516621012150916,-0.025192205359896858
2028665517216,-1.404370305081521,-3.847630977929655,0.10977826524375678
2028665517233,-1.870757091887688,-4.210920359757982,-0.023930882831662947
2028665517250,-1.5730009469529458,-4.375321740551171,-0.3215620754937935
2028665517266,-1.5443326778480828,-4.748689198026579,0.2748118294099837
2028665517283,-1.4691208511170313,-4.390447020759524,0.5530435905759602
2028665517300,-1.5062958051186843,-3.71125301091325,0.6780416889746342
2028665517316,-1.1618005277854628,-3.428658582250655,0.6892639982663241
2028665517333,-1.1127430406449061,-3.0814189933800664,0.6755399676390835
2028665517350,-1.157281431723618,-2.713627839370248,1.0138122058553996
2028665517366,-0.8318824565073912,-2.7934850637677164,1.169556529978978
2028665517383,-0.754182879479294,-2.679950532627627,0.6857547427099838
2028665517400,-0.751913967990383,-2.973849500342867,0.5932942622033551
2028665517416,-0.8922231439699386,-2.8674005391085653,0.3568256127005207
2028665517433,-1.0868472072902131,-2.727418134473165,0.3966455062842662
2028665517450,-0.9246871175560294,-2.21407744374684,0.4841924579053609
2028665517466,-0.6575707287725949,-2.1227115830697576,0.7170543098738017
2028665517483,-1.0047712502784938,-1.4274225456960234,0.783148986337718
2028665517500,-0.7145639342218022,-0.9575457692160274,0.7528498833678653
2028665517516,-0.28277955857177073,-1.3023794181135182,0.649928007877033
2028665517533,-0.6531815174348008,-1.328644778341621,1.2045398597740355
2028665517550,-0.6381726584557388,-1.340253451592571,1.1387256697695127
2028665517566,-0.8686991234077128,-2.0332477474359023,1.0299265782898632
2028665517583,-1.25474961798641,-1.4222177352851224,0.6288602935838249
2028665517600,-1.7867287579399362,-0.35978779096981484,0.16507563477293818
2028665517616,-1.5557797783137572,0.1167079769872652,-0.26956923621527984
2028665517633,-1.4946516810119257,-0.04874501782519758,-0.17040510484065435
2028665517650,-1.851878526255379,0.31187010794493286,-0.0426476051745594
2028665517666,-1.7545929734234185,0.6756672830801032,-0.13958517076306814
2028665517683,-1.6094308674786717,1.5343002974350517,-0.690672628297423
2028665517700,-1.7879237273034057,1.5865163242902813,-1.0280523392990433
2028665517716,-2.0840222032868545,1.5815675763760115,-1.2182139745324054
2028665517733,-2.008142415301106,1.3312744994215944,-1.4409312456874144
2028665517750,-2.477908602213599,0.6974849765557574,-1.4010634082307383
2028665517766,-2.4446381734706812,-0.02381064185236781,-1.2842261908117978
2028665517783,-2.7056341683940937,1.0092912978150022,-1.4789218206650223
2028665517800,-3.091725468491296,0.3558300597604642,-1.277042847359609
2028665517816,-2.629093946451229,0.9006283305824159,-1.2158233661201425
2028665517833,-2.463861794852467,0.41842387283775473,-1.3329934507306798
2028665517850,-1.7675234524487276,-0.6999459551444689,-0.8524076536623555
2028665517866,-1.3397315716758946,-0.7793560562496014,-0.948615306491638
2028665517883,-0.577328314226901,-0.1693313966958998,-0.7765355428134191
2028665517900,-0.7680301016349382,-0.5884534742856964,-0.5716701916431833
2028665517916,-0.9369373071358069,-0.3452011297679478,-0.616120487567018
2028665517933,-1.3089887646084932,-0.6602635832711208,-1.0009720894528484
2028665517950,-1.5900086704229004,-0.1671350828316962,-0.8948339549582085
2028665517966,-1.3185146414266384,0.401379346016955,-0.9951825271177297
2028665517983,-1.2225141587598012,-0.49185622821054054,-0.7426428978634436
2028665518000,-0.978746701046286,-0.5086181606256295,-0.9309551324942191
2028665518016,-0.813900674663727,-0.6553211732231539,-0.8197393262050223
2028665518033,-1.2597142247107014,-0.7347307104813199,-0.7326487527386342
2028665518050,-0.9559001796987854,-1.6986011682945668,-1.3615063514617305
2028665518066,-0.9078274831970736,-2.1234970425260378,-1.4613273648645404
2028665518083,-1.0751291081155498,-2.180452153901512,-1.5465424367541467
2028665518100,-0.5867819113022108,-2.2607181294247254,-1.6411839765245717
2028665518116,-0.4624719208417387,-2.321553082213676,-1.6561067719343971
2028665518133,-0.23784980240728082,-2.3425205772393687,-1.6218164810417837
2028665518150,-0.48552975921095953,-2.9133984061270897,-1.725805314345882
2028665518166,-0.46716163936404165,-3.0735904964221388,-1.6744050810371705
2028665518183,-0.5235239410030905,-3.319441464925902,-1.379799212449115
2028665518200,-0.8274198718751125,-2.603660751567275,-1.4490935598365078
2028665518216,-0.8224495211699603,-2.384668496184649,-1.2556581880932196
2028665518233,-0.8833486801799353,-2.316513143561545,-1.3002331950023707
2028665518250,-0.5979037992654037,-2.940820817852796,-0.6187211375408173
2028665518266,-0.5791330521162461,-2.1102380739030933,-0.4302348118190443
2028665518283,-0.7456825921920478,-2.0712090298598933,-0.28734488151341153
2028665518300,-1.0075364206330688,-2.3940062794090147,-0.5982665605502274
2028665518316,-1.533456421050626,-2.9593013030265305,-0.4579184480511999
2028665518333,-1.933254235936329,-3.068996633714343,-0.6295434972650495
2028665518350,-1.9288672956900412,-2.6980675827336325,-0.38223376913633755
2028665518366,-2.259583188090059,-2.5659071512939993,-0.19588692753410375
2028665518383,-2.9456469856351446,-2.6452521245724165,-0.34270738421579316
2028665518400,-3.240994875548384,-2.903019684931632,-0.1891154959721552
2028665518416,-3.3305771643314324,-2.848468878548645,-0.1894448958326606
2028665518433,-3.7781980192566107,-2.6853634816283263,-0.04753586275534005
2028665518450,-3.5649957800276537,-1.9130938143951153,0.11307847764369072
2028665518466,-3.294214023065801,-1.3332007076382943,-0.015326367909088867
2028665518483,-2.8142693336327875,-1.2809897835484119,-0.12294097589100156
2028665518500,-3.119944379494865,-1.007765588962803,-0.4136882248912481
2028665518516,-3.0873036294957132,-0.867152412188414,0.18255441908944692
2028665518533,-3.182101398858835,-0.29725055761105423,0.15441600806104894
2028665518550,-3.157048516937922,-0.36930902996382464,0.021786864156087216
2028665518566,-2.9118014696856394,-0.48325319919612575,-0.025529773957405022
2028665518583,-2.8672399631078918,-1.4007050226642654,-0.14456088754090274
2028665518600,-2.7015827840332265,-1.9216713022100294,-0.45233318198636807
2028665518616,-2.8454992160662553,-2.094463611333568,-0.556728593605111
2028665518633,-3.382258056867068,-1.1594870614163213,-0.5192922168159113
2028665518650,-3.6742323707022235,-0.8993630894809845,-0.9031994638785623
2028665518666,-3.649880962472444,-0.4359524726333426,-1.6952888974690778
2028665518683,-3.1762746683385044,-0.7073835536608737,-1.8959389026426852
2028665518700,-3.3020912614803226,-0.8201087651590973,-2.1792309840014066
2028665518716,-3.2449369139058986,-1.6904822328145395,-2.273043894471266
2028665518733,-3.122451559848138,-1.9254948632765982,-2.47338291833156
2028665518750,-3.7650334090770423,-2.1296398928951477,-2.1502724149652845
2028665518766,-3.7657621821936287,-2.6572479214278704,-2.138471506793138
2028665518783,-4.220472688874932,-2.344028607623757,-2.516896908056657
2028665518800,-3.9691099362512503,-2.8731706042883776,-2.5317990999906357
2028665518816,-4.397161459543456,-3.3190255234740325,-2.943730310588081
2028665518833,-4.001578064725751,-3.422136838783278,-2.4335535112201914
2028665518850,-3.8602428965801145,-2.991045520476084,-2.333511184881533
2028665518866,-3.5629898502116757,-2.554619137902989,-2.2286476630764964
2028665518883,-3.3266301073330427,-2.047904449851764,-2.238333108854876
2028665518900,-3.1360902970294493,-2.4179880496680495,-1.953554176202879
2028665518916,-3.2272063472921886,-1.8175523415407344,-1.6637925853447633
2028665518933,-3.2210573254643684,-0.7688627125964622,-1.91089188178768
2028665518950,-3.328051459407594,-0.5585397218460306,-1.4470340479254116
2028665518966,-3.4435997832548866,-1.1793098634326586,-1.8375705899817905
2028665518983,-3.180793135636077,-0.7907804097418101,-1.9743097112490688
2028665519000,-2.782229371147802,-1.9205525467393754,-2.7935016139469013
2028665519016,-2.5277691269764984,-2.1028723994929392,-2.304906546932719
2028665519033,-2.9534406903258708,-1.8979395946791442,-2.760309128357532
2028665519050,-3.06772928596504,-1.6695616702182345,-3.2079032308158273
2028665519066,-3.3210746872047503,-1.583126079085119,-3.0128722677334667
2028665519083,-3.4946773282464125,-1.07286800203853,-2.4530793009752934
2028665519100,-4.041667735582448,-0.7892158852820224,-2.901755842605873
2028665519116,-4.041376020061656,-0.9736543432071425,-2.8821963022815833
2028665519133,-3.530130986988052,-0.7813452581386526,-2.6875548279537824
2028665519150,-4.163585862192885,-0.7605489417686444,-3.2044752542927366
2028665519166,-4.208778124240661,-0.6996976237189214,-3.460669925859378
2028665519183,-3.744951459835095,-0.5436158887304501,-3.5634634747494878
2028665519200,-3.8066666114832084,0.3176907014725767,-3.142726201685944
2028665519216,-4.256797902686154,-0.06181286021635923,-2.8748260957915575
2028665519233,-4.325483540309858,-0.28367102103930186,-2.9073684923097645
2028665519250,-4.450839001658667,-0.2950123571248744,-3.007732178775329
2028665519266,-4.85168687544525,-0.7051157002336508,-3.0049800732565863
2028665519283,-4.949594992457781,-1.0515087847532634,-3.0410695297311454
2028665519300,-5.552894680936848,-1.9670100120214213,-3.2633659393949013
2028665519316,-6.0349535212666,-2.03130502704502,-3.024376111894988
2028665519333,-6.157922568307891,-2.1937271872912576,-3.325946560220182
2028665519350,-6.339049152477965,-2.571237010804813,-3.1968998771179957
2028665519366,-6.3013172581544366,-2.7191421209110107,-2.929946626041064
2028665519383,-6.932590484226376,-2.9756166132292816,-3.0418767718612063
2028665519400,-6.865608883159772,-2.8209461767796333,-2.8284560899785
2028665519416,-6.782631715909261,-3.284358547238852,-2.7908493345432905
2028665519433,-7.063374130965836,-2.997659473487857,-2.4662726200033327
2028665519450,-6.911398838736359,-2.39206260068149,-1.9069488983636855
2028665519466,-6.886159204700776,-2.281796526979007,-2.0752087598542435
2028665519483,-6.662727982231647,-3.2951049625612154,-2.1308277686550934
2028665519500,-6.80505789093959,-3.527297571082989,-2.350918860258898
2028665519516,-6.6410774269359285,-3.849250486259924,-2.0239597318829445
2028665519533,-6.649274512918895,-3.4894368269974496,-1.515342427231745
2028665519550,-6.767524201325969,-3.569432553261461,-2.004673050064504
2028665519566,-7.101617892967239,-3.14053305081439,-1.874171981967339
2028665519583,-6.8609797865631785,-3.3675194196385982,-1.4393168629311173
2028665519600,-6.677618521356469,-2.9317419100723314,-1.1561208540468235
2028665519616,-6.627882436866764,-3.157934804816736,-1.1461584059903527
2028665519633,-7.20409580777881,-3.6344369421218605,-1.0284741708987155
2028665519650,-6.916956811881407,-4.23954301049311,-1.2135439258681742
2028665519666,-7.238412595131733,-4.240542816097031,-0.7989796956380344
2028665519683,-7.417023060079934,-4.178521751752521,-0.8580213218824351
2028665519700,-7.834752202426619,-3.7747552048728745,-0.8204301989668092
2028665519716,-6.947078838524657,-4.06380800286121,-0.729845686342568
2028665519733,-7.294342057263254,-3.4848283178782364,-0.4291668896340195
2028665519750,-6.942716848244622,-2.8504453025085215,-0.10590029969750409
2028665519766,-6.9545095073418945,-2.280805749445923,0.05511192932071851
2028665519783,-6.5928564917737615,-2.4557647958129314,-0.002597565608253638
2028665519800,-5.9396477153333205,-2.0877835945898897,0.12189448816027049
2028665519816,-5.718762507949277,-2.6609393266117447,-0.20077170448113418
2028665519833,-5.513053937621858,-2.5826812873445792,0.04059803120880401
2028665519850,-5.48126035303163,-2.1740224998456354,-0.1196718211188138
2028665519866,-5.44220668076046,-1.0803375248024158,0.42678836111693275
2028665519883,-5.266301111276745,-0.85828170410407,0.5525835369249789
2028665519900,-5.251931002711003,-1.4511111118639972,0.047774772405096644
2028665519916,-5.9517919008476765,-1.105295310849728,0.43539292936487983
2028665519933,-5.417185094592153,-1.5061823737267055,0.5476889383925893
2028665519950,-5.63118088426263,-0.8775311630232459,0.5087045757462746
2028665519966,-4.730054097437538,-2.294429062477497,0.724846858562579
2028665519983,-4.310068809543202,-2.4820743022597602,0.9643545521534665
2028665520000,-4.69698028816388,-2.5127372363619664,0.8205567291053758
2028665520016,-4.918398598032573,-2.5389162238449328,0.9241350378953198
2028665520033,-4.941106870116361,-2.687910496629833,0.7470418593692559
2028665520050,-5.256648180347729,-3.0457446504779053,0.6778653922874832
2028665520066,-4.76781078286923,-2.6989768284976954,0.7667629324058151
2028665520083,-5.174286394011315,-2.450939292276114,0.7391285031918303
2028665520100,-5.148251573759005,-2.725792765814271,0.6870438707474676
2028665520116,-5.2337359296071,-3.3825456771635163,0.7671988862728433
2028665520133,-5.294597528564629,-3.2289018807239476,0.7877203310196724
2028665520150,-5.1252721867126585,-2.9926891741403394,1.1045010057135114
2028665520166,-4.766604182893367,-2.853050774135259,1.398045795901178
2028665520183,-4.788240402838003,-2.5700670422126075,1.6224895797910022
2028665520200,-4.529656511855354,-2.817980520503342,2.157164389650909
2028665520216,-4.468378378565144,-3.41396185556795,2.151562055977126
2028665520233,-4.736373703852881,-3.7029557546362177,2.2231959549909845
2028665520250,-4.467567178728822,-3.5724813668496833,1.9299186263597372
2028665520266,-4.507890591341827,-4.01736349559725,1.5714310033017487
2028665520283,-4.517192762949405,-3.608595082665698,1.504738343308587
2028665520300,-4.234557619437279,-4.266452076538822,1.2383793359712465
2028665520316,-4.814196515668711,-4.005261246534204,1.1046366610502942
2028665520333,-4.418692039358413,-4.005444339877042,1.2046393295553464
2028665520350,-4.317281819488869,-3.9168330011702315,1.5087137461811424
2028665520366,-4.325317171884537,-3.6532764903356174,1.7860603220466764
2028665520383,-4.255052938328909,-4.302740758542672,1.6713670424628941
2028665520400,-4.469938223110357,-4.285906819696832,2.1132608165940474
2028665520416,-4.609697020178967,-3.6323231211973113,1.8912796886724923
2028665520433,-4.8816422177442105,-3.663899069515719,2.1372250379294035
2028665520450,-4.293669970129608,-3.6583454834161278,2.3065383312505854
2028665520466,-4.198549511180648,-3.3407425541981444,2.0483611395345673
2028665520483,-4.124215347419243,-3.8269950069809293,2.1331519089410587
2028665520500,-3.336753934702509,-3.5945002946990714,2.0364472225292993
2028665520516,-3.723363285521346,-3.552722239976812,2.0343245916629096
2028665520533,-3.7277007126813455,-3.250956549914446,2.2051350258785734
2028665520550,-3.431104282976338,-3.5485202492965935,2.6440518106016504
2028665520566,-3.5964901196732346,-4.036384670293468,2.9265700351566157
2028665520583,-3.6407807905974945,-5.4781579514578995,2.824171846174092
2028665520600,-3.6000328944658913,-6.332094058761529,2.4786119515078804
2028665520616,-3.5842289510599405,-6.502559531162223,2.384263302196118
2028665520633,-3.492612405424615,-7.432560682650215,2.376237538848853
2028665520650,-3.520751886171447,-7.263351138481497,2.242895282854743
2028665520666,-3.6987601503305143,-7.0329848739255825,1.9329462690274974
2028665520683,-3.611626886107807,-6.987170616547502,1.5428392968352105
2028665520700,-3.5295030850342144,-7.020796494207853,1.4516980224464033
2028665520716,-3.726017989604726,-8.082636157958564,1.2091946660142612
2028665520733,-4.162485944168168,-8.26397463376921,1.1480926549877686
2028665520750,-4.20323434331303,-8.40798988435607,1.504357675508667
2028665520766,-4.383416107418761,-7.933148527309127,1.4452471114173666
2028665520783,-5.082481602816665,-8.843945845733696,1.605820854537118
2028665520800,-5.43060936339944,-8.534308175662591,1.564086225963639
2028665520816,-4.994758794843322,-8.089032646953555,1.9121362546669922
2028665520833,-4.626967671011808,-8.94320135915506,1.6532100019345428
2028665520850,-4.8486669583319175,-9.006923675216003,1.508161765505967
2028665520866,-4.908946465690913,-9.056321657341075,1.30154798878266
2028665520883,-5.396978303982185,-9.56349226175482,1.1222568573362697
2028665520900,-5.414608984897855,-9.61177523892215,1.1014823985766342
2028665520916,-5.559266341634019,-10.003973538586285,1.6179529802471087
2028665520933,-5.826226355638623,-9.948588027020035,1.308120143725743
2028665520950,-6.001353080473946,-10.148058099797833,1.5449488743043682
2028665520966,-6.195587151916685,-9.481663510337352,1.6986388812483204
2028665520983,-6.238830042343735,-9.280714647551214,1.6454781328488073
2028665521000,-5.91673489270722,-8.781093439551707,1.401818616579753
2028665521016,-5.596076476443147,-8.326146651323068,1.2040861357470716
2028665521033,-5.297441851002756,-8.292002920305476,0.9389735556132163
2028665521050,-5.764942202537245,-7.724209868238712,0.24971199863587912
2028665521066,-6.205732157349348,-7.11777876096081,0.4273693688132697
2028665521083,-6.470034652275443,-7.112710715412934,0.5410486328053393
2028665521100,-6.365742529587017,-7.114372938775914,0.626603071251637
2028665521116,-6.021689910273404,-6.916457092511274,0.3343317488979173
2028665521133,-6.3100517102305,-6.720196849610214,0.5478572516683403
2028665521150,-6.570022631768775,-5.496939285302673,0.19198261911529213
2028665521166,-6.686577701884605,-5.230472421493066,0.31297675984761286
2028665521183,-7.055161504260987,-6.181894332649662,0.024587175542230444
2028665521200,-7.7619237044588365,-7.423135375214791,-0.04832662311323782
2028665521216,-7.3946481832535955,-7.081699577136831,-0.49586574232783853
2028665521233,-7.027078760153333,-7.715570558409095,-0.5092494871751206
2028665521250,-6.658912888179383,-8.746863603216934,-0.8923730592012724
2028665521266,-6.186739094939079,-9.199558880979374,-0.956378400063844
2028665521283,-6.561331801850271,-9.430979184540448,-0.9963587072600499
2028665521300,-6.880035553053704,-9.515908943579507,-1.0554194808683306
2028665521316,-7.589106748906673,-9.112037580980486,-0.7908634310015152
2028665521333,-8.174797329294053,-10.136314811695627,-0.4110449330357673
2028665521350,-8.388147337498346,-9.576501036560384,-0.3684501102637526
2028665521366,-8.269588214907724,-9.304572845018328,-0.42158870611318416
2028665521383,-8.410305116952678,-9.421006947444972,-0.08873111126682648
2028665521400,-8.184569006016318,-9.48013006498061,0.22141563395625874
2028665521416,-8.607436738639942,-10.754090982670988,-0.29967046363448196
2028665521433,-9.061944039585258,-11.285907792145785,0.3835600655039907
2028665521450,-8.314425185582639,-10.854100181030404,0.3615599664504925
2028665521466,-8.2319210256859,-10.973700155665536,0.257621453840599
2028665521483,-7.9397516497290965,-11.108458571259233,-0.2807824170869786
2028665521500,-7.855474304207451,-11.10417485925624,-0.4658495808425399
2028665521516,-7.666629285256532,-11.29475828749962,-0.30770455877335906
2028665521533,-7.433843987434662,-11.368603038810196,-0.49049867442003114
2028665521550,-6.613597146977527,-10.897097481005837,-0.07615934100701505
2028665521566,-6.282391639327481,-11.626526052659665,0.5605938537079515
2028665521583,-6.203191721346801,-11.134961594196268,0.04670482150006039
2028665521600,-6.242648437414448,-11.561450242187288,-0.03179465798509995
2028665521616,-5.765852193373906,-11.322074405276494,0.0453252251054963
2028665521633,-6.015093410920348,-11.606517071216466,-0.24719442254513857
2028665521650,-5.984742676321256,-11.823145481648858,0.14332693987902723
2028665521666,-5.976831250854592,-12.191726234717116,0.4633875139317739
2028665521683,-5.69737284763622,-12.32629075486419,0.10785931295900397
2028665521700,-5.411054492501373,-12.346410835258537,0.18063809196273384
2028665521716,-5.368779478466339,-12.10953722346283,0.4046287991388512
2028665521733,-5.067011071019853,-11.686953121077831,0.12981146788409526
2028665521750,-5.0922120440231815,-10.632424626466218,0.48371552544292284
2028665521766,-5.178188643451565,-10.493885553113163,0.23283869027113913
2028665521783,-4.334428737273119,-10.052334730456312,-0.059742385718438484
2028665521800,-4.925171106591302,-9.949000607518073,0.3239669040010552
2028665521816,-4.503950699229683,-9.637457685609712,0.38935383223994113
2028665521833,-4.799838237771453,-9.399928609508674,0.016612707515191283
2028665521850,-5.4518532906849275,-8.854103213006114,0.04970442259342911
2028665521866,-5.497610607028771,-8.87384600938208,-0.1354209300532872
2028665521883,-5.781728674886894,-9.054227012732474,0.3343603802680891
2028665521900,-5.192850392226055,-8.802080804836281,0.28545954461163703
2028665521916,-5.1440996294430965,-8.386894319957348,-0.2907847987238741
2028665521933,-5.02361923217951,-8.647098194447349,-0.16769394967991436
2028665521950,-5.1130483488664265,-8.86086078940551,-0.5211232573244761
2028665521966,-5.092136809210048,-8.586531135846906,-0.6785862618097876
2028665521983,-5.352714372180391,-8.406833913637847,-0.8259513320213375
2028665522000,-5.205843394115438,-9.564351693436699,-0.48652774256960973
2028665522016,-4.776114801597103,-9.091718411297737,-0.43949514784809024
2028665522033,-4.7832252530490305,-9.286089397060909,-0.7417208935870039
2028665522050,-4.7758715235587115,-9.478338418453351,-1.0871122158982853
2028665522066,-4.6187589865781575,-9.33271446956396,-1.2279895196122461
2028665522083,-5.193042750007811,-10.021742893923852,-1.2551386602500136
2028665522100,-5.612628234677076,-10.115037882846703,-0.895586978190575
2028665522116,-5.3304492531604994,-10.71017988131843,-1.3163141474174123
2028665522133,-4.773011143081748,-10.09757832993725,-0.9561173853475649
2028665522150,-4.742250326566778,-10.73258524077028,-0.9432702196138845
2028665522166,-5.104856739429844,-11.614225301477633,-1.0865211705085047
2028665522183,-4.532041261261012,-12.176631852092381,-1.0846058656816395
2028665522200,-4.597467169711947,-11.672862996187344,-1.200532157226062
2028665522216,-3.9511672693672177,-11.7757779183577,-1.2626735194214405
2028665522233,-4.050206653406326,-12.632704226257676,-0.8312865767494333
2028665522250,-4.221367516153662,-12.397437579257911,-0.9042825851917112
2028665522266,-3.8665379234745756,-12.305586470292443,-1.0768636173316763
2028665522283,-3.789713545988551,-11.23018199332209,-0.9708530894010267
2028665522300,-4.157086442712121,-11.317800158012519,-0.670741071551493
2028665522316,-4.290714547083445,-11.031448395949084,-0.49869641992477454
2028665522333,-4.032020184447048,-11.226496446823198,-0.6974841634311084
2028665522350,-3.7266034708167064,-11.487559556923081,-0.7318595665718931
2028665522366,-3.729979456522636,-10.631264475803292,-0.36947919886554925
2028665522383,-3.3315184957614647,-10.67176912507329,-0.08359975830405791
2028665522400,-3.7644605197305143,-10.499733263188077,-0.23083334024279317
2028665522416,-4.355197109111789,-10.605435078528924,-0.12121549169385532
2028665522433,-3.9866418971367032,-10.654883698089883,0.7196090012258868
2028665522450,-4.459980360787636,-10.974449215530628,0.5367049244557992
2028665522466,-4.318000414937765,-10.382956180717652,0.42575920107876464
2028665522483,-4.046285262008167,-9.74308046116321,0.3170601005698337
2028665522500,-3.958036173135914,-10.266215553251442,0.13920570806744903
2028665522516,-4.188353201869759,-10.22341592564224,-0.23314935824424177
2028665522533,-4.555215961274198,-10.340911684891282,-0.36176680980409437
2028665522550,-4.407293549118965,-10.563043964040165,-0.6174122808129439
2028665522566,-4.529979464180007,-10.211585681821417,-0.6322563318781963
2028665522583,-4.00861239226521,-10.181289936348566,-0.4299924316349805
2028665522600,-3.7308473545240997,-9.224359570172798,-0.5151556767877095
2028665522616,-3.6721827528451962,-9.639482831216469,-0.1782222951977706
2028665522633,-3.9441717445134103,-9.55931052665604,0.14439340204417994
2028665522650,-4.161770203911256,-9.013603380766652,0.6239511396167544
2028665522666,-4.119084958211408,-8.85205259027682,0.5979825818333923
2028665522683,-3.679152985632671,-9.23419323275279,1.4208558216722125
2028665522700,-4.438452607641963,-8.43610761774946,1.5836955931941334
2028665522716,-3.875367927312964,-8.454728433575415,1.207323656637303
2028665522733,-3.3648385186823098,-8.136270550291904,1.0909059728671426
2028665522750,-3.3672013542814003,-8.31646365790079,1.360002552395697
2028665522766,-3.0589092242898035,-8.018616113449154,1.3149066261783857
2028665522783,-2.769272595215729,-7.591713581568156,0.8366485121467574
2028665522800,-3.0167690087114036,-7.364967816628565,1.4526606469889516
2028665522816,-3.076233016626496,-7.023067396251261,0.9822756985118107
2028665522833,-3.433347029739654,-7.80056561129068,0.9942803315805512
2028665522850,-3.482374169806496,-7.131958347370932,0.7993920844086834
2028665522866,-3.942573860344595,-6.574718690043978,0.5287094713544248
2028665522883,-3.999842003290304,-7.017308644177321,0.5021641091531125
2028665522900,-4.531293616427982,-7.56673952476394,0.1217196717212764
2028665522916,-4.030579860920287,-7.590192977812398,0.12341733806196475
2028665522933,-4.158717220938863,-7.849999266591343,-0.041984500043435735
2028665522950,-4.2150125669341785,-7.4599410145534275,-0.006735789816829818
2028665522966,-3.907838609635596,-8.406745360557899,-0.003295549483275706
2028665522983,-3.638313163032614,-8.036597868410798,0.09906998269964762
2028665523000,-4.744887032315906,-7.8856465740679464,0.6065309319449103
2028665523016,-5.038112518722359,-8.710537086145857,0.7811897562880611
2028665523033,-5.08691469800454,-9.224992861661164,0.8613719571265624
2028665523050,-6.0915856767598235,-9.257292158741656,1.0220350458575775
2028665523066,-6.197115678769637,-9.064073229551342,0.7916119189874321
2028665523083,-5.967920296237336,-8.78028707204247,1.057656292857239
2028665523100,-6.444327423924467,-8.417870271433056,0.9983332246946762
2028665523116,-6.498281151383903,-7.7955308355449695,0.5808832812422952
2028665523133,-6.346746328065094,-8.155961758831369,0.8070781498257277
2028665523150,-5.967548181751077,-8.233026642658666,0.4521412630930032
2028665523166,-5.893325183686857,-7.658612041804165,0.8375742155266225
2028665523183,-5.597585514367501,-7.108451872679666,0.3044000214530608
2028665523200,-5.437662543831918,-6.744789212836665,0.06050093140011503
2028665523216,-5.896910554854898,-6.307858329785955,-0.2606981572589263
2028665523233,-5.425241863086711,-6.221404649887794,-0.336888600208319
2028665523250,-5.24617337593733,-6.04663528477935,-0.10081272251239226
2028665523266,-5.86293837119526,-6.396500741007067,0.08127414529904775
2028665523283,-6.0390365028626185,-6.796476561466574,-0.5953993500243933
2028665523300,-6.0090876091328145,-6.451580536921696,-0.3134068691445027
2028665523316,-5.386277999274523,-7.176341384796448,-0.203749459058766
2028665523333,-5.8948417730328,-7.033499916841927,-0.20673965327257426
2028665523350,-6.118709943189311,-7.849526536919348,-0.4767343134195473
2028665523366,-6.609527442115459,-7.500640426945637,-0.3586928721200835
2028665523383,-6.318869308732647,-7.554716336405186,-0.2385752294112396
2028665523400,-6.488194964772047,-8.045501334048163,-0.5412241148745417
2028665523416,-6.0245587699807235,-7.7418536714827235,-0.3800905867632212
2028665523433,-6.206994219491867,-8.192497169331983,-0.1765499436477766
2028665523450,-5.856412856481313,-8.459697827865156,-0.4780666496547307
2028665523466,-5.780953339967833,-8.975489887817606,-0.5706925976341511
2028665523483,-5.9491601012458055,-9.082047614983214,-0.5214896800520546
2028665523500,-6.25084302112076,-8.750320870778133,-0.27344984210073126
2028665523516,-6.1556710092457285,-8.538591560234666,-0.3428825996510111
2028665523533,-6.3516365557178736,-8.304953501038606,0.07653135187084337
2028665523550,-6.803406515465807,-8.2092556288742,0.0351789620078411
2028665523566,-6.388911773705574,-7.512840775301342,-0.20179438987640808
2028665523583,-6.593998217089252,-7.479527687734024,-0.2003733316850615
2028665523600,-6.654425757711073,-6.687620539838917,0.1915461817299262
2028665523616,-7.579364703783758,-5.956381867762553,0.13718449467016447
2028665523633,-7.571142312951063,-5.839410901171414,0.37591741339561513
2028665523650,-7.718970300403606,-6.789074542320152,0.7694077255569612
2028665523666,-7.554511711526065,-6.905739178761145,0.7800070254576333
2028665523683,-7.571351918411805,-7.321936726229681,0.8254405740964018
2028665523700,-7.368014304956249,-7.628495892060598,1.4521737161921089
2028665523716,-7.22806291560545,-7.2590752113972155,1.339877867031396
2028665523733,-6.97981243389241,-7.722939732632272,1.1859924736210243
2028665523750,-6.819891301248878,-7.093543402815039,1.1627326818522246
2028665523766,-5.520763636796935,-7.272633365389721,0.8867959812587517
2028665523783,-5.887653069473566,-7.220894861769074,1.0651699023761867
2028665523800,-5.68848825845757,-6.923848449908798,1.2767371659542897
2028665523816,-5.511195269521866,-6.590212983556692,1.5723835166858562
2028665523833,-6.15468670359314,-5.818616435032732,1.2738446582525649
2028665523850,-6.2892204571535535,-5.50897889650275,1.1514995496168217
2028665523866,-6.714378109790887,-6.149174126264742,0.931699658839129
2028665523883,-7.421739368740756,-5.674696227583442,0.8648168870889449
2028665523900,-7.82388737030834,-5.08941658074544,1.4332724160833
2028665523916,-7.179501867185668,-6.022010705879449,1.302980119619082
2028665523933,-7.271220273096897,-6.235139837183303,1.2619575827933467
2028665523950,-6.535688488123738,-6.410412844808775,1.239713577770138
2028665523966,-6.410730184447132,-5.765928958127836,1.2287270085362563
2028665523983,-5.860032698779318,-5.675375596282891,1.7056594651018742
2028665524000,-5.899243996044023,-5.484050751762898,1.4518481745487337
2028665524016,-5.971261445223011,-5.2080480098112485,1.6287650870319452
2028665524033,-6.02532705783403,-5.064313056243713,1.9599818601078876
2028665524050,-6.331886499045074,-6.145276343326212,1.572309779215154
2028665524066,-6.081996369076088,-6.54036489320828,1.047538174074559
2028665524083,-6.111503824433567,-6.481540907331838,1.5103612599368033
2028665524100,-6.2981895623351996,-6.429500071846063,1.369625147278442
2028665524116,-6.080606645692123,-6.657203718781612,1.3236935326326265
2028665524133,-5.8944583425710535,-6.219053140706955,1.5510788487052949
2028665524150,-5.658436129587043,-6.0820189545827965,1.924067544938568
2028665524166,-5.803857345627966,-5.870792151876318,1.6605573809912642
2028665524183,-6.228125841967116,-5.58585751550936,1.6202050279971192
2028665524200,-5.869636187229078,-6.019678459784042,1.688786923687335
2028665524216,-6.376784657812967,-5.832735559542013,1.0230216612106533
2028665524233,-6.828107496856313,-5.76251497210045,0.8987620742746446
2028665524250,-6.71566640909242,-6.471629444173673,1.1256615444145335
2028665524266,-6.850846960541164,-7.273541763968591,1.2924353846554997
2028665524283,-6.788051985992301,-7.208788721006669,1.6006253476915493
2028665524300,-6.843535106304933,-6.734249988407085,1.6049521686097066
2028665524316,-6.548688168435651,-7.309238947575208,1.4954175712314095
2028665524333,-6.02108303441152,-7.102266398351756,1.0501093875925833
2028665524350,-5.944508339574248,-6.6565618963136375,1.1274289854004502
2028665524366,-5.8502475308671125,-6.473504646800452,1.36665702843143
2028665524383,-5.841806456381882,-6.601714446237506,1.0192879298276987
2028665524400,-5.699739511546245,-6.1281131881044475,0.6266043201127559
2028665524416,-5.034765824153236,-6.034394344431609,0.6524675403924881
2028665524433,-4.80364617424932,-5.5807746326251,0.12779604170003578
2028665524450,-5.1908153273598225,-5.539335078609481,0.19463594310310783
2028665524466,-4.972413206431972,-6.112541487447375,0.3573355912466487
2028665524483,-4.658981119939246,-5.568923701657664,-0.12035128883810148
2028665524500,-5.2253528985745445,-5.965133299202719,-0.3131816311451491
2028665524516,-5.643722539822267,-6.093056176381742,-0.12856811641857524
2028665524533,-5.837940098710543,-5.629355696402284,-0.9084700436868427
2028665524550,-5.83136923815801,-5.875256430046927,-0.6724099031944443
2028665524566,-6.441127464056964,-6.114479321441002,-0.5957151966657539
2028665524583,-6.08177388419744,-6.429348126983218,-0.7471998826175779
2028665524600,-5.910255090316497,-7.049368885997036,-0.863374458526443
2028665524616,-5.86071130674426,-7.263818089562415,-0.6286636472712737
2028665524633,-5.475811532632579,-6.4012486580229595,-0.4399768516849246
2028665524650,-5.228229894333475,-5.603869461701256,-0.6525920020125795
2028665524666,-5.068644353323669,-5.859207626709109,-0.47200284183553753
2028665524683,-4.716364979784267,-6.272071050405705,-0.6467439626358227
2028665524700,-4.594582007833637,-5.655944750882453,-0.46582937506501054
2028665524716,-4.657902262266943,-5.656980841184316,-0.7300921821434653
2028665524733,-4.8811203478412155,-5.646324383622105,-0.8599877490762657
2028665524750,-4.929369584759543,-5.707217685950408,-0.4711793567410718
2028665524766,-4.846974021232811,-6.030868152737807,-0.07911898089054037
2028665524783,-4.561614052892283,-6.095098375623754,0.539822800526527
2028665524800,-4.904602911320856,-5.810379672958998,0.7176604508885517
2028665524816,-4.981636401771691,-5.793756095744554,0.8963223652789095
2028665524833,-4.967209901082189,-5.839748100300927,1.2651506527498517
2028665524850,-5.559863085750569,-6.708490810887299,1.1173263951697416
2028665524866,-5.62674888152087,-6.650262396443567,1.3368433157098933
2028665524883,-5.277204690485823,-6.734740614039275,1.7374544398603504
2028665524900,-5.0897755568818654,-6.297038447486559,1.5789748573989049
2028665524916,-5.212958180015157,-6.1750286269124,1.5504790857125386
2028665524933,-4.724646743748929,-6.715271009786119,1.8562307483790872
2028665524950,-4.607939994943681,-7.215545484095524,1.513351321751332
2028665524966,-4.096184614879462,-7.672818697129193,1.2977817916422034
2028665524983,-4.2557528519264265,-8.032370313378422,0.8286376802868775
2028665525000,-4.360929914402354,-7.305972018051183,0.4738095492594617
2028665525016,-4.607093614418471,-7.062500811826352,-0.024904536816690692
2028665525033,-5.197180728403731,-6.902614517643235,0.1632146750638005
2028665525050,-5.4875845612235,-7.163516281732591,0.013418993100143495
2028665525066,-6.321687110118159,-7.8252754669545075,0.09467015474870932
2028665525083,-6.278935997464567,-7.236549593677335,0.04647830773894679
2028665525100,-6.0556935736773365,-7.599300222696525,0.05871037893562192
2028665525116,-6.733328711924742,-7.806904241162311,0.26673971249620243
2028665525133,-6.960502683535432,-7.500355611286295,1.10020267251442
2028665525150,-7.517702485330292,-8.01983616594332,1.0635308448571994
2028665525166,-7.993053784859141,-8.641445074395287,1.3039681548055095
2028665525183,-7.411062744617055,-9.063308333319245,1.5837629880809434
2028665525200,-7.788478557590663,-8.706138514366433,1.5294122725337016
2028665525216,-7.818841793491867,-8.299739221158475,1.5905565922568945
2028665525233,-7.766450822470593,-8.32008418416877,1.412935897788238
2028665525250,-8.156289227019311,-8.188766766620503,1.4457516609251222
2028665525266,-8.625720046984775,-8.5100712278202,1.5191121213738024
2028665525283,-9.14076926461299,-9.106542517549041,1.8069540814712015
2028665525300,-8.719668553016467,-9.442016716294278,1.4697201835658769
2028665525316,-9.379949957914384,-9.306310418937892,1.4763017525943876
2028665525333,-9.629053055356914,-9.60170099860887,1.4103814073560672
2028665525350,-9.76210018999389,-9.495017116692944,1.2489690171298196
2028665525366,-9.33497417791936,-9.187699088733416,1.2887142124677595
2028665525383,-9.01421851311865,-8.517766820474298,1.6830405664009223
2028665525400,-9.493213899429126,-7.9520441000192275,1.6547556910626877
2028665525416,-9.168907064276755,-7.8210780039771794,2.0120473699962105
2028665525433,-8.928843017080714,-7.647915461428168,1.6887997370251444
2028665525450,-9.283447352141112,-7.324095582402926,1.2563828010889866
2028665525466,-9.826126463017703,-6.327978305545319,1.195857280414927
2028665525483,-9.891690147969577,-6.171555469131106,1.553200052668391
2028665525500,-9.726090350959296,-6.6391379312593735,1.307233256186382
2028665525516,-10.187072492046493,-6.954428314856307,1.1423092121092155
2028665525533,-9.494244014278895,-7.004784815143113,1.1320282684491416
2028665525550,-9.531261284663664,-7.138610212368617,0.6948527410961288
2028665525566,-9.088855392149382,-6.562037339874252,1.2467913040897236
2028665525583,-9.275837530766175,-6.818307426361308,0.8366304123621221
2028665525600,-9.268110025538244,-6.256309667690031,0.9587974884737479
2028665525616,-9.360754317822954,-6.19846764216163,0.8952177030626484
2028665525633,-9.401845693335687,-6.334598741269968,1.2796978537153056
2028665525650,-9.582708827737356,-5.987697188441678,1.4485624004020545
2028665525666,-9.66261075672277,-6.827366567341443,1.4006184670020185
2028665525683,-9.298187419492956,-7.214926045141576,1.269798734279497
2028665525700,-9.300900291422243,-6.238500758298453,1.0671076813498095
2028665525716,-9.429594708784217,-6.237917378218904,1.6947258606056557
2028665525733,-9.096925790623212,-6.9843614339780835,1.4102174923928423
2028665525750,-9.302192106884293,-7.5999215108157125,1.0205255017850243
2028665525766,-9.057438424997208,-7.413773383965151,0.7318743433251423
2028665525783,-9.14083614515855,-8.095392164044725,0.5952550717259667
2028665525800,-9.111422486347603,-8.336394533693223,0.7162866915507052
2028665525816,-9.350821292181028,-8.385910283873807,0.5955044800652974
2028665525833,-10.162519835881895,-8.730850283505529,0.2564894460816214
2028665525850,-9.81627015718983,-9.003986487657338,0.6731143663238423
2028665525866,-9.126726403775578,-8.924381105232621,0.33481996260395996
2028665525883,-9.028485943092075,-9.126157089186892,0.07138809853654249
2028665525900,-9.558283539217388,-8.513047588619727,0.07337147529437738
2028665525916,-9.65372371092052,-8.275823522693607,0.06929441167873052
2028665525933,-9.830891737161988,-8.242939570430075,0.15627286056516043
2028665525950,-9.398721465815587,-8.144874394416888,-0.11109803422978243
2028665525966,-9.68052964958736,-7.940050104891071,-0.2720815701164061
2028665525983,-9.397211904226955,-8.323035326636413,0.09788137489434012
2028665526000,-9.23243057412903,-8.256543852525667,0.05632155562968655
2028665526016,-9.221315469733408,-8.462479943068834,-0.13500050572540467
2028665526033,-8.636844199924695,-8.079194833340644,-0.5914368497381456
2028665526050,-8.981990155468033,-7.780735060568255,-0.5624797934383526
2028665526066,-9.052294908288603,-7.830857194743195,-1.0506076810506226
2028665526083,-8.686739007707466,-7.332117081846455,-1.338312613062604
2028665526100,-9.038063136411363,-7.472931129429644,-1.320578665821373
2028665526116,-8.956700321101625,-7.509703993183447,-1.1477018688582767
2028665526133,-8.918909166113714,-7.924335978657277,-1.201680906878029
2028665526150,-8.906771139761016,-7.463760691254896,-1.0475760467110187
2028665526166,-8.663449252954777,-7.224411455920244,-0.8127604007516498
2028665526183,-8.624630902521577,-6.627202038831177,-1.1634905057487346
2028665526200,-8.696671727313513,-5.890800171219286,-1.432322029133506
2028665526216,-8.727418536077424,-5.833862849405455,-1.1565245446754333
2028665526233,-8.932044392250141,-5.467503889495913,-0.8885135971597691
2028665526250,-8.796495087719471,-5.561039243758486,-0.43203722125379884
2028665526266,-8.819073731741998,-5.614708956321911,0.06207470313998986
2028665526283,-8.867438738468724,-5.753097184495304,0.11945923795474911
2028665526300,-9.090793982370144,-6.091927110464504,0.2320640989015571
2028665526316,-9.086340411290498,-5.707376694237263,0.13425143075398827
2028665526333,-9.211405996894008,-5.989079204205502,-0.510716307708536
2028665526350,-9.588909397693278,-5.990456676054295,-0.21712760415764965
2028665526366,-9.698043375770354,-5.3976350121175996,0.014404325255751527
2028665526383,-9.359553180759113,-5.7492700170135596,0.1862490530364227
2028665526400,-8.692838606736554,-5.409522677990335,-0.26320960264425597
2028665526416,-9.054392313784891,-5.105721091218485,-0.5586733576653993
2028665526433,-8.92973026265797,-4.380398145409269,-0.8000777455558798
2028665526450,-8.711570619886563,-5.0636535764748825,-0.7370838085967428
2028665526466,-8.646330649547895,-5.408651109833852,-0.6713838730056894
2028665526483,-8.456498908280766,-4.112906658412563,-0.9514025056766935
2028665526500,-8.435847726124232,-3.9151626294873294,-0.823865071746946
2028665526516,-8.444649160043367,-3.9416000501533457,-0.5158877367608447
2028665526533,-8.47529696715135,-3.7051813341335196,-0.6037741676952381
2028665526550,-8.173081785576999,-3.2160053171325966,-0.7173751231200137
2028665526566,-7.8026550368923475,-3.4713767894234255,-0.7019835418358624
2028665526583,-7.849165948060022,-3.375568567070988,-0.3386474355929556
2028665526600,-8.40301702166489,-3.263273534841745,-0.6834383447715191
2028665526616,-8.435105305023969,-3.3114738146865883,-0.5466603555390745
2028665526633,-8.236641763474006,-3.167108841797591,-0.38615120024767574
2028665526650,-7.943755909591098,-2.2502112955066855,-0.9386225745671415
2028665526666,-7.6006806530935,-2.0872080131452995,-0.92927872228927
2028665526683,-6.918504435431885,-2.2908773447231012,-0.8791853537432186
2028665526700,-6.775701778101728,-3.0951184611911295,-0.619243050987681
2028665526716,-7.0329252503154045,-3.9366599002355835,-0.6350483583790616
2028665526733,-7.2539377809285135,-3.4574855878760533,-0.8049130000014464
2028665526750,-7.383667927795265,-3.175669077215476,-0.9481970662996017
2028665526766,-7.461099355618565,-3.55910587143323,-0.6703544619195894
2028665526783,-7.641224786009045,-3.847959479416673,-0.863197387531236
2028665526800,-7.7109213274871875,-3.399610925365168,-0.32636577850894155
2028665526816,-8.328255892835871,-2.9465344579785677,-0.8453175757268835
2028665526833,-8.680090235699167,-2.8005000679195,-1.2533424692888464
2028665526850,-8.732700012952469,-2.579755159270345,-1.1901951154695096
2028665526866,-8.83423717127291,-3.1670537534342795,-1.3558210025684905
2028665526883,-8.76288434755359,-3.3224688497421653,-1.1946149776897839
2028665526900,-8.393191715676952,-3.2856444175029234,-1.0786087339591228
2028665526916,-8.152368036997498,-2.495329078313597,-0.7844460786068352
2028665526933,-7.606317997514902,-2.8977534057359247,-1.0984593934659097
2028665526950,-7.853434913680008,-3.8455895555086417,-1.3824811874633465
2028665526966,-7.821322291741727,-2.3756867531910375,-1.6082568282998921
2028665526983,-7.895052483156325,-2.169190637555448,-1.4687912401274863
2028665527000,-8.088788330101405,-2.853080476269654,-1.2377062561859915
2028665527016,-7.539719764780592,-2.858791217985351,-0.8113989367784614
2028665527033,-7.0295475556317,-3.2624342245966607,-1.0398384090370403
2028665527050,-6.535238235259487,-3.361875380057602,-0.8929200196632762
2028665527066,-6.791904443324695,-3.2265565399390868,-0.9382720630657888
2028665527083,-7.406221039014628,-3.2382331324437645,-0.7068754267611648
2028665527100,-7.340255177762915,-3.2775544088156217,-0.8044033841621067
2028665527116,-7.841491716118692,-3.929175896960456,-0.8103074388201666
2028665527133,-8.14789422966944,-3.2724378835649435,-0.9621902683978978
2028665527150,-8.31715680949277,-3.27134497746542,-0.8536030059910134
2028665527166,-9.132416849297908,-3.593984586262349,-0.556817159843212
2028665527183,-9.223050546139712,-3.506597720009336,-0.11535071281379883
2028665527200,-9.668530158200353,-3.332512333733932,-0.7575719875255709
2028665527216,-9.478066720586966,-3.3128675395064136,-0.7187082114227182
2028665527233,-9.219304288975708,-2.9422680215710044,-0.7608744420396474
2028665527250,-9.031328157024223,-3.0611017988159475,-0.8976137870568437
2028665527266,-8.95480739865986,-2.8562962654838278,-1.1603240439947102
2028665527283,-8.98181405535772,-2.4625159974669213,-0.8307274809823738
2028665527300,-8.773681793573925,-2.753782517725175,-1.3221160705626391
2028665527316,-8.69211352135057,-2.536012301461318,-0.8342825152119585
2028665527333,-8.387549863651442,-1.951910355850472,-0.9983657748253421
2028665527350,-8.311635459810033,-2.0140092663399223,-1.2280781112608392
2028665527366,-8.073084128323814,-1.7704475341462045,-1.565968062180962
2028665527383,-7.460900321124725,-2.5865922529170327,-1.4244641214200375
2028665527400,-7.199668846226997,-2.8551194959603876,-1.733159173263438
2028665527416,-7.248506567257776,-2.4656267374512373,-1.5835139226519264
2028665527433,-6.828886441352519,-1.6281404406076208,-1.7083001488209173
2028665527450,-7.0235699245340975,-1.3435274400732444,-1.6182462883997646
2028665527466,-6.30858102178609,-0.7568751042874329,-1.4562555643277855
2028665527483,-6.156723859186081,-1.4599972855248984,-1.7191944941406327
2028665527500,-6.336633415615443,-0.3714681411606868,-1.694603164792198
2028665527516,-6.761032634411922,-0.8949121137995135,-1.8835210316062656
2028665527533,-6.8991231553606065,-1.5528814151250039,-1.7006923608651334
2028665527550,-7.264733928509153,-1.4933148537665675,-2.005098842485686
2028665527566,-6.912629856701969,-1.9597628563512997,-2.2346649460706103
2028665527583,-6.564881601474998,-2.6261328928299683,-1.893331749481474
2028665527600,-6.588572491381784,-3.1456388134352613,-1.6753609474237794
2028665527616,-6.977010256298942,-3.6318597699982185,-1.6839890092295167
2028665527633,-7.021984262402698,-4.726049143374167,-1.4568452185657303
2028665527650,-7.113351005839382,-4.854745832771791,-1.7661121525226742
2028665527666,-6.724371391191041,-5.4215355154328035,-2.220471294073052
2028665527683,-6.651539158160508,-4.118726824581872,-1.7590508757021914
2028665527700,-6.664392716522187,-3.7974034126126295,-1.8156473762528353
2028665527716,-6.579548478623281,-3.9958215996557107,-2.160571916961695
2028665527733,-6.498586396648578,-4.057482891869337,-2.035688026513645
2028665527750,-6.28945299656211,-3.6294020721816596,-2.2034337402874518
2028665527766,-6.999076618356206,-3.7408086167661994,-2.275916962937171
2028665527783,-6.983268111516124,-3.9464390631686976,-2.48434512139909
2028665527800,-6.580405974710237,-4.1716689159581755,-2.0161307284775027
2028665527816,-6.917896966306978,-4.193641324041044,-1.3894806885323656
2028665527833,-6.5564000366877275,-3.5283181559725687,-1.8994916846127858
2028665527850,-6.540502791251475,-4.080558329836663,-1.6728790813800054
2028665527866,-6.477267160543523,-4.157840355471181,-1.5610659738794754
2028665527883,-6.379639334300487,-4.841629867100383,-1.459147920930956
2028665527900,-6.4311353855829205,-5.225961764899605,-1.5243220068658414
2028665527916,-6.0464128411229945,-4.978837935743907,-1.562857919001945
2028665527933,-5.92712363586171,-5.174838427623101,-1.388689768116789
2028665527950,-5.9486030485564365,-4.4147917800969125,-1.3429674887810594
2028665527966,-6.467704853154566,-5.3942562243573775,-1.481252448754212
2028665527983,-6.400926892478334,-4.913580536598253,-1.787852047292854
2028665528000,-6.383009643893358,-4.5708510256686665,-1.858267931873839
2028665528016,-6.5863087355732866,-4.449662799007732,-2.0733362875031016
2028665528033,-6.733771593459533,-5.015902833643724,-2.025007369693678
2028665528050,-6.361126660014658,-4.193105911467849,-1.9416821256777244
2028665528066,-6.22836010823816,-4.79551807573112,-1.8339420778025466
2028665528083,-6.286452190912029,-4.09558636045675,-2.436568673022846
2028665528100,-5.440718611878719,-3.874741258490558,-2.364792675282689
2028665528116,-5.069399674121232,-3.500368579399702,-2.18806204833305
2028665528133,-4.659752203816435,-3.820747667572197,-1.9060330768338645
2028665528150,-4.5735177393941875,-3.7582241562092356,-1.806071379989675
2028665528166,-4.844924612688264,-3.4942938876661316,-1.8670077216204053
2028665528183,-4.862975495431588,-3.6805766859558546,-2.0822860616040053
2028665528200,-4.926554698892376,-3.931351777484806,-1.8808376050584923
2028665528216,-4.641334514503639,-3.8677612090112863,-2.068930203930501
2028665528233,-4.131286806946509,-4.655388359452379,-2.175137376137143
2028665528250,-4.0609897831178055,-4.425395383610061,-2.319376548608343
2028665528266,-3.815113351942781,-5.181034813178194,-2.0810878948121165
2028665528283,-3.5225313360055748,-4.9436393338390605,-2.3597383273869434
2028665528300,-3.3956728091904766,-5.364143111486595,-2.702924581605899
2028665528316,-3.522763597161318,-5.470952864616256,-2.546763521497125
2028665528333,-3.864695767162303,-5.377869741670624,-2.4728706679102244
2028665528350,-4.289397272197084,-6.471554229234917,-2.699917102047251
2028665528366,-4.44158285113653,-5.582670629518345,-2.3923644409269724
2028665528383,-4.199261409268701,-4.720349212916999,-2.2580411448142375
2028665528400,-3.708645964806059,-4.988371273557533,-2.0713757177236722
2028665528416,-3.8926589691427997,-4.867283354241835,-2.5825361548411956
2028665528433,-3.914208013862365,-4.6730673458290655,-2.4905009767909605
2028665528450,-3.96814035847087,-4.9256817792413115,-2.647198107838772
2028665528466,-4.304328189122885,-4.720514641568865,-2.8685790290796414
2028665528483,-4.565210567238451,-4.891974259233934,-2.6888720153544043
2028665528500,-4.039490646745598,-4.835487673906888,-2.4150755109069704
2028665528516,-4.394954635645253,-5.419339272033268,-2.6906696322811623
2028665528533,-4.541761507389365,-6.0257014740457935,-2.538562519300258
2028665528550,-4.28671993901195,-6.996077764832599,-1.8256033140583106
2028665528566,-4.711216709841357,-6.444033444372562,-1.6227528846051387
2028665528583,-4.797960879216819,-6.632615351885682,-1.1218168564083117
2028665528600,-5.320702685843446,-5.783999387434363,-1.3519506148157454
2028665528616,-5.112825121415185,-5.970837897743806,-1.4732685463019335
2028665528633,-5.263627803054762,-5.473392249448478,-1.9826057195423217
2028665528650,-5.491461921782324,-5.778781141763923,-1.3041536319192288
2028665528666,-5.782197219566082,-6.538315908520137,-0.9298234247290831
2028665528683,-5.904997721313405,-6.414240418597539,-0.9243960173614832
2028665528700,-5.586516438822182,-5.563776413946277,-0.7578618853695567
2028665528716,-5.095166794176668,-5.201069532257681,-1.0009551588764554
2028665528733,-5.006300067753753,-4.668180509119777,-0.9022370103640303
2028665528750,-4.9919617899421445,-4.414775314131418,-1.1310524971918121
2028665528766,-5.398695321223669,-4.903907009143868,-1.7115391975954402
2028665528783,-6.26851002557303,-4.763678709368291,-1.160094515706484
2028665528800,-6.085444928985402,-4.875177384681034,-0.6934574606007524
