timestamp,x,y,z
2226330500000,-3.2576950141270062,-5.7169991031953655,-2.260719502756909
2226330500016,-4.681816687172003,-6.364008191929356,-2.4778154792105735
2226330500033,-4.039762541495813,-6.768986417753825,-2.2494911270669027
2226330500050,-3.212630319667621,-7.316321962227019,-2.264942991764401
2226330500066,-4.287558686890948,-7.587538247452904,-1.8945017031295635
2226330500083,-4.081428051550341,-7.251480396618778,-1.8454963651292646
2226330500100,-4.143418436208386,-7.158635152874071,-1.6442394871026909
2226330500116,-4.2187036873210655,-6.906409482072744,-2.1125251065393895
2226330500133,-3.8705794919551373,-6.4989446834021525,-2.0989064121299768
2226330500150,-2.7181373619821043,-6.650521695467868,-2.509325937942874
2226330500166,-2.9917909486386076,-6.619293354745638,-2.8690907059945294
2226330500183,-2.923306771082633,-6.418790515212704,-2.5744043657283338
2226330500200,-2.4023935945748978,-6.782915315907562,-2.6715162246767306
2226330500216,-2.795909434722139,-6.505875406107619,-2.7596532883757776
2226330500233,-4.00579273938089,-6.80744027956513,-2.6295125983601557
2226330500250,-3.0062599741412246,-5.777283849663757,-2.627146841908216
2226330500266,-3.05121207592671,-6.063851222365376,-2.3496094585765315
2226330500283,-3.397586515769141,-6.472751929299702,-3.4086709409873923
2226330500300,-4.509638228435124,-7.189882981912046,-3.436378003390559
2226330500316,-4.2569748356777755,-6.614104940171724,-3.1236778053971532
2226330500333,-5.360957614591455,-6.958102712920416,-3.763369957329379
2226330500350,-5.06559019397733,-7.285108673224208,-4.090497321261731
2226330500366,-4.6856560647328145,-7.615015165881179,-4.142872208614405
2226330500383,-4.645977273734997,-7.869347367596054,-3.9267984182608466
2226330500400,-4.8259963653221645,-7.274218084396523,-4.00594561461315
2226330500416,-5.03214778613957,-7.435795040955173,-3.695982471404388
2226330500433,-4.900027285272742,-6.713064332525284,-3.639345633280556
2226330500450,-5.43407920217606,-6.990536323120562,-3.8794793181502194
2226330500466,-5.801531114098077,-7.355205000323586,-3.9893208588621576
2226330500483,-6.199706385561569,-7.851761947655034,-3.9994335086049224
2226330500500,-5.883279362899346,-8.20708780918115,-3.3799863605023077
2226330500516,-6.3258520107118175,-8.381125136097403,-3.3067237653778254
2226330500533,-6.511673420242223,-8.770459966067532,-3.7574450321901836
2226330500550,-6.294700355206584,-9.312210732416265,-3.355637897335634
2226330500566,-5.974750801725723,-9.302127266633587,-3.822063045371592
2226330500583,-5.748370904314955,-9.593959226422587,-3.748536269299769
2226330500600,-6.116793134526161,-9.73940091353111,-3.400943003623466
2226330500616,-6.1150979359204785,-9.443887983603902,-3.845057516877008
2226330500633,-5.908749358415629,-9.16529814559228,-3.742386733885557
2226330500650,-5.561048114946486,-9.1546138611256,-3.596140889301027
2226330500666,-6.0704339344272995,-8.228408327483878,-3.4427892409578678
2226330500683,-6.011041031885021,-8.48866797820331,-3.8894488688664066
2226330500700,-6.598646179356041,-8.332218590714408,-3.7290603539479785
2226330500716,-5.250803774030145,-8.719348184010473,-3.5559352372490483
2226330500733,-6.303672851166176,-9.360740913435697,-3.342354867752242
2226330500750,-7.760971209189902,-8.956228212004167,-3.0869924816107037
2226330500766,-7.645528066202655,-8.70608651146446,-2.8214655556588233
2226330500783,-7.364445238112758,-8.917427383712905,-2.557237828042247
2226330500800,-7.348561732946518,-8.72554461342625,-2.2253537919524535
2226330500816,-7.137405135537486,-8.428281400970963,-1.9392712098595009
2226330500833,-7.491191753264232,-8.208235784212562,-1.6965394869590116
2226330500850,-7.495180688004859,-7.545584493279751,-1.6405357942031444
2226330500866,-6.674575918800398,-7.200192364840672,-1.941148241484266
2226330500883,-6.542143305338062,-7.697824379681347,-1.7084748296334171
2226330500900,-6.889451971388549,-7.005307715382956,-2.3035622624289216
2226330500916,-7.31537999113127,-6.7722375874592196,-2.760561055266985
2226330500933,-7.290011008560558,-6.59132228017366,-2.9083350700878072
2226330500950,-7.575212373791333,-6.478689360972837,-3.4303007770796112
2226330500966,-6.892519069606509,-6.6613063249056506,-3.5819001358962534
2226330500983,-6.081366137509098,-7.178201557721405,-3.750998195602364
2226330501000,-6.3849336350945105,-6.911852057826911,-3.585245814617478
2226330501016,-6.044615676358047,-7.2209557392897965,-3.442256221511622
2226330501033,-6.033481781411121,-7.6901844244009965,-3.453010178961123
2226330501050,-6.124423070967178,-7.882347679848317,-3.6729632764794973
2226330501066,-5.717053118818402,-6.9830377458758415,-3.322401209632673
2226330501083,-5.960885493528337,-7.333155923675138,-3.1431469888781645
2226330501100,-5.5951096037973675,-7.618525906914455,-3.598234752778108
2226330501116,-6.280812497170021,-7.62146263034921,-4.1366360143497065
2226330501133,-5.1579210994087274,-7.989589269337165,-4.318579073861029
2226330501150,-5.903283292347704,-7.1679810009922935,-4.3838337364295565
2226330501166,-4.9232263349238625,-7.635677034336692,-4.167434512130767
2226330501183,-4.566981651286149,-8.122691987602803,-4.314827426988786
2226330501200,-4.798013234452089,-8.554719839490687,-4.578512554826085
2226330501216,-5.461565807344918,-8.73054824134312,-4.654524945259555
2226330501233,-5.073489373271773,-8.591118516954298,-4.543263442265216
2226330501250,-4.577302887929042,-8.947740446876084,-4.758478129356051
2226330501266,-6.126749025702599,-8.584349254155969,-4.959499487887856
2226330501283,-6.1068580710647025,-8.853128411649958,-5.051425105488689
2226330501300,-5.679201332023508,-8.00213899724582,-4.261616651774051
2226330501316,-5.064170595419275,-8.132097768418848,-3.833887055545039
2226330501333,-5.135762103366969,-8.267001347582138,-3.7682139457304165
2226330501350,-5.668832888174533,-8.291539801359002,-4.2643520252810925
2226330501366,-4.78406621978937,-8.08447019309845,-4.113554085938671
2226330501383,-4.652577304574965,-7.855868230329662,-4.467798216838483
2226330501400,-3.47635835655488,-8.182042876731057,-4.889606851938872
2226330501416,-2.9582795913123263,-8.120933621424406,-4.740402469382464
2226330501433,-3.2141200095774383,-7.325539206467946,-5.034071468309881
2226330501450,-3.553585190887569,-7.202949888522377,-5.031341559797035
2226330501466,-3.676988998256858,-7.219047141778935,-5.342376328103272
2226330501483,-3.4411823896802343,-7.2148564166261755,-5.164523298114808
2226330501500,-3.622989902143073,-6.718544495630795,-4.690388705101311
2226330501516,-3.8546439352683493,-6.428475644820277,-4.8937706329660235
2226330501533,-3.306275095289499,-5.478671515748329,-4.238223812072392
2226330501550,-3.786019641584157,-5.453852236486356,-3.9917692708441845
2226330501566,-3.90058788988437,-5.096944330550675,-4.2742168427444795
2226330501583,-3.5283379766516907,-5.119499732861892,-4.483032058928615
2226330501600,-3.854092209914932,-5.288914668280477,-4.236317844125594
2226330501616,-3.684409768848057,-5.127210232575965,-4.516188106430362
2226330501633,-3.487153300268136,-5.479242274203823,-4.215732060966076
2226330501650,-3.645002835498058,-5.8614571264917945,-4.468083053639381
2226330501666,-2.707592732428356,-5.636500355647825,-4.664333226191735
2226330501683,-2.943441667208863,-6.033507948830304,-4.709958647074931
2226330501700,-3.249757208289787,-5.983645519542432,-4.325362736744166
2226330501716,-3.563529125244451,-6.10105206420296,-4.402358814159387
2226330501733,-2.87883036314397,-6.527257537306188,-4.3507426808494944
2226330501750,-1.4544662935197117,-6.600048107285801,-4.166527882419172
2226330501766,-1.772464604129361,-6.5299955279771265,-4.484298681647561
2226330501783,-1.3567553197859232,-6.651997317736718,-4.339033433266723
2226330501800,-0.5713423511456703,-6.304846311690978,-4.3788268183996175
2226330501816,-2.3816632243423643,-5.760559888651267,-4.477079671952656
2226330501833,-3.1832411768013014,-5.180004871817975,-4.417019424495733
2226330501850,-3.5487431024608984,-5.4271013127251875,-4.446558148886986
2226330501866,-3.565515635186877,-5.206236438303666,-4.084149218133218
2226330501883,-4.194248462410051,-4.752086012890024,-4.075962751849479
2226330501900,-5.108271788983753,-5.098637447357226,-3.693538862581607
2226330501916,-4.976663717429639,-4.983488173575651,-4.301685967016844
2226330501933,-4.914723064676556,-5.698575681890372,-4.0872062263623
2226330501950,-3.873985957740963,-5.642748190228483,-4.085334915635147
2226330501966,-3.0911385861786838,-5.384916555542935,-4.209068152950899
2226330501983,-3.3363065938829797,-5.998367898722175,-4.673643100505179
2226330502000,-3.1927468675797237,-5.296063047299675,-4.304556367553538
2226330502016,-3.373675960148377,-4.746418587215604,-4.366541353502444
2226330502033,-2.9540427629158277,-5.314097731513871,-3.923612001400902
2226330502050,-2.984626971579101,-4.817184924885778,-3.3653496955896998
2226330502066,-2.449864754660362,-4.510191079654724,-3.473887919893907
2226330502083,-1.7686884188847274,-5.26233480334724,-3.097535461593539
2226330502100,-2.39263087285669,-4.568708571668778,-3.5038804601109974
2226330502116,-0.8620701979838046,-4.13259537547432,-3.552020126931191
2226330502133,-0.8539141733576496,-4.013301164718206,-3.032952454391514
2226330502150,-0.47192829459271035,-3.5728781768161975,-2.9060928876098515
2226330502166,-0.16420162027329166,-3.290923363324413,-2.921245922097451
2226330502183,0.2996760013848361,-4.083682001087176,-2.9291558094563386
2226330502200,-0.1425501167523322,-4.101567315246092,-2.5713492840271552
2226330502216,-1.0775310380729337,-4.132020160392491,-2.7914587835618967
2226330502233,-0.5616668162162384,-4.440889953010755,-3.376563638463861
2226330502250,-0.7554459681710437,-4.244063052389076,-3.7870763762004986
2226330502266,-1.4781899951136461,-4.378963370189549,-4.105438522886482
2226330502283,-1.7065049587892966,-4.167825817387593,-4.121273090047107
2226330502300,-0.926430194475186,-4.294791385474901,-3.612350197055116
2226330502316,-0.11714654102777988,-4.520602111573938,-3.8419670329129394
2226330502333,-0.08624095937926413,-4.851815543926917,-4.11047945865486
2226330502350,0.2558184896204354,-4.797014721935248,-3.803135793572211
2226330502366,0.28193397331826553,-5.041506937620452,-3.535437705987991
2226330502383,-0.5984051072456991,-5.005403065366173,-3.869874906227189
2226330502400,0.056285122739639704,-5.576619302531856,-3.943516607830653
2226330502416,-0.7118119057175667,-6.244599925107827,-3.8321742777570584
2226330502433,-1.5450429179618022,-6.127231552489038,-3.962847594366035
2226330502450,-1.4171568349183286,-5.3230898026911335,-4.159144497058149
2226330502466,-1.8822879571404507,-4.88280852564639,-4.476170169421124
2226330502483,-3.0035459730009224,-4.809790608436937,-3.8975541633275226
2226330502500,-3.125844170880166,-5.1567728762987155,-3.971925876302408
2226330502516,-3.0633953455159713,-5.109566450997902,-4.105486823255182
2226330502533,-2.816174518110738,-5.359135168605027,-3.7226529795081342
2226330502550,-1.776782401370602,-4.959775174679748,-3.911875749841637
2226330502566,-2.1613112594862556,-4.512727081527079,-4.101264052448895
2226330502583,-1.5913920908094146,-4.113837986966741,-3.616244858508894
2226330502600,-2.29369567130146,-3.7516488871250244,-4.205634955974552
2226330502616,-1.1652732358053983,-3.2284491428235413,-4.408129003021788
2226330502633,-1.978372333428692,-2.983751285649572,-4.568984820017309
2226330502650,-1.0939240104507948,-3.344126719728067,-4.592379661368671
2226330502666,-1.9718419313339965,-3.3694269710588505,-5.033497467360936
2226330502683,-2.8571914825102014,-2.888522047004543,-5.202577083476428
2226330502700,-2.177591661125139,-3.5101399779304048,-5.2985021179573
2226330502716,-1.1901335502786226,-3.528714935140988,-5.222399883654479
2226330502733,0.43175456367166287,-3.994320601530375,-5.382217767790564
2226330502750,0.3259101733094987,-3.7123111722613515,-4.968520253712642
2226330502766,1.1524151989564047,-4.293220971389825,-5.0530786094346425
2226330502783,1.4538132848356087,-4.324155199110182,-4.673196129092268
2226330502800,1.964591732742651,-4.421149877252324,-4.112807960367492
2226330502816,3.2843385443445685,-4.853752730994912,-3.678742663698754
2226330502833,3.693369815185032,-4.546449922248686,-3.873355561834378
2226330502850,4.094499812532262,-4.441158293285063,-3.4800937287374545
2226330502866,3.8175115655453213,-3.885666516519147,-3.759306265313368
2226330502883,4.400000141766459,-3.598277231669715,-3.182194553517905
2226330502900,4.084068008521961,-4.085242301331867,-3.2379088964976432
2226330502916,3.5400353776143065,-3.6900946605023592,-2.9750010490923953
2226330502933,3.326305442249388,-3.6579703347874406,-3.0012376595286834
2226330502950,2.115611995836063,-3.504201617058009,-2.489663987696079
2226330502966,1.9488462532021256,-3.5471992932548626,-2.0135201802953486
2226330502983,2.0991228179156955,-3.8500860503657393,-2.275243610052293
2226330503000,1.6101360628144707,-4.338389729242493,-1.8426390698359094
2226330503016,1.973631316279234,-4.592949882218036,-1.784303085982754
2226330503033,2.554222308103652,-4.7050416083476865,-1.8357771849659303
2226330503050,2.658060314513751,-5.6027650038023875,-1.9762018221476532
2226330503066,2.3884935093505444,-5.655736032804832,-2.0631150535804346
2226330503083,1.8704377383182216,-6.475289224329526,-1.8550935096020538
2226330503100,1.9838508575841214,-6.256790668125093,-1.9829419863535007
2226330503116,1.7124950994531885,-6.645371909599603,-1.915718940601299
2226330503133,1.2258995219510407,-6.719016262045915,-2.0485168269140988
2226330503150,0.9980673025790505,-6.471900416476655,-2.3062276338056873
2226330503166,0.5897770012789971,-6.46026581351948,-2.458059522550562
2226330503183,-0.5704446509746441,-6.026640731736483,-2.4484897929444065
2226330503200,-0.30365352635315723,-6.7989511554063515,-2.3837374389077333
2226330503216,-0.442913449465391,-6.3655474693244845,-2.3067297446027064
2226330503233,-0.46386117387322034,-6.0677613171435345,-2.4929638567666843
2226330503250,-1.0930415520420822,-6.309577392691123,-2.863177629549101
2226330503266,-1.3651705182956997,-6.6928033929965824,-3.0284478201051193
2226330503283,-0.9094906313108284,-7.154225164187692,-2.8631270572082475
2226330503300,-0.3730310218186901,-7.160991507645127,-2.9223679692176203
2226330503316,-0.7087480842231022,-7.63692050362733,-2.5199456635147
2226330503333,-1.040098544483946,-7.881513825588632,-2.2540781761740347
2226330503350,-0.9242699750472454,-8.132301933446886,-2.21913814743024
2226330503366,-0.7453567252408,-8.159489404266393,-2.4402611182769047
2226330503383,0.4633915626399219,-8.532670076252428,-3.038765919267758
2226330503400,0.6710783324274221,-8.478180973053355,-3.308682735068152
2226330503416,0.026432935602173302,-8.642611661488623,-3.223262565494413
2226330503433,-1.399907370976209,-8.981110750270433,-3.2076858803051813
2226330503450,-1.2913205933914447,-8.872571018799496,-2.752184195945833
2226330503466,-1.9707361032486737,-9.014988525811516,-2.8820007077061245
2226330503483,-2.1212843435098137,-8.687387791030188,-2.68096269929812
2226330503500,-2.073239877267052,-8.923803359480523,-2.670695569013685
2226330503516,-3.0735398294343526,-8.181627372812319,-2.409061159575957
2226330503533,-3.201816624584901,-8.537855979995799,-2.3053443702281275
2226330503550,-3.2001552675682103,-8.940819025472123,-1.6086286768373668
2226330503566,-3.603720010765019,-8.3289164055059,-2.025865728228201
2226330503583,-3.190712862490618,-8.891440673144203,-1.8940210002032678
2226330503600,-2.0677408737431566,-8.39386323528844,-1.4648035337722372
2226330503616,-1.5698742447617926,-7.880609521504406,-1.5149678394255948
2226330503633,-1.8012999205546212,-7.193082321373036,-1.2140518735446841
2226330503650,-1.036279884921632,-6.956671750586809,-1.033830498230321
2226330503666,-0.5848165517137032,-7.311755248943804,-1.2349650855604946
2226330503683,-0.5811697990400102,-7.40948875333563,-1.5146274722549518
2226330503700,-0.8034603498455892,-7.391833199958751,-1.542646459563195
2226330503716,0.07190856452174899,-7.401755372851365,-1.2701153339985
2226330503733,0.8622366048478982,-7.919990335746757,-1.2514259053198242
2226330503750,0.7402772160281463,-7.444620989843236,-1.7034313754062214
2226330503766,1.146423991743621,-7.751328026471514,-1.9490655128028564
2226330503783,0.0192753208283456,-7.574708324228093,-1.8538373573116977
2226330503800,0.5160954256698114,-7.961256244594141,-1.6226692877711875
2226330503816,0.6425685477131555,-8.238166908601935,-1.703171377357679
2226330503833,0.4935056479218236,-8.111101936490565,-2.0490782558755702
2226330503850,0.28016167218457166,-7.507704104688151,-1.9414593731243053
2226330503866,0.8174965434314787,-7.143903904067907,-1.7783836454378819
2226330503883,1.6613644805738952,-6.855590777586245,-1.786558293598112
2226330503900,0.9049003344712467,-7.038089499453055,-2.0445020032577084
2226330503916,2.6364578037281294,-7.1605002204752815,-2.3358454177880064
2226330503933,3.878610103350689,-7.481273699398735,-2.3689562528053356
2226330503950,3.1068827603754032,-8.150471007477895,-2.1654395222776777
2226330503966,2.666073781315526,-8.706069349896453,-2.5491282288634975
2226330503983,3.805392340642972,-8.700008512465104,-2.7070390439341483
2226330504000,2.461054566372,-8.568222965355226,-2.7971684424263508
2226330504016,1.6809009605910097,-8.627862495616814,-2.9453293895192583
2226330504033,0.7510264765794865,-8.131683299351362,-2.8141750547477473
2226330504050,0.317261258372211,-8.045618603594376,-2.46649647836732
2226330504066,0.7686038821184189,-8.581843577384735,-2.8824449057307278
2226330504083,1.8402847650652738,-7.810646676097626,-2.6723040633219015
2226330504100,2.4609057005003088,-7.833107275003121,-2.5208289079395767
2226330504116,2.993157090794205,-7.806920123114899,-2.434031544791561
2226330504133,3.3148453388401835,-7.143540025712033,-2.2782201873074417
2226330504150,2.9745650980148506,-7.24123856633012,-1.7881967096425433
2226330504166,2.9626915502406685,-7.554222602165991,-2.302539841923007
2226330504183,2.3105059905997702,-7.62591581399136,-2.391373199024664
2226330504200,2.7081538683171704,-7.662289837888609,-3.0035728980628282
2226330504216,3.0556120073482704,-7.384120816264184,-2.999964120274211
2226330504233,2.9824624372605806,-7.364506456258659,-3.3756109265809053
2226330504250,3.3556231512292323,-7.35881018240867,-4.066683321923764
2226330504266,3.8186648514395882,-7.62447521602507,-4.044402259053908
2226330504283,4.120503490042011,-7.354835681650803,-4.288800643968066
2226330504300,4.192029687110392,-7.147851181788694,-4.201764801343382
2226330504316,4.116842133949219,-7.574361881337647,-3.768737689039981
2226330504333,4.59632401007723,-8.054510988145502,-3.820987965567629
2226330504350,3.462626085137356,-7.85013540390549,-3.7537895512569968
2226330504366,3.8683789653862375,-7.384967379413238,-3.630302885623919
2226330504383,2.816405021960029,-7.513029160835,-3.5880043274807227
2226330504400,2.694484442741551,-8.298639990801913,-3.7840181200503484
2226330504416,3.1101835677800116,-7.816543411495186,-3.441238842953548
2226330504433,3.2154447273577764,-7.22222189856867,-3.5247483573734737
2226330504450,2.607667104262412,-7.481733559721062,-3.5159386425602266
2226330504466,2.548547236564958,-7.732124953329018,-3.759124530309746
2226330504483,2.0578441126611233,-7.774495349237766,-4.250550202202422
2226330504500,1.5336677343140703,-8.04614858506605,-4.5076819347651
2226330504516,2.1735183708485515,-7.265984713592296,-4.270228360735256
2226330504533,1.9425290054604396,-7.412651988311609,-4.059719629685796
2226330504550,0.743747977468292,-7.147398987498846,-4.477991601999383
2226330504566,0.5953621857180913,-6.283807072372974,-4.8652179920346565
2226330504583,0.3122708492926387,-6.272842517590036,-5.111839916962307
2226330504600,1.0314946528465265,-6.342424434835494,-5.321068334435692
2226330504616,1.6569263163218748,-6.5405671273298065,-5.341676820086956
2226330504633,1.2286409397346487,-6.646875309906269,-4.764319791898897
2226330504650,2.13408960103307,-7.06844766629712,-4.943869452112829
2226330504666,2.0366833876348354,-6.751070069988607,-5.207824731960184
2226330504683,2.136799369006231,-7.0581045419109465,-5.035416142140417
2226330504700,2.103104734504994,-7.1802631920746744,-5.292109250511949
2226330504716,1.754245402889958,-7.667837565699743,-4.670492231811197
2226330504733,1.3038864882970014,-7.17752509016422,-5.020385965714984
2226330504750,1.8621689920023563,-7.469024410485848,-5.330469628776478
2226330504766,2.531468437313631,-7.722841357132527,-5.9048633240376125
2226330504783,2.1374992008458484,-8.183553051379075,-5.611866910322522
2226330504800,2.5150659279128567,-7.458212565129873,-5.598204180473326
2226330504816,2.0649938596037494,-6.85983975527372,-6.082869984059082
2226330504833,3.128530608726453,-6.889453951846119,-6.567894446012805
2226330504850,3.3618622187579,-6.427311743250688,-6.113921311593648
2226330504866,2.7580658649354817,-6.87874472424265,-6.045463804560379
2226330504883,2.439209249692497,-7.04939496882687,-6.156820069568724
2226330504900,2.6904797145625077,-7.074269251394119,-6.022910069903346
2226330504916,2.869276495423043,-6.975730787232116,-5.689359199560541
2226330504933,3.6945102675673747,-7.53589488297772,-5.239707644358019
2226330504950,3.1102038524458555,-7.055602088528795,-5.252645139520442
2226330504966,2.7214078347085193,-6.7898664934355395,-5.538447675048811
2226330504983,2.794602886099044,-6.392790814211105,-5.509299833770469
2226330505000,3.2007164002155575,-6.457103325945811,-5.545413486697543
2226330505016,4.098512469351403,-6.607488361091021,-5.943989514630145
2226330505033,3.762733428592573,-6.456292327019878,-5.9989712512381805
2226330505050,3.6823616750686705,-6.337963413639651,-6.036979054383613
2226330505066,4.226097463202275,-6.772775333866788,-5.486393424469363
2226330505083,4.314137562835618,-6.904902235369261,-5.755940797413199
2226330505100,3.884277299538881,-6.609132279369247,-6.196331273041164
2226330505116,4.330984101983513,-6.5047629410316175,-6.256998064279274
2226330505133,4.871046980891305,-6.72513637670003,-5.876391468832871
2226330505150,3.890739370053235,-6.991247126693721,-5.785599584553097
2226330505166,3.8193716001997506,-6.579284206588638,-5.531862062119318
2226330505183,4.165863302474825,-6.942288438220484,-5.412407889609295
2226330505200,3.4115845584777533,-7.027526638450505,-5.309816376021228
2226330505216,3.206676249797238,-7.291261945853742,-4.548563578845256
2226330505233,3.77043197276054,-7.570540904283362,-4.658482277983891
2226330505250,3.84708187318724,-7.719701774232975,-4.876949532046714
2226330505266,4.1304615161667355,-8.159312760145694,-4.647694108301832
2226330505283,4.338140285092082,-7.949295142348683,-4.353250055298772
2226330505300,4.002437767847927,-7.32171450485508,-4.291979433446908
2226330505316,2.9919180452127483,-7.58585136585187,-4.244774121736907
2226330505333,1.5809512329899382,-7.716225895333585,-4.059532586940309
2226330505350,1.8953444826276913,-7.972528808816685,-3.9554315498270443
2226330505366,2.778703549266135,-7.559417636681294,-3.3411706677728206
2226330505383,1.983847728275756,-7.023730593403217,-3.154515513180371
2226330505400,2.4715456606525725,-6.984510679929581,-3.144395324416606
2226330505416,2.595622800282232,-7.0147667725512575,-3.4538966066033243
2226330505433,2.038522247505788,-7.436856474276681,-3.4446964663604582
2226330505450,1.798505787424606,-6.691492658096932,-3.4114776227008465
2226330505466,1.421797438928821,-6.948509366121428,-3.67861487383087
2226330505483,1.9962481602578972,-6.742375087796549,-3.6107769598028976
2226330505500,0.8851471903522583,-6.40163839777396,-3.8923658890764
2226330505516,0.6229757340366211,-7.059260254058302,-4.3401648083419
2226330505533,0.9126082750228361,-6.751324688585468,-4.337851966604557
2226330505550,2.2741912750784508,-6.290528793727051,-3.9798182402541435
2226330505566,2.399375242111205,-5.7177138605214815,-3.4301740896225246
2226330505583,2.851099058105782,-5.637570397701726,-3.113089615494059
2226330505600,2.743247140472514,-5.992237728875204,-2.838144669926347
2226330505616,1.972980870824614,-5.929636494454498,-2.117882774921643
2226330505633,0.8309992950023588,-5.817985506498945,-2.2909060975319826
2226330505650,0.9550558326457512,-5.654325817567173,-2.5896940056065167
2226330505666,0.8378738306495839,-4.996999595599627,-2.369120491272896
2226330505683,0.41431687798618544,-4.767093668825038,-2.741291502937578
2226330505700,1.034646887263694,-4.166994945729336,-2.744206824744661
2226330505716,1.4739682533783185,-4.080521865978211,-2.602471526779006
2226330505733,1.6587581597837318,-3.579686421466623,-2.342180543642015
2226330505750,1.167975846109079,-2.9646308353326187,-1.8870065325887255
2226330505766,0.9172256537069163,-3.741336124391345,-2.039798897929611
2226330505783,0.6381743657294825,-3.8748481540823336,-2.5988065733520624
2226330505800,0.9113689832881331,-4.405642000955312,-2.9762099563376445
2226330505816,1.2112350925156177,-4.679536052410923,-2.9308227216378224
2226330505833,0.9273523343917658,-4.3018740451211475,-3.1170540800115107
2226330505850,0.47337990869046376,-4.558709004038853,-3.1048675082844817
2226330505866,-0.4940074794929581,-4.338990254391614,-2.59722091220496
2226330505883,-0.4552198518563122,-4.338706880756437,-3.0906743171435074
2226330505900,-0.40829096931816977,-4.982748747619668,-3.307053750459059
2226330505916,0.2310512000994569,-4.338503759569402,-2.856904861916624
2226330505933,-0.06942558367429541,-4.011091333190771,-2.7547383910098255
2226330505950,-0.06629737734305152,-3.9321763758050228,-2.6294903142662105
2226330505966,-0.9554853456550649,-3.564365995022759,-2.7257322539818665
2226330505983,-1.7091955566518298,-3.9223230508438514,-2.831036172753517
2226330506000,-1.510022916172169,-4.335953870458839,-2.9600935210483885
2226330506016,-1.25820540138599,-5.024664706435459,-2.7537033422246497
2226330506033,-0.8630593496245922,-4.546173433664991,-2.546428132578468
2226330506050,-1.4830625328113394,-4.723728722517393,-2.7288467841478683
2226330506066,-2.8895246135357904,-4.890388819992044,-2.8106470979664286
2226330506083,-3.3398825528144283,-4.541469376376163,-3.0345245546827853
2226330506100,-3.8957431505316977,-4.467361171989484,-3.0621735081104244
2226330506116,-4.740462118839135,-4.536031366368027,-2.9807615893734907
2226330506133,-4.121395577710014,-5.021112170796279,-2.8079432576442795
2226330506150,-4.071873728206664,-4.8658392815115326,-2.7977191100824577
2226330506166,-2.9976140725713183,-4.525037173948135,-2.5571678064007743
2226330506183,-3.6402366929714303,-4.927243547411709,-3.1465921383099618
2226330506200,-3.4976082668983812,-4.866603115877336,-2.8731037935328514
2226330506216,-3.9676497492077725,-4.825606640483241,-2.5416370132214428
2226330506233,-4.772728236118373,-4.80068224561848,-3.090596837380363
2226330506250,-4.848629366672825,-3.9823467309382483,-2.854638539561911
2226330506266,-5.286564532452869,-4.688339766308145,-2.801020743282204
2226330506283,-5.8024579021314295,-5.457533249596384,-2.602255003523964
2226330506300,-6.359949706607049,-5.3320013598744564,-2.6410273263344015
2226330506316,-6.426509841670729,-4.698369411024283,-2.5208670841706864
2226330506333,-7.272436825456359,-4.253743482186412,-3.027938636466308
2226330506350,-6.915440531291434,-4.368728065486735,-3.0334076108271586
2226330506366,-5.50942314109553,-4.789736869404447,-3.3001757067762636
2226330506383,-6.029595311750741,-4.2254150040969805,-3.479537721231294
2226330506400,-5.204572467449968,-4.4419224031317786,-3.430648097518014
2226330506416,-4.953393380418853,-4.543565809154833,-3.736690420023879
2226330506433,-5.885553444798202,-5.631677774468434,-3.811781015467747
2226330506450,-6.353943582817317,-5.370523454179103,-3.913156353957846
2226330506466,-7.507307870125144,-4.71441099160987,-3.6585030082593937
2226330506483,-7.291738920722141,-4.168989518586908,-4.1269369747424385
2226330506500,-7.691608265950455,-4.477005439121035,-4.882404625963352
2226330506516,-8.379325540542325,-4.299751530274262,-5.123372408575938
2226330506533,-8.514274431050609,-3.942272095621477,-4.51291590057308
2226330506550,-8.1264661551182,-4.358462893256059,-4.30076255020264
2226330506566,-7.667825463770476,-4.521709538317861,-4.067295832848846
2226330506583,-7.4494872917048145,-4.232560024622447,-4.222828478332183
2226330506600,-7.021608279405332,-4.365336701637191,-4.792225570425839
2226330506616,-6.745189983987676,-4.145994990486688,-4.151161568398627
2226330506633,-7.063215774472698,-4.57352885284312,-4.0206989892348695
2226330506650,-6.9161923714486,-4.925808579345707,-3.5125406495209996
2226330506666,-7.851719477318323,-5.002641168453902,-3.928326830419543
2226330506683,-7.894126478395721,-5.193718560575422,-3.684887003627378
2226330506700,-8.143109463063885,-4.629166767036704,-3.387420152123887
2226330506716,-8.834639344500472,-5.025653725032265,-3.5206105087547255
2226330506733,-9.120193521905087,-5.689155627625656,-3.6535706218689694
2226330506750,-8.870263688105814,-6.059229951341591,-3.87836957089665
2226330506766,-8.98894830846833,-5.730802344043647,-4.083111653014312
2226330506783,-9.265554811544089,-5.554152569720388,-4.222365289994717
2226330506800,-8.637267119760262,-5.513336321018127,-4.144010598571893
2226330506816,-8.76695523528962,-5.902260157705199,-4.474522486880744
2226330506833,-8.359265572018781,-5.860194174395792,-4.0445365891289695
2226330506850,-7.571246514740512,-5.05539194869113,-3.9039346110584825
2226330506866,-7.765672468347059,-4.580954233100395,-3.7292993865239072
2226330506883,-8.122675674174197,-4.849134291176025,-4.442287515574017
2226330506900,-8.226975817519499,-5.003667311555652,-4.656472657818523
2226330506916,-8.41080352794606,-4.6001277676426255,-4.792115354029261
2226330506933,-8.024259775067556,-5.0180933854461465,-4.939985819176229
2226330506950,-7.254788757861048,-4.60059703383798,-5.213667673177438
2226330506966,-7.284572152872659,-4.4520451139962365,-4.863587514840802
2226330506983,-7.756912282120768,-5.066347121182703,-4.876780972855704
2226330507000,-8.18190754271585,-5.327036679401027,-4.760619073390059
2226330507016,-7.5925578930892845,-5.692660334527167,-4.660684645871497
2226330507033,-7.04267487214038,-5.973902145363367,-4.520413529083823
2226330507050,-5.7999428846122365,-5.913304952475721,-4.406374022996845
2226330507066,-6.535403048065195,-5.803484250436989,-4.631592241155541
2226330507083,-7.399308264019568,-6.182549983241017,-4.327314209996023
2226330507100,-7.7713530786083105,-6.404495904389251,-4.649694903262123
2226330507116,-6.775795224011089,-6.419093842894385,-4.904096902809588
2226330507133,-7.111844877779418,-6.56450198875835,-5.271016935926077
2226330507150,-6.799807242272439,-6.755282722156304,-5.287782902873317
2226330507166,-6.204594090475598,-7.036391235464295,-5.4757529862970244
2226330507183,-6.049897417612781,-7.281992811219171,-5.844531275818687
2226330507200,-5.982811440227846,-7.372811246262872,-5.104234283660799
2226330507216,-5.285678351990014,-6.99727175977193,-4.661382127452567
2226330507233,-5.592568808492598,-7.471098819985473,-4.309633581859075
2226330507250,-6.048971810356479,-7.869008805211577,-4.2947708272274285
2226330507266,-5.589412911625738,-7.853235652164235,-4.090883124470105
2226330507283,-5.272512209960333,-7.484969808706936,-4.185779830253116
2226330507300,-4.331305451893182,-7.495211077730326,-4.346338812492674
2226330507316,-3.460517396878363,-7.5517732694401,-4.294903580629935
2226330507333,-3.9075923662281475,-8.013789336505873,-4.168729472886828
2226330507350,-4.008216227334186,-7.514344721804894,-4.1607076676324315
2226330507366,-3.6404680290405125,-7.0859831023179405,-4.146797675044297
2226330507383,-4.150745343090204,-7.053466373443816,-4.2844891214450485
2226330507400,-3.7674154831580724,-6.706346844496479,-4.250675452466028
2226330507416,-3.696525673124509,-6.864576495115475,-3.481125909099973
2226330507433,-4.055572195030982,-7.056320401038654,-3.2848951343850685
2226330507450,-3.595125808571575,-7.250096287055069,-3.3360688008261326
2226330507466,-3.795720919889785,-6.9166787413125705,-3.1039692598427364
2226330507483,-3.471142507238877,-6.169074461417806,-3.085254330058177
2226330507500,-3.253297559537902,-6.2064790795137,-3.108564856185062
2226330507516,-2.211428367851876,-6.76639717384372,-2.471715640650689
2226330507533,-1.7563924577241927,-6.4125905493548725,-2.4883438999363463
2226330507550,-2.0393314285396724,-6.635824656251874,-2.4154447129096703
2226330507566,-2.227766574045994,-6.573772449245493,-2.2457642892858156
2226330507583,-2.4277482673915705,-6.626774101658484,-2.7601285400292923
2226330507600,-3.0453197352459176,-7.061391088696027,-2.503908640260126
2226330507616,-2.706948183138257,-7.036842718657666,-2.6315993152439976
2226330507633,-1.949787497076561,-6.933315388757268,-2.7923758876450644
2226330507650,-2.1824361722203522,-7.062025567002586,-2.8779558556652862
2226330507666,-1.9292921389007147,-7.3459653538381,-2.8668071100572194
2226330507683,-1.579095388121507,-7.6852346035776655,-3.089578062568572
2226330507700,-2.0290208086624757,-7.646337561454162,-2.7690848213581525
2226330507716,-0.9853706585938218,-7.439211419871033,-2.4687614013781984
2226330507733,-0.9129687857764068,-8.013419883880037,-2.6531048884223134
2226330507750,0.5307935929592622,-7.7122699614524475,-2.320063011272242
2226330507766,-0.11084356580222643,-7.617129707373609,-2.3459450111969526
2226330507783,-0.3661040328016796,-7.565502551199328,-2.263400661406214
2226330507800,-1.05425186827418,-7.74761933110899,-2.598729062034641
2226330507816,-1.631026351413015,-8.16992723673748,-3.3333624046465866
2226330507833,-2.0859261520394687,-7.321298686213396,-3.324291535582377
2226330507850,-1.9186957510198543,-7.007174976456269,-3.2617867893265475
2226330507866,-2.138372776436626,-6.46095442896244,-3.0992455632143336
2226330507883,-2.58661586951972,-6.356537164266827,-3.242999701902465
2226330507900,-2.8181623711560753,-6.364763027832002,-4.00454908256097
2226330507916,-2.3172970193934046,-6.955886219719524,-4.061175766260117
2226330507933,-3.270546060214107,-7.114419477766587,-3.980198921746619
2226330507950,-3.4943652096889775,-6.381130086963681,-4.168347871412294
2226330507966,-4.644949456351487,-6.340882275725496,-4.415482498252337
2226330507983,-3.825352542030144,-7.072662496480021,-4.4213866526805425
2226330508000,-3.4185349717207947,-7.206116152621398,-4.36891923452989
2226330508016,-4.063179805586756,-6.931482838385959,-4.513435801894092
2226330508033,-4.078535879534273,-6.773370597662795,-4.450382310908662
2226330508050,-4.328754978661225,-6.6609826453065155,-4.489726670447649
2226330508066,-3.4095595242103833,-6.312298156044848,-4.235585783911914
2226330508083,-2.8516092735559426,-6.144431967435074,-4.041244138584959
2226330508100,-3.0084159118062788,-5.5897233142867035,-4.124353368741279
2226330508116,-2.882931657948904,-4.8108918504114895,-4.498709801946052
2226330508133,-2.6585749575076627,-4.802378113232059,-5.269204966497199
2226330508150,-3.375907796252645,-5.074524095781255,-5.284372984938945
2226330508166,-4.483110291990583,-5.31488415621963,-4.951406311273175
2226330508183,-4.490350364266626,-5.703763601820313,-5.603788261070045
2226330508200,-4.995016559064757,-5.747510357757227,-5.314337798745852
2226330508216,-4.2634549376608,-5.720247198600466,-5.521188440159918
2226330508233,-4.5891900951087985,-5.640906935633402,-5.686606387095624
2226330508250,-4.8509123123994655,-5.5457243516472845,-5.285696555755788
2226330508266,-4.730299063157148,-5.203663249612534,-5.65649284445921
2226330508283,-4.442674572135284,-5.262905719465044,-5.818806536131673
2226330508300,-3.423726760260829,-5.616822939446303,-5.1698029337600975
2226330508316,-3.5041582695660267,-5.586086025086057,-4.990634411571487
2226330508333,-3.9374202365659703,-5.172718221095691,-4.371055936936657
2226330508350,-3.615686240994979,-5.232110750779019,-4.264512748163163
2226330508366,-3.8083131732909776,-4.851245485244364,-4.891786235672535
2226330508383,-3.9479722223802454,-5.086427975776332,-4.352160288233307
2226330508400,-4.370173502133695,-5.708269659542764,-3.812508128961402
2226330508416,-4.639655423939765,-5.497724500218796,-4.277122415726982
2226330508433,-3.889955391282783,-5.401537320555894,-4.616820811093342
2226330508450,-4.668883301478396,-5.147784311131762,-5.462458293605467
2226330508466,-5.244951264389211,-4.566514650951827,-5.2694968222271354
2226330508483,-4.853511283726852,-4.689142024959618,-5.536765445543165
2226330508500,-5.193533734245626,-4.295057340365053,-5.253021559981832
2226330508516,-5.623872003756769,-4.337688175252634,-4.738920725681621
2226330508533,-5.173239594106385,-4.168615026532075,-4.802623268927593
2226330508550,-5.884811276983089,-3.6786638688460678,-4.961508675673332
2226330508566,-6.390068355505539,-3.6529153277374395,-4.9187665700580405
2226330508583,-6.344337603025097,-2.9595923546491667,-4.896922352717417
2226330508600,-6.887019242580404,-2.9884919823185205,-5.230745344993268
2226330508616,-6.443394624261233,-2.7334954302366015,-5.44419634031208
2226330508633,-6.270577518301605,-2.407191835538104,-4.901830315997282
2226330508650,-7.329205595560552,-2.5726196078837953,-5.061041693673202
2226330508666,-6.87780942365741,-2.6302191225062597,-5.078326285228339
2226330508683,-6.558694754255977,-3.146928968297664,-4.727243538687717
2226330508700,-7.52442303631585,-3.3035114641876517,-5.386228658276561
2226330508716,-7.125121389056753,-3.819530249489286,-5.791908639680775
2226330508733,-7.220617365511288,-3.2580533129018296,-5.638654743239979
2226330508750,-7.958816426944979,-3.3264493150809358,-5.226104407069573
2226330508766,-8.27126164291481,-3.5448710500406104,-5.666594295521209
2226330508783,-8.05341250993809,-3.272637583754806,-5.440640634455617
2226330508800,-8.211230919942675,-3.7744582713862367,-5.852892672574825
2226330508816,-8.95227955747184,-3.547248403260947,-5.6393290598518
2226330508833,-9.49877030708097,-3.5301817959390616,-5.823564156128668
2226330508850,-8.794228001680814,-4.6387771802379785,-6.3955125731483555
2226330508866,-8.603146594078064,-4.3949194849510445,-6.428868913222496
2226330508883,-9.011845644823495,-5.103741193519767,-6.658444855399587
2226330508900,-8.488138306285025,-5.4124499151799785,-6.294820914317718
2226330508916,-8.683274591714442,-5.4334761160810725,-7.0351038369916346
2226330508933,-8.180983920895063,-5.834883197913721,-6.609048248101754
2226330508950,-7.754815279186349,-6.289581224765166,-6.55224312389007
2226330508966,-7.314115126060999,-6.328408355496353,-6.3693901145757
2226330508983,-7.868764912865607,-6.589587925344376,-6.081721533598497
2226330509000,-7.550653788200574,-6.534007072844956,-6.022188711420306
2226330509016,-7.545836557462739,-6.376382833361747,-6.5131153835718445
2226330509033,-8.139255406341144,-6.383118012081914,-6.516285418963342
2226330509050,-7.6302733221289305,-5.806226811748603,-6.506827301852623
2226330509066,-8.197173822216286,-5.836360106286738,-6.431270949497593
2226330509083,-7.639802449184426,-5.963771214136204,-6.700367761826154
2226330509100,-8.407126020404123,-5.796867625509783,-6.5895129694239065
2226330509116,-7.979516014020911,-6.322134149980785,-6.504654883521965
2226330509133,-8.553114894910667,-6.711315485912216,-6.126808328874019
2226330509150,-9.096040082802936,-6.353378147593715,-6.0478206544970865
2226330509166,-9.26792268019151,-6.421272394289741,-6.106306102111445
2226330509183,-9.137672994852217,-6.450545189100897,-5.562022994021538
2226330509200,-9.217440268729597,-6.702090828753653,-5.583396051863381
2226330509216,-8.634598195919844,-6.753598100939005,-5.535687121805903
2226330509233,-9.204303987225295,-7.100881963818638,-5.076244312782555
2226330509250,-8.444364343687429,-7.6362613995494515,-5.542195948557552
2226330509266,-6.933015500891383,-7.817250973599379,-5.421753228758538
2226330509283,-6.156746329969546,-7.8553532843506675,-5.4473218526695355
2226330509300,-5.9936446754008275,-8.290892873871865,-5.302520538085
2226330509316,-6.066116598813647,-8.314587720823152,-5.205163808912225
2226330509333,-6.03616599239787,-7.65974691174758,-5.148409871427026
2226330509350,-6.313767660883935,-7.681525094895466,-4.895600449519925
2226330509366,-6.038108212407977,-7.4803470221169475,-5.2161193668417685
2226330509383,-6.09816956062569,-6.682019633445163,-5.2475485067938274
2226330509400,-6.4746109692622555,-5.757498413341434,-4.935388654523142
2226330509416,-5.816842672101265,-5.8798831439610515,-4.682991161352469
2226330509433,-6.771574381783997,-6.135047775801996,-4.674773578399433
2226330509450,-6.71704995009415,-6.189279465093324,-4.585506525004569
2226330509466,-6.518758195009998,-6.169085857026266,-4.677689017478546
2226330509483,-6.8508817240615265,-6.256192144684013,-4.70933449473775
2226330509500,-6.9889777815714185,-6.251370324452344,-4.8131085760054715
2226330509516,-7.281917017277223,-6.382937109364053,-4.707923528891476
2226330509533,-6.387130434408708,-7.291789596495576,-5.1137953360437685
2226330509550,-6.310702082105244,-7.097110213845937,-4.942715456077051
2226330509566,-6.550189082708595,-7.665218742365221,-4.712934943960906
2226330509583,-7.441917399468085,-6.6280425244431,-5.021372667582986
2226330509600,-6.137792501464954,-6.948536754516797,-4.7986425927366465
2226330509616,-6.10124096012693,-7.241910071956568,-5.149256481786568
2226330509633,-6.350183480005549,-7.1935427814724955,-5.076660759806323
2226330509650,-7.734384737393821,-7.016465507624612,-5.273542727750971
2226330509666,-8.111262573549578,-7.065514462020922,-5.614803104871418
2226330509683,-7.764189774856899,-7.371197156328128,-5.678171464395606
2226330509700,-7.60090166970005,-7.130234763781955,-5.9978137222073205
2226330509716,-7.188454137853798,-7.598085682941471,-5.5041548888287775
2226330509733,-7.267416998048905,-7.595291501543386,-5.349851397821519
2226330509750,-7.28546170199891,-8.010483074354688,-4.89927961143551
2226330509766,-7.601891004061651,-7.776064539109887,-5.148546327454731
2226330509783,-8.493029362803146,-7.084159072976246,-5.3165329322576635
2226330509800,-9.04927537467979,-7.019426360458139,-4.591245928938672
2226330509816,-9.469242568369022,-6.924529227226173,-4.675614705372358
2226330509833,-10.079222130309372,-6.976533471121664,-4.8162461346170335
2226330509850,-9.380810282136844,-7.243254797267004,-4.315583121859801
2226330509866,-9.635426447251945,-7.835205199544147,-4.618142188122282
2226330509883,-9.011884117677738,-8.124556730632854,-4.775532994747125
2226330509900,-9.175095010899888,-8.371123870584933,-4.725163568772125
2226330509916,-8.68147621473028,-8.217529774697834,-4.680529552967267
2226330509933,-8.285385130967775,-8.34207409960193,-4.782353097193476
2226330509950,-7.804606769509581,-8.731307055857362,-4.739361272677282
2226330509966,-8.251239160962033,-8.182609504214144,-4.505533603998603
2226330509983,-8.26842524451605,-8.52624298166122,-4.962328732898952
2226330510000,-8.25054545232912,-8.490300118857801,-4.5603010496861
2226330510016,-7.965279106647719,-7.860548470652416,-4.828279364840837
2226330510033,-8.271335894802814,-8.291495420596423,-4.336549040995475
2226330510050,-8.561650332997868,-7.705303721362329,-4.256619226809219
2226330510066,-9.189372440826908,-7.914913898157449,-4.35855364656455
2226330510083,-9.298360053343199,-7.318267328044897,-4.393066428829164
2226330510100,-9.043427050296739,-7.251589295738035,-4.154479028320765
2226330510116,-9.2942560740283,-6.567826780023814,-3.835971778181107
2226330510133,-8.735488140181337,-6.518111977391331,-3.720526579618473
2226330510150,-8.383630411575677,-6.091311435591019,-3.8162490370301443
2226330510166,-8.577586208606395,-6.395884641361197,-3.5816355562151605
2226330510183,-8.52937028488897,-5.956692226393976,-3.299186740910097
2226330510200,-9.482388005055686,-6.179708441616626,-3.139099710742128
2226330510216,-9.83761234611103,-5.118164451325149,-3.162851790048953
2226330510233,-9.065054948245464,-4.87484137253623,-3.4002875494509084
2226330510250,-9.1258688538278,-4.57265495059155,-3.3335675309855226
2226330510266,-8.722320320712596,-4.222956506996708,-3.4685357614445103
2226330510283,-7.927025129483672,-4.614033841707586,-3.0572073229709926
2226330510300,-7.903274518015453,-4.562255060184775,-3.5523405171068845
2226330510316,-8.119356104357502,-4.618974106458513,-3.6445084418166322
2226330510333,-8.09908690386887,-5.083325349193531,-4.5185655253844725
2226330510350,-7.343716984380361,-4.388551401528972,-4.438803802198606
2226330510366,-7.667404980949161,-4.5169675606664415,-4.716262970663477
2226330510383,-7.544936340869633,-4.0486936309564445,-3.9982873003808326
2226330510400,-7.612737598831467,-4.02370786418922,-4.20530924884047
2226330510416,-8.136877516954412,-4.13764784021117,-4.271984994445239
2226330510433,-8.765328940647592,-4.011155840554298,-3.761651193960657
2226330510450,-7.979030495827953,-3.79142397049939,-3.356266959494467
2226330510466,-7.597752501848275,-3.4138016671699396,-3.312609552985799
2226330510483,-7.713736210520083,-3.5439835229085093,-3.6590245964240333
2226330510500,-7.353614075187478,-3.422266997962411,-3.4344298897535617
2226330510516,-7.21173666586856,-3.222561494853235,-4.1326202542847374
2226330510533,-6.595013398809587,-4.29620437063515,-4.256942453327277
2226330510550,-6.20144884761269,-3.500627612368353,-4.553698216124646
2226330510566,-6.483643195524337,-3.3322345177754586,-4.563396965390307
2226330510583,-6.616367467982769,-3.910227038939433,-4.8307324607884885
2226330510600,-7.746703618144564,-4.041413154950616,-4.265260249028992
2226330510616,-8.05075306753866,-3.8646513433614396,-4.022189147480155
2226330510633,-8.55408834837263,-3.7636059181107964,-4.078759894421064
2226330510650,-8.208918861654924,-3.6045538589194677,-4.030935156250291
2226330510666,-8.307363531797288,-4.046365459904276,-4.491534538173563
2226330510683,-8.271504202523762,-4.708448342942725,-4.891069388198936
2226330510700,-8.90094169180988,-5.807368032846551,-4.880240516280745
2226330510716,-8.885303014974546,-6.145641219289685,-5.191530902799536
2226330510733,-8.196804593293963,-6.574768602058614,-5.301150419851563
2226330510750,-7.56000929302937,-6.787019686435874,-5.585632847449832
2226330510766,-7.720854554291008,-6.721210748529892,-5.680952097110872
2226330510783,-8.172590291491083,-6.967101704437667,-5.2765879280773955
2226330510800,-7.594165996463991,-7.370631543640945,-5.145340891752076
2226330510816,-7.258683932059636,-7.4078898308263765,-5.390455112166875
2226330510833,-7.282811968442958,-7.731575959520713,-5.502362574442831
2226330510850,-7.346875797676547,-7.359156157248895,-4.759802772912806
2226330510866,-7.4709266711310764,-7.47774286634628,-4.619767953846939
2226330510883,-7.795906774366811,-7.108280823198479,-4.747799049392148
2226330510900,-8.822009565624494,-7.325756276418725,-5.496146853673327
2226330510916,-8.377970266404851,-6.999663898245039,-5.814513992218252
2226330510933,-8.697031007294829,-7.2681143927395295,-6.130750161140602
2226330510950,-8.461981955836627,-7.636988353961756,-5.905444663495092
2226330510966,-8.180762185118665,-7.041610252244195,-5.9026962126177
2226330510983,-8.137661361119337,-7.336150402519687,-5.933014883736243
2226330511000,-7.283455015438522,-7.707525259468977,-5.37100338700726
2226330511016,-7.568564072235045,-7.980623917434776,-5.853824364996146
2226330511033,-8.236819566581946,-7.894864700607315,-5.679500844844771
2226330511050,-9.113876611446598,-7.959425186483982,-5.591123560831691
2226330511066,-9.004216136672124,-7.056823853158125,-6.10201444866841
2226330511083,-8.958988387281654,-6.46069524337586,-5.91562093516654
2226330511100,-9.399900492314599,-6.2585021229616125,-6.151096809607738
2226330511116,-8.78583236888333,-6.544234949468257,-5.644902298413828
2226330511133,-8.917079861970619,-6.600789853288943,-5.910302567431998
2226330511150,-9.109774462908131,-6.140874634214308,-6.020794393641283
2226330511166,-9.627895614357229,-5.6349909516815275,-5.5617452065373225
2226330511183,-9.381689736797188,-6.032418679045296,-5.611148084506659
2226330511200,-8.75790033496257,-6.13650525755242,-5.696990280057067
2226330511216,-8.242129736559137,-6.103360383009378,-5.314131775479433
2226330511233,-8.266747177454233,-5.933386285683379,-5.618460486073167
2226330511250,-7.9167133310183555,-6.2434722707857,-5.44114168405244
2226330511266,-8.274691877275783,-6.370424359699636,-5.776068031556832
2226330511283,-9.379164068304664,-5.840549883167745,-5.468377772977677
2226330511300,-9.480767808784787,-5.436098194722926,-5.6125340008944455
2226330511316,-9.966820649457986,-5.695940189271076,-5.821916794542665
2226330511333,-10.200872104246635,-5.706984905074109,-5.514453169223749
2226330511350,-10.198860175717178,-5.807096920069587,-5.281601739964572
2226330511366,-11.12253181324775,-6.248578995458144,-5.121625740847664
2226330511383,-10.741825398077768,-6.697488540192952,-4.987517093651434
2226330511400,-10.81947559235686,-6.5025457571231104,-4.700693151917461
2226330511416,-10.904528551623557,-6.781450958376136,-4.6674210496436705
2226330511433,-9.516241413976282,-6.267136022622415,-4.549177978445343
2226330511450,-9.049203336586192,-6.3269082785768,-4.507556524545684
2226330511466,-9.578172958978215,-6.1011307623070845,-4.586752677138196
2226330511483,-8.638029311520961,-5.437956662910475,-4.79889042998415
2226330511500,-9.063916064794775,-5.657450444738301,-5.005249681693832
2226330511516,-9.56621134494417,-5.57257229219395,-4.680509674830857
2226330511533,-9.308265205681128,-5.402118536133577,-4.563714340501944
2226330511550,-9.213154348149807,-5.548421871762524,-4.723791849891304
2226330511566,-8.445591231912546,-5.005382945608635,-4.620125981061814
2226330511583,-7.797554166805943,-5.2974372360217306,-4.658368999689092
2226330511600,-7.556171300357395,-5.073217887382578,-4.039388265929961
2226330511616,-7.3728459902193855,-5.451965000764821,-4.107753773083167
2226330511633,-6.615421908164057,-4.821326475410312,-3.546569384291174
2226330511650,-5.978446999256112,-4.2331829522075,-3.7407257059988233
2226330511666,-6.527417842730867,-4.100133423475439,-3.4256161432140173
2226330511683,-6.310161312885151,-3.865690685401195,-3.4595620890257943
2226330511700,-6.509709910051457,-4.124509442484076,-3.3755381447552524
2226330511716,-5.8734507501947455,-4.404475719310412,-3.5644321013074904
2226330511733,-5.653719116003457,-3.756368324292591,-3.3335303684131503
2226330511750,-6.381863070529274,-3.8206331127973954,-3.761290689878752
2226330511766,-6.556238627285668,-3.725654968493943,-3.8747879307659394
2226330511783,-6.951483867362,-4.073175982968759,-4.226408363622368
2226330511800,-7.2062144619008475,-4.114063677896864,-4.1053473705652435
2226330511816,-7.730169058949278,-4.625117816175409,-4.534977260189226
2226330511833,-7.55421808645395,-4.580196829247443,-4.717717890052522
2226330511850,-7.352366368489632,-4.761492660300599,-4.113382498276552
2226330511866,-6.653526378498804,-5.133460040168916,-4.0817652337927885
2226330511883,-6.715046440324441,-5.261681641759712,-3.818007299297066
2226330511900,-6.45285940702567,-5.912856074299445,-3.447377816601043
2226330511916,-6.2844561659120455,-6.321841837629528,-3.7464870071650047
2226330511933,-5.38940757420961,-6.645344809449374,-4.221124590136503
2226330511950,-5.447101069483412,-6.548886157547932,-4.202422712871821
2226330511966,-4.811008916785587,-7.005339373083825,-4.4204926222539065
2226330511983,-5.0176283512162305,-7.120371240363477,-4.472818594753501
2226330512000,-6.045644170114608,-7.179566977643297,-4.540397572785723
2226330512016,-6.085040238449958,-7.2737188841491855,-4.769912514097952
2226330512033,-6.600892537980412,-7.423435761033083,-4.889998115350815
2226330512050,-7.603698746166536,-7.529401106852548,-4.509753978397697
2226330512066,-7.87114326598725,-6.648148940052338,-4.158832331049544
2226330512083,-6.6691995804772155,-7.465383396579346,-3.677528975188723
2226330512100,-6.058256253313024,-6.9864702317620395,-3.7175838385565836
2226330512116,-5.926993640593071,-6.574794402807275,-3.5649666222818817
2226330512133,-5.913693971938929,-6.521027813137275,-4.054477070856513
2226330512150,-6.294471472521215,-5.7919825065001715,-3.3866878265377003
2226330512166,-6.3154345839122055,-5.968262907731173,-3.39254207185243
2226330512183,-7.264820575070157,-6.491838611528479,-2.524987770349789
2226330512200,-7.512910395274712,-6.651150249227186,-1.9264309261511243
2226330512216,-8.146777699651809,-6.198093851350057,-2.0234121698568526
2226330512233,-7.797460663184557,-5.88652705200823,-1.6817247263620083
2226330512250,-6.416278319758827,-5.989049995686394,-2.278396234021907
2226330512266,-6.11243162637293,-6.077311824410343,-2.470045761654095
2226330512283,-6.157797472454066,-5.867467765404248,-2.3257790118741193
2226330512300,-6.159509502753091,-5.432789043314246,-1.910845881096194
2226330512316,-7.450647273063234,-5.370966790032113,-1.727920735686264
2226330512333,-8.022216453569488,-5.523394517681932,-1.9427780148084635
2226330512350,-8.31310175449851,-5.566179148968719,-1.7659126546500716
2226330512366,-8.465978469723044,-5.89234757537307,-1.3654559156126826
2226330512383,-8.893168718886361,-5.1506103946209985,-1.2238194785407708
2226330512400,-9.704332763471827,-5.174270140092926,-1.9941491758095036
2226330512416,-9.75813171010163,-4.662464427813742,-2.4862529762620866
2226330512433,-10.61133555062773,-4.568572200720862,-2.289785115289831
2226330512450,-10.037151333709385,-4.314798496087304,-2.1046520169422958
2226330512466,-9.691357106611761,-4.726126446446934,-1.6042606980000225
2226330512483,-9.745935793461355,-4.014015045387796,-1.3697407218980382
2226330512500,-9.034894434644947,-4.233706865873653,-1.5751410184026644
2226330512516,-8.889421518597077,-4.630864173021445,-1.6229716673946206
2226330512533,-8.969422010321386,-3.7789523604055377,-1.4615959500328377
2226330512550,-8.615896962992505,-3.35445941243339,-1.232568132118561
2226330512566,-8.660167278155418,-3.3759274920200144,-1.188524724279072
2226330512583,-9.023773112834002,-3.184655134735133,-1.4175054894748236
2226330512600,-9.042178137509353,-3.47246870421562,-1.454116797303221
2226330512616,-9.50488404710325,-2.851265396571842,-1.6682152677999198
2226330512633,-10.160056747800386,-3.2686537727592575,-1.8235288660037423
2226330512650,-10.1872827470985,-3.3224174694792263,-1.7548412254842773
2226330512666,-10.92960071819719,-3.2587043589305607,-2.067558042581459
2226330512683,-10.868903465664099,-2.969596951633138,-2.4011522100632567
2226330512700,-11.711637870599855,-3.15154167676101,-2.639991197970783
2226330512716,-11.301473245059933,-3.4266934352060208,-2.6793158188581887
2226330512733,-11.07035280790431,-3.740915988756732,-2.594515157878518
2226330512750,-10.736448195466268,-3.80886337071047,-2.4534669239504687
2226330512766,-11.050168364360903,-3.829319057252256,-3.1731610035262174
2226330512783,-10.399288948111437,-3.831727692233774,-3.127613020429278
2226330512800,-10.780004965806784,-3.8032146539220038,-3.099234628531314
2226330512816,-10.944699312761166,-3.276197327414467,-3.4816912175937977
2226330512833,-11.998681190748403,-4.111943739682781,-3.397866105846427
2226330512850,-12.992190368681644,-5.304808801852809,-3.412521450759703
2226330512866,-13.357413152540307,-5.495663093890946,-3.263318193986167
2226330512883,-12.278062940434044,-5.057866561110451,-3.498234403923208
2226330512900,-12.55455528180518,-5.252480416371942,-4.055790793816321
2226330512916,-13.822342581142063,-5.480900851320888,-4.144560585243012
2226330512933,-13.644620575298958,-5.338253738542515,-3.8808369659188067
2226330512950,-13.36631493588252,-5.589982284055175,-3.3420814394526555
2226330512966,-12.445879729393598,-5.118826708915816,-2.810851210197186
2226330512983,-12.30761490167831,-4.768214555321231,-2.450755702138696
2226330513000,-12.599272906868558,-4.071641882129897,-2.0487142483993894
2226330513016,-12.199987174512842,-3.817814950611031,-2.016056972521577
2226330513033,-11.518433577900161,-3.5720013078852784,-2.263349877662566
2226330513050,-11.60463376013018,-3.512287297749314,-2.063440791876519
2226330513066,-11.422101234253859,-3.4823443242190004,-1.7804776816307726
2226330513083,-12.148296721442954,-4.2148663355722045,-1.7684970851851345
2226330513100,-12.031477867237733,-4.750067123405306,-1.1634529348007145
2226330513116,-11.594477451852425,-4.427547444923621,-0.7926966073660284
2226330513133,-11.647522479128327,-4.098950544196916,-0.9246891198842802
2226330513150,-11.530865422671358,-4.324960831191247,-1.2936204240988092
2226330513166,-11.683071081767846,-4.265548160801471,-0.964202430252119
2226330513183,-12.38217799347131,-4.334263572177387,-1.0269383550732067
2226330513200,-11.55372049405486,-4.543905864560083,-1.190093424672626
2226330513216,-11.0064435390312,-5.270319896171823,-0.8286244637003706
2226330513233,-9.789078138219013,-4.8427735924461714,-1.0920121598642645
2226330513250,-9.769812599129288,-5.021693749510095,-1.2562507278001944
2226330513266,-10.148479819140107,-5.017272962889494,-1.7803980889888928
2226330513283,-11.465067833457972,-5.1651645138583095,-1.5976599982756667
2226330513300,-11.514554637819085,-5.314776735052106,-1.32815983931337
2226330513316,-11.51716805529838,-5.5596167026194685,-1.453326658759451
2226330513333,-10.987693245512279,-6.026445620141336,-1.014542031258904
2226330513350,-10.47632222297075,-6.108949289342396,-1.2756609116481827
2226330513366,-9.889901209502465,-5.900774019186174,-1.3974310939552588
2226330513383,-9.506824669886758,-5.907397702484654,-0.819802371698211
2226330513400,-9.170777629057241,-5.84313420480257,-0.6691358874563798
2226330513416,-9.193625401235252,-5.024059395808283,-0.12788361496075185
2226330513433,-9.19268411566977,-4.940850206110012,-0.37480867678294905
2226330513450,-9.520963590917113,-5.3931086755516295,-0.5580664752375672
2226330513466,-8.8631731146005,-5.943794667989302,-0.26914272605537715
2226330513483,-8.340655263689221,-6.112169013343902,-0.20857334913298242
2226330513500,-9.069066063730283,-6.296378314946496,-0.05506159116900555
2226330513516,-9.299606928733635,-6.3398676633481,-0.10764368682431247
2226330513533,-9.213360693924338,-7.075406880235174,-0.2967974370352793
2226330513550,-9.391231861005803,-7.62894249903923,0.48771771630810923
2226330513566,-9.427964699677224,-7.622739565823229,0.4895880509777206
2226330513583,-8.994653950394648,-6.935491214387334,0.34928575849657273
2226330513600,-9.996018335091863,-6.616006895006075,0.319787081258597
2226330513616,-9.421724706662214,-6.518121625164925,0.16481975209146338
2226330513633,-9.434585868959733,-6.425565316219407,0.06170082165264246
2226330513650,-8.962693914529464,-6.228362179923964,-0.08718090786039046
2226330513666,-9.008152271103498,-6.134707950669078,-0.3018208119586805
2226330513683,-8.251302826866349,-5.597280363777375,-0.24649123858290345
2226330513700,-8.153214914078008,-5.509579980891579,-0.43548208068342786
2226330513716,-8.496381060659305,-5.7269487836278445,-0.8459244703984532
2226330513733,-8.291226593620971,-5.616502454167747,-0.9771899384937459
2226330513750,-8.658042814274914,-6.006402509080122,-0.8462830868238025
2226330513766,-7.64772607544367,-6.629049306446617,-1.4004275559537198
2226330513783,-7.5047779346332675,-6.343757309127655,-1.5097287044889898
2226330513800,-8.315236979254577,-6.085908850644223,-1.7402905830833684
2226330513816,-8.608448150823314,-5.967372109381093,-1.8497610004184215
2226330513833,-8.413184252784585,-5.946794529047852,-1.6932011153032076
2226330513850,-8.216678426501709,-6.769323795439849,-1.996666249189226
2226330513866,-7.412350754561224,-6.558872455131904,-2.1762690950052876
2226330513883,-7.203063180521788,-6.7179712729035055,-1.8173553418883732
2226330513900,-7.513981800077435,-6.976413201228251,-1.8948770248787445
2226330513916,-6.704751843903281,-6.466265025875537,-1.525051220807152
2226330513933,-7.089746228015468,-6.521502759468128,-1.583579142791144
2226330513950,-7.264213741829305,-6.621166421691075,-1.4798925895715616
2226330513966,-7.041068555506901,-5.9524310253001795,-1.3639290730514002
2226330513983,-6.327220179797442,-6.0821896788747525,-1.8553045142360332
2226330514000,-6.5009077174586825,-5.72350155229804,-2.2048798165969705
2226330514016,-6.228018853314826,-5.928027072757004,-1.9931546019553459
2226330514033,-5.242573391853446,-5.873818951797602,-2.023593212797535
2226330514050,-4.840205084198954,-6.054117343974682,-2.691693242694561
2226330514066,-4.498985494382167,-6.102081098767328,-2.985769855479292
2226330514083,-4.277415719884349,-5.983846335649726,-3.35164910538288
2226330514100,-4.021464978010276,-5.5781126837550286,-3.3508389965317753
2226330514116,-3.5670934810880675,-5.460892963336692,-2.8634431405591614
2226330514133,-3.7611979680980383,-5.76023575026313,-3.19781614437505
2226330514150,-3.9327972516622216,-5.275092415820263,-3.4028085632770924
2226330514166,-4.242820915582147,-4.656625126155053,-4.063228832323942
2226330514183,-5.154377022317616,-4.546593460700398,-3.9524773516693354
2226330514200,-4.909912358631824,-3.982186341969339,-4.119617622601403
2226330514216,-4.24301315866728,-3.869073418043631,-3.448046475202745
2226330514233,-3.703679178344071,-3.3430026475426233,-3.0367363362570874
2226330514250,-3.765711448111818,-3.5433925363827163,-2.8947763705920817
2226330514266,-3.363997562192604,-3.6294509350547313,-2.658600987802985
2226330514283,-2.7245290489942273,-3.12113108125697,-2.5924808287383727
2226330514300,-3.1053471177209895,-3.493257106384628,-2.448140108250993
2226330514316,-3.438187639589385,-3.6332805847904606,-2.2290086528196325
2226330514333,-3.340145750183087,-3.203774584317197,-2.305564923737812
2226330514350,-3.0867894573804264,-3.298414216765364,-1.8379226318783695
2226330514366,-2.979402161296858,-3.1528823291922548,-1.8266239565259457
2226330514383,-2.1927906038974387,-2.957975166815073,-1.931078360951617
2226330514400,-1.2758890652493924,-2.4408143518781764,-1.5975342313806908
2226330514416,-1.3825504400602986,-1.7555062016280547,-2.014463895887192
2226330514433,-2.248075864696329,-2.1970753295763688,-1.755970601731219
2226330514450,-1.8542238235033293,-2.2466609276167517,-1.9196781854059326
2226330514466,-1.1989423039487712,-2.6827925529169523,-1.4912240745539032
2226330514483,-1.1856195811472303,-2.7439077222407926,-1.2966102926974472
2226330514500,-0.8968775773465749,-2.6951047815027076,-1.369303323524006
2226330514516,0.27129025249546945,-2.9698406429222466,-1.473430519039723
2226330514533,0.6611479230472082,-3.1257762705197543,-1.4011840949511187
2226330514550,0.14338714893216853,-3.3706047827960575,-1.531137217775968
2226330514566,0.19749828165185424,-3.604287643273527,-1.4479793232598908
2226330514583,0.8799464881312664,-3.814835387175219,-1.5312465465655638
2226330514600,0.744127460720529,-3.8509698564012758,-1.5578374483272064
2226330514616,0.169357548766353,-3.9129678033394537,-1.6560731258925647
2226330514633,-0.41749671336422,-3.976167540596564,-1.9012909440150358
2226330514650,-2.0207575379055682,-3.712909859906486,-2.0282560398484035
2226330514666,-1.4312634562320685,-3.77216059287444,-1.8936601770409842
2226330514683,-1.9749945802757236,-2.833785890628356,-2.5026023940258066
2226330514700,-2.3094892391136703,-2.49567318683245,-2.908109255737138
2226330514716,-2.454684178554168,-2.6043599322122777,-3.2131987522967154
2226330514733,-3.0879764718857703,-2.316523014517999,-3.5048669631593974
2226330514750,-2.998691795225762,-2.453832148910802,-3.7344861581965656
2226330514766,-3.2238457309215063,-2.1757532879615433,-3.295673604358245
2226330514783,-2.2276841718827383,-1.8437359712877708,-2.9968188679783827
2226330514800,-2.6598833266420656,-1.928659073251874,-3.1344211937390645
2226330514816,-2.9472068020420683,-2.3113069876015357,-3.4772106261624893
2226330514833,-4.391473672200135,-1.936795991168001,-3.7626801990489964
2226330514850,-4.632887874604817,-2.325100926588703,-3.8222274828112766
2226330514866,-5.209366264912422,-2.541819620646802,-3.673429093092281
2226330514883,-5.628606464030846,-2.406477486465883,-3.381910934674978
2226330514900,-5.679441066032848,-2.8266668317436587,-3.2076272996986233
2226330514916,-5.512616678864278,-3.2380219397859036,-2.910161311926986
2226330514933,-5.417626327931554,-2.8887448991165594,-2.8967450342873495
2226330514950,-5.640569598787908,-2.8465053795520103,-2.9529483597809962
2226330514966,-6.020417197229957,-2.87772693761904,-2.9629219342098683
2226330514983,-5.694786433851491,-2.5183343409730035,-2.9855024855502306
2226330515000,-5.984099802264775,-1.878414862561962,-3.1562002303523515
2226330515016,-5.1434167845848755,-2.2100006274256336,-3.049689004833603
2226330515033,-4.279668408168396,-1.8034068120068012,-2.8501295385183836
2226330515050,-4.405332265821437,-1.529469051817986,-2.8774333416073543
2226330515066,-5.231720349145532,-1.1510028507407108,-2.8753393850053284
2226330515083,-6.018412040286579,-1.0150325003986573,-3.114278265403625
2226330515100,-6.248810530038436,-1.2273894168642272,-3.426361874898006
2226330515116,-5.829434351172209,-1.6061381052890065,-4.212050635179165
2226330515133,-6.02478755582339,-0.8803152007746355,-3.98206389357199
2226330515150,-6.755835656207921,-0.6083552321581971,-3.954718346128768
2226330515166,-6.962593320679177,-0.6312978903023447,-4.181222317029359
2226330515183,-6.809190828488828,-0.6531675168495941,-4.068371261679667
2226330515200,-6.448376006623419,-0.3770241635728402,-3.8062952746488348
2226330515216,-6.950731526241536,-0.724785477106253,-3.872657547927905
2226330515233,-6.585776164988053,-1.0681399202728628,-4.057294051507471
2226330515250,-6.741795777960545,-1.0431968343580822,-3.4791851967772205
2226330515266,-6.847965634281801,-1.1958400581662172,-3.1798428491509814
2226330515283,-7.079537386473952,-1.308103584646748,-3.296123518764169
2226330515300,-6.474087926388976,-1.3885527221245946,-3.017720941409736
2226330515316,-6.148030016380455,-1.7439563473754505,-2.9616902875269084
2226330515333,-6.4527790217336385,-2.0943202830648215,-3.397719968471085
2226330515350,-7.021907779892575,-2.0374306855343742,-3.1322159735638193
2226330515366,-8.046951912332238,-2.885095584649056,-3.461806964477702
2226330515383,-7.013103629136596,-3.055861151913957,-3.513502309024755
2226330515400,-7.457683550406394,-3.208188090082365,-3.4543149947212433
2226330515416,-7.4891603014533334,-3.7411327760514466,-3.285325986269083
2226330515433,-7.551058179910208,-3.722156936675698,-3.1425082547433507
2226330515450,-7.879916293256012,-3.1167073862448933,-3.687272472559496
2226330515466,-7.366655076069841,-2.4276968537182593,-3.565254600155739
2226330515483,-8.101552432469319,-2.4606691051635794,-3.4942930705128004
2226330515500,-7.19291611984452,-2.2832139395264246,-3.2077887711275603
2226330515516,-7.115318637769793,-2.635627365372434,-3.0802805321253954
2226330515533,-7.617684595952893,-2.7970004655139475,-3.340123480675253
2226330515550,-8.091698760455499,-2.4619023614554134,-3.3529802962612494
2226330515566,-8.624334901500664,-2.423069742949335,-2.9672275775930963
2226330515583,-8.902118505093384,-2.376459269748429,-3.1254277111892956
2226330515600,-9.152549306370009,-2.1926297379523176,-2.9015716125004754
2226330515616,-9.751707318919554,-1.8005000598259744,-2.8905559332166675
2226330515633,-10.0813285620671,-2.555634894684885,-2.9187818327518738
2226330515650,-10.351229441093151,-2.1290104577883424,-2.7316150822536995
2226330515666,-10.675882755010353,-0.9661829429927353,-2.8497196767280455
2226330515683,-10.02250713450779,-0.7475834548080158,-2.5596976162068583
2226330515700,-9.854269465614415,-1.238403318153762,-2.3007879169374066
2226330515716,-9.466373445323363,-1.6428916564410008,-2.4539620901249424
2226330515733,-10.170747379781528,-1.3624750556646887,-2.604841838544307
2226330515750,-9.762633091924352,-1.2822170400819406,-2.423161187916419
2226330515766,-9.81513931482714,-1.2574315042032485,-1.3189314304982795
2226330515783,-8.933943255900644,-1.4360403813309137,-1.1154743799730706
2226330515800,-8.91141954701096,-0.5198351005436033,-0.7828091276137954
2226330515816,-8.36111430027043,-0.49955358328740473,-0.9913570905842519
2226330515833,-8.464044842758573,-0.027454022351177443,-0.98689621622874
2226330515850,-8.966692148583686,-0.1005561870150915,-1.2494844931603972
2226330515866,-8.83153841369857,0.42977981703121415,-0.9679912647046756
2226330515883,-9.05493546648201,0.8746830566955968,-1.189811366852024
2226330515900,-8.447586025451345,1.3027574995539775,-1.545034102446595
2226330515916,-7.574476870696762,1.3247089080215675,-2.0213798012254527
2226330515933,-7.923699693651548,1.4618320349676006,-1.9657067657460616
2226330515950,-8.646686849872165,1.8582462595121259,-2.2485487328330307
2226330515966,-7.982286179242883,1.6007003830196167,-2.318489774219991
2226330515983,-8.071587949281827,1.397268728964999,-2.448117720618474
2226330516000,-8.18318901639638,1.2217253290456052,-1.9734114614223912
2226330516016,-8.496559924126306,1.0306726053777018,-2.512741781814904
2226330516033,-8.59217513169423,1.2251620799467702,-2.199578806390709
2226330516050,-9.177063592805638,1.3138686828551327,-1.6424427620103805
2226330516066,-9.308244955148556,0.9292813439907173,-1.5804354135165521
2226330516083,-9.335125300419353,1.242309698454708,-1.7844853468009603
2226330516100,-8.979545491255838,1.5014681174135491,-1.6279529410445839
2226330516116,-9.577503952175523,1.079118922228167,-1.270686203676986
2226330516133,-9.485866924244737,1.0584405152017649,-1.065324648497561
2226330516150,-9.551388450269261,1.3181519206614585,-1.1873843397630064
2226330516166,-8.901248308721696,1.723188691548092,-1.2550549071366124
2226330516183,-8.809768861480416,1.653608179888467,-0.9854247300267112
2226330516200,-9.063453606483453,1.931973472393568,-0.9477457211701212
2226330516216,-8.795296219147064,1.810760043951234,-1.0944075431647073
2226330516233,-9.047712499170434,1.1369208321080242,-1.253135423644414
2226330516250,-8.059872355427656,1.04023579543294,-1.4132944305715593
2226330516266,-7.945514921034978,0.5751168618352711,-2.2553640215314985
2226330516283,-6.705220684769875,0.904139132536395,-2.739231651296529
2226330516300,-6.604355815807127,0.3974286776665972,-2.250922135410927
2226330516316,-6.448543298187635,0.15788980194401514,-2.2438057092111494
2226330516333,-5.726200808621231,0.24115185403556083,-2.5047373985067005
2226330516350,-6.230146048522412,-0.15981259386824398,-2.4941326894451192
2226330516366,-5.778048018753385,-0.13269082223189965,-2.2875608641289418
2226330516383,-6.202714911210656,-0.006494299746838905,-2.6423216352538272
2226330516400,-6.247242903210405,-0.0407885896563176,-2.500079011344813
2226330516416,-5.788302524231109,-0.48272936816811907,-2.8896841437259173
2226330516433,-6.366100756722237,-0.43992748299302153,-3.101119607758733
2226330516450,-6.82807378510055,0.37802108367175347,-3.00308622889325
2226330516466,-7.0052090783747705,0.05997708264427182,-2.2740313585474325
2226330516483,-6.426051434335113,0.17007186780409356,-2.5473402104726057
2226330516500,-6.6329921331906005,0.002359617609610787,-2.773136078543789
2226330516516,-6.357263262598151,0.5059891535780849,-2.7030284520090957
2226330516533,-7.189779922120488,0.5727843543873243,-2.7851566878094194
2226330516550,-7.73870292871693,0.55250877818417,-2.622177524146502
2226330516566,-7.7525187750107625,0.4824387814701918,-2.628231343135973
2226330516583,-8.709036502860261,0.2787222443460138,-2.9550794831027596
2226330516600,-8.199686764787547,0.19231479476732627,-3.1933502727652137
2226330516616,-8.595241601397067,0.4647533436991953,-3.2037397709029563
2226330516633,-8.435489355804382,0.3576157469680421,-2.901239868183571
2226330516650,-9.39293835171296,0.03408136691598518,-3.225863045395588
2226330516666,-10.038161800551567,-0.0248188005412322,-3.1386193063386343
2226330516683,-10.330678737173422,0.00034749759563723615,-2.651409029483273
2226330516700,-9.954422941938006,0.13355731571185636,-1.9790407974555888
2226330516716,-10.509853250549822,0.38230753731664624,-2.1251823569349604
2226330516733,-10.180214619192945,0.5402048894842109,-2.2971443198443624
2226330516750,-9.950119269748102,0.6723072798958594,-2.378802561872803
2226330516766,-10.387752219473317,0.017003159924623645,-1.6390153080152086
2226330516783,-11.15968613512366,0.2107437565618353,-1.7151403357172064
2226330516800,-11.810425206288045,0.660915118155172,-1.6309065099397315
2226330516816,-11.429328523864505,0.663638323832469,-1.8083769200247355
2226330516833,-11.236395042301982,0.8896459455699866,-1.6494270933030049
2226330516850,-10.529880744816136,0.33209108584812075,-1.8673331138686005
2226330516866,-11.256000093121461,-0.21934586323517546,-1.640371176244864
2226330516883,-12.322353831290753,0.4298178196414826,-1.4807070615728943
2226330516900,-12.634037905555363,0.09958701566829209,-1.534798038408795
2226330516916,-12.297687780013876,-0.5772660978591553,-1.8752357763087224
2226330516933,-12.486324765822385,-0.2513327574492523,-1.8712422334387
2226330516950,-11.336704885269619,-0.4322746320402526,-1.5097571897626927
2226330516966,-11.287957325495121,-0.42898730756694103,-1.2762819490337045
2226330516983,-11.277898128483733,-0.909276281739829,-1.3024591197448911
2226330517000,-11.740342182646735,-0.512765580960644,-1.3195065262607306
2226330517016,-11.655460534882465,-0.8078133306933575,-1.702007493022555
2226330517033,-12.45967897802916,-0.8519996203784661,-1.8657411567208546
2226330517050,-12.386412607647037,-1.0848218907121137,-2.2992328695827933
2226330517066,-12.860669193095639,-0.8194017629462769,-2.13069762582174
2226330517083,-13.232799747184451,-0.6404279120127638,-1.9112994754875559
2226330517100,-13.456666715027666,-1.031659204402465,-2.3392958459676954
2226330517116,-12.797003879968807,-0.9940123579440803,-1.8148983681959194
2226330517133,-12.80971825230078,-1.718366073317152,-2.0236823514006255
2226330517150,-13.3107991752149,-2.6867894447552616,-2.603726480420894
2226330517166,-12.46381804963704,-2.786773086391883,-3.0094269002123015
2226330517183,-11.089498103553012,-2.5153338418983924,-2.5719941420322328
2226330517200,-11.718866397391235,-2.686876111774806,-2.6896461377889587
2226330517216,-11.435476416466672,-2.696405656874459,-3.2340285685142427
2226330517233,-11.03878715959274,-2.1031032980000584,-3.0978938443906947
2226330517250,-10.190471804661517,-1.9323521792560725,-2.436328758595927
2226330517266,-10.939907637188433,-1.9576343069542164,-2.5762751135311417
2226330517283,-9.993931242360452,-1.4712610575614793,-2.832893204031554
2226330517300,-8.726215201346895,-1.4760740003171842,-2.805237121022536
2226330517316,-8.486150732682056,-1.8268450177706916,-3.2372822092257962
2226330517333,-6.692839193935265,-1.8437941540503386,-3.601443806231105
2226330517350,-5.902617959419542,-2.769337130597017,-3.131602080180422
2226330517366,-5.857903702979738,-2.7009954887095207,-3.5091372183830085
2226330517383,-6.655169073038193,-2.516770893980715,-3.9544955700630338
2226330517400,-6.549399573773327,-2.4870285766735885,-4.216725852829859
2226330517416,-6.5555828854115505,-2.8475736929979827,-4.275559527009503
2226330517433,-6.802237352171538,-2.4034599106030794,-3.6294717925178404
2226330517450,-6.734170914383398,-2.4891615289570015,-3.651677931439459
2226330517466,-7.5970566587750294,-2.440557350997598,-3.5556903502074313
2226330517483,-7.146536741664547,-3.2569375306886688,-3.842420676087974
2226330517500,-7.8559285946928945,-2.8419223690419546,-2.9581497752035686
2226330517516,-7.665016135813776,-2.564455294538871,-3.5897819453153406
2226330517533,-7.562060542159097,-2.768761617724946,-3.3884379634126587
2226330517550,-7.003469539386129,-2.3977843453413996,-3.1827399621530263
2226330517566,-6.101116126908026,-2.8250713717071214,-2.7835501144301333
2226330517583,-5.547385530709146,-3.0365556655853227,-3.2550051824725035
2226330517600,-4.865923928506604,-3.08857629759322,-3.3230697595364695
2226330517616,-5.397596677382743,-3.2111679895018628,-3.1599254216134716
2226330517633,-5.703254620399761,-3.563130053941209,-2.9783047775554463
2226330517650,-5.90261727823583,-3.0740652251398024,-2.840107330030453
2226330517666,-5.765340225229281,-2.8838290977971752,-2.640290090883473
2226330517683,-5.723937071310895,-2.6750614849879097,-1.9586145079846484
2226330517700,-6.287603051564087,-2.628015113615204,-2.1792816836951676
2226330517716,-6.896417475699548,-2.9173897952438153,-2.659922603261574
2226330517733,-6.003701440752282,-2.936944025430474,-2.7095276423721946
2226330517750,-6.4413570584293804,-2.5463213466243344,-2.467973085716435
2226330517766,-6.834616618433938,-2.5813709657946644,-2.5939098746963314
2226330517783,-7.1655452737142245,-2.7729441470559917,-2.0702464088604335
2226330517800,-6.37962375070863,-2.5449990740617046,-2.3413439782796326
2226330517816,-6.394004229256995,-2.7095200101436285,-2.622512801914532
2226330517833,-6.435868466896512,-2.814417102202211,-2.9049967912848444
2226330517850,-5.891719325790687,-2.4934162687093373,-3.45194011392999
2226330517866,-7.02910841876885,-2.0229574667844292,-3.532960487010663
2226330517883,-7.400509475038723,-1.994388480334095,-3.1772620038799504
2226330517900,-7.433595138190325,-2.6757656669740033,-3.2826466954075957
2226330517916,-7.449505359670503,-3.4851925325363164,-3.3398467337825593
2226330517933,-5.981760385669619,-3.7978428735847465,-2.714501304351826
2226330517950,-6.562773997548942,-3.451615233474148,-2.1523128089685444
2226330517966,-7.188274030324575,-3.4299423968170766,-2.3607828929274466
2226330517983,-6.582255164596745,-2.8708777100234175,-1.926377464929204
2226330518000,-5.718164843614117,-3.066269448884318,-2.062202816962455
2226330518016,-6.222743727801788,-2.7124440097883222,-1.559865124448876
2226330518033,-4.978829844597581,-3.3585271469235636,-1.6640644493309897
2226330518050,-4.918512825646521,-3.501162865827023,-2.0047941590934872
2226330518066,-4.637665150307777,-3.3330475134755075,-2.06776459166978
2226330518083,-4.089425948597804,-3.5134465433017668,-2.6134945834850467
2226330518100,-3.837607276458236,-3.484743442613728,-2.970863031148397
2226330518116,-4.387244906013819,-3.615220419906185,-3.0750115760707386
2226330518133,-4.377868453391272,-3.4468638062360277,-3.1040584932771864
2226330518150,-4.557065961544521,-3.8580748776661804,-2.870908563639153
2226330518166,-3.9240230189529743,-3.8902693078517467,-2.8718170768559474
2226330518183,-4.4387166277814245,-4.520327288483143,-2.6061323142854964
2226330518200,-5.443089030096763,-4.06239884182021,-3.0624133450358944
2226330518216,-5.274710668171135,-3.9353811941656653,-2.8466803572209476
2226330518233,-5.286874113412001,-4.103118374059841,-2.7294130571301083
2226330518250,-4.670022511719953,-4.856279400747833,-2.5433117862649244
2226330518266,-4.589211782223172,-4.6677029759490924,-2.5626900365779983
2226330518283,-4.799836583672859,-5.409984086480793,-2.5885429488590113
2226330518300,-4.136827572840954,-5.231935493538155,-2.963658261793626
2226330518316,-3.478989166062455,-5.702648993163077,-3.1250404533473883
2226330518333,-3.3973158779027552,-5.632753627296912,-2.943933005487543
2226330518350,-3.6537294090687644,-5.842957201685285,-3.402087567627164
2226330518366,-3.6620909814558464,-6.44927561886603,-3.5843660644750015
2226330518383,-3.1581545726434044,-7.0363692878562585,-3.9108632100096328
2226330518400,-4.067981540443199,-6.916556794832644,-3.6484160357856035
2226330518416,-4.097708629733585,-6.503651380984196,-3.957145820141132
2226330518433,-3.260512791590697,-5.885616410765172,-3.4355989769792514
2226330518450,-3.344905154861095,-5.70119827196596,-3.1343831951720205
2226330518466,-3.339041313171869,-5.618040001377927,-3.6873658968354777
2226330518483,-3.8979668082213452,-4.930782547947274,-3.4910443160896127
2226330518500,-3.762766157736956,-4.998251342157117,-4.202410429813749
2226330518516,-3.2503301376348763,-4.810610193873129,-4.053098762690827
2226330518533,-3.2891634464740775,-5.447763916273952,-3.241264750209535
2226330518550,-2.933786185892763,-5.709129211527206,-3.3552073142299075
2226330518566,-2.1908325673699744,-5.516305440849125,-3.112664068571988
2226330518583,-3.088242479272054,-5.7085789925713755,-3.4267844093751934
2226330518600,-3.3090140576818174,-5.775310815775431,-3.2191850372155755
2226330518616,-2.768269860656764,-6.064162457222994,-3.087767727571488
2226330518633,-3.9311716617590715,-5.725066474712096,-2.164664270489755
2226330518650,-3.629439099976482,-5.206495289649253,-2.1382897890070773
2226330518666,-2.897074160321886,-5.26332474841832,-2.241537987649873
2226330518683,-2.732528570772132,-5.467645566202079,-1.6414700091320378
2226330518700,-2.6469101934311494,-5.6024462832003525,-1.9285586373729624
2226330518716,-1.6007016154305753,-5.507320404647224,-1.5525932770660342
2226330518733,-1.4320897885468522,-5.679555237678754,-1.3188325855036913
2226330518750,-0.7675442236233154,-5.63457760761153,-1.8168096810960346
2226330518766,-1.3351590278253198,-5.5706814486034295,-1.5010534188881268
2226330518783,-0.5730409834883412,-5.298137900294894,-1.8762571819938232
2226330518800,0.44625032938862397,-5.125723058491111,-1.4166814018718923
2226330518816,0.8356115022169543,-5.512597962243469,-1.1145536452461737
2226330518833,0.5584183899193222,-5.9888032724584646,-1.2789119203453767
2226330518850,0.6177239190499764,-5.923352939573507,-1.0509657474673824
2226330518866,0.7074597190541523,-5.734362016612624,-1.3274808332780654
2226330518883,1.464715852318072,-5.996450174252616,-2.298714872864615
2226330518900,0.9243193350963983,-5.881609529893468,-2.3517714414859903
2226330518916,1.1178283409000613,-5.793753949959551,-1.9900848371334965
2226330518933,-0.051369692116766785,-5.186446256036171,-2.0364589818017134
2226330518950,-0.6498357843490217,-4.791518220198476,-2.076175617403297
2226330518966,-1.2394336736202223,-4.764309766235783,-2.379274737544487
2226330518983,-1.2270382193119875,-4.785167610658372,-2.7758153383698367
2226330519000,-1.7624343202072557,-5.030169588244564,-2.781086930644404
2226330519016,-0.9500452764712417,-4.974818335692594,-2.004315936544627
2226330519033,-1.0602164694585792,-5.170932749541593,-1.639934022200541
2226330519050,-0.8846707487312289,-4.4393087965942595,-1.5784885107421758
2226330519066,-0.09986398174327071,-4.026723600687191,-1.1391765146838573
2226330519083,-0.18439917455600252,-3.9060172390868857,-1.094441578920177
2226330519100,0.4197477077563132,-3.5561867712581816,-0.854858565909745
2226330519116,0.6831929528508542,-2.9983659917883005,-1.0449620740636685
2226330519133,0.7656049928170399,-3.1966836308810374,-1.2184546108912935
2226330519150,0.5214352762459011,-3.113103379453996,-0.985685166712837
2226330519166,0.7621950767547618,-3.180709307825004,-0.7688737541214348
2226330519183,1.6455988767111336,-2.8694543450937426,-0.5856927660610753
2226330519200,1.6889210466030393,-3.668961751726842,-0.6518497223888251
2226330519216,1.0147908481373369,-3.3429257681628246,-0.8876242005255417
2226330519233,0.671209873065659,-4.163065844153652,-0.8646624636852023
2226330519250,0.36126153159897445,-4.744983645927989,-1.5658715661467966
2226330519266,0.9219971494123094,-5.21366575577197,-1.5214278954849998
2226330519283,-8.02162511792659e-06,-5.5801486328641,-1.3508706290740464
2226330519300,-0.1386988026965712,-6.239401115797785,-1.7114355320757129
2226330519316,-0.3517076349333115,-6.219335549734641,-1.375672239918876
2226330519333,-0.9708668370257136,-6.097418776776629,-1.4318559942717135
2226330519350,-1.0463985526244528,-5.7614539633392665,-0.9930874222607957
2226330519366,-1.6847593317576024,-5.863607639482312,-0.7297901307128005
2226330519383,-2.124194228823821,-5.711995869703662,-1.5323097543881476
2226330519400,-3.100920703773892,-5.506781138224565,-2.253008943926287
2226330519416,-4.047675367588741,-6.332419719730688,-2.179280750257637
2226330519433,-4.56023449742135,-6.344796278843273,-1.9565908175133313
2226330519450,-4.296830236376784,-6.588118850779795,-2.054801509035203
2226330519466,-4.081533903782048,-6.463322100207026,-2.07650705517176
2226330519483,-4.2199814457761695,-6.117715370775765,-1.8214400459916271
2226330519500,-5.082143481697077,-6.3108431168793935,-1.5684278038586856
2226330519516,-5.2520119943521655,-7.374451328099456,-1.4453635398102527
2226330519533,-4.727189541449688,-7.373935758217818,-1.3049560590434988
2226330519550,-3.0668859961073496,-7.503017559684399,-1.2728770190053897
2226330519566,-2.573666017081297,-7.76035831242859,-0.6797327255226384
2226330519583,-3.2604646782909135,-7.466383982150533,-0.28774075143623534
2226330519600,-2.861602352916242,-7.341412202315964,-0.14962186629613772
2226330519616,-3.3746502894676293,-7.879400992260474,-0.48362924734793733
2226330519633,-3.3194007593915247,-7.559697712774148,-0.5598409857036946
2226330519650,-3.5818049900354314,-7.290032244413052,-0.4860987379271893
2226330519666,-3.4970677509792107,-7.0970800060262,-0.6348002104758317
2226330519683,-2.2223866647974204,-7.208162560017129,-0.34497685972038417
2226330519700,-2.3116271154752184,-7.046154267593607,-0.41509880208200034
2226330519716,-1.8585644162001413,-6.932809812750858,-0.380676424740098
2226330519733,-1.9422785484103673,-7.087607794045485,-0.3766042116329693
2226330519750,-1.0773927119464979,-7.494615999494013,-0.2753097304342691
2226330519766,-1.5349265158928773,-7.776855412846404,-0.45591162957696474
2226330519783,-2.3143595044290604,-7.731081980814597,-0.8552778209324545
2226330519800,-2.373042121121345,-7.212387539499048,-0.7245851904433529
2226330519816,-1.3606335127288487,-7.489231658455072,-0.8142080295070695
2226330519833,-1.4767051687311952,-7.975443394800053,-0.4780381610044553
2226330519850,-1.7804266774505533,-7.44139842358299,0.10564008429538818
2226330519866,-0.9120159180417895,-7.478408186062252,0.21001989529041554
2226330519883,-0.5439801348916573,-7.546395557116478,0.2214209296927283
2226330519900,-1.609190343669603,-6.891394551882247,0.2388273778131733
2226330519916,-1.1918941308655837,-7.324386372207361,0.37418921418036355
2226330519933,-1.5516865122785974,-7.636197896398292,0.5153071033816152
2226330519950,-1.8047232445495718,-7.465472670654879,0.26070093627892943
2226330519966,-1.2163764393428762,-7.580951130963874,0.40122114323352864
2226330519983,-2.11992856753927,-7.98358353617934,-0.22095624142237735
2226330520000,-2.6466956937407886,-7.033676543840642,-0.2311285945989079
2226330520016,-2.4487543104822067,-6.8902020740194985,-0.0356024138330695
2226330520033,-2.4573439409263407,-7.094658215605209,0.07627085970403291
2226330520050,-2.3766186727181084,-7.167867307802947,-0.0209659380337075
2226330520066,-2.2833887884652055,-7.502318404587241,0.07335798566447904
2226330520083,-2.5914269627834314,-7.531825008959944,-0.16368640254581468
2226330520100,-3.1880432159836625,-7.4809434892526605,-0.23723155939336804
2226330520116,-3.3581509766819684,-6.484731613012806,-0.6897112905695164
2226330520133,-3.6435006087323423,-6.179474454044001,-0.8248700645808333
2226330520150,-3.052480317768732,-6.560183521139841,-0.744242476233842
2226330520166,-2.944250209985301,-6.679051545270478,-0.8861064902647402
2226330520183,-2.0985939891496783,-6.6101267096043355,-0.9549367425741804
2226330520200,-1.9552235056961993,-7.024299748761952,-0.9037716472465003
2226330520216,-1.460721797215034,-6.9631825370371585,-0.6103976834880083
2226330520233,-1.7305053855140988,-6.397673382809378,-0.6007689159458969
2226330520250,-1.0339035124093976,-6.434862078861453,-0.7645752245852613
2226330520266,-0.5734580540271113,-5.507625628170271,-0.9998221846613009
2226330520283,0.46552129336446946,-5.229325175045322,-1.536699407305644
2226330520300,-0.13055100704967337,-5.249578030338444,-1.432950823817453
2226330520316,-0.508955450908509,-4.735794610567711,-1.7103449804287512
2226330520333,-0.3033456540406947,-4.982736251559112,-1.2390598172322966
2226330520350,-0.2449712995615725,-4.590897523366621,-1.168065998961576
2226330520366,-0.7978248798979042,-5.284993133174561,-1.334786386404776
2226330520383,0.053318539919671615,-5.257827997602768,-1.1784176644442348
2226330520400,0.9279123861740173,-5.488016997743233,-1.2291130509765256
2226330520416,1.2256825566439735,-5.770929628643989,-0.8359817860207821
2226330520433,0.10996558943622947,-5.647185397018097,-0.6939029364338767
2226330520450,-0.30153645618874503,-5.305165442847238,-0.6419826477497805
2226330520466,-1.5678676990021247,-5.3623617157960295,-0.9630805533196636
2226330520483,-1.66042642410441,-5.462135992203467,-0.9574989907334155
2226330520500,-1.212320004699711,-5.160960776069732,-1.1709158919356524
2226330520516,-1.2693611718623452,-4.485060043768931,-1.2672851474487001
2226330520533,-1.0362720721295036,-3.960668622023666,-1.0412054739294607
2226330520550,-0.9147715891711039,-3.566564106241018,-0.8874723064080272
2226330520566,-2.3097711543716004,-3.3510598546444688,-1.214080069328059
2226330520583,-1.8260548941065675,-3.4016076793802825,-0.8612716579859794
2226330520600,-1.8773029655108369,-3.3288680892828224,-0.7914188754163507
2226330520616,-1.7485193785134934,-3.4787536284655167,-1.4994439243007998
2226330520633,-2.5375327432041748,-3.5037602784403106,-1.4415146694912997
2226330520650,-2.814598575319231,-3.849774654081967,-1.5221916603472396
2226330520666,-2.3632588089232427,-3.9617590633910886,-1.2878090928349373
2226330520683,-3.3769811759365598,-3.8288420646686703,-1.1322406535394602
2226330520700,-2.796154187912692,-4.262664604585828,-1.494952541577217
2226330520716,-2.694726302442658,-4.123897664990187,-1.133743065746395
2226330520733,-1.9119811000689482,-4.3718319263473955,-1.1439726562147556
2226330520750,-1.6242972966837055,-4.8504015848215944,-0.9686020740673098
2226330520766,-2.369315768346072,-4.5648756201485785,-0.7221856490877072
2226330520783,-2.44981557524614,-4.569373521173286,-1.0794074439475025
2226330520800,-2.0058748538725095,-4.694375081323388,-0.9911933608366428
2226330520816,-2.1216096776842344,-4.455906033221385,-1.1303806599483122
2226330520833,-1.212922491426358,-4.313268390197182,-1.1379759562239
2226330520850,-2.0269243952471356,-4.838790487220887,-1.0353390285790964
2226330520866,-3.3654122186072364,-4.4722010640364855,-1.6114269081184285
2226330520883,-2.995083065813586,-4.1908764254886925,-1.2167805228147004
2226330520900,-3.617985919777045,-4.162877260695478,-1.534279859720309
2226330520916,-2.679072518739969,-3.5982499391777116,-1.7386423936930904
2226330520933,-2.549169392251589,-3.456569701928158,-1.9607058535513768
2226330520950,-2.7961759418502856,-3.103482210712659,-2.6877897990802992
2226330520966,-3.645360436602214,-2.6034717759386674,-2.8674482992677355
2226330520983,-3.5080395124393995,-3.1593634131811292,-2.8860076547406464
2226330521000,-2.846459488604184,-3.983847907986437,-2.4701305397116964
2226330521016,-3.6570608491832193,-4.578856545018956,-2.573104923606098
2226330521033,-4.603220875573858,-4.803923735101247,-2.675073243526094
2226330521050,-4.334515670601741,-4.58330080584965,-2.5671061337653716
2226330521066,-4.918760779461011,-4.557804404117716,-2.3456234456875658
2226330521083,-5.101478409470859,-4.593134527709704,-2.3261149433708277
2226330521100,-3.854930489456676,-4.693568850049237,-2.1781825485652044
2226330521116,-3.441505036823483,-5.360216656887435,-1.4371886241758147
2226330521133,-3.136465726419919,-5.2928889216871,-1.7082007159648065
2226330521150,-3.717855115482366,-5.528198310165283,-1.7575051389336058
2226330521166,-4.361525088758109,-5.439290246712181,-1.4880346343382982
2226330521183,-4.36713366234078,-4.898994331295697,-1.009190611702509
2226330521200,-3.203417112257392,-5.6539449460327695,-1.1634337276460043
2226330521216,-2.810745836068505,-5.677693655336201,-1.1429222632833018
2226330521233,-2.1825691019089404,-5.757369439614404,-1.6888543802152978
2226330521250,-2.29323738032311,-5.931013139080127,-1.9535859780295615
2226330521266,-3.3180004261279645,-5.745281883979219,-2.5200413203512926
2226330521283,-4.162525950885952,-5.8656074758772485,-2.5596942605903785
2226330521300,-4.326625847596316,-5.605065538608844,-2.8086765237856093
2226330521316,-4.5493581811460695,-5.909917226433726,-2.70512550451365
2226330521333,-5.206751476201219,-5.567724292995144,-2.6705788449224714
2226330521350,-5.912943033835596,-5.39228229047848,-2.8128525801453996
2226330521366,-5.874998215277594,-5.332567868374165,-2.9693991423504986
2226330521383,-5.6619104845619965,-4.637092390609686,-2.99966981740236
2226330521400,-5.898993716656686,-4.374891601919753,-2.3988366565903108
2226330521416,-5.764400699206139,-4.476935721686067,-2.13394929190036
2226330521433,-5.502891317577187,-4.433771487947977,-2.1861904195830646
2226330521450,-5.712977341265755,-4.293281002865241,-1.8676150782616958
2226330521466,-5.771048173368602,-3.7874336474446944,-2.2045141619631194
2226330521483,-4.611214587328422,-3.9139784052753286,-2.4519975018330395
2226330521500,-3.9057773691008295,-4.555302587098556,-2.327479550916699
2226330521516,-2.879744005689115,-5.57902000629327,-2.2418288394900054
2226330521533,-3.5277857609157834,-5.267481376416567,-2.0245258043262333
2226330521550,-2.9480397983389937,-5.6880158585516964,-1.8635992822225014
2226330521566,-3.1439555630144422,-5.543272968163042,-2.475110100439892
2226330521583,-3.004240626470576,-5.202633119321344,-2.685139816647136
2226330521600,-3.8395686255248638,-4.9753030452107065,-2.4780231428191684
2226330521616,-3.3421582241685917,-5.300440879296747,-2.2540626636846177
2226330521633,-2.885325965542763,-5.637691570931355,-2.2242040458282952
2226330521650,-3.0038785547568363,-5.638496383678376,-2.175511002888046
2226330521666,-3.2973354543049624,-5.795242917550199,-1.893173852610571
2226330521683,-3.7496904666587496,-5.351433810192797,-2.176286362569166
2226330521700,-4.169190437489483,-4.8566098378404,-2.369455397615578
2226330521716,-2.8396611034885804,-5.0176146590990305,-2.3593595084107966
2226330521733,-3.27507505885489,-4.6637592834567405,-2.211464317555375
2226330521750,-3.298082806219446,-4.915938941879372,-2.518974934087117
2226330521766,-3.994901002121775,-4.677652626054033,-2.453393582768542
2226330521783,-3.830127836722113,-4.829540701607048,-1.941142217719271
2226330521800,-3.7156052436847613,-5.374290630456456,-1.7159526965543006
2226330521816,-3.955616229789218,-5.501568204888253,-2.099868214771317
2226330521833,-3.919193297901135,-5.309273909553884,-1.6925003863913717
2226330521850,-3.7300926605066995,-4.8366432384396045,-1.6805270141922382
2226330521866,-4.563819560143417,-5.032296402407294,-1.838681117693134
2226330521883,-5.093456107114823,-4.51457842815819,-1.8212442522425203
2226330521900,-5.121212976994645,-3.9536262556114674,-1.8926950183978224
2226330521916,-4.856711142547987,-4.3175421169501185,-1.3914886963300608
2226330521933,-4.47651844065215,-3.998557723086282,-1.7094409199287317
2226330521950,-3.0432377907323085,-4.425736401147952,-1.9698494870613377
2226330521966,-2.4199249030515655,-4.054708401760024,-1.522910526628896
2226330521983,-2.326674287530448,-3.988583945865333,-1.7186305071577301
2226330522000,-2.1700984462843462,-4.035786065349402,-1.6185795411927981
2226330522016,-2.228723162494184,-4.667701788162567,-1.6500341368868545
2226330522033,-2.159220476608678,-4.833945801408575,-1.80286874245189
2226330522050,-1.444585225524508,-4.644227055857165,-1.9043877577382047
2226330522066,-1.9978746421425866,-4.30565944741121,-1.9215628037668882
2226330522083,-1.9842669187938182,-4.18737161397139,-1.5405525532585296
2226330522100,-1.6259565872205672,-4.523898529991527,-2.0890030770315615
2226330522116,-1.6163542104948707,-4.585412982841108,-2.2248991883271914
2226330522133,-1.887246638591618,-4.47986944096284,-1.875931469670466
2226330522150,-1.003450507300454,-4.516301316201057,-1.516993172240528
2226330522166,-0.49854324732719935,-4.896833339118605,-1.4243917816481086
2226330522183,-1.014814651721521,-5.224933370875526,-1.5226395968457997
2226330522200,0.02785158268892296,-5.0940140047084945,-1.469523611629179
2226330522216,0.5461910366030409,-5.329278061990361,-1.5350957133084522
2226330522233,0.7288879455843462,-4.564497856263407,-1.5722359964805002
2226330522250,1.8143161665509542,-4.798064792709765,-1.5020339826539353
2226330522266,1.077444664127773,-4.8580645117581644,-1.2110599756846323
2226330522283,0.7929754052043787,-5.350752701401769,-1.5128812886633025
2226330522300,1.7622953518453288,-5.380070750747663,-1.4854087803424534
2226330522316,0.9999177468092233,-5.00048738563297,-2.0321229584081384
2226330522333,1.3852935167452003,-4.567443377580728,-2.470313518967827
2226330522350,1.2169188879876938,-4.8726903430114055,-2.5430694055246685
2226330522366,2.0672899927606743,-4.967458355405866,-2.872369157015724
2226330522383,1.9322306006487509,-5.293218906377543,-2.626743054513082
2226330522400,2.074969639282844,-5.558109197895848,-2.504583315712154
2226330522416,1.7096485389007094,-4.587364423207091,-2.6644775097671065
2226330522433,0.7806136992478887,-5.207201392847503,-2.5798690354137968
2226330522450,0.5406477885367353,-5.605148497622903,-2.2022455518202304
2226330522466,-0.976767220743902,-5.975209286371461,-2.266715053955105
2226330522483,-0.7968055540671513,-6.138701748942705,-1.9834833534530008
2226330522500,-1.3442017392212442,-6.645029025502453,-2.1051872776345997
2226330522516,-1.3271619117405509,-6.100332783038748,-2.2893383989928444
2226330522533,-1.493604780646964,-6.015786084924664,-2.5060436722662827
2226330522550,-1.2021330800639944,-5.8119439334908725,-2.9462637230993836
2226330522566,-1.202016255373731,-5.908809749991076,-2.6080398201083543
2226330522583,-1.5060415266976,-6.115054027599111,-2.3092462581671973
2226330522600,-0.5138145772186462,-6.667686918168932,-2.910957465051611
2226330522616,-0.05104374850162774,-6.531609755574009,-3.0992274498259915
2226330522633,-0.5294519602035068,-6.460162917389086,-2.81623787212322
2226330522650,-0.26044951923939674,-5.994549135070165,-3.3327747098261526
2226330522666,0.04942327547221126,-5.852057656987021,-3.182808703652201
2226330522683,1.1259943084752786,-6.565502694612362,-3.1466582564868344
2226330522700,0.9446108146871763,-6.286080778480179,-2.9920841811397265
2226330522716,1.3676147099271718,-7.195614974291457,-3.506371014087756
2226330522733,1.560644568725455,-7.079942934589245,-3.0116073748051937
2226330522750,0.3763750986653349,-7.214320000255961,-2.7183677245629183
2226330522766,0.410817614537053,-7.284852393482085,-2.7550013253547747
2226330522783,-0.11811615900146855,-7.7662235953672685,-3.180571458330911
2226330522800,-0.29533213412797554,-7.475579344230745,-3.629305413635707
2226330522816,-1.0257555712333764,-6.810886421736851,-3.257614002535778
2226330522833,0.18324993967670888,-6.7032653968883364,-3.94635355921673
2226330522850,0.3305545060408024,-6.063866916007873,-3.739426519958066
2226330522866,-0.00702323271861971,-6.215014777125775,-3.5245143157865684
2226330522883,-1.000635810022366,-5.903285054752818,-3.572330895956024
2226330522900,-1.7194745034651158,-6.382974726965934,-3.3970214134711036
2226330522916,-1.7468681040080716,-6.688096621279026,-3.5934756360194218
2226330522933,-1.856930808699655,-6.7109375479350435,-3.494874783797636
2226330522950,-2.0682908769452615,-6.625587615963033,-3.6738585382962086
2226330522966,-2.3627253746733015,-7.018665802618982,-3.8325519503911085
2226330522983,-3.1897253521018425,-6.904659992174484,-4.020087233091871
2226330523000,-3.389451371649245,-6.563818484155732,-3.9302394485842735
2226330523016,-3.583878170988398,-6.548996989472602,-3.8508769237605875
2226330523033,-2.9352409195411235,-6.196872460265257,-3.5709390658965927
2226330523050,-3.24076542109923,-5.927231593405684,-3.7011482280636363
2226330523066,-2.598349507747711,-6.957700055993472,-3.9277015778291555
2226330523083,-2.2345711614693706,-7.304798451737891,-4.152347330942618
2226330523100,-1.269376308556244,-7.012116192138944,-4.649288162536523
2226330523116,-1.3992095263231672,-6.966642003754809,-4.542154185869974
2226330523133,-0.9838173029657828,-6.57916823282068,-4.079292784980341
2226330523150,-2.0653618712405812,-6.37908222195284,-4.212988438955338
2226330523166,-2.2119468080848104,-6.227027551609179,-3.9651231083492
2226330523183,-1.828438522448116,-5.381379417058386,-3.6023723898583624
2226330523200,-1.6919802135611395,-5.223885389446178,-4.0152476172193
2226330523216,-1.2314263791748998,-5.654145881338578,-3.9713889159001896
2226330523233,-1.7868773160677343,-5.8299225259375635,-3.7487164016123966
2226330523250,-2.1006868511067145,-6.353859360197632,-3.975754167534757
2226330523266,-1.5248118084300155,-6.266746297054122,-4.259314158101414
2226330523283,-1.3643243654904755,-6.9601507891479955,-4.348762172300605
2226330523300,-2.001596714685632,-7.0337872460038655,-3.756204103413441
2226330523316,-1.639408079396064,-6.92455407235401,-3.4811897440881885
2226330523333,-2.0529147268253247,-6.95708496336772,-3.523553665671511
2226330523350,-0.9766777295973048,-7.1404261486145435,-3.323180067678623
2226330523366,-1.0106284805025973,-7.263400826513049,-3.384243078669783
2226330523383,-2.4246394435790988,-7.579659204354559,-3.618109738328847
2226330523400,-1.7874630278380845,-7.821404190794616,-4.127064269908573
2226330523416,-1.0447390418412033,-7.850732578547982,-4.19770197891555
2226330523433,-0.5774140953134328,-8.20004942073365,-4.6690971225834526
2226330523450,-0.3646724912526871,-8.258498237044392,-4.687401199601634
2226330523466,-1.2630864015219414,-8.863226023470878,-4.630478129791027
2226330523483,-1.210426081945628,-8.332252955560069,-4.394934944290528
2226330523500,-0.9272766209396641,-8.17378661859281,-4.460764329782853
2226330523516,-1.8532035978860928,-8.94418331910184,-4.261619804567677
2226330523533,-2.3040495868920403,-8.836258422265693,-4.3912750238812865
2226330523550,-1.8983393222044769,-9.69649131145366,-3.861829789564627
2226330523566,-1.299988096535868,-9.729312477387388,-3.6751544777465637
2226330523583,-2.216992861790902,-9.748726673650179,-3.8861531424813696
2226330523600,-2.2656368394936854,-9.978085360756111,-4.065621035069065
2226330523616,-3.2113151122790224,-9.675389848264633,-4.8445808985763055
2226330523633,-3.852897360977189,-9.491662578423316,-4.630562951471194
2226330523650,-3.0821587923869354,-8.987179465978627,-5.015573914620976
2226330523666,-3.595017405062605,-9.442610950072485,-5.173807585827271
2226330523683,-4.158078572889699,-9.987190259535856,-5.580900885908221
2226330523700,-4.144305072601318,-9.596150330356936,-5.641621054337794
2226330523716,-4.926438519893482,-9.892287990383114,-5.566472414773038
2226330523733,-4.21685729884508,-9.889320309530152,-5.290894258449185
2226330523750,-5.278508977482424,-9.450926396426965,-5.117852187867284
2226330523766,-4.890021594064684,-9.22395743735272,-5.206627965192968
2226330523783,-4.241199175080567,-9.262328559183455,-5.150109556512237
2226330523800,-3.160548445288013,-8.926910838968315,-4.435135161552711
2226330523816,-3.205609086403043,-9.024027803543628,-3.868415606655229
2226330523833,-2.817934629178029,-9.531923202501604,-3.7181230715552833
2226330523850,-2.823975447077366,-9.742729784797557,-3.7247866416798434
2226330523866,-2.8633085108184897,-9.689538347112807,-3.5209232079736026
2226330523883,-3.4694402041290298,-9.840932833497348,-3.60487133107349
2226330523900,-2.9585806767193987,-10.069977642215958,-4.0617344847652515
2226330523916,-3.8615164277853715,-9.902186764108155,-3.924059660856471
2226330523933,-3.9584962208566083,-9.997360630103213,-4.231735536327725
2226330523950,-3.797799957596227,-10.235439580584156,-4.432475797857056
2226330523966,-4.009491506036948,-10.70952630081834,-4.867316556402331
2226330523983,-4.261486313252313,-10.587564097795916,-5.002898955806165
2226330524000,-4.642781087522979,-10.639063453902537,-5.064245832423244
2226330524016,-5.07567233066854,-11.119667750402257,-4.716218291691709
2226330524033,-4.786479735639474,-10.576990898273701,-4.57569677714134
2226330524050,-3.8407107029587007,-10.466088463446837,-4.362517452206561
2226330524066,-3.0314119877641117,-10.80788755847635,-4.158585926599981
2226330524083,-2.699724025378689,-10.774736789267568,-4.616737828226844
2226330524100,-2.226755299733692,-10.667045124706547,-4.6634034552500285
2226330524116,-2.881770067555365,-11.877310931228603,-4.216574656278456
2226330524133,-2.786502705999149,-12.085874338602403,-3.9238388096475916
2226330524150,-1.595135343138804,-12.558662176576163,-3.837006732708563
2226330524166,-2.1524029652327075,-12.783724987199834,-4.311738489931849
2226330524183,-1.4330141978487858,-12.962336112475128,-4.125996663593864
2226330524200,-2.368940890073422,-12.836690781158248,-3.805781815344347
2226330524216,-1.2711480531699886,-12.790159973430693,-3.6272632746495552
2226330524233,-1.4521396328725173,-12.103218712311802,-3.5871208902613616
2226330524250,-1.1610032432795214,-12.087370948647145,-3.4354329057560236
2226330524266,-1.942104541948269,-11.976962249422453,-3.5990590956076915
2226330524283,-1.4728325098672035,-11.385600100688823,-3.2624901699718256
2226330524300,-2.202635265478397,-11.871904841038056,-3.1266221682018105
2226330524316,-2.6746339967617203,-11.980396895654282,-3.426180463245902
2226330524333,-2.641509755559467,-12.141096968552425,-3.638709079713756
2226330524350,-2.7606733631423643,-12.157731243092508,-3.5793971354012544
2226330524366,-3.34595987552793,-11.724428411740163,-3.7569663617619877
2226330524383,-3.128122288827141,-11.729090443707902,-3.9378616918689007
2226330524400,-3.0231738715097434,-11.268485753923686,-4.2951291071498865
2226330524416,-2.349826834559578,-11.759174213658238,-3.964448681613223
2226330524433,-2.0678484078775656,-11.66649838312856,-3.9509403873811486
2226330524450,-1.0331954687278162,-12.345757177471462,-3.7426246383695787
2226330524466,-1.5329543009720918,-11.825555680721694,-3.353043928918599
2226330524483,-1.8910310129448709,-12.434584980458142,-3.490480499050877
2226330524500,-1.6534124488900668,-13.27570739392007,-3.788476982343254
2226330524516,-0.9862340120239876,-13.262103376303429,-3.200637296480581
2226330524533,-0.71002764455194,-13.771229181427593,-2.6428037785983443
2226330524550,-0.35687945057346226,-13.231214453522728,-2.4263973440252435
2226330524566,-0.25408498130064405,-12.883661851908421,-2.5302022011074667
2226330524583,0.31578789492320425,-13.342255827979812,-2.792662382789317
2226330524600,-0.06460153025770232,-13.484606544727008,-2.8836054978561227
2226330524616,-0.3817286675983036,-13.063771464243521,-3.0121584809792887
2226330524633,-0.5149481508370277,-13.213030291483452,-3.249159942968617
2226330524650,-0.32635099146173197,-13.351374373003232,-3.1222181668035196
2226330524666,-1.7936619643662892,-13.348115202424154,-3.082361868139249
2226330524683,-2.3231018457839103,-13.608595157925205,-3.2926040297929493
2226330524700,-2.4049338124467194,-13.039984600868511,-3.2632200146217962
2226330524716,-2.2246403439453455,-12.763590175982811,-3.5892669169585996
2226330524733,-2.51352361514783,-13.217447342902549,-2.920113699613429
2226330524750,-1.6289517147419144,-13.124066731461426,-3.044059120452026
2226330524766,-0.7424515549944912,-13.323333026696112,-2.8316290769599406
2226330524783,-0.7079127005645471,-13.426171126818666,-3.0053997533234136
2226330524800,-1.4258375526880376,-12.851954359502137,-2.527535498882348
2226330524816,-0.8397192902523978,-12.84135848702165,-2.422726615871154
2226330524833,-1.0661947357326609,-13.847387359344236,-2.6353619851754457
2226330524850,-0.6694470402653208,-14.458794282146968,-2.3759573255452144
2226330524866,-0.8008069640344857,-14.348644435388424,-2.5132769468280753
2226330524883,-1.028483189715435,-14.259654520952783,-2.778582752334315
2226330524900,-0.6355748638939085,-14.196762011669321,-3.2502748725729584
2226330524916,-1.2046226834369054,-13.9122837118896,-2.8031990407229257
2226330524933,-1.23165149486787,-13.94077222861234,-2.5869591221948824
2226330524950,-0.901168666562584,-13.443901440882591,-2.222016854204025
2226330524966,-0.14452817117225347,-13.155620522004757,-2.575300871789291
2226330524983,-1.2177256183811371,-12.886265317587295,-3.1999718971639357
2226330525000,-0.4062221051586761,-12.732611342417314,-3.226294423790071
2226330525016,-0.6055283859047726,-12.602992035211475,-3.185605540182395
2226330525033,-0.02846101276179791,-12.378883542790263,-3.573366565990478
2226330525050,0.41430396568242145,-11.772026279544178,-3.4620530438918453
2226330525066,0.5760451708277765,-11.617161165472158,-3.5836153602152416
2226330525083,0.04393873883088606,-11.266209412607846,-3.7348285896400895
2226330525100,-1.0105129208670829,-11.6902108211392,-3.8030216358388143
2226330525116,-1.1584964673580846,-11.261439804290905,-4.279102057783009
2226330525133,-1.240578562196467,-11.237528072910898,-3.9914586874599185
2226330525150,-1.6520673562400114,-10.535051791402235,-3.9621563055857565
2226330525166,-2.2983442211518885,-9.90214931641833,-3.811053702286393
2226330525183,-2.3029492772442874,-9.695732113640965,-3.902919850273014
2226330525200,-2.068602931661573,-9.642721187066998,-3.8556089533558193
2226330525216,-2.6804757845958846,-9.55938398702946,-3.7994055771997175
2226330525233,-2.750499324008121,-8.538030356699213,-4.388914216572858
2226330525250,-2.361127119184954,-8.816326288686405,-4.335152623221836
2226330525266,-1.5106344816763118,-8.869661001617411,-4.283795264073106
2226330525283,-2.2141143684990126,-8.677760930355166,-3.8549523694161576
2226330525300,-2.4734263518793997,-8.494577248184342,-3.985237106057808
2226330525316,-1.9579643636133683,-8.746401080640537,-4.13297828519795
2226330525333,-1.7682699878101693,-9.077837250706954,-4.085218713290475
2226330525350,-2.1816218916861665,-8.938886715716652,-4.027268338788028
2226330525366,-2.2798968759069353,-8.50578950914015,-3.9128447858153224
2226330525383,-2.250623763493517,-8.319624933258053,-3.4561808715807913
2226330525400,-3.093683135986433,-9.14388707735055,-3.8697958424092564
2226330525416,-4.105675718211821,-9.128361021879403,-4.638864545313202
2226330525433,-4.225257288067702,-9.55676281825151,-4.828417722720511
2226330525450,-4.470595443625349,-9.473937099160796,-4.487997482937904
2226330525466,-4.958806150176136,-9.480850994745289,-4.361997246763408
2226330525483,-5.92164134617243,-9.217261160237129,-4.48745986992118
2226330525500,-5.127904413989206,-8.943867392148654,-4.91544391900247
2226330525516,-6.10414555354588,-8.650970056698023,-4.706430980083086
2226330525533,-4.739088089741897,-8.451255282197225,-4.261360326518606
2226330525550,-5.477623599351002,-7.852252346824992,-4.3251873593748735
2226330525566,-5.410245854489857,-7.652693795298227,-4.496739269275819
2226330525583,-5.807870724826641,-7.3606466006697335,-3.904074199219209
2226330525600,-5.416778797767273,-7.065745001729622,-4.267412246393596
2226330525616,-5.229221509671226,-7.4803923812394375,-4.53366324182106
2226330525633,-4.77825065184042,-7.652695979352186,-3.8607883904691054
2226330525650,-4.397426932824155,-7.570347596413347,-3.853115286991433
2226330525666,-3.9968901576751037,-7.585155717560185,-4.082195502573032
2226330525683,-3.408564717498191,-7.494619537681665,-4.1730275056719375
2226330525700,-3.435002501394359,-7.615808326295454,-3.52619147144209
2226330525716,-2.7821125354508007,-7.893348955236071,-3.12552544217431
2226330525733,-2.9449876522859038,-7.863729696951342,-2.9906745151293994
2226330525750,-2.2275719571353876,-7.725074291914122,-3.592643377547421
2226330525766,-3.0602745183002287,-7.787509083571565,-3.692713846329357
2226330525783,-2.08797162356176,-7.4130749331296,-3.9309688395446347
2226330525800,-2.1576171172819656,-7.780347282199555,-4.029582482154541
2226330525816,-2.25491471840568,-7.7862845597002925,-4.154691281819335
2226330525833,-3.094833404220064,-8.282025822575221,-4.300720155623238
2226330525850,-2.918654880317234,-8.184953042004608,-4.238940919167397
2226330525866,-3.0017662893926316,-7.935467257484207,-4.24118082051651
2226330525883,-1.717913512775044,-7.829980699950648,-3.907855526113111
2226330525900,-3.425923020542763,-7.2676172247687925,-3.868435201290216
2226330525916,-3.0865823919278483,-7.311839838403609,-3.733342653547927
2226330525933,-3.392067718114223,-7.48418070752289,-3.420367168633849
2226330525950,-3.481138390186896,-6.751106710253178,-3.3097406851323514
2226330525966,-3.461444947016376,-6.8783819870529435,-3.201536307433698
2226330525983,-4.3922930898643,-6.881951256096993,-3.8176006255219925
2226330526000,-4.2411270272739605,-6.790364434507496,-3.596848042093376
2226330526016,-4.411733965397003,-7.4111734460149625,-3.3376721593573877
2226330526033,-5.095799557287074,-7.124938810151597,-2.9895505962407416
2226330526050,-5.403600602055368,-7.673369665889272,-3.22208799463215
2226330526066,-5.720299553241228,-7.177022002730608,-3.5375248554456715
2226330526083,-6.5041219298192825,-7.6666230683810435,-3.316084201917389
2226330526100,-6.736974013537168,-8.345092294498677,-2.7366668109077725
2226330526116,-6.490423634304503,-8.007646394966121,-2.6527797310322776
2226330526133,-6.975810554821585,-8.420468778853358,-2.6530545179852396
2226330526150,-7.642141060307721,-8.208870028549988,-2.7181449606659847
2226330526166,-8.28801166722179,-7.935254249062805,-2.681028837359393
2226330526183,-8.558931990769402,-7.426748336874315,-2.815458509196599
2226330526200,-9.353572367729928,-6.947639843587881,-2.9612750176198017
2226330526216,-9.758147231236087,-6.7753270105160786,-2.975178521165857
2226330526233,-10.961261986032289,-6.719360921049459,-2.513156586482392
2226330526250,-9.967852798528433,-6.505325682543311,-2.8610407196556045
2226330526266,-9.447287710042225,-7.000035904281274,-2.5862164499044433
2226330526283,-10.109897861660167,-7.004010700347065,-2.7173433307063277
2226330526300,-10.095758734549996,-6.917758024073081,-2.5856114531670373
2226330526316,-9.074724080196798,-7.301360134049934,-2.621780811835461
2226330526333,-9.086576862315805,-7.374998137814342,-2.857862246879942
2226330526350,-8.945143048013186,-7.06502859712538,-2.3679169035030943
2226330526366,-9.228843579802199,-6.863481525860288,-2.699044959940032
2226330526383,-10.26450888188665,-6.754284002071342,-3.1448989838914447
2226330526400,-10.525985966066663,-7.434193882435242,-3.4178297670015367
2226330526416,-11.081185812041932,-7.811934266898202,-3.636027134804996
2226330526433,-11.697976964980098,-7.85012530460296,-3.94295619429053
2226330526450,-12.428968722544074,-8.052526347408342,-4.297126970341768
2226330526466,-11.745422889925887,-7.678844499047402,-3.991520419658954
2226330526483,-11.647104092122056,-7.33113171777353,-3.704218722795284
2226330526500,-11.930834391596775,-7.589946488100629,-3.8849207449192678
2226330526516,-12.448242194989435,-7.3484617685396065,-3.7574636563144903
2226330526533,-12.38130449255239,-7.209564528118041,-4.163439074083792
2226330526550,-12.798092964179535,-7.389165703246768,-4.302907452034088
2226330526566,-12.792878952343035,-7.421966078318012,-4.076619136914442
2226330526583,-12.432880681410651,-7.755438449887112,-4.488060589280078
2226330526600,-12.583356860607648,-8.219333996837149,-4.350366454513881
2226330526616,-12.286277986149319,-8.65870549367303,-4.840135832793537
2226330526633,-11.170443696507528,-8.346172328894328,-4.649123354079936
2226330526650,-11.694517581227121,-7.71129600583308,-4.5850647483447045
2226330526666,-11.75226600034693,-7.989296114487989,-4.20371157397855
2226330526683,-11.878818879513165,-7.651689754125416,-3.8303374196118463
2226330526700,-12.550409198209685,-7.3710480641388445,-4.037773018402794
2226330526716,-12.296074167981946,-7.774176274418375,-3.9599460970522355
2226330526733,-12.633406172879257,-7.990648397352135,-4.01825125460644
2226330526750,-13.06566487911822,-8.329447345034836,-3.7802012558283233
2226330526766,-13.631392012155633,-8.19795220682746,-3.4904800639285587
2226330526783,-13.405432348595173,-8.647793308940544,-3.7639816965995663
2226330526800,-13.796311652661931,-8.704945659253177,-3.6788394162218836
2226330526816,-13.633736271861881,-8.788144736245169,-4.153351157070975
2226330526833,-13.542467680784238,-8.850372434641955,-4.069930281422679
2226330526850,-13.944154086434807,-9.063261851962137,-4.4847195943114615
2226330526866,-13.719175663002098,-9.16391967674565,-4.907113400761823
2226330526883,-14.212292487042387,-8.858815816823508,-4.921590102188501
2226330526900,-14.482515816359566,-8.92552141207607,-5.230727229237852
2226330526916,-14.581265886316839,-9.749519125415606,-5.090573182643589
2226330526933,-14.330912650370443,-9.103324647773208,-5.128491381399263
2226330526950,-13.476352251427787,-8.936812488698472,-4.987548886145134
2226330526966,-13.261321951202191,-9.561922381253012,-4.088995945581299
2226330526983,-14.135162798777706,-8.84567812660699,-3.8586117223495635
2226330527000,-14.059041955087682,-8.904807834728336,-3.7588745715590846
2226330527016,-14.995512620197971,-8.936667537460353,-3.775041803885668
2226330527033,-15.822010624957631,-9.270072144981267,-3.974871647421277
2226330527050,-15.230341530655757,-9.583728562287929,-3.796095769613638
2226330527066,-15.587205065301447,-9.88909360628827,-4.10569355941566
2226330527083,-15.549299860710587,-9.289571020535588,-4.306214475397141
2226330527100,-15.453537943438473,-8.850395262526709,-4.19497218404589
2226330527116,-15.001757540946624,-8.616851704949118,-3.7377901757556615
2226330527133,-15.207089895065014,-8.602759953775902,-3.983735544796946
2226330527150,-14.559258579718595,-8.973215926579774,-3.4330241305482723
2226330527166,-14.317764770650474,-8.571343326731014,-2.986102639394301
2226330527183,-13.382428723244818,-7.984935793478368,-2.92772143607204
2226330527200,-13.900196937373181,-8.391651140621143,-3.291892098640536
2226330527216,-13.764290282995741,-7.841333891282829,-3.3245274266761875
2226330527233,-13.348646218771126,-8.342068436757764,-3.2548676436958295
2226330527250,-11.953312215664376,-8.342352165539635,-2.95021968023236
2226330527266,-12.358754199304768,-8.536802713600851,-3.1219481762457306
2226330527283,-12.706785672678187,-8.576286579636905,-3.5866417321919424
2226330527300,-12.080050128524334,-9.243224484979264,-3.1992300877955233
2226330527316,-12.364064999844903,-8.970892048196447,-2.8796197521195293
2226330527333,-10.589652584650352,-8.809704706385329,-3.106069130251918
2226330527350,-10.661611334585348,-9.193454926166712,-2.8769532894429872
2226330527366,-11.385933915195556,-9.131743932376688,-3.1540833078235284
2226330527383,-11.52599450926851,-8.943911511230798,-3.6700340066167265
2226330527400,-11.686153045097807,-9.480984850638677,-3.4247561935257678
2226330527416,-10.687240701291493,-9.446785879318432,-3.251506960556432
2226330527433,-10.752058217705915,-9.46694323565089,-2.851666594390782
2226330527450,-11.214211002560225,-8.900346730472556,-3.3855059413461803
2226330527466,-10.734634397377366,-8.937111025875446,-2.9882557454683285
2226330527483,-10.266593564520157,-8.23877124025673,-3.391269818483516
2226330527500,-9.769592957688984,-8.043547775596718,-3.7004509817166364
2226330527516,-9.167320017359682,-7.613534564252946,-3.9132170958849777
2226330527533,-9.007354253392041,-7.935925414782622,-4.123375874480423
2226330527550,-9.160820684190638,-7.808288641150099,-4.131503389061896
2226330527566,-9.834654723810099,-7.679266535446922,-4.145523947923229
2226330527583,-9.758372706527012,-7.392678223562064,-4.005803378091038
2226330527600,-9.016079183556252,-7.294366523352779,-4.089716480410443
2226330527616,-8.414239625988861,-7.693612874278488,-4.285288770987808
2226330527633,-8.25040953935271,-7.648285199469958,-4.518420919894547
2226330527650,-7.852682720838441,-7.843329940818208,-4.507041061763552
2226330527666,-8.338763428218165,-7.564999127628183,-4.302550287278354
2226330527683,-9.146175122629487,-7.370351868803747,-4.492304238974896
2226330527700,-8.468978398183216,-7.672179828488378,-4.263682722095167
2226330527716,-8.050518543735155,-7.445432066546498,-3.622882208414186
2226330527733,-7.458694364266948,-7.71932974742083,-3.897743128480322
2226330527750,-8.397535862991763,-7.283893473940525,-4.13712897804821
2226330527766,-10.077582177603505,-7.2973798312545375,-4.330646193092541
2226330527783,-9.355889446235109,-7.7268398283021575,-4.462303764145167
2226330527800,-10.275731239050396,-7.748531612345022,-4.63079485779194
2226330527816,-10.118627938828153,-8.087617075464578,-4.987802286031464
2226330527833,-10.180026917293052,-7.695166850487444,-5.258598507309029
2226330527850,-9.772586443468493,-7.522625922847028,-5.464034759685288
2226330527866,-9.77922447832048,-8.02856621548579,-5.571628808084441
2226330527883,-9.482028547794073,-7.942336148731655,-5.267120534167367
2226330527900,-8.533597054910725,-7.407977854054818,-5.159467318228718
2226330527916,-8.56232176799401,-7.351965478057892,-5.092694672475626
2226330527933,-8.29469290495075,-7.172379341036139,-4.739222574402862
2226330527950,-8.280209584798996,-7.1526556410072555,-5.047541468369959
2226330527966,-8.28765628767503,-7.43942250412811,-5.275009680864123
2226330527983,-8.18277111469126,-6.98794571293435,-5.188270889021018
2226330528000,-8.530845248950211,-6.800771075296907,-5.229259608563321
2226330528016,-8.887073723191468,-7.1719596109511805,-5.210672334241194
2226330528033,-8.64778202444114,-7.067899297812083,-5.018108913166855
2226330528050,-8.368290118137688,-6.701695092222959,-4.734426854330998
2226330528066,-8.387782015638837,-6.755393750347034,-4.32115207366717
2226330528083,-8.974805856580474,-6.5660474319153055,-4.40524602734352
2226330528100,-9.491218924693584,-6.154128227432753,-4.22567396648698
2226330528116,-9.217575950119056,-5.088071533740504,-4.61722339357165
2226330528133,-9.667925968576181,-5.454666283423718,-4.760885174279733
2226330528150,-9.646160459700903,-5.537518316197934,-4.603319610704695
2226330528166,-9.520459769372575,-5.757436236913889,-4.557650507320594
2226330528183,-10.161856665978616,-5.8174934289510905,-4.984677035825315
2226330528200,-9.982836228483638,-5.417391082685159,-4.954654277077897
2226330528216,-9.073828293312456,-5.5056192419720045,-5.151124767436544
2226330528233,-8.848559644965096,-5.721407747271584,-5.32409097009268
2226330528250,-8.75686540353933,-5.738737320010589,-5.707554911916501
2226330528266,-9.27755255768466,-4.897155784943603,-5.989348196856698
2226330528283,-9.164419183402043,-5.01838384994787,-5.972491751634941
2226330528300,-9.324450668396342,-5.1260251452145855,-5.9599842458013725
2226330528316,-10.684878493712691,-5.004687467962421,-5.850540533601596
2226330528333,-11.022583403948707,-4.959459555338053,-6.281005007972149
2226330528350,-11.017379140978182,-5.431772026191789,-6.249743162968809
2226330528366,-11.206108683207502,-5.046670736649256,-6.064939642026713
2226330528383,-10.624075223106379,-4.336242208717908,-6.358005714162467
2226330528400,-11.087967233244054,-3.959026005891351,-6.462240902200052
2226330528416,-11.37934846781063,-4.049252226211232,-6.777813289386893
2226330528433,-12.170263167225533,-4.465084279376463,-6.300580095027657
2226330528450,-12.037085282949999,-3.9137337795210487,-6.320796809350145
2226330528466,-11.668229264724012,-3.984329747817423,-6.550704063781324
2226330528483,-11.310919095397193,-4.824068388422867,-6.981828502681793
2226330528500,-11.599255064951045,-5.473290470298925,-7.054538505415289
2226330528516,-11.991394609725084,-5.100177492515344,-7.0345659945658685
2226330528533,-10.85873256717046,-5.366768528215118,-6.747110836009936
2226330528550,-11.249654846581578,-5.158079165421477,-6.5732859969356365
2226330528566,-10.105289692143884,-4.580571378856282,-6.532861720402368
2226330528583,-8.959512132261073,-4.696511068981206,-6.458520566498753
2226330528600,-9.100686149313205,-5.243964712466832,-6.5163714071715875
2226330528616,-9.843088707865578,-4.6146187041366655,-6.588489959490241
2226330528633,-8.894043027814941,-4.8235372806148025,-6.505302085014027
2226330528650,-9.366537146088803,-4.69742033621801,-6.36795641712892
2226330528666,-8.867602626171815,-4.998990187609334,-6.219842507319335
2226330528683,-9.449652573937417,-4.838803337122353,-6.193763851470384
2226330528700,-9.238210662294268,-5.097000059360077,-6.220665150995366
2226330528716,-8.23535178060372,-5.348806664940014,-6.29485709942962
2226330528733,-8.892424206039525,-5.413775980926095,-6.409944218328967
2226330528750,-9.363109773442272,-5.560690447738686,-6.3394943109708315
2226330528766,-9.719023964888233,-5.145447433516594,-5.6565107504881675
2226330528783,-10.452034357564713,-5.672293620616518,-6.064034840326574
2226330528800,-10.097960199768513,-5.428229755836762,-5.817857203643533
2226330528816,-9.263303011493697,-5.742988387354729,-5.484875148674382
2226330528833,-7.992278526384057,-5.858353614032104,-5.137321559208345
2226330528850,-8.60406670989433,-5.616482402646711,-5.190771666813366
2226330528866,-7.802408426988455,-5.780192262251906,-5.41904958512135
2226330528883,-7.669735597058258,-5.989335238855363,-5.116886138575193
2226330528900,-6.641249059609117,-6.5501929356232935,-5.217785717984404
2226330528916,-6.2213674720513605,-6.935587920279129,-5.133523901997662
2226330528933,-5.532725561572874,-7.1922935936812635,-4.740650330669291
2226330528950,-5.598208602772989,-7.1589031890453345,-5.096163557119947
2226330528966,-5.102605433278715,-7.336286649832584,-6.206239022114582
2226330528983,-6.128256357689077,-6.495436415758521,-5.67359870577367
2226330529000,-5.548375332134371,-6.763304187314484,-5.761333565469878
2226330529016,-5.67608874101304,-6.4003003253061905,-5.512130236064729
2226330529033,-5.468278871683574,-6.585189949284931,-5.136023504858454
2226330529050,-4.724474081390524,-5.737137428219115,-5.033057887129151
2226330529066,-5.8676816066014075,-6.031816191786747,-5.356970082313561
2226330529083,-6.465697199721455,-6.382718391034168,-5.414578841998236
2226330529100,-6.841470503006098,-6.161751798988867,-5.525437992111387
2226330529116,-6.461094480045273,-6.0758443580620805,-5.715471890721838
2226330529133,-5.7005442832913635,-6.1514430590561515,-5.41473121587213
2226330529150,-6.1509695894412415,-6.5934047933511675,-5.479212608074953
2226330529166,-5.276014999894801,-5.879766365086849,-6.002131210370465
2226330529183,-5.6951428285891685,-5.796790676469953,-5.877805250388601
2226330529200,-6.433376526315252,-6.078500578195793,-5.927173258398837
2226330529216,-6.7133257160614725,-5.330950566329387,-5.336206049976038
2226330529233,-6.217484025158802,-5.579687031165135,-5.251317534325178
2226330529250,-6.181928547298523,-5.212299407129146,-4.691477383129721
2226330529266,-6.951540381727422,-4.639086142236717,-4.587668194836382
2226330529283,-7.952229081078536,-4.808337241650449,-4.741285264033205
2226330529300,-7.993188919452878,-4.193662038546664,-4.880142354666775
2226330529316,-7.975856442882766,-3.108294494168737,-4.5988921862328365
2226330529333,-8.051363230931763,-2.529579734887441,-5.057575863037658
2226330529350,-8.387251413726274,-2.5736554595434735,-5.0141129796387585
2226330529366,-8.357526298904775,-2.211807501940418,-5.0890172720506595
2226330529383,-7.781009966852143,-2.237373352247941,-5.43977859940432
2226330529400,-7.96467177827232,-1.6931402179043782,-5.1545762707962
2226330529416,-7.416813474142714,-2.385029708593817,-4.871923816305645
2226330529433,-7.151775662401798,-2.349480278063907,-4.882326636070337
2226330529450,-6.557710641793914,-1.7535462216307587,-4.522430215354251
2226330529466,-6.584557580147404,-2.003679761005,-4.643867199643066
2226330529483,-6.297042221419785,-2.3956163875578973,-4.483985024686577
2226330529500,-5.919650019130369,-2.519311400039962,-4.642388747677299
2226330529516,-5.287084303624738,-3.123585828233904,-4.776467064200902
2226330529533,-4.784166995722416,-3.6297904179255234,-4.218047576566489
2226330529550,-4.982091846999063,-3.990141070750032,-3.9791729712789357
2226330529566,-5.040886100900978,-3.4551042737304822,-3.633597347388926
2226330529583,-4.702530459074778,-3.1715685124660054,-2.9914369125508666
2226330529600,-3.9926412229613724,-3.5519565345781334,-2.6672364779832085
2226330529616,-4.030091919705279,-2.8846585727380076,-2.1904817765874203
2226330529633,-3.7398271887497136,-3.0640322938749844,-2.846562110876266
2226330529650,-3.2781985674121015,-3.451743861443669,-2.941951237855876
2226330529666,-4.051816250214797,-3.7852546935777083,-2.966126387119302
2226330529683,-3.553461919618446,-4.266516369623827,-2.4063604540689822
2226330529700,-4.629822277393225,-4.685571228792647,-2.461215647844817
2226330529716,-4.453336388362743,-4.48207589016543,-2.8529026967912943
2226330529733,-4.52111465495993,-5.182080881310576,-3.150714654118532
2226330529750,-4.3583121490584995,-5.119108230046404,-3.3459582535711814
2226330529766,-4.746229300786052,-5.157267082063303,-3.6162443608296395
2226330529783,-4.625157797116768,-4.861554795335859,-3.7169723193822017
2226330529800,-5.27480867197868,-4.197755372781701,-2.9924186930029677
2226330529816,-5.997847845587652,-4.597813235998469,-2.9439639417290038
2226330529833,-5.524472474621775,-3.988292899825921,-2.813772180036677
2226330529850,-4.908678203978242,-4.500855508326822,-2.818579480809324
2226330529866,-4.590492273506103,-4.105661359718322,-3.155564996882948
2226330529883,-5.665549723514104,-4.111776972356134,-4.082526036334874
2226330529900,-5.888796792644117,-3.7247984010881625,-3.9407882977698767
2226330529916,-5.36792061032448,-4.278432941420729,-3.940392753666811
2226330529933,-5.182389545086424,-4.390740690094258,-4.0980271088681794
2226330529950,-5.490580676449943,-4.356801200327976,-4.578258334850267
2226330529966,-5.720452050698352,-4.168927404797412,-4.513549525058199
2226330529983,-6.375503129328845,-4.38228648107218,-4.348737556852674
2226330530000,-6.656456604802659,-4.4908461026534,-3.948972391300874
2226330530016,-6.535376566020984,-4.771942660419293,-3.937394032507078
2226330530033,-5.332931155712014,-4.481380251618449,-3.4163206289528447
2226330530050,-4.3343381703300015,-4.456333832944056,-3.6683814504030887
2226330530066,-4.386573664152124,-3.8990097068155407,-3.5358648950283134
2226330530083,-5.5050096926065955,-3.790155266469325,-3.5824551821490696
2226330530100,-6.5485396742359105,-3.8933955658094987,-3.695165030926439
2226330530116,-6.468665056773309,-3.9895864429625396,-3.6884828417192956
2226330530133,-5.433593590568915,-4.4502985215717,-4.210504128203949
2226330530150,-5.730098920187309,-4.377305299597256,-4.27236635484673
2226330530166,-5.272760238635847,-4.264193015011549,-4.396840017003878
2226330530183,-5.2293635234037055,-4.754906081745922,-4.292552694725275
2226330530200,-4.547825687478329,-4.681095960967582,-4.4804331849543075
2226330530216,-4.108738626766584,-4.788554567099617,-4.038808477352126
2226330530233,-4.228864233300458,-5.107588569590545,-3.5531672655771227
2226330530250,-4.363029603263644,-5.173098070344361,-3.36219226560952
2226330530266,-3.973337730064635,-5.086110451666362,-3.777241417108251
2226330530283,-4.1201009237021875,-4.641016339163044,-4.1757421501389205
2226330530300,-3.525663220975901,-5.024906245747688,-4.075941146102701
2226330530316,-3.2260108157558385,-4.850977546215351,-4.446840163424404
2226330530333,-2.946930303722054,-4.491636833110913,-4.203961364514637
2226330530350,-3.205862368773513,-4.30158468260357,-4.117113429186454
2226330530366,-3.406015613528683,-4.242785438713739,-3.9599808038730484
2226330530383,-4.002344524767049,-4.349119901362669,-4.095640940178063
2226330530400,-4.705998016005271,-4.619621146733381,-4.134857525399411
2226330530416,-4.734537169409677,-4.918463469991489,-4.100399253736944
2226330530433,-4.73195880103523,-5.118713683741393,-4.241812675440403
2226330530450,-5.3677767475904,-4.761786110920124,-4.256827056212231
2226330530466,-5.127425448751047,-4.773082156300127,-3.8355530328607945
2226330530483,-5.700973957430444,-5.01729848436552,-3.5205624896797145
2226330530500,-5.988210409302688,-4.243538328479625,-3.572309407007735
2226330530516,-6.156533209168825,-4.6860640421673905,-3.7259957256020053
2226330530533,-5.732576744559547,-4.486731152676894,-3.8551647839591148
2226330530550,-6.221385543537285,-4.591386688687905,-3.674194047779018
2226330530566,-5.763094771979136,-4.086341277365839,-3.4397542445632405
2226330530583,-5.813392443988361,-3.650206373081064,-3.2261056426126973
2226330530600,-5.099446432503412,-3.5668181455644565,-3.2282143577261904
2226330530616,-4.8337756057076895,-3.7554335367008584,-3.290877078902048
2226330530633,-5.517198890439899,-3.823223149776582,-3.8008151433472044
2226330530650,-4.943262961096477,-3.776506221721315,-3.7712003127536646
2226330530666,-4.398697424266154,-3.8710103974071832,-4.127833833494427
2226330530683,-3.8852374675558856,-3.9723689404662235,-4.4376078997144095
2226330530700,-4.267001567690977,-3.819449230110698,-4.292256812636799
2226330530716,-3.8820396839493574,-4.195432346687829,-4.1162895613076325
2226330530733,-5.340834025152437,-4.450360687406898,-4.046586016455843
2226330530750,-6.06561018303608,-5.27251747373978,-4.455259958742067
2226330530766,-6.795950291716721,-5.103302462875636,-4.924420128042212
2226330530783,-7.2739777338347595,-5.091188489618315,-5.059788632334539
2226330530800,-7.543998017813479,-4.8384690083717725,-5.025689259812276
2226330530816,-7.44855023212598,-5.146402884273851,-5.0612969869118505
2226330530833,-8.586206110626241,-5.435476995255597,-5.085359953255164
2226330530850,-8.405220488404783,-4.675868044972512,-5.272185060416684
2226330530866,-7.8663924512454315,-4.944409030748129,-4.018734420355388
2226330530883,-7.3002363970541815,-4.841272560218781,-4.1267322514793126
2226330530900,-7.5565120685792415,-4.441777555744828,-4.1398474355779
2226330530916,-7.693778302080375,-3.9579264449528013,-4.555392133133903
2226330530933,-8.230906999344706,-3.983415396145798,-4.451118461370254
2226330530950,-8.137998607340727,-3.6462387622977475,-4.675205102678784
2226330530966,-7.836478577849839,-3.646035927173754,-4.559930974650408
2226330530983,-7.915515836458624,-3.438996683138553,-4.4557657979023455
2226330531000,-7.916213380258111,-3.238726820271492,-4.6945406170883155
2226330531016,-7.305743106709732,-3.018094259333231,-4.313499775876435
2226330531033,-6.937305268799382,-2.9202854920177614,-4.714925434082243
2226330531050,-6.016835909947506,-3.448306660380884,-4.620768734628567
2226330531066,-6.420351392241195,-2.8547807905139484,-5.175707622291321
2226330531083,-5.710565813733167,-3.1473235976007405,-5.192393482299744
2226330531100,-4.534864376212035,-3.6426979979821694,-5.280305863366012
2226330531116,-4.078653978890594,-3.7088240414315763,-4.978129513914208
2226330531133,-5.267592580249148,-3.9557142966398473,-4.902142679961376
2226330531150,-5.417585696236732,-3.8171982758958265,-4.396593375976312
2226330531166,-5.699511889251829,-3.810861229987169,-4.479792769780975
2226330531183,-5.184544273665046,-3.805904528044329,-4.691577704475119
2226330531200,-5.9806291740065145,-3.6352944492738106,-5.045157931346407
2226330531216,-6.217993556325731,-3.098830686854211,-4.7272217086696
2226330531233,-6.561446439723839,-3.0579570934998084,-5.135039425356058
2226330531250,-7.1305237592665565,-3.4345450211564255,-4.893174222126051
2226330531266,-7.681824643913146,-3.3017558689261453,-4.367901824935382
2226330531283,-6.681592495090081,-3.2790677652772597,-4.41956890179153
2226330531300,-6.174006968695656,-3.729804407882579,-3.933673324760319
2226330531316,-5.316894565390661,-4.536527416462376,-3.292603594846134
2226330531333,-5.800010365416285,-4.42988237135554,-3.603898474681226
2226330531350,-5.781895416196749,-4.095719314181112,-3.8492844724542206
2226330531366,-5.490184317114165,-3.7603694728178936,-3.391571330184246
2226330531383,-5.790954895812423,-3.1850580786760223,-3.228842331889014
2226330531400,-6.4894825844442785,-3.148720994268924,-3.220563601425759
2226330531416,-5.9918803060623285,-2.872844176902784,-3.4627198066653104
2226330531433,-5.310545417033799,-2.909838528358262,-4.095536779227693
2226330531450,-6.3340279643257205,-3.370602348872012,-4.762566164162163
2226330531466,-6.418219403245453,-2.938180501515311,-4.386804245920622
2226330531483,-6.796743334162758,-2.5058730607488435,-3.9844137362432717
2226330531500,-6.956146220607902,-2.3128443713312685,-4.265913180715772
2226330531516,-6.6236742080455056,-2.4988124342909686,-4.860686573044543
2226330531533,-6.798766435558511,-2.617204191179868,-5.00922028404519
2226330531550,-7.577158384383231,-2.7099830249872445,-5.278626124110881
2226330531566,-7.631813852831945,-3.21912224783562,-5.621488429219147
2226330531583,-7.748518661896897,-3.2191709826382335,-5.671840580362094
2226330531600,-6.567414874666817,-3.17738927773504,-5.017749183096118
2226330531616,-6.8447814993480085,-3.2618049295951903,-4.91223058378641
2226330531633,-6.474165506593715,-3.6650219523209286,-5.254397731083945
2226330531650,-8.13624914243963,-3.3141148140902748,-5.134780825994648
2226330531666,-8.334265927647753,-2.922438158955767,-5.474381565857858
2226330531683,-9.441426312596494,-3.551807403271665,-5.628955198710659
2226330531700,-8.696488644015218,-4.1057534835532365,-5.514678372376224
2226330531716,-8.908208866611263,-4.091396947229898,-5.494886421802747
2226330531733,-8.361296573853817,-4.05693836525144,-5.080098714413366
2226330531750,-7.8527400289096745,-4.01485427635995,-4.875156828504534
2226330531766,-7.533087439891026,-4.589752671758507,-5.086791104549762
2226330531783,-8.042880687663105,-4.97680546527454,-5.071531125370665
2226330531800,-8.068645043702206,-5.478622019304749,-4.663740958066233
2226330531816,-8.105480388391697,-4.768481720435348,-4.591020608152505
2226330531833,-8.577907931948303,-4.66755091851183,-4.226373277506447
2226330531850,-8.651241377000389,-5.42461361685199,-4.438038533203201
2226330531866,-8.245385077304164,-5.822337400356985,-4.6384727420458365
2226330531883,-7.941109102152159,-5.6662623023007,-4.876940539407449
2226330531900,-7.654311658897951,-6.5160041603313905,-4.2399784132255665
2226330531916,-8.201705446999183,-6.605995414499876,-4.178898602733739
2226330531933,-8.090452135153086,-6.359864188022278,-3.929408340941282
2226330531950,-7.139549081178233,-6.651947294060309,-3.950931574336873
2226330531966,-7.0387103068551795,-7.140306794064657,-3.9635441117450303
2226330531983,-6.98197608068342,-7.367121784565274,-3.758960146624734
2226330532000,-7.10641724356822,-6.73293664312436,-3.5015151880705826
2226330532016,-7.324098984704319,-6.55748655045007,-3.5019474935039616
2226330532033,-7.85723640580766,-5.927851728571939,-3.426832669618851
2226330532050,-7.464193329090648,-5.427450022155595,-3.410423544655357
2226330532066,-7.513371126545168,-5.291002880481803,-2.739930785033711
2226330532083,-7.901651178098965,-5.806620703324275,-2.7384069106719937
2226330532100,-8.173901286273836,-5.779313581673921,-3.0952855318748718
2226330532116,-7.92171273699908,-4.699721093868784,-3.337272858866615
2226330532133,-8.580792036656524,-4.9197289041253764,-3.575683440101742
2226330532150,-8.540613478073745,-4.895562355443235,-3.725512965735986
2226330532166,-8.524645570023026,-4.666142973420483,-3.9041917386033558
2226330532183,-8.762447415531106,-4.3934965718775025,-4.1081158876230734
2226330532200,-8.369359891720507,-4.285303091443888,-4.780218707769012
2226330532216,-8.482877472478775,-4.662924363429206,-4.705430763843301
2226330532233,-7.703990260272544,-5.040709116784712,-4.194759243856463
2226330532250,-8.938199795062697,-4.895367908131754,-3.5110000138013024
2226330532266,-9.299484790586671,-5.083269180438486,-3.493635373956736
2226330532283,-9.105599236299966,-5.42160724178897,-3.313675322890707
2226330532300,-10.079485821718524,-5.188092371160905,-3.0014806888164416
2226330532316,-10.056138374787203,-5.141814042906729,-2.892360435792843
2226330532333,-9.1843518577782,-5.197028610843031,-2.8988333609566936
2226330532350,-9.518791858961627,-5.439852907179779,-2.5894683794313638
2226330532366,-9.458871018176303,-5.640185579710142,-2.0892477986853537
2226330532383,-9.61011783264524,-5.247031822658596,-2.4360238215597234
2226330532400,-7.987225120638006,-4.833535999136705,-2.573058127857127
2226330532416,-8.080051980503477,-5.076915740017173,-2.1203680108497562
2226330532433,-7.425738617393986,-5.063256618135019,-2.3875615053125725
2226330532450,-7.788778662930131,-4.935145381876082,-2.0306942365208327
2226330532466,-8.063387651282945,-4.689114136516178,-1.826879925514559
2226330532483,-7.461933604919,-4.607601961541004,-2.301351641478888
2226330532500,-6.412026379300076,-4.412248615003748,-2.0190102498997398
2226330532516,-6.439292045534121,-4.305591856877197,-1.9649528270339007
2226330532533,-5.564692271405562,-4.217936314007909,-1.4430789643190343
2226330532550,-5.557550719180467,-4.921561958301379,-1.9106052590646991
2226330532566,-5.556353880793017,-4.97327701618819,-1.7423650684187377
2226330532583,-4.585375507112709,-4.940818536684009,-1.4552029580083756
2226330532600,-4.7541674792521045,-4.988949433080466,-1.5741360315913797
2226330532616,-4.607416528983752,-5.139136952249502,-1.3000058645705652
2226330532633,-5.341286079840566,-5.187034771029419,-1.4853888522970078
2226330532650,-5.395007816488176,-5.5717129835662655,-1.502249865750385
2226330532666,-5.957555593061643,-6.251785762920568,-0.9096923658488567
2226330532683,-6.760670685754377,-6.25489423628634,-0.8683511485981761
2226330532700,-7.029518181716254,-5.827497140674332,-0.3958388853401624
2226330532716,-6.984387218616571,-6.2974513470586775,-0.5293613946892171
2226330532733,-6.668262005706573,-6.013007311891038,-0.3605599384824685
2226330532750,-6.194437986950897,-5.848131084206693,-0.41354617073504985
2226330532766,-6.122559064332879,-5.863495288924841,0.09954777615514754
2226330532783,-6.248908151497287,-5.656488601876305,0.34613637636116046
2226330532800,-6.830726513670745,-6.595695740771218,-0.09031701145371596
2226330532816,-6.0876608490623,-6.661480918898162,-0.16393411903555766
2226330532833,-5.354391046414757,-6.287988276200548,-0.3648137381840155
2226330532850,-6.511230261106358,-5.873899049647994,-0.029527343482266932
2226330532866,-5.669504684613417,-5.570624603526653,-0.19583039184648277
2226330532883,-5.566995925160676,-5.320818489349163,0.14486026140427288
2226330532900,-6.049205376496197,-5.722467096792804,0.13930345350311368
2226330532916,-6.353022995951583,-5.11430329868385,0.05431453324617452
2226330532933,-6.088150663638616,-5.428955860904885,0.25429464491991327
2226330532950,-5.019613026251924,-5.888040046410123,0.16710265622567677
2226330532966,-5.5824838045467775,-5.665394843479709,0.6556873637727247
2226330532983,-4.7262085388944515,-5.474700728519456,0.5468123902242716
2226330533000,-4.2016345945245135,-5.734475061855308,0.5898322590166263
2226330533016,-4.584826625381758,-5.603043361303808,0.33333335734490666
2226330533033,-4.290839496829484,-6.153296172489953,0.08172642094235405
2226330533050,-4.588992285327904,-6.61583155967446,0.17196864781542764
2226330533066,-4.0856221527681065,-6.7673995060575916,-0.036738527057949444
2226330533083,-3.809120826265228,-7.369375405565949,0.10242930831905284
2226330533100,-3.066582043136602,-7.471033219337583,0.3189714541095454
2226330533116,-2.9499821275980933,-7.672457815690738,0.6000975840323028
2226330533133,-2.237625760298989,-7.9109219865820695,0.060790421263111405
2226330533150,-3.1630707839612326,-7.876523627280989,-0.5851025526534817
2226330533166,-3.265917042483616,-7.796675839144792,-0.24449539810885002
2226330533183,-4.154015692378094,-7.274699144098702,-0.49918256130924865
2226330533200,-4.565510624117277,-7.103883734844313,-0.4818844203516788
2226330533216,-4.178023787184697,-6.721653615368428,-0.9061441794927387
2226330533233,-5.171289825177798,-6.761746238613546,-1.0766652218493586
2226330533250,-5.3974387028098105,-6.549650817060099,-0.6348002080552204
2226330533266,-5.614261464767117,-5.917617918598132,-0.28999457632539327
2226330533283,-5.410483873356468,-5.316359484047918,-0.8100172132871517
2226330533300,-5.162389373731095,-4.732839901668389,-0.6796703782777511
2226330533316,-5.756409251031942,-5.139772397941789,-0.3175868266685655
2226330533333,-6.103546185438063,-5.302712697017332,-0.2362656228839235
2226330533350,-6.588687623247106,-5.099573940929375,0.004115808616803385
2226330533366,-6.6035346968246635,-4.749226335654374,0.053988738264772795
2226330533383,-6.487619909402671,-5.292245077345711,0.26626152758468447
2226330533400,-6.371074263196523,-5.8556857313667345,0.14676683042266347
2226330533416,-5.57757439926431,-5.5525735777992296,0.2741651760576209
2226330533433,-5.718926237707333,-5.289392437642981,0.09582509729995214
2226330533450,-6.0769592097954925,-4.714591984790658,-0.3559428838014944
2226330533466,-5.391840907260652,-4.942202537877947,-0.021794302838381352
2226330533483,-4.963292285902746,-4.880641881353524,0.0783363510437538
2226330533500,-4.481808711199236,-5.453133174691616,-0.46635145641465137
2226330533516,-4.25722367504995,-5.730747665761824,-0.13733383285624656
2226330533533,-4.646648001363445,-6.2783412553663105,-0.5563849777622583
2226330533550,-4.402112614434553,-6.509801219209013,-0.16288269312321413
2226330533566,-4.345482449397196,-6.904954812938268,-0.5977258995415875
2226330533583,-4.943466976084424,-7.400554605798062,-0.6195112929102433
2226330533600,-4.087770957625853,-7.519927955488276,-0.4649722438231523
2226330533616,-3.7997411397288117,-7.833997512066696,-0.3764314178603909
2226330533633,-3.791693645786168,-8.18230241265546,-0.2970405444029369
2226330533650,-2.851560150603229,-8.464482963472035,-0.1667258445103177
2226330533666,-2.435117216796159,-9.156842082280383,-0.5265232610765183
2226330533683,-2.6667040811514915,-9.08143508358098,-0.7398297456923784
2226330533700,-2.7201947356400007,-8.781059811584862,-0.3968721346994757
2226330533716,-3.3772977636182695,-8.673724437899903,-0.5058968011413429
2226330533733,-2.777786835174782,-8.364032979587195,-0.5665143048224324
2226330533750,-2.756177879843005,-7.760660918041083,-0.2720253654727589
2226330533766,-2.455339237272536,-7.408989250920339,-0.12803191022679972
2226330533783,-2.6494330506955723,-7.186392812997884,-0.40839977560667595
2226330533800,-3.0128580680708916,-7.287759095035247,0.1548757442644617
2226330533816,-2.7025092859158883,-7.886401710981792,0.1989999144415271
2226330533833,-2.679132130417776,-7.543791375872898,-0.3386778870782394
2226330533850,-2.675832273175031,-7.682752624357441,0.2015751202717433
2226330533866,-2.5859450322968125,-8.068268678007023,0.024254401386207824
2226330533883,-1.8794854125381173,-8.224177299701637,0.28626457402406924
2226330533900,-1.484668337168268,-7.628476179307029,-0.10337217308749125
2226330533916,-0.6951355164099713,-6.923172651721187,-0.02549349339756679
2226330533933,-0.8426841445791231,-6.469019815446193,-0.19262544935736114
2226330533950,-0.9269379686031716,-6.263421580155842,-0.47215476299444914
2226330533966,-1.7612536238037597,-5.391193490275382,-0.46355710465218314
2226330533983,-2.438643069645194,-4.095139539218643,-0.4118241430246976
2226330534000,-3.3275786239352807,-4.13296981657939,-0.6902513390477516
2226330534016,-3.8239141143533306,-3.9159984374810195,-0.42714016481757566
2226330534033,-4.616411961805594,-3.1313551555898145,-0.5595260135295637
2226330534050,-4.4270781300618305,-3.7546324616113225,-0.5329280994310936
2226330534066,-4.389089692070186,-3.6697638478667542,-0.4473036931894594
2226330534083,-5.346401437686239,-2.968821806944647,-0.2828784882394948
2226330534100,-5.670741683854888,-2.7612854739756223,-0.28225488227278683
2226330534116,-5.8145089091050846,-2.390107493444383,-0.053597232959294416
2226330534133,-4.898690554242345,-1.8867139403251127,-0.7217700551147423
2226330534150,-4.935458488700861,-1.4273844875667976,-0.9988752001335341
2226330534166,-4.478900794182037,-1.2831286370194421,-0.6522665158224146
2226330534183,-4.522059167809094,-0.9621488587317177,-0.7107821840258208
2226330534200,-5.157947605410456,-0.16540023352389088,-0.9068396449798048
2226330534216,-4.820277978607828,-0.49946706794680207,-1.0799502976500075
2226330534233,-4.478092520319503,-0.9430200024041095,-1.148025825756302
2226330534250,-4.795969512121003,-1.7060645751905898,-1.2887477952192286
2226330534266,-3.923599118638557,-1.3823750657516998,-1.6819072807489883
2226330534283,-3.736303076652676,-2.25374131215124,-2.676361239391454
2226330534300,-3.3783233686687595,-1.8146313564956036,-3.069340977094308
2226330534316,-4.15112082562927,-1.743901640666158,-3.4872824141058163
2226330534333,-3.877617180515455,-2.2911853544670935,-3.579836220029928
2226330534350,-3.929978983375392,-1.9793042807980545,-3.0267618931463716
2226330534366,-4.163810496901624,-1.9813227603677896,-3.717745690950136
2226330534383,-4.234097649367033,-1.5795847749814538,-3.5588282468009615
2226330534400,-3.467250205452819,-2.383771691094654,-3.4138577172153983
2226330534416,-3.2457789067229355,-1.7688018585111975,-3.0666564526441364
2226330534433,-3.5706749088171654,-2.4314549002533083,-2.5551098315260132
2226330534450,-3.0606161221348627,-3.4372399622980674,-2.8871799415831734
2226330534466,-2.4404159093693245,-3.951868808475454,-3.132769937637992
2226330534483,-2.3497023830810786,-3.8171517050789623,-3.0008665099413063
2226330534500,-1.9738413936191743,-3.5314113263187363,-3.5083351682717976
2226330534516,-1.9009369240881786,-3.8895240964302515,-3.3755832918765765
2226330534533,-1.1612377225606334,-3.66043493850425,-3.501775171958992
2226330534550,-0.09915181250088523,-3.2429556966366757,-3.4241697800334485
2226330534566,-0.0739796111409472,-3.3170952547255155,-3.7876405168440153
2226330534583,-0.07024696083298565,-3.5123635743051937,-3.289992327339964
2226330534600,0.6251863751429596,-3.880331548702875,-3.349838612608047
2226330534616,1.5228122509239297,-4.274164656185643,-3.738011095508787
2226330534633,1.9822446179065851,-3.826458414801036,-3.832190287518997
