timestamp,x,y,z
1779768848831,-1.218648645019531,-9.718962948718666,-1.2190969733089208
1779768848848,-1.2924199836730956,-9.482385897174478,-1.1053719560600817
1779768848865,-1.458069103296101,-9.539847321540117,-1.2482757215201854
1779768848882,-1.8338089802064002,-9.51904711009562,-1.480663066289574
1779768848898,-1.4945805324830115,-9.623793432727455,-1.3407523451656103
1779768848915,-1.3673885692872105,-9.586383447265625,-1.1710628641106187
1779768848931,-1.3832501552857457,-9.471163661414383,-1.0477617708735167
1779768848948,-1.4315829551696777,-9.440936280933022,-1.0589845911554991
1779768848964,-1.4327802021302283,-9.431658749499917,-1.0947476861931382
1779768848981,-1.470039673205465,-9.418938384136556,-1.1701651846185326
1779768848998,-1.5414168101988732,-9.406519047546386,-1.2593487580679357
1779768849014,-1.5822678760252893,-9.406369409942627,-1.2632396280266345
1779768849030,-1.4884452445983887,-9.52578021774292,-1.2524657205559313
1779768849048,-1.3971661601744592,-9.722552497643232,-1.2597981092706323
1779768849065,-1.3859434860229491,-9.783456171417235,-1.3156127893425524
1779768849081,-1.3631987163819372,-9.72869056200683,-1.3663400831475854
1779768849098,-1.3732244358338415,-9.62708604453206,-1.340153721685335
1779768849114,-1.397166452435404,-9.632622635871172,-1.3292300304803997
1779768849131,-1.5393218837462366,-9.699359838104247,-1.2586010084405541
1779768849148,-1.5831658477783201,-9.629927989959716,-1.1306611494868992
1779768849164,-1.558026876477152,-9.569175707355141,-1.1394894758477807
1779768849181,-1.4580686649046837,-9.429413600921631,-1.193657996147871
1779768849197,-1.4652515621460973,-9.436298099738359,-1.164329464202374
1779768849215,-1.5032593673706054,-9.48178676223755,-1.1429306292776018
1779768849230,-1.5174750858582555,-9.53775181056559,-1.1456251290585846
1779768849247,-1.4869491608217358,-9.56887701666951,-1.1323067978020758
1779768849264,-1.4142249931335449,-9.666739425006508,-1.1541534495595842
1779768849281,-1.3566142234250902,-9.643094930046797,-1.299152652928978
1779768849298,-1.2358569694519042,-9.592668811145424,-1.336263143987581
1779768849314,-1.258602031353861,-9.613020694300532,-1.3184560499444604
1779768849331,-1.2345103771485388,-9.62005249263346,-1.280447806328535
1779768849347,-1.2315176250733435,-9.656565236994624,-1.3025946831416337
1779768849364,-1.241094285583496,-9.681105219489336,-1.3528727718744427
1779768849381,-1.201589958190918,-9.624541036224365,-1.3274340869743375
1779768849397,-1.2029365504942833,-9.486575165557861,-1.1864753911674022
1779768849414,-1.2572550006590784,-9.463082061767578,-1.1303612897574902
1779768849431,-1.386092831365764,-9.48657458103597,-1.1891693064264952
1779768849447,-1.548449777575582,-9.470712995037436,-1.23735203031525
1779768849464,-1.6262614776611328,-9.41070890045166,-1.1888700312189757
1779768849481,-1.7612347423829138,-9.388114791327714,-1.095046961400658
1779768849498,-1.921047557067871,-9.46143546360433,-1.0119980913139879
1779768849514,-1.9889830291748045,-9.466374673572183,-0.995238971953839
1779768849531,-2.135927156066894,-9.443180260467528,-1.0588345151603222
1779768849547,-2.386719633837789,-9.42342809677124,-0.9551356557548045
1779768849564,-2.516156307220459,-9.426720708575845,-0.9220658914543688
1779768849581,-2.661154999133199,-9.53161666881144,-0.8158233389154076
1779768849598,-2.7005096889220175,-9.543587092590332,-0.8262977519828826
1779768849615,-2.7549779228210447,-9.428067447009681,-0.8505391168572008
1779768849631,-2.806154421698302,-9.373001393347979,-0.8696928762689232
1779768849647,-2.9177836357116695,-9.335141910552977,-0.7965198688346892
1779768849664,-2.97823751989156,-9.37195334559977,-0.774224158135429
1779768849681,-3.1712697364807125,-9.36566856624186,-0.8245022468682378
1779768849697,-3.2662890303462744,-9.273789323967694,-0.8236045673761516
1779768849714,-3.2564132407590747,-9.221566969299316,-0.8075929784476756
1779768849731,-3.2568621535703537,-9.166648799675702,-0.6236885095573962
1779768849747,-3.586064881841838,-9.222315157318114,-0.5500668815728277
1779768849764,-3.9691377319887278,-9.271246653747559,-0.5306138469535857
1779768849781,-4.061314203643799,-9.29518867034912,-0.4149442715082317
1779768849797,-4.26482134475708,-9.342325100055337,-0.3896554434075951
1779768849814,-4.407875186212361,-9.09706848297119,-0.5499175362300127
1779768849831,-4.449175457111001,-8.902391129523515,-0.5208876219049096
1779768849847,-4.60315196685791,-8.726266500854491,-0.29628146906364705
1779768849864,-5.181201737920939,-8.64501269749105,-0.18450197812570257
1779768849881,-5.597792534527183,-8.711452378082274,-0.048780817646067585
1779768849897,-6.066009181213379,-8.763675901794434,-0.12644247826905922
1779768849914,-5.914575926208496,-8.671499137878417,-0.24241202304167672
1779768849931,-5.767033248901367,-8.509591835132241,-0.15592131682188481
1779768849947,-5.73949992980957,-8.232311601799726,-0.1152194639075431
1779768849964,-5.94405394962728,-8.060079304394126,0.16714605278302913
1779768849981,-6.143222769275307,-8.047511499243974,0.3139408069328405
1779768849997,-6.6840130692631,-7.989751384192704,0.45460028233118355
1779768850014,-6.574478343310952,-7.787142068701982,0.41763944714264944
1779768850031,-6.5487406754642725,-7.556101023975014,0.3812774180974811
1779768850047,-6.807912420654296,-7.313837158966064,0.3482080191232264
1779768850064,-7.005284420013427,-7.200562077441811,0.457443360270001
1779768850081,-7.016956737628579,-7.09282300273478,0.3550913488961756
1779768850097,-7.33553461151123,-6.789955908203124,0.4128512812843546
1779768850114,-7.529764221191406,-6.600664339447021,0.5600944276556372
1779768850131,-7.5818375227779145,-6.451475063976645,0.6446393084537237
1779768850147,-7.548020008850097,-6.078579324451089,0.6423953289192169
1779768850164,-7.540088046807051,-5.963955166405439,0.634913887122646
1779768850181,-7.634061631011963,-5.916371577453613,0.5975045592479408
1779768850197,-8.00007520980835,-5.738602104187011,0.6655887921757996
1779768850215,-8.39541717441976,-5.442468701824546,0.7058418921090662
1779768850231,-8.442103522270918,-5.210979328808188,0.731879054358974
1779768850247,-8.40798731765747,-4.828655835723876,0.611719254822284
1779768850264,-8.441057812610268,-4.659565343475341,0.5633866010688245
1779768850281,-8.524554426464437,-4.676923013250529,0.618303090192005
1779768850297,-8.928426903533936,-4.428225315801799,0.6145629538156092
1779768850314,-9.05980871963501,-4.23893403930664,0.4543009340584278
1779768850331,-8.868573031073808,-4.092589047351479,0.46058549422062933
1779768850348,-8.999055852508544,-3.7762545684814453,0.5559048670113086
1779768850364,-9.037961629486084,-3.6861724387571213,0.7338236856207251
1779768850381,-9.041552931976318,-3.437475033569336,0.6212959153324366
1779768850397,-8.704269188579916,-3.034650311987102,0.5415389994632452
1779768850414,-8.49821879272461,-3.2007480521604417,0.5617404412969946
1779768850431,-8.55508108215332,-3.1073747719362377,0.49066228725016114
1779768850448,-8.737489905658364,-2.9200281997680664,0.46687005438283086
1779768850465,-8.865577940911054,-2.6628008666440843,0.38397120549241076
1779768850480,-9.073125297325848,-2.791938118688762,0.37095210377764887
1779768850498,-9.031526043480634,-2.7660505209773776,0.230143579864013
1779768850514,-9.073575963702798,-2.4747068371094763,0.1572701513146865
1779768850531,-9.055618866729736,-2.377142827197164,0.13617137933201157
1779768850548,-8.890567420738934,-2.3618794993527232,0.06958251779475248
1779768850564,-8.894609974128008,-2.4763531430117784,0.1470949700722471
1779768850581,-9.186252494812011,-2.363226530047506,0.16789418600290082
1779768850598,-9.295788389807939,-2.1770777893617748,-0.02020014492580667
1779768850615,-9.420137238532304,-2.0853499382570386,0.03486618273053318
1779768850631,-9.477298803168535,-2.0654481369569897,0.04968064342946745
1779768850648,-9.374797044593095,-2.0783169708803295,-0.10743861218942329
1779768850665,-9.408464920917153,-2.1006126815795896,-0.1324284938761033
1779768850681,-9.502885664367675,-2.052279589434713,0.010625210581859574
1779768850697,-9.74305518744588,-1.8019361706055699,-0.19183438510671258
1779768850714,-9.48118821182251,-1.7711105319701135,-0.24525488178478552
1779768850731,-9.430610701751709,-1.8462287551879881,-0.2688979063066188
1779768850748,-9.70414824142456,-2.0040964271545407,-0.2554304123703856
1779768850764,-10.097695139312744,-2.017115044812113,-0.3615234003708232
1779768850781,-10.106375873896479,-1.9195511810302732,-0.3425192602965515
1779768850798,-9.732580555182695,-1.8183963070191442,-0.6148598544029519
1779768850814,-9.533561373138427,-1.8044798637390136,-0.5377965067329816
1779768850831,-9.614215457043052,-1.9232918288633227,-0.5562017310660332
1779768850848,-9.701753455242514,-2.0441990127012133,-0.45744109524767845
1779768850864,-9.610026773181557,-1.8677765701293945,-0.6259332380105741
1779768850881,-9.63965618776977,-1.8776527981080113,-0.664240428040456
1779768850898,-9.564536941638588,-1.745672431591898,-0.6515211769219488
1779768850914,-9.747693368640542,-1.600523809814453,-0.4652223602410406
1779768850931,-9.836427883148193,-1.54979651600942,-0.42975806548688555
1779768850948,-9.636512044525146,-1.5251063113890588,-0.4785399243125692
1779768850965,-9.559149403381348,-1.6505026233397424,-0.4023745301293209
1779768850981,-9.460538222503661,-1.6232685794554649,-0.21951748793274162
1779768850997,-9.504231233757734,-1.656338489886373,-0.14903839575760067
1779768851014,-9.615413726916909,-1.7646761150084436,-0.41389655255358665
1779768851031,-9.51919616317749,-1.6326958946228027,-0.20874321513585745
1779768851047,-9.358186686053871,-1.792808130645752,-0.26306217675730587
1779768851064,-9.55077028209269,-1.710058389636129,-0.23777320252619683
1779768851081,-9.687090139117837,-1.616235612078756,-0.25827359077390283
1779768851098,-9.502586973682046,-1.4535796829223633,-0.3407239104455337
1779768851114,-9.556008767268061,-1.512686682537943,-0.29957386167254296
1779768851131,-9.78076386359334,-1.3995606540955603,-0.40162634211052206
1779768851148,-9.826253110614418,-1.4188636127196252,-0.4366415048576891
1779768851164,-9.789590728649497,-1.4651014861509204,-0.5864289654169231
1779768851181,-9.643095514568685,-1.7434274291440843,-0.4948503500571474
1779768851198,-9.719710552215576,-1.7369933044433592,-0.440681793224439
1779768851214,-9.712380063197017,-1.714248388671875,-0.4327507444968447
1779768851231,-9.789292037963866,-1.7606361919678746,-0.4813832214470952
1779768851248,-9.730035546875,-1.7658732158385215,-0.5102633885705843
1779768851264,-9.651475804901123,-1.814355945587158,-0.6090241339867934
1779768851281,-9.726444244384766,-1.7326536678038535,-0.456992474697344
1779768851298,-9.784802909851074,-1.733102580615133,-0.39309703522883355
1779768851314,-9.626335518425703,-1.7585409732542931,-0.3757388539969921
1779768851331,-9.242965146636962,-1.7164926604673265,-0.302416793480888
1779768851348,-9.25762963180542,-1.7826326274596154,-0.41644042835012074
1779768851364,-9.430759170311688,-1.8496702739439903,-0.6434405636558309
1779768851381,-9.651924717712403,-1.8245311565123497,-0.43783842302467674
1779768851398,-9.76026409640014,-1.8884267055787145,-0.4516055209619924
1779768851414,-9.569925064417719,-1.9228436467044054,-0.6244365879783407
1779768851431,-9.387366018787025,-1.9714752834044396,-0.5318110208489001
1779768851448,-9.484330601501464,-1.9511247154235838,-0.5364497135002165
1779768851464,-9.644893503901361,-1.9143143032900989,-0.8620613584771751
1779768851481,-9.657162618365883,-2.0184616371154784,-0.6748646065758541
1779768851498,-9.834783038550615,-2.092981602179259,-0.6729195369226858
1779768851514,-9.916483416637778,-2.1342809962950646,-0.7145183889091015
1779768851531,-9.916934083014725,-1.9858409317567944,-0.7713807148704305
1779768851548,-9.84480817348063,-1.8417396270751951,-0.7944250519799068
1779768851565,-9.614514732250571,-1.936759359332174,-0.7094307834465057
1779768851581,-9.692326870727538,-2.192041403607279,-0.560242311693728
1779768851598,-9.759664376941323,-2.069637843731791,-0.5222343603387475
1779768851614,-9.73587199794352,-1.7167923740662634,-0.5599425980947912
1779768851631,-9.466821832817793,-1.5861583075925707,-0.5494682580925524
1779768851648,-9.368512265235186,-1.6443680661074815,-0.47330264471359546
1779768851664,-9.501389288330078,-1.8160021053589879,-0.2672519565973431
1779768851681,-9.577256137958168,-1.790414075116068,-0.33713213303126394
1779768851698,-9.534608251842856,-1.8119615977965293,-0.4587879432793706
1779768851714,-9.271996010810136,-1.9577090622499584,-0.6096227939996868
1779768851731,-9.251345436969398,-2.033126268414408,-0.5038285697501153
1779768851748,-9.324369172126055,-1.9791072395876048,-0.5107124840449542
1779768851764,-9.479542782703042,-1.8540100567139683,-0.7020985408622771
1779768851781,-9.353996833148598,-1.9370587806701658,-0.7718299564752727
1779768851798,-9.415795994457602,-2.048389303997904,-0.8282428216360509
1779768851814,-9.514408344379067,-2.1841106106080113,-0.8349766599357128
1779768851831,-9.622146834564209,-2.15927076838389,-0.8102866745110601
1779768851848,-9.69681658336222,-2.098368263653666,-0.8242029716607183
1779768851864,-9.720008658379315,-2.0567685714170336,-0.8093887758232653
1779768851881,-9.687688105010986,-2.085050663049519,-0.7532748205438256
1779768851898,-9.65970587310791,-2.0976202217653395,-0.6537655217826366
1779768851914,-9.722703304290771,-2.1495443241395056,-0.5915162786185741
1779768851931,-9.745148360332847,-2.147598889160156,-0.7303802671685814
1779768851948,-9.674669048961997,-2.1779753227233885,-0.6459844394523651
1779768851965,-9.539247017559408,-2.15777424621582,-0.5746070832632482
1779768851981,-9.571719546619057,-2.0664954540528355,-0.5895710628349333
1779768851998,-9.630077043041586,-2.0735284214295446,-0.598249751592055
1779768852015,-9.655366382598876,-2.19144285319224,-0.7290335287347436
1779768852031,-9.522935934227704,-2.2306476131163535,-0.7579134401299059
1779768852048,-9.475950895690918,-2.1585225803650916,-0.734121353393048
1779768852065,-9.526679796931147,-1.9711764465883372,-0.6814491360653191
1779768852081,-9.393799851226806,-2.0247465626038608,-0.6043857701290398
1779768852098,-9.38422304458618,-2.0591630653381348,-0.564880858214572
1779768852115,-9.521741171485186,-2.119766733252257,-0.793527116759494
1779768852131,-9.61496481410563,-2.1499932369507846,-0.7351684512931853
1779768852147,-9.607183074188232,-2.196829660797119,-0.7610557567436248
1779768852164,-9.469217788043618,-2.262819990185648,-0.7974180597834288
1779768852181,-9.387065574535727,-2.2153845775328573,-0.8467984690241516
1779768852198,-9.358335739135741,-2.2233158089235423,-0.846050061809644
1779768852214,-9.277382380023598,-2.310853660992533,-0.8551779556389898
1779768852231,-9.425972520557046,-2.3279124939516187,-0.9069523473441601
1779768852248,-9.535507246509194,-2.2931962776184083,-0.9434642879877239
1779768852265,-9.645041972461343,-2.233790148925781,-1.024118737218529
1779768852281,-9.658509356799721,-2.290353309277445,-0.9283507438775151
1779768852298,-9.648482468304037,-2.307112574768066,-0.8798681602593511
1779768852315,-9.521740002441407,-2.2409729000367222,-0.881813083782047
1779768852331,-9.474605326300859,-2.28376954697296,-0.8482946989312767
1779768852348,-9.487173715972899,-2.348263061932474,-0.8717876565910875
1779768852365,-9.386018111309408,-2.423680121966451,-0.8714886005792767
1779768852381,-9.309404242706298,-2.4232313552856444,-0.8249509404838085
1779768852398,-9.376441889190673,-2.43729714390859,-0.8224071742851287
1779768852415,-9.578154548102617,-2.4805429959170517,-0.9518439207330346
1779768852431,-9.556008767268061,-2.3900122456423936,-0.8901932279840111
1779768852448,-9.455900041308999,-2.3904607200622556,-0.8973757598992437
1779768852465,-9.30850700160563,-2.377143119458109,-0.8952808334466069
1779768852481,-9.454403665271402,-2.385971591949463,-0.815074858635664
1779768852498,-9.667188337817787,-2.3582887813843785,-0.754172938427329
1779768852515,-9.7170170753479,-2.4404399719789622,-0.7520778658442199
1779768852531,-9.401581006622314,-2.3361425621584058,-0.8390169483024627
1779768852547,-9.351003496551513,-2.353500378064066,-0.8945325723625719
1779768852565,-9.424776004248857,-2.3760959484927353,-0.8120820334952324
1779768852581,-9.521441896277665,-2.3853733337953686,-0.8604151256401091
1779768852598,-9.625438861846924,-2.450016632489115,-0.8218084777396172
1779768852615,-9.65865957892537,-2.4566009793154895,-0.8511378864679485
1779768852631,-9.502585804638265,-2.3593360984802243,-0.8536817257318645
1779768852648,-9.376441889190673,-2.352303277233988,-0.7499830124568194
1779768852665,-9.327810837012528,-2.4173957809999584,-0.7249931673027574
1779768852681,-9.405621221923827,-2.429516280774027,-0.7231975891228765
1779768852698,-9.418790500098467,-2.33030698787272,-0.7609063383355736
1779768852715,-9.414301371985673,-2.3388360390260816,-0.7430993904229253
1779768852731,-9.443479535675047,-2.332849950353801,-0.7321757722832262
1779768852748,-9.372701533618569,-2.2878093238830566,-0.7499827932611107
1779768852765,-9.389760804969072,-2.2803277359560132,-0.709580640245974
1779768852781,-9.507374792480467,-2.223614791870117,-0.6643899377800524
1779768852797,-9.520842176818848,-2.1908441566467283,-0.7064384697627276
1779768852815,-9.541043837848305,-2.189946038763225,-0.6241374954339116
1779768852831,-9.51874725036621,-2.255038688659668,-0.6827952169120312
1779768852847,-9.764753224512933,-2.3648729820802807,-0.7240953416801988
1779768852864,-9.798570738440752,-2.33644212962687,-0.763899090410769
1779768852881,-9.746496267810464,-2.4711153884887693,-0.6857879689872265
1779768852898,-9.613170331904291,-2.5345620247438547,-0.6510725563716143
1779768852915,-9.569623451122641,-2.552817374011129,-0.705091146807
1779768852931,-9.363422248619795,-2.6177599479123947,-0.7032956416923553
1779768852948,-9.274987593841551,-2.5864862732484935,-0.7017997040461749
1779768852964,-9.345016823357343,-2.5263312258847055,-0.7716803919367492
1779768852981,-9.434052366638182,-2.474257924298197,-0.6795034088250249
1779768852998,-9.508573062354326,-2.486528646197915,-0.9355332757927477
1779768853015,-9.46787046508789,-2.490269147900492,-0.9169783590570092
1779768853031,-9.587131635284424,-2.3751976844787595,-0.6001951865714042
1779768853048,-9.407715563854575,-2.4543559768676757,-0.8643061417292803
1779768853065,-9.323021264648437,-2.436100481469929,-0.9374785646416246
1779768853081,-9.471910095867514,-2.426373598834127,-0.7998119691826403
1779768853098,-9.598803952899575,-2.542043612670898,-0.871188960045576
1779768853115,-9.563788169097899,-2.59845698928833,-0.8448528148490935
1779768853131,-9.299377938732505,-2.4643812579281628,-0.7160147649466991
1779768853147,-9.175181065699457,-2.4004868779055775,-0.832881733483076
1779768853165,-9.20660437796712,-2.41949099971354,-0.8553274471122772
1779768853181,-9.399934408459067,-2.4181433844968674,-0.7612052482169122
1779768853198,-9.298330475506186,-2.3397334262572227,-0.6787553669366985
1779768853215,-9.204957779803872,-2.310703877258301,-0.6379039357841014
1779768853231,-9.240422476416827,-2.336142708288878,-0.7857460344292223
1779768853248,-9.443330482593177,-2.5617959224976596,-0.9572308744683861
1779768853265,-9.458891039818525,-2.580201055499166,-1.0078083114739507
1779768853281,-9.657910221862792,-2.6174611110962926,-1.1555004071891306
1779768853298,-9.446022790417075,-2.435950405474752,-0.5594943428706377
1779768853314,-9.318082639202474,-2.4136542563840746,-0.6926715179558843
1779768853331,-9.321823579296469,-2.658611013738811,-0.7821545858085155
1779768853348,-9.589676059070229,-2.5034374031618234,-0.8598164290945977
1779768853365,-9.612718496483565,-2.4360998969480394,-0.8804663453482091
1779768853381,-9.478494734954834,-2.482787121582031,-0.7288838911309838
1779768853398,-9.390507239422202,-2.586485688726604,-0.7026972374077886
1779768853415,-9.398588839069008,-2.551321436364949,-0.8134289180595428
1779768853431,-9.609878304621576,-2.4899700188234446,-0.8197136243522166
1779768853448,-9.635764441028236,-2.464980246734619,-0.7567164854303002
1779768853465,-9.459341121673583,-2.4256255569458007,-0.7252925886407494
1779768853481,-9.247004192894696,-2.5450363647460934,-0.5701183204766362
1779768853498,-9.093327542877196,-2.535908470916748,-0.31498649832718073
1779768853514,-9.098713912090659,-2.469469374847412,-0.5704175226189195
1779768853531,-9.390356432774663,-2.4718632842466235,-0.7977171157952397
1779768853548,-9.62124900894165,-2.4648303168699144,-0.7148181390406564
1779768853565,-9.663746088409424,-2.543390351104736,-0.704193503847532
1779768853581,-9.522488774982094,-2.6476880531862377,-0.6754631569908931
1779768853598,-9.434351641845703,-2.595912857763469,-0.46791591017395257
1779768853615,-9.501838201141357,-2.5953145996093747,-0.4908102808861062
1779768853631,-9.533261513409018,-2.6247932075500486,-0.48332829110026354
1779768853648,-9.508273202624917,-2.6912323036193846,-0.5300155887994915
1779768853664,-9.424624613079429,-2.6574142051696774,-0.5460263009451329
1779768853681,-9.336638286590576,-2.483535017339885,-0.6259331101464107
1779768853698,-9.45410439006388,-2.45465554433614,-0.6043852586723863
1779768853715,-9.548974046325682,-2.5062802253723144,-0.5502164826439693
1779768853731,-9.76220646263957,-2.706495046941936,-0.65197005320061
1779768853748,-9.770886612701416,-2.692130129241943,-0.40446971231028434
1779768853764,-9.586382862743735,-2.6426000823974607,-0.3694540015738457
1779768853781,-9.144203743633627,-2.646191384887695,-0.5198399760155007
1779768853798,-9.236679198235272,-2.692279766845703,-0.43963385507408526
1779768853815,-9.349507705035805,-2.8411691825866696,-0.420181404976733
1779768853831,-9.45470294047892,-2.848052804620564,-0.5123584611536934
1779768853848,-9.542989126697183,-2.835931866455078,-0.5098143661614507
1779768853865,-9.593267361560464,-2.6116250984191893,-0.24794848651662468
1779768853881,-9.685742816162108,-2.4736595200136304,-0.5527606507014483
1779768853898,-9.682899701690673,-2.8476035995483397,-0.3917499314688146
1779768853915,-9.675418406024574,-2.8983304549619553,-0.535850980422087
1779768853931,-9.877577639660238,-2.55072230142802,-0.4064144166372716
1779768853948,-9.664493107384443,-2.461987202398479,-0.2079956116389483
1779768853965,-9.379583694347739,-2.7012577308103443,-0.1481400586783886
1779768853981,-8.921394520679115,-2.7340289505556226,0.013169058978930115
1779768853998,-9.074923286658525,-2.514510878100991,-0.316482399440743
1779768854015,-9.706093530273437,-2.411409984588623,-0.3232160916099325
1779768854031,-9.871592720031737,-2.4082675949096677,-0.3880094662988558
1779768854048,-9.781959210857748,-2.577507432501018,-0.37573921932317317
1779768854064,-9.623643210601806,-2.6185087204530832,-0.34626035565417257
1779768854081,-9.41654476699829,-2.6632503639772533,-0.2473498995689675
1779768854098,-9.372850586700439,-2.558054836273193,-0.3139386332420632
1779768854115,-9.355791899871825,-2.4812907455444333,-0.3752900507835671
1779768854131,-9.40367768664062,-2.5354598503664136,-0.40312271814811973
1779768854148,-9.55660614863932,-2.498050449426472,-0.3758885646659881
1779768854164,-9.604041269031166,-2.5176526832580564,-0.3715493298852816
1779768854181,-9.494655596160888,-2.6083333633974193,-0.43918572771409525
1779768854198,-9.42342809677124,-2.5891794578552245,-0.2084441408577375
1779768854215,-9.358035294884443,-2.500892979376018,-0.2392696150964126
1779768854231,-9.438540910229086,-2.453906917925924,-0.28760241498034445
1779768854248,-9.704895844921468,-2.357689792577922,-0.3465596308616921
1779768854265,-9.730933957019447,-2.3642739932738244,-0.29598215732350946
1779768854281,-9.507674067687988,-2.3988404258728027,-0.20036349105900153
1779768854298,-9.515304416435956,-2.3117511943541467,-0.10309946874026209
1779768854314,-9.596559388843179,-2.320879380444437,-0.12225304548889399
1779768854331,-9.644743281775712,-2.3726541374757883,-0.1593630068245344
1779768854348,-9.484929151916504,-2.35574479598999,-0.19392916542887687
1779768854364,-9.474605326300859,-2.30127700048238,-0.1451478363261558
1779768854381,-9.350704805865883,-2.1284454220093787,-0.043394119639042765
1779768854398,-9.507225154876709,-2.1908438643857835,-0.27099262269670144
1779768854415,-9.763703423199058,-2.26311882700175,-0.4652224333062768
1779768854431,-9.775375156292318,-2.3135466994687914,-0.4168889210362918
1779768854448,-9.638457333374022,-2.2331917446412146,-0.5216357916573994
1779768854465,-9.434950192260741,-2.211943058776855,-0.4935041413462721
1779768854481,-9.432108246833085,-2.208052773340046,-0.5137051265222952
1779768854498,-9.385569783020019,-2.1875521293640134,-0.5563516243981197
1779768854515,-9.481637709155677,-2.2261587772645055,-0.5651799872916191
1779768854531,-9.593566052246093,-2.1978771240234374,-0.5781984588187188
1779768854548,-9.395595502471924,-2.1130327488221226,-0.45250301779098806
1779768854565,-9.285911138916015,-2.1181204273499548,-0.48976263499669725
1779768854581,-9.189694159698485,-2.2330419609069825,-0.5979509147759526
1779768854598,-9.373149861907958,-2.3318029255189,-0.4679158005760982
1779768854615,-9.434502448493241,-2.182614380700886,-0.5838846877615899
1779768854631,-9.25732918755412,-2.1477480883724986,-0.5261246092429385
1779768854648,-9.096020435222982,-2.142660555975139,-0.39010380822960283
1779768854665,-9.107244424548744,-2.2206221859253943,-0.39070276050344105
1779768854681,-9.086295160022377,-2.1499932369507846,-0.27219007058665157
1779768854698,-9.121011084094643,-2.0485389416016635,-0.2041043398214504
1779768854715,-8.980649842724203,-2.1293429553709924,-0.31588408648772165
1779768854731,-8.908076189422607,-2.0772692153930663,-0.13841390669494866
1779768854748,-9.406669269672035,-2.6249431374147534,-0.6830947295815684
1779768854764,-9.491512621960043,-2.925115439904481,-0.3426689435660839
1779768854781,-9.419386712425947,-2.8642130813047286,-0.3633191977464128
1779768854798,-9.162610922461747,-2.7091891083315014,-0.5976516886591388
1779768854815,-8.834304850769042,-2.817227458246052,-0.6548127452636486
1779768854831,-8.79794232853353,-3.0725086257383225,-0.610969103175262
1779768854848,-8.477867494091392,-3.409342871801555,-0.41404588876324705
1779768854865,-8.540116152733564,-3.3013045218870043,-0.12285207082796841
1779768854881,-8.630498434448242,-3.0487165390014646,-0.23283516160212456
1779768854897,-8.525003923797607,-2.8202202103212475,-0.3058582939705811
1779768854915,-8.442253159874678,-3.5317467239379883,-0.008378774228785187
1779768854931,-8.178444402533769,-4.015824956622719,0.28057162129441277
1779768854948,-8.267927689582109,-4.431518512128293,0.4143471823979169
1779768854965,-8.616582137298584,-3.7599443619325754,0.2195198990855366
1779768854981,-8.798541463470459,-3.4790742874145506,0.04549127458138391
1779768854998,-8.801385162463784,-3.8608001068666575,-0.1343734539314173
1779768855015,-8.518568337792157,-4.9681177901670335,0.30511151245757934
1779768855031,-8.44015940246582,-5.360917084558308,0.4326029700566083
1779768855048,-8.673443842205405,-5.734561888885498,0.39938356815241277
1779768855065,-8.670303206092118,-5.776760277667641,-0.1752241863976931
1779768855081,-8.277353689575195,-5.819257357135415,-0.02468907337571172
1779768855098,-8.10841283493042,-6.118831839862466,0.3561387299241032
1779768855115,-7.950394940838217,-6.341491425213217,0.021249727043975142
1779768855131,-7.915829238891601,-6.414515160369873,-0.24794841345138846
1779768855148,-7.98705615375936,-6.619219402313232,-0.7974180232508108
1779768855164,-7.030273899841308,-6.727407974353432,-0.4736017737906426
1779768855181,-6.8961986068725585,-6.8958993316650385,-0.2295430612541735
1779768855198,-6.941389747729897,-7.589470209613442,-0.381575085869804
1779768855215,-7.028328610992431,-8.08327430202067,-0.9323908861137926
1779768855231,-6.902034473419189,-8.099584216308592,-1.1261718752436338
1779768855248,-6.2110080192565915,-7.6553101707458495,-0.9736904263600706
1779768855265,-5.9582701065063475,-7.968052762603759,-1.003169545757398
1779768855281,-6.025158115386962,-8.365041909900308,-1.09040848794505
1779768855298,-6.230460323223471,-8.879046494293213,-0.6353605349116027
1779768855315,-6.538115821075439,-8.448838968005775,-0.7826036447502672
1779768855331,-6.487089398193359,-8.189815691375731,-0.9862604234673082
1779768855348,-6.265476107025146,-7.982119281879067,-1.2395970327630639
1779768855365,-6.108954881231487,-8.035090409088134,-0.9108426327809691
1779768855381,-6.0920452474847435,-8.107214565056562,-0.9885049875237047
1779768855398,-5.846789507183432,-8.310722290691732,-1.4751267672114072
1779768855414,-5.069871360723674,-8.439111354717612,-1.7387879327751694
1779768855431,-4.80411497644633,-8.489839086914062,-1.6588817446283994
1779768855448,-4.585793712560832,-8.47173293685913,-1.338357412853092
1779768855464,-4.460995951025188,-8.332569965362548,-1.596931630541384
1779768855481,-4.319887982940673,-8.307281210327147,-1.7384888036981223
1779768855498,-3.6004303840637206,-8.479215401569009,-1.8842356836296617
1779768855515,-3.5359368691042063,-8.906431344825029,-2.209398342730105
1779768855531,-3.649960430908203,-9.034670186725258,-2.3255169771172106
1779768855548,-3.7817908675596117,-9.165452283367514,-2.2402233968436716
1779768855565,-3.2333690497800704,-9.022548956298827,-2.325068064305931
1779768855581,-3.0769977538511157,-9.008931934356688,-2.455402417180687
1779768855598,-2.6683377502441403,-9.031078884235024,-2.6770155622184273
1779768855615,-2.4521114128112793,-9.034370911517739,-2.655318694195151
1779768855631,-2.393453472137451,-9.044396630969644,-2.4992460889518258
1779768855648,-2.4455273582458497,-9.133730280414223,-2.1872519773736596
1779768855665,-2.526630354961753,-9.290100991821289,-2.303670033098757
1779768855681,-2.3751975383482873,-9.382278340259194,-2.383875496453047
1779768855698,-2.0943277560912072,-9.451260691070557,-2.5641888089835643
1779768855715,-1.969978907366842,-9.507972758373617,-2.6011492971122263
1779768855731,-2.012176419366151,-9.486424943432212,-2.657413328386843
1779768855748,-2.1618143153868616,-9.336189958301185,-2.4322087347283956
1779768855764,-2.2870609897337855,-9.21199074718058,-2.51555717228353
1779768855781,-2.1736355399534104,-9.18759864872396,-2.6309274725213645
1779768855798,-2.0260931549072265,-9.31419264602661,-2.7911890538871287
1779768855814,-1.9159595862790941,-9.46787046508789,-2.7127789495170114
1779768855831,-1.7953518237791954,-9.451859826007485,-2.629880301555991
1779768855848,-1.4639043853208422,-9.188796334075928,-2.4669246588006613
1779768855865,-1.3461398834228515,-9.17368352061808,-2.535608318926394
1779768855881,-1.438615703350678,-9.194932060351967,-2.590525027245283
1779768855898,-1.4844048831664025,-9.208100169482826,-2.6846473722711206
1779768855914,-1.215506255340576,-9.131934629169105,-2.6795596937432884
1779768855931,-1.0914566818237303,-9.097818424555658,-2.674921512548625
1779768855948,-0.887500700964406,-9.091532476153969,-2.7385169096246362
1779768855964,-0.7899369833130389,-9.204060538703203,-2.7103859169006346
1779768855981,-0.7583633758544921,-9.238177327838539,-2.6999101155936716
1779768855998,-0.7285854196410626,-9.182063226428628,-2.6325740706846115
1779768856015,-0.7175122369628399,-9.14779679968953,-2.534112235149741
1779768856031,-0.6940191331725567,-9.18116540080607,-2.517652098736167
1779768856048,-0.6628944019926711,-9.300425986480713,-2.5927701758235693
1779768856064,-0.7474397942474111,-9.48073929901123,-2.61476661131531
1779768856081,-0.9449615042755379,-9.696817167884111,-2.532166946300864
1779768856098,-1.0889127694945782,-9.752629655998945,-2.501640290611982
1779768856114,-1.1306615513456986,-9.714324183002114,-2.45854466072917
1779768856131,-0.9472059952666982,-9.654019644165038,-2.3340464666619893
1779768856148,-0.8348282644409686,-9.60763315604329,-2.289604244475812
1779768856164,-0.553509496307373,-9.583989830127358,-2.1106378165096045
1779768856181,-0.6612484979491681,-9.632322776141763,-2.057815450121462
1779768856198,-0.6953658716063946,-9.661950437164306,-2.014569890373945
1779768856214,-0.6335654316557571,-9.669432901874185,-1.9047360353447496
1779768856231,-0.41524405817240473,-9.511713698467611,-1.7928073999933898
1779768856248,-0.27219065510854124,-9.420735204425453,-1.7375908319450915
1779768856264,-0.11297631777338683,-9.502137476348876,-1.696140777312219
1779768856281,-0.13153119797650725,-9.795426010674237,-1.6985354173637925
1779768856298,-0.12958620138857513,-9.93399276984334,-1.662024280437827
1779768856314,-0.11836319844350218,-10.05474973155558,-1.7012291864924132
1779768856331,-0.10414769915156066,-10.04292719181478,-1.7910113103568552
1779768856348,-0.1801636383941397,-10.056395745196937,-1.8436837468802927
1779768856364,-0.36750991830136626,-10.043974655041097,-2.041504951311648
1779768856380,-0.3993826913695782,-9.945064198955892,-2.1848571911916137
1779768856398,-0.3308487419128418,-9.531167171478272,-2.3295570462882518
1779768856414,-0.34177232351992276,-9.521440727233886,-2.381033258764446
1779768856431,-0.6203973225248978,-9.65237421504557,-2.444927638787031
1779768856448,-0.8310870686186477,-9.631125090789794,-2.4803917508780953
1779768856464,-1.1146502546781674,-9.370456385040283,-2.713676482878625
1779768856481,-0.7164647372039035,-9.073276103973388,-2.8224633130729195
1779768856498,-0.5006873125823215,-8.93830298538208,-2.7856524625480175
1779768856514,-0.24690204620361328,-8.775795963177085,-2.6557673147454857
1779768856531,-0.3290529810698703,-8.710255277252196,-2.529024264360964
1779768856548,-0.3935467334914021,-8.801236693903803,-2.5625433798640964
1779768856565,-0.31977557750092817,-8.952368335613608,-2.781312972038984
1779768856581,-0.14125780661767348,-8.98304462890625,-2.9680609937921165
1779768856598,-0.1107318085159175,-9.122508044654131,-2.9532471632808446
1779768856615,-0.22101461288901045,-9.32751097728312,-2.983473666979372
1779768856631,-0.30825331761464475,-9.469068150439858,-3.041832040184736
1779768856648,-0.2819170628203079,-9.556306288909912,-3.0659234021291133
1779768856664,-0.29643192865131424,-9.58279214477539,-3.1621406736075874
1779768856681,-0.4396350789167918,-9.348160966601966,-3.1093183072194455
1779768856698,-0.5122093350065872,-9.19927096633911,-3.0626319593682885
1779768856714,-0.6010941447051241,-9.054870678710937,-2.9815283781304953
1779768856731,-0.41299974527775773,-9.004143531036377,-3.144633073967695
1779768856748,-0.2326862455175724,-8.948627980041504,-3.2653909124627707
1779768856764,0.20350713312177102,-9.043349167743324,-3.362805284771323
1779768856781,0.4604348542531603,-9.409064640375972,-3.285293298284709
1779768856798,0.4997896445066784,-9.551815991753339,-3.216159848564863
1779768856814,0.4465186963841086,-9.704148825946449,-3.095253249248862
1779768856831,0.26994627828181256,-9.616310968017578,-3.1857834150016306
1779768856848,0.11252741866183932,-9.47460474177897,-3.2368101301446557
1779768856864,-0.010624233334325254,-9.372700949096679,-3.2344159284844993
1779768856881,-0.05117584129013121,-9.471611989703774,-3.2828982198417185
1779768856898,-0.04997896878891624,-9.411008175659179,-3.2635952612176538
1779768856914,-0.08888462703544646,-9.14255831451416,-3.150469232775271
1779768856931,-0.12060771683412604,-8.920196835327149,-3.0889678853690623
1779768856948,-0.06928222880708053,-8.789712844848632,-3.117249392479658
1779768856964,0.07227518181167543,-8.664466755023598,-3.119643886400759
1779768856981,0.09726467990586533,-8.807221029010414,-3.0074159758418797
1779768856998,0.02169763520825654,-8.871715420752762,-2.9743460654109715
1779768857014,-0.05237312478329986,-8.949227114978433,-2.9949954702079293
1779768857031,0.06658887980356812,-8.948030014148355,-3.094055563896894
1779768857048,0.11192905547646805,-8.946832913318277,-3.1455311918511986
1779768857064,0.07511824148418382,-8.991423750194906,-3.2486312085807323
1779768857081,-0.08274961314545944,-9.037812576404214,-3.2842449582755564
1779768857098,-0.1244984497955069,-9.056367639270425,-3.2948692281425
1779768857114,0.20649996625371275,-9.338584159961343,-3.205386233355105
1779768857131,0.5720646505051292,-9.49974385921061,-3.169323863109946
1779768857148,0.7113772230728529,-9.432557744166255,-3.1301188109248876
1779768857164,0.8117840734619647,-9.27633491679728,-2.962075489641726
1779768857181,0.5642834768433124,-9.172785110473633,-2.8992274038016794
1779768857198,0.4085107861283235,-9.105597826385498,-2.8951874807611104
1779768857214,0.22849658440854398,-9.010280426356196,-2.9411259328544137
1779768857231,0.20096332011567428,-9.03975786525309,-2.974794393700361
1779768857248,0.21278481867685914,-9.062651834106445,-2.976889320152998
1779768857264,0.24450799067392945,-9.109638041687012,-2.875734300011396
1779768857281,0.3547909411774948,-9.24446152267456,-2.8333868581473824
1779768857298,0.43035783974463115,-9.27618586371541,-2.7955288366571067
1779768857314,0.5810429067307151,-9.337386474609374,-2.7271438672170043
1779768857331,0.5084686141083017,-9.420135484966636,-2.7311840825185176
1779768857348,0.4483142791305668,-9.484480239105224,-2.7067934453666207
1779768857364,0.37289694510195404,-9.631574003601074,-2.71696909468323
1779768857381,0.4507085173233412,-9.743504100257157,-2.7069433752313254
1779768857398,0.5153521037114551,-9.771934660449624,-2.773980437193811
1779768857415,0.4406827019733144,-9.925013929095863,-2.8655595274776218
1779768857431,0.29912554822452947,-10.014496631622315,-2.8550843106925488
1779768857448,0.13617033815239554,-9.79408044128418,-2.8046564382255075
1779768857464,-0.08768764950295443,-9.427169036865234,-2.612821322466433
1779768857481,-0.14514828841730484,-9.562442015185951,-2.482636607195437
1779768857498,-0.17702109345155767,-9.595061843761801,-2.463033496581018
1779768857514,-0.1273414546690881,-9.443778810882568,-2.414401275359094
1779768857531,-0.18420370756518095,-9.37838717803955,-2.2444126652270553
1779768857548,-0.30316553862211293,-9.355343571582436,-2.2569825162038204
1779768857564,-0.48243159798886626,-9.307907282146811,-2.300078438347578
1779768857581,-0.5374982179061509,-9.252542537799478,-2.3707070950612423
1779768857597,-0.5431844833816402,-9.247752965435385,-2.3742983975514766
1779768857613,-0.5407902999877929,-9.309255189624428,-2.397642155998945
1779768857630,-0.5280711036682129,-9.412355498614907,-2.4513623480096456
1779768857647,-0.4773439559936523,-9.439589542499185,-2.4577967649713157
1779768857663,-0.4055177965911105,-9.36492154726684,-2.4513623480096456
1779768857680,-0.4300581992109306,-9.239373844146728,-2.389412380053103
1779768857697,-0.49604836420267817,-9.20615429611206,-2.343922840771079
1779768857713,-0.573860137353465,-9.408315283313392,-2.326564878734946
1779768857730,-0.40686444369340313,-9.488970536261796,-2.5383023803159595
1779768857747,-0.2983773270980455,-9.396642965698241,-2.599652921074629
1779768857763,-0.28476032342221586,-9.363124726977944,-2.577057935167849
1779768857780,-0.3326441648290958,-9.62124842441976,-2.4616873426690695
1779768857797,-0.28176742521654813,-9.721057290649414,-2.4540558248773214
1779768857813,-0.16923985585765913,-9.57620809020996,-2.4714134946525097
1779768857830,-0.24540556970131583,-9.456497422680258,-2.434752281731367
1779768857847,-0.3583818874747027,-9.51216261127889,-2.4022812139764427
1779768857863,-0.4233245070417411,-9.756669871300458,-2.421135552050173
1779768857880,-0.2235583608213812,-9.802160871887207,-2.5857366239249706
1779768857897,-0.07826025670380331,-9.62124959346354,-2.588879159734398
1779768857913,-0.06224926143037155,-9.23877412468791,-2.3781895597711205
1779768857930,-0.42541968922270457,-9.203909732055664,-2.214485728996992
1779768857947,-0.5325601678489241,-9.277680486187338,-2.1944344362236556
1779768857963,-0.41718948401859957,-9.457395832824707,-2.305465830474347
1779768857980,-0.18300678026503883,-9.506477551379799,-2.3841749177910385
1779768857997,-0.15442600708007811,-9.45560076610148,-2.358736671282351
1779768858014,-0.22116441488955169,-9.353996833148598,-2.263716500633955
1779768858030,-0.4854241856672801,-9.453805114856362,-2.310104742321372
1779768858047,-0.6133645195449702,-9.497648348236083,-2.0911846357598898
1779768858064,-0.503680137722753,-9.458443880572915,-2.033275029235333
1779768858080,-0.13931253603510557,-9.34711408789754,-2.089389130645245
1779768858097,-0.14215566877285019,-9.324368003082276,-2.103454334746301
1779768858114,-0.2784755440643057,-9.279776581683754,-2.0856483366817233
1779768858130,-0.43350019289096814,-9.297134543719887,-2.0449463239371775
1779768858147,-0.47854103855742136,-9.409810490307212,-1.992872730089724
1779768858164,-0.43798930273745207,-9.468619237628578,-1.932868050982058
1779768858180,-0.6429927468230947,-9.688436877551675,-2.1540321370780466
1779768858197,-0.946158568572998,-9.764753224512933,-1.8142052850700914
1779768858214,-1.022024760613963,-9.648632105907797,-1.7712592927910387
1779768858230,-0.7411549783568829,-9.463231114849448,-1.8921663304984568
1779768858247,-0.7465420051574707,-9.427768171802162,-1.918203565813601
1779768858264,-0.8447042366912588,-9.450962000384926,-1.8676260557428002
1779768858280,-0.9823708321502431,-9.542988542175292,-1.721878883550316
1779768858297,-1.0223239627562464,-9.55660497959554,-1.6964403447806835
1779768858314,-1.0007763670105487,-9.497350242072343,-1.734000260107219
1779768858330,-0.8288426872253417,-9.424775419726966,-1.799091887090355
1779768858347,-0.6961141326904297,-9.44243207244873,-1.758839371678978
1779768858364,-0.6848913489410653,-9.457545470428466,-1.6926995508171616
1779768858380,-0.7496843948364257,-9.567378887066244,-1.6838709321953356
1779768858397,-0.7469908449035138,-9.702501643261312,-1.7488135060966015
1779768858414,-0.6552630668640136,-9.775973706707358,-1.7889160916432738
1779768858430,-0.4144961624145508,-9.76789444514811,-1.788317979619652
1779768858447,-0.26515797999277707,-9.688886959406734,-1.708711212810874
1779768858464,-0.2781763784546405,-9.645340663146973,-1.6283556734614073
1779768858480,-0.2769792045593262,-9.542539629364013,-1.6603778284050523
1779768858497,-0.18136077575683593,-9.534908696094154,-1.7208317125849424
1779768858514,-0.1288379768371582,-9.588777648925781,-1.7368426439262925
1779768858530,0.07017989003285766,-9.619304304614662,-1.7537514008902013
1779768858547,0.293439194842428,-9.508573062354326,-1.8311144804254174
1779768858564,0.3660135057311505,-9.464727490887045,-1.880794018743187
1779768858580,0.3850175544738769,-9.53760158843994,-1.7996904375053941
1779768858597,0.1345242057800293,-9.71686743774414,-1.7007796891592442
1779768858614,-0.04548997767344117,-9.630077627563477,-1.6488558790460228
1779768858630,-0.5927146215576679,-9.280673822784424,-1.327733289116621
1779768858647,-1.2795511497497558,-9.412953464508057,-1.172110327336937
1779768858664,-1.6090532993592321,-9.56438730403483,-1.1767493853144346
1779768858680,-2.424578239849955,-9.725846278491616,-1.1261714368522167
1779768858697,-2.996493161419779,-9.46742155227661,-1.0711050909295678
1779768858714,-3.1898247993469235,-9.401430199974774,-1.0749952302359045
1779768858730,-3.689764179638773,-9.452308738818765,-0.9051569883599877
1779768858747,-4.256741206414997,-9.303718013763428,-0.476295469854027
1779768858764,-4.520102804510295,-9.112779846844077,-0.3152854812737554
1779768858780,-4.821922435815632,-8.830265219989418,-0.05940532497502863
1779768858797,-4.876989366260171,-8.984093261176348,-0.007181874328106641
1779768858814,-4.843170975549519,-9.095274585291742,0.038158758002519604
1779768858830,-4.859482058881223,-9.041404463416338,0.4340996748877689
1779768858847,-4.915596160291135,-8.93157046225667,0.8328842177011072
1779768858864,-4.892401747186482,-8.917652996063232,0.9820727990517392
1779768858880,-5.217862658581137,-8.914809881591797,1.0096058441489002
1779768858897,-5.659143952068686,-8.928575372093915,0.7740759909695479
1779768858914,-5.9132291877746574,-8.896703731536865,0.7199072834397898
1779768858930,-6.312013401794434,-8.636632991680502,0.6489793286857195
1779768858947,-6.725312463378906,-8.398558979576826,0.7779661576753482
1779768858964,-6.806866710993647,-8.331822946387529,0.955886145328544
1779768858980,-7.016956737628579,-8.339901623424888,1.029807377314195
1779768858997,-7.351845110321045,-8.486547059631347,0.8372234159491956
1779768859014,-7.29109224319458,-8.420107379040122,0.7852993866402656
1779768859030,-7.049277875518799,-8.24922123554647,0.7540247621282935
1779768859047,-6.910114904022216,-7.867794983562827,0.9349365520086139
1779768859064,-7.097761043658852,-7.684040590667724,0.8475484106086194
1779768859080,-7.4036203057438135,-7.507467633709311,0.42601942694783207
1779768859097,-7.620296725031733,-7.342268888202309,0.5976540507212281
1779768859114,-7.713070870319008,-7.054365261785685,0.6010948388248681
1779768859130,-7.763947071075439,-6.530633648626506,0.506225036432594
1779768859147,-7.906850982666016,-6.083815763799846,0.4236252252876758
1779768859164,-8.033444395446777,-5.866392033275962,0.5295676258362829
1779768859180,-8.034192583465575,-5.368548017828166,0.5620397165045142
1779768859197,-8.06920895178914,-4.467281022644043,0.5811940604381263
1779768859214,-8.153304116058349,-4.171297257885336,0.6447896036446095
1779768859230,-8.18472918189168,-3.788375214385986,0.5955591242685914
1779768859247,-8.582166072955728,-3.778947753088176,0.7131742077585309
1779768859264,-8.661323196300863,-3.604170739635825,0.6805527717474847
1779768859280,-8.730753875401616,-3.1569036497369405,0.5632371826607734
1779768859297,-8.537873926764727,-2.915090158843994,0.8075949512090533
1779768859314,-8.438215282660723,-2.7745801566526294,0.8138796575017273
1779768859330,-8.10781428451538,-2.71517388182953,0.7861961893495172
1779768859347,-8.818592902374267,-2.256385280963033,0.7658462789557874
1779768859364,-8.972571165686846,-2.1603180854797364,0.7592615668032318
1779768859381,-9.050681410327552,-2.2812248309262095,0.369157429780066
1779768859397,-9.11682064666748,-2.229151237078756,0.5372001300087198
1779768859414,-9.233388339996337,-2.1039042704708875,0.5171484719092027
1779768859430,-9.338135247150063,-1.8996489413388071,0.29374007748514414
1779768859447,-9.283965265545248,-1.8279725291378794,0.21697569449543952
1779768859464,-9.163955907329916,-1.7374417788632213,0.1565215180546045
1779768859480,-9.129541596552729,-1.679682102203369,0.13243030224069952
1779768859497,-9.315988297271728,-1.7251717876158654,0.16654745670221746
1779768859514,-9.380782548743486,-1.8888751799985766,0.2820678329352289
1779768859530,-9.293841347393393,-1.8852838775083423,0.31019941018112
1779768859547,-9.35175285361409,-1.5931912749692796,0.23927198971658944
1779768859564,-9.578453238788246,-1.508346899767965,0.29089678035061806
1779768859580,-9.664943189239501,-1.558924117577821,0.22670210220720619
1779768859597,-9.533712764307856,-1.524507907104492,0.1851018985139206
1779768859614,-9.371355379706621,-1.3787608079772442,0.2979296746620908
1779768859630,-9.457096557617186,-1.3557163978025317,0.29583423675280063
1779768859647,-9.611223289489745,-1.3640960305478422,0.24316260394696146
1779768859664,-9.624539867180586,-1.4435533789485693,0.34341881208531555
1779768859680,-9.57620809020996,-1.40629376174286,0.33548885933626443
1779768859697,-9.434202004241943,-1.3937244952879846,0.28356406284235414
1779768859714,-9.53834919193685,-1.388636597564444,0.39384657495450226
1779768859730,-9.613166824772954,-1.3663404484737665,0.3957915350098163
1779768859747,-9.628880526733397,-1.303043888213858,0.41793819262720644
1779768859764,-9.73691829212606,-1.3115733046934008,0.45011024090293794
1779768859780,-9.77432886210978,-1.3471871274534613,0.36317115844469516
1779768859797,-9.798718622478843,-1.2439369616635143,0.407464327549003
1779768859814,-9.781213360926508,-1.1394903526306153,0.5062247807042672
1779768859830,-9.81263433510661,-1.0422256179258227,0.42242775913141667
1779768859847,-9.69187737339437,-0.9588775456968694,0.5295681372929364
1779768859864,-9.732281279975176,-1.0699087207518518,0.4284141400646418
1779768859880,-9.718065707617997,-1.1575965026855468,0.4647755297889933
1779768859897,-9.840767958179116,-1.065718794781342,0.3670614073488861
1779768859914,-9.771485747638344,-0.9551365325376391,0.3658648910406977
1779768859930,-9.746346045684813,-0.9220666221067308,0.4164421088505536
1779768859947,-9.759814599066972,-0.9247604643005877,0.3841207152320072
1779768859964,-9.8714419133842,-0.9576802987363189,0.4351472477119416
1779768859980,-10.008361489868163,-0.9431657434325664,0.3278563551638275
1779768859997,-10.002375401195883,-1.0980405902586876,0.26575737065803257
1779768860014,-9.859771349334716,-1.0025717990599572,0.3286046893130988
1779768860031,-9.790788414001463,-0.9130885850768535,0.3206743712378666
1779768860047,-9.737665311101079,-0.7655456885740161,0.29014881152752786
1779768860064,-9.751732414898276,-0.7817065497800707,0.32366701371520756
1779768860081,-9.74933821323812,-0.7200558570310474,0.3684082919131964
1779768860097,-9.79303414710164,-0.6512229976929724,0.34102468349039555
1779768860114,-9.798720960566401,-0.747290047045797,0.35344559098314493
1779768860131,-9.802909644427896,-0.7242458560667931,0.4281136958133429
1779768860147,-9.832537889972329,-0.6810004424497484,0.5346557792881503
1779768860164,-9.920075888171791,-0.7888894470214843,0.3682590196356177
1779768860180,-9.889698870086669,-0.8433573886595666,0.3281566167520359
1779768860197,-9.740510179138184,-0.9709984107971191,0.336386684958823
1779768860214,-9.82535586951375,-1.1318589809693396,0.4070150859441608
1779768860231,-9.83777520610392,-1.1804910560607909,0.4227271074041724
1779768860247,-9.930250660705566,-1.2014403205871582,0.3832225608158856
1779768860264,-9.964966000255941,-1.2217908885680138,0.31438940921686587
1779768860280,-9.883563728332518,-1.220892916814983,0.363919017669931
1779768860297,-9.80051368920207,-1.2050310385555028,0.45235564520955085
1779768860314,-9.806649415478109,-1.2065278529845178,0.5542588533699512
1779768860331,-9.847352597266434,-1.2156560390748083,0.5491706633854657
1779768860347,-9.856329099926352,-1.239448125811666,0.6346143196541816
1779768860364,-9.68574223164022,-1.196352642059326,0.6495784453563391
1779768860381,-9.630525955852866,-1.2066773444578052,0.6498772456398233
1779768860397,-9.523236378479004,-1.137245934704691,0.6211466795874759
1779768860414,-9.534009701427816,-1.0555436569213867,0.5692225772133097
1779768860431,-9.579949030303954,-1.0966941440857947,0.5924167345896363
1779768860447,-9.679309568244218,-1.1451767277039586,0.6663375647164881
1779768860464,-9.644892334857582,-1.1071687763489781,0.6715746616523712
1779768860481,-9.625888943701982,-1.0922048698425293,0.6250374764809384
1779768860497,-9.630676177978515,-1.066916114807129,0.5262760004123672
1779768860514,-9.611373511615396,-1.12856666142568,0.5747589128240943
1779768860531,-9.6028435836792,-1.160738892364502,0.5874781822089106
1779768860547,-9.69068085708618,-1.2979564288817345,0.6034891135502606
1779768860564,-9.668384854125977,-1.3025954868592322,0.5017364928416908
1779768860581,-9.632024085456132,-1.3247418522156775,0.4734541820134967
1779768860597,-9.604339375194906,-1.3783118221007287,0.4004317985637113
1779768860614,-9.568425765770673,-1.483357419940084,0.4424795268287882
1779768860631,-9.585035539788008,-1.5438110118590294,0.5213377402925864
1779768860647,-9.658059859466553,-1.5511435467042027,0.5630868144046515
1779768860664,-9.598504677692056,-1.602020331982523,0.5340570827426389
1779768860681,-9.608230537414551,-1.6080056900024413,0.5062244153780863
1779768860697,-9.643843702587485,-1.5578769466124474,0.4545997343419119
1779768860714,-9.697264327129721,-1.5288471053525805,0.47435288441888984
1779768860731,-9.716118665203451,-1.5665559276305139,0.4976951450290158
1779768860747,-9.67915817707479,-1.6388307441160082,0.5036816355600953
1779768860764,-9.683499421149492,-1.5511435467042027,0.5852338008156046
1779768860781,-9.739313078308104,-1.5375265247620642,0.49200961020588874
1779768860797,-9.721056121605635,-1.644966032000631,0.44607061012331395
1779768860814,-9.713275550732016,-1.6183306846618652,0.526874770023115
1779768860831,-9.75427800772786,-1.527052038629353,0.5208890466770157
1779768860847,-9.761461197230219,-1.5207672592714427,0.5075722863230854
1779768860864,-9.739013803100585,-1.5367780444823205,0.5023338742129504
1779768860881,-9.664044779095054,-1.496226253863424,0.4676186807930469
1779768860897,-9.679908118659258,-1.5005658905029295,0.4504107216868549
1779768860914,-9.724796477177739,-1.510292188616842,0.4565450231907889
1779768860932,-9.811887900653481,-1.503109875897318,0.48003885763343423
1779768860947,-9.770586168450116,-1.5046058135434985,0.44547209624089296
1779768860964,-9.720308518108725,-1.4589666366577148,0.39713900409601627
1779768860981,-9.772233351135254,-1.490091258239746,0.4405336899906397
1779768860997,-9.79378116607666,-1.5278000805176795,0.45744281228072936
1779768861014,-9.7936315284729,-1.5357307273864744,0.43395054874066263
1779768861031,-9.728988083648682,-1.4354735328674315,0.3580839183082804
1779768861047,-9.688735568237304,-1.3947719585143028,0.3687078228490427
1779768861064,-9.716568162536621,-1.3506288654051721,0.5551566059272736
1779768861081,-9.784355750605464,-1.3491329277589916,0.5418384938664734
1779768861097,-9.726144969177245,-1.3443443783082067,0.4926083798166364
1779768861114,-9.689483171734214,-1.3079824405945837,0.4827313846530393
1779768861131,-9.690831079211831,-1.3757682750977576,0.5756564827183261
1779768861147,-9.756074243494867,-1.3860932697571813,0.5798472124064341
1779768861164,-9.685443540954589,-1.378012839154154,0.5199913671849296
1779768861181,-9.560794832500815,-1.3757682750977576,0.5615909863563254
1779768861197,-9.586832360076905,-1.3905823978699743,0.5190935050297528
1779768861214,-9.611225043055414,-1.4449009941652415,0.517148946833238
1779768861231,-9.586682137951254,-1.490989229992777,0.520888827481307
1779768861247,-9.55720645262003,-1.5563811550967395,0.5141561947580426
1779768861264,-9.585635259246825,-1.5771803436279297,0.4801876549869776
1779768861281,-9.611672202301024,-1.5358803649902344,0.442179667099379
1779768861297,-9.595962591993809,-1.4790188062138854,0.41883715076092626
1779768861314,-9.557803833991288,-1.4145244144715368,0.41629247124679386
1779768861331,-9.708038819122313,-1.4112320949278772,0.4786920826669782
1779768861347,-9.737366620415449,-1.4027030437745154,0.46028592675216495
1779768861364,-9.75562357711792,-1.3566143695555626,0.4427786193732172
1779768861381,-9.88910031967163,-1.3845967475891112,0.5147537222597748
1779768861397,-9.975290994915365,-1.3530230670653283,0.500688518158719
1779768861414,-9.945513696289062,-1.2970587493896484,0.5149035790592432
1779768861431,-9.92172131729126,-1.2527661648072301,0.3923509661018848
1779768861447,-9.921870954895018,-1.2729669490538538,0.3770872363986447
1779768861464,-9.897778716167807,-1.3178583763122558,0.3948950245615095
1779768861481,-9.852587575310467,-1.2574047843933105,0.36796007322166113
1779768861497,-9.75502561122477,-1.2506713844850659,0.3245650220008567
1779768861514,-9.542241523200273,-1.2131123459413646,0.3314482787085697
1779768861531,-9.541941663470864,-1.1745058441713452,0.3428208096595481
1779768861548,-9.587280688366294,-1.1728593921385704,0.3389296839725226
1779768861564,-9.53760158843994,-1.0809823418214917,0.29882760988250373
1779768861581,-9.506927633234858,-1.0770917641237376,0.2988276829477399
1779768861597,-9.533263266974688,-1.08696769984141,0.2530387588603422
1779768861614,-9.567381225153802,-1.1831848251894115,0.311695895816572
1779768861631,-9.66673884048462,-1.1240776794433593,0.3513500434760004
1779768861647,-9.718365567347407,-1.1197386273257435,0.3018200331641361
1779768861664,-9.815328981018066,-1.1538555625915528,0.2873049298711121
1779768861681,-9.730633512768149,-1.2421417488098143,0.32755813940223305
1779768861697,-9.791835877227783,-1.2770073104858397,0.3458137078652158
1779768861714,-9.873089096069336,-1.332074094799906,0.3591306508822366
1779768861731,-9.999683093371987,-1.4628573604859412,0.3416240376230329
1779768861748,-9.96496892286539,-1.410185362353921,0.32456546039227396
1779768861764,-9.811587456402181,-1.3531728507995604,0.3001743117837235
1779768861781,-9.542389991760253,-1.2895770153321324,0.3034655718814581
1779768861798,-9.503184939575196,-1.4992191520690916,0.39115399313597005
1779768861814,-9.585187515479326,-1.6314992321841417,0.4557969265035353
1779768861831,-9.67257587607503,-1.7835310376040636,0.48033760311799123
1779768861848,-9.605537645068765,-1.8234839855469762,0.3730469662982039
1779768861864,-9.497049797821044,-1.8795979408264158,0.36616473250379783
1779768861881,-9.36656522282064,-2.1642085170470176,0.43529715931033713
1779768861898,-9.28950127236247,-2.4211362827025353,0.49320601691622284
1779768861914,-9.247752380913495,-2.5788544631958006,0.5566527993017807
1779768861931,-9.33379634116292,-2.657564135034382,0.529269592737779
1779768861948,-9.386916521453857,-2.5092729774475098,0.4486140840610489
1779768861964,-9.453954167938232,-2.405424772699177,0.5090683883660473
1779768861981,-9.584288520812988,-2.162862217004597,0.5518651266338304
1779768861998,-9.510066515782475,-2.1492447566710413,0.5630876546548679
1779768862014,-9.444826858630776,-2.175880396270752,0.5855332221535966
1779768862031,-9.355791899871825,-2.2589295586183664,0.6313220001105219
1779768862048,-9.297882147216797,-2.5251348557069897,0.8318363160833716
1779768862064,-9.373149861907958,-2.640206026867777,0.8695449922308325
1779768862081,-9.343072703552245,-2.8399723740175364,1.0220258565925062
1779768862098,-9.339182125854492,-2.8221653530396518,1.0751470597967505
1779768862114,-9.26930136489868,-2.7431566982544955,1.0462676598582417
1779768862131,-9.19358356835246,-2.6973672992430626,1.0571907300086691
1779768862148,-9.279476721954346,-2.7531824177064,1.0866695936776698
1779768862164,-9.333046399578452,-2.7275942413330077,1.105971967779845
1779768862181,-9.442882738825679,-2.6129722752444446,1.254412689905241
1779768862198,-9.69756360233724,-2.5296238376893103,1.140389639557898
1779768862214,-9.810091080364584,-2.496853056335449,1.0782901070628315
1779768862231,-9.924564431762695,-2.29514185872823,1.0616802599802613
1779768862248,-9.874286196899414,-2.1009121029175817,1.1415868865184484
1779768862264,-9.891196415168046,-2.0676928471438587,1.1658278860665856
1779768862281,-9.909899362072348,-2.0262429386414587,1.1831847521241754
1779768862298,-9.948954776653647,-1.9987094734191893,1.2490256631046532
1779768862314,-9.954493121558427,-1.954118052020669,1.2292743761911988
1779768862331,-10.1131078125,-1.8561051292970776,1.2882315920725464
1779768862348,-10.57922894821167,-1.847426148279011,1.306636432813108
1779768862364,-10.729315464782713,-1.8528129558838904,1.2099709791757165
1779768862381,-10.239701225280761,-1.6763902210511266,1.0320513568487018
1779768862398,-9.2372783331722,-1.4697406902588903,0.9527440844431518
1779768862414,-8.9125653175354,-1.5210663883484898,1.0332480192873625
1779768862431,-8.726414969414472,-1.7483657623291016,1.0802350305855273
1779768862448,-8.712648894390464,-1.9315224815919994,1.093252771460265
1779768862464,-8.721030353766679,-1.9906296273380517,1.0741001080270856
1779768862481,-8.822034567260742,-2.032078951318562,0.9234145295843481
1779768862498,-8.946232609337567,-1.9955670837402342,0.8652056478522717
1779768862514,-9.0212016333431,-1.9544170349672436,0.8435077569156885
1779768862531,-9.211391027721762,-2.0780175495423374,0.9718967478763312
1779768862548,-9.362226316833496,-2.150442442023009,0.9551374093204736
1779768862564,-9.419985262840985,-2.131438174084574,0.8670010068364441
1779768862581,-9.556006429180503,-2.062156109674275,0.8092410379156469
1779768862598,-9.803208335113524,-2.0250461300723255,0.689381755695492
1779768862614,-9.853189048334956,-2.0142723687320947,0.668432564234361
1779768862631,-9.976488680267334,-1.9978119400575756,0.7245467387095094
1779768862648,-9.975892467939854,-1.9463370427556335,0.679804949054867
1779768862664,-9.97843338459432,-1.9409495044983922,0.7076374702889472
1779768862681,-9.962423914557695,-1.9958669434696434,0.7242476826976985
1779768862698,-9.828348621588944,-2.0629045899540186,0.7104802194342017
1779768862714,-9.709535195159912,-2.0854997219912708,0.6525703206486999
1779768862731,-9.485976030620932,-2.1227593391969797,0.7435502759955823
1779768862748,-9.476699668231605,-2.1856071327760813,0.6985087727420032
1779768862764,-9.419536934551596,-2.2288524002626535,0.6823479846011847
1779768862781,-9.234735078430175,-2.3062150414064524,0.6941693552982061
1779768862798,-9.011475189098714,-2.4078189743593335,0.574758474432677
1779768862814,-8.86153831013143,-2.457349021203816,0.5773024598270654
1779768862831,-8.674641527557373,-2.6508304428651925,0.5033816662328318
1779768862848,-8.232462408447265,-2.8640640282228587,0.5045792785195633
1779768862864,-8.189964159935712,-2.882020248413086,0.503232028629072
1779768862881,-8.303839545440674,-2.8393738236024975,0.48437732522916044
1779768862898,-8.742128086853027,-3.2107743561342357,0.46238136466145513
1779768862914,-9.00129983204305,-3.493439497375488,0.42736594618596135
1779768862931,-9.355193349456787,-3.9658459969669577,0.31947690508160737
1779768862948,-9.012074324035645,-4.150349162402748,-0.0781101533091627
1779768862964,-8.824279131317137,-4.147506047931313,-0.11686590909045189
1779768862981,-8.520215520477294,-3.9864959862858056,-0.20036374907061688
1779768862998,-8.913611611717938,-4.332307904052734,-0.45325139760603195
1779768863014,-9.013718584111333,-4.657620054626465,-0.6694779451014473
1779768863031,-8.494627490234375,-5.102792510333657,-0.6224916279230266
1779768863048,-8.068160319519043,-5.208735933795571,-0.19946615862678735
1779768863064,-8.353518645367027,-5.102942147937417,-0.2430109570492059
1779768863080,-8.929923279571533,-5.229236285510659,-0.6578061754755675
1779768863098,-9.27648338535726,-5.742642904010415,-1.0423745979424566
1779768863114,-8.616132639965414,-6.18003303527832,-1.09833942707479
1779768863131,-8.218395889171957,-6.1839236129760735,-1.0359405463069677
1779768863148,-7.304857733696699,-6.17374825592041,-1.3226459028497337
1779768863164,-7.1954732298702,-6.802825326648354,-2.0172636595025657
1779768863181,-6.975805812072753,-7.068581710925698,-1.9912267164483666
1779768863197,-6.92762133461833,-6.9910688476562495,-1.3423979204155503
1779768863214,-6.816141904339194,-6.705410662078857,-1.6314982092708348
1779768863230,-6.448183328954875,-6.739229345050454,-1.8546078764766454
1779768863248,-5.772868530926108,-7.228244449615478,-2.4262232305780054
1779768863264,-5.5126484457269305,-7.640944376263022,-2.3784891272395847
1779768863281,-5.3851577918455,-7.319075644141435,-2.454355100084841
1779768863298,-5.392639379772543,-6.489782290539145,-2.7670976919427512
1779768863314,-4.477306449835003,-6.950816916766763,-3.1193449034541842
1779768863331,-4.029440809521079,-7.677307483020424,-3.2420474462762474
1779768863348,-3.5076541929498313,-8.917652996063232,-3.3262931249320506
1779768863364,-3.4826648592524228,-8.576628897094727,-3.5191759961783884
1779768863380,-3.47174131417796,-8.241739355358481,-3.590104220360517
1779768863398,-3.076548402648419,-8.378658347320556,-3.8977594259515405
1779768863414,-2.47261132613495,-9.382577615466714,-4.014626686748862
1779768863431,-2.3497589995786545,-9.81981869365275,-4.1053073668882245
1779768863448,-2.7630577689021822,-9.977237452808023,-4.252849751934409
1779768863464,-3.1349073603756725,-9.700705992016196,-4.301331751030683
1779768863480,-2.8817203886836764,-9.740510179138184,-4.436304869621992
1779768863498,-1.8466772296078502,-10.229974781036375,-4.286518505041301
1779768863514,-1.7362443857721983,-10.745625379070638,-3.9442967207208275
1779768863531,-1.7773949460018426,-10.791564707946776,-3.874864872576296
1779768863548,-1.3211500017361715,-10.687865848541259,-3.806180627928674
1779768863564,-0.5544068470058963,-10.754304944610595,-3.857806478008628
1779768863581,-0.47913920537997035,-10.606014663806556,-3.847331845745444
1779768863598,-0.7170629040264525,-9.662100659289955,-3.7401913214534517
1779768863614,-0.9557348957230104,-8.775796547698974,-3.4626132742181417
1779768863631,-1.0187322081748629,-8.351573356518148,-3.2544673673883078
1779768863648,-0.8625107096798718,-7.785794161224365,-2.7373192242726683
1779768863664,-0.5719145562436432,-7.275081019592284,-2.5186989774405957
1779768863680,-0.33369130839500577,-7.162403319439291,-2.455851183861494
1779768863697,0.2965821690432727,-7.375040107947587,-2.138321065466106
1779768863714,1.1963532265812158,-7.823951750183105,-1.862687722557783
1779768863731,1.6756422887606546,-8.31251852645874,-1.8379983947202563
1779768863748,2.564190489483997,-9.625887190136313,-1.5656570790946482
1779768863764,2.7691940979664214,-10.928932612720132,-1.591844244274497
1779768863781,2.573168645244883,-11.369316080585122,-1.782781534411013
1779768863798,1.9333184231001839,-11.819874320983885,-2.086845145250857
1779768863814,1.0808329416797495,-11.20501340713501,-2.1450538808524606
1779768863831,0.9088994171581696,-10.624419504547118,-2.1357766416803
1779768863848,0.48632268714327365,-9.472658868408203,-2.1468501166194676
1779768863864,-0.17313012302815914,-8.98887991093099,-2.2116427606560287
1779768863881,-0.45025922091957177,-8.850018552729487,-2.1918908892206845
1779768863898,-0.7206542247829958,-8.533533267211913,-2.009482504107058
1779768863914,-0.6426930332241579,-8.323890984344482,-1.765273788640648
1779768863930,-0.4447223738521337,-8.311769753918052,-1.684619704736024
1779768863947,0.09142894122339784,-8.386439502716064,-1.5494969485409558
1779768863964,0.44547169438209383,-8.611794318500161,-1.421406721331179
1779768863981,0.48168381182886655,-8.736592664557694,-1.3027446860715746
1779768863997,0.47135899983253327,-8.966436608454584,-1.068112484984845
1779768864014,0.44397542794235045,-9.25014833613932,-0.8270463053278625
1779768864031,0.3932480610720813,-9.416694404602051,-0.7507312735408544
1779768864048,0.29748014079630375,-9.72898866817057,-0.6581055968135595
1779768864064,-0.0430949722956866,-10.05549733505249,-0.9132371267020701
1779768864081,-0.3001723024897277,-10.196904286083578,-1.1813877126395702
1779768864098,-0.8680470818232744,-10.48256305618286,-1.5661067225582896
1779768864114,-1.3670886364925652,-10.698490702930092,-1.4918860327020287
1779768864131,-1.6686083350032568,-10.768970014300942,-1.459265473473817
1779768864148,-2.0853489884089678,-10.714950254821776,-1.6861156423822043
1779768864164,-1.9035395190365612,-10.268133539038896,-1.7962492110103367
1779768864181,-1.6814771689265966,-10.021229739269614,-1.6915024499870837
1779768864198,-1.176150907964632,-9.935487976837157,-1.3096275774531065
1779768864214,-1.0848719696711748,-10.424054753112792,-0.9442125490717589
1779768864231,-1.1676215645503252,-10.781837679180502,-1.0377356130301951
1779768864247,-1.3443435015253722,-11.780669853320717,-1.364544724163413
1779768864264,-1.9551644923336802,-12.009017421180008,-1.7884684940062463
1779768864281,-2.287958523095399,-11.424233665686845,-2.188748645672202
1779768864298,-2.0717321856625377,-9.63426806499064,-2.469767773272097
1779768864314,-1.1658260594356804,-8.115445802307129,-1.7700626303523779
1779768864331,-0.8913906210750341,-7.598148021587729,-1.4853018320061266
1779768864348,-0.31633330982625485,-6.885275061798096,-1.5372262266412375
1779768864364,-0.3298006210993975,-6.6715931481510395,-1.7500108991876244
1779768864381,-0.5972030920833349,-6.925228302001953,-1.8921669150203466
1779768864398,-0.9298473391108214,-8.022520850372313,-2.247855645287782
1779768864414,-1.1236281821101903,-9.30775881358683,-2.678213101439923
1779768864431,-1.4130270885858685,-9.979930345153807,-2.883515747667849
1779768864448,-2.495056747503206,-11.17957442997396,-3.207032539257407
1779768864464,-3.522019475976005,-11.567436267963052,-3.2854426436275244
1779768864481,-3.5763381453365084,-11.333103780475259,-3.2745195369444784
1779768864498,-2.748243426934257,-10.273669545856118,-2.839073525481671
1779768864514,-2.287060551342368,-9.585934534454346,-2.235136448968202
1779768864531,-2.152087286620587,-9.299826851543784,-2.0588627672173083
1779768864548,-1.886480503414385,-8.575881293597817,-1.9346635560967027
1779768864564,-1.3516758171748369,-7.932888510242104,-1.742229889922589
1779768864581,-1.1706144262233749,-7.678953496661782,-1.7307080866940319
1779768864598,-1.1164456136623397,-7.360224816131591,-1.6952438284724949
1779768864614,-1.2855360693782567,-7.561188117980957,-1.8448814322322606
1779768864631,-1.6582832672785968,-8.193706853595376,-1.927631027111411
1779768864648,-1.9562115537011995,-8.51617588969767,-1.9530695658810435
1779768864664,-2.3295576673427596,-9.032874535480142,-2.088341959679872
1779768864681,-2.3762444901179522,-9.290250629425048,-2.0614070448726416
1779768864698,-2.448818874071911,-9.34741219406128,-2.1173715086787936
1779768864714,-2.299480545519665,-9.463082061767578,-2.2966372118525205
1779768864731,-1.7802379874080418,-9.593865327453612,-2.2875096102841197
1779768864748,-1.5294452904414384,-9.524583116912842,-2.275239034514874
1779768864764,-0.8508387939235195,-9.31479236548543,-2.2345377524226904
1779768864781,-0.2614161631159484,-9.283516352733969,-2.451811260820925
1779768864798,-0.0501280492702499,-9.440635836681723,-2.6117738592401145
1779768864814,-0.04533971901517361,-9.590573884692787,-3.027317631011456
1779768864831,-0.4674673992214724,-9.633820321223139,-3.1866819712765513
1779768864848,-0.6402988680966198,-9.905111543273925,-3.1081222293026745
1779768864864,-0.5295668951839209,-11.457751319885253,-2.661004923138022
1779768864880,-0.2341823384273797,-13.423839795684813,-2.438044309014082
1779768864898,-0.49709546210281547,-14.136861808556317,-2.6402052962154148
1779768864914,-1.137394914721325,-13.778929244884848,-2.845657433916628
1779768864931,-1.192162204632163,-11.934646363067626,-2.416497224725038
1779768864948,-1.0489590908993034,-10.994175777003168,-2.3615804433409124
1779768864964,-0.9389753790706395,-9.341425520867109,-2.0220525012142954
1779768864981,-0.7450451176632196,-7.844751961627602,-1.3329706052482126
1779768864998,-0.6105209118831902,-7.307254857966304,-1.081430231719464
1779768865014,-0.13916238697469233,-6.8783923165470355,-0.6610986411496996
1779768865031,0.787094088037312,-7.215525837817788,-0.38756066308543086
1779768865048,1.19515627188161,-7.627178885760903,-0.27682854404225943
1779768865064,1.0920556706301867,-8.912866346308588,-0.34252018274515866
1779768865081,0.6567598812930285,-10.118045853424071,-0.6383531408563256
1779768865098,0.33997707413360473,-10.462661839404701,-0.8599668704159558
1779768865114,-0.05955547403544187,-10.711509758979082,-1.0305534464411437
1779768865131,-0.518643350109458,-10.759392038616538,-0.9229638632073998
1779768865148,-0.780359519085288,-10.73185930404663,-0.8845071451716124
1779768865164,-1.312171562847495,-10.360608993640541,-1.0146921527035533
1779768865181,-1.530044060052186,-9.740510179138184,-1.2086223410457373
1779768865198,-1.5656578097470104,-9.405321946716308,-1.2059284988518804
1779768865214,-1.5795741068966687,-8.967183627429604,-0.9686032592888921
1779768865231,-1.554135568127036,-8.688407602581382,-0.7872425565972924
1779768865248,-1.455225112041831,-8.528146897998452,-0.7474391001276671
1779768865264,-1.1828843809381127,-8.334215394482015,-0.594808305901289
1779768865281,-0.947804436083883,-8.395568565589189,-0.4204810820430517
1779768865298,-0.8819637442991137,-8.566604931208492,-0.3942944283198565
1779768865314,-0.9273037921078503,-8.91241626445353,-0.4183863017208874
1779768865331,-1.1607383078426121,-9.311948666492103,-0.41853586625941097
1779768865347,-1.3416500246576963,-9.584287351769209,-0.34207053928151726
1779768865364,-1.889024379210919,-10.078242250823974,-0.0938218277093023
1779768865381,-2.2846664958126843,-10.244639850726722,-0.1491878141656518
1779768865398,-2.2942431563228367,-10.229675505828856,-0.26949673984944816
1779768865414,-2.2559359297603367,-10.223540948596597,-0.48183271878026424
1779768865431,-2.219573845916241,-10.233266223797202,-0.8993214140743017
1779768865448,-2.165105904278159,-10.12567678669393,-1.1415845484308897
1779768865464,-1.8855827143244444,-9.931298123931883,-1.2551593435540795
1779768865481,-1.3835486998409032,-10.333973500171304,-1.117193619018048
1779768865498,-1.0655690841123462,-10.893917997962236,-1.0895111007139087
1779768865514,-0.9900018019527196,-11.929558684539794,-1.0339955497190356
1779768865531,-1.3365623461298644,-12.472443326458334,-1.287929978777468
1779768865547,-1.5746359198421238,-12.797756061553955,-1.4104833223871887
1779768865564,-2.174084160503745,-12.323855524012446,-1.8077711603693662
1779768865581,-2.3808831827692685,-10.485257117572425,-1.9844934626705943
1779768865598,-2.421584610991925,-9.527426815906166,-1.8269250659115612
1779768865614,-2.0174135893672704,-7.656357633972168,-1.5092444331295787
1779768865631,-0.9548366728082298,-6.193650641742348,-1.4258959955744444
1779768865647,-0.4034223952144384,-5.7258846614331,-1.3944726833067833
1779768865664,0.19273411042541264,-5.813421490588784,-1.5376755778439342
1779768865681,0.19856968471109865,-7.179014262500405,-1.7208321509763598
1779768865698,-0.05386866057068109,-8.183530912017822,-1.8508667902521787
1779768865714,-1.0562908220268785,-10.234014411816,-2.3886646304257213
1779768865731,-2.6370627604059873,-11.355848111724853,-2.7108343913204966
1779768865747,-3.3414069613032042,-11.296890895843505,-2.691231719097495
1779768865764,-3.8507735106319188,-10.520122679248452,-2.6360155894406136
1779768865781,-3.7449794325128196,-9.681851653942465,-2.3810329665035006
1779768865798,-3.7559031237177547,-9.38452290431559,-2.323572565051168
1779768865814,-3.675397800634056,-8.928875816345215,-2.2993306887201963
1779768865831,-3.1464291636042296,-8.45931301574707,-2.3267149547301234
1779768865848,-2.713677067400515,-8.201936337280273,-2.2942434485837815
1779768865864,-2.1257507760979233,-7.7224974548339835,-2.25069890588969
1779768865881,-1.9909275873713195,-7.586326650890707,-2.3201303156428037
1779768865898,-2.073078631835431,-7.663390601348876,-2.4353515627987683
1779768865914,-2.3798358656734226,-7.896226712799072,-2.6421508773252365
1779768865931,-2.648435072161257,-8.017133896636963,-2.9119476230345667
1779768865948,-2.8871071962885555,-8.035089824566244,-2.8998265387386084
1779768865964,-3.512891801342368,-8.019528098297119,-2.741660322216898
1779768865981,-4.026747040392459,-8.182483448791503,-2.7744305190488694
1779768865998,-3.92200057163015,-8.194004959759116,-2.844161788531393
1779768866014,-3.169473208452761,-8.093000161743163,-2.787149861498922
1779768866031,-2.61476661131531,-8.051401492419838,-2.6421511695861817
1779768866048,-2.499097035869956,-8.200292077204585,-2.588132286889851
1779768866064,-2.559849610735476,-8.970624707794189,-2.6036938670285044
1779768866081,-2.6020474149957296,-9.822810276684164,-2.810343251690268
1779768866098,-2.4277197527460754,-10.513987537494302,-2.7931352195188404
1779768866114,-2.4069199796929954,-12.029217328643798,-2.4459762710571287
1779768866131,-2.951900205651298,-12.638990563964843,-2.564638890838623
1779768866147,-2.9640209976863114,-12.7105179230839,-2.7334298156186936
1779768866164,-2.7439039364252236,-12.185289349365233,-2.8354826613828537
1779768866181,-2.389562236852571,-10.627262619018554,-2.702604761505127
1779768866197,-2.882169082299247,-9.201365892791747,-2.0774188529968263
1779768866214,-3.1805463911309837,-8.40200239802897,-1.8115125388547777
1779768866231,-2.8529897495660927,-7.381622993469238,-1.4073418094910681
1779768866248,-2.365171161309257,-7.268496965026855,-1.1982976386472581
1779768866264,-1.7221784510187803,-7.576153047400712,-1.0556930022642015
1779768866281,-0.2305907071435824,-7.945307846832275,-0.7606072092585265
1779768866297,1.0530005117772145,-8.71459593680501,-0.7848490855894983
1779768866314,1.5767321249363944,-9.298183175989985,-0.8473976039610802
1779768866331,2.3036716770665717,-10.71884083251953,-1.3911802176326513
1779768866346,2.5760122255071995,-11.350161882781983,-1.7574930716365575
1779768866363,2.4785981454595922,-11.875539509582518,-2.315791117394715
1779768866380,2.0301343200568107,-11.383980565753578,-2.27927939594686
1779768866396,1.9722242386082187,-11.13423423603475,-2.115875132641196
1779768866413,2.014871101810224,-10.773308920288086,-1.9129666880734264
1779768866430,1.6543940412877127,-9.827149767193198,-1.922842477660626
1779768866447,1.4092876463292165,-9.21258812855184,-1.9226932784482835
1779768866463,0.9213193839360028,-8.443301792144775,-1.7331024344846606
1779768866480,0.4590890268514864,-8.385541677093505,-1.4223049853451548
1779768866496,0.25782635846305635,-8.411728257751465,-1.3073835979185997
1779768866513,0.11611941070524044,-8.443901511603594,-1.1306618801392614
1779768866530,0.3856168720738962,-8.416666298675537,-0.9240119109556079
1779768866547,0.6199492859256308,-8.372223930358887,-0.912190394128114
1779768866563,0.9859629474912304,-8.703522169604897,-0.8889964194148778
1779768866580,1.28449002179089,-9.299976489147543,-0.731577514129132
1779768866597,1.3284834498967975,-9.6522251619637,-0.5175964714050293
1779768866613,1.1234797409496735,-9.735422500610351,-0.48362858922109003
1779768866630,0.5454298328893259,-9.815926946911215,-0.543782613671571
1779768866647,0.04414394249250181,-9.969306075286864,-0.4640257708676159
1779768866663,-0.3306982229596702,-10.085724131011963,-0.3359359089840203
1779768866680,-0.853681890128646,-10.165630026897787,-0.3675095164425671
1779768866697,-0.6769598161562811,-10.076298131018877,-0.7489356953609735
1779768866713,-0.32531124753307666,-10.009857865905762,-0.8092397227413952
1779768866730,0.6920748124380596,-10.102184851947426,-0.8276454402647913
1779768866747,1.6792338287129065,-10.479572057673334,-0.15756792183499782
1779768866763,1.9159605361271648,-10.588656117248535,0.20290891949180512
1779768866780,1.8089697955694048,-10.628758995056153,0.5696711246984079
1779768866797,1.3940248664740473,-11.33833934304118,0.33264519687555727
1779768866813,0.8973775134649127,-12.02143617324829,0.24136598458746447
1779768866830,-0.7155660713311285,-13.148655657848716,0.271443362138886
1779768866847,-1.999755986797437,-12.885892025646566,-0.0727235648999922
1779768866863,-2.435650618810579,-12.622531012073159,-0.31977515737581996
1779768866880,-3.058741527801007,-11.215487454876303,-0.8215101341138593
1779768866897,-2.050632991271466,-8.718336292377113,-1.231067963343393
1779768866913,-1.5762820065487175,-7.778463672205805,-1.2056295524379237
1779768866930,-0.9199710380669682,-7.059751923260093,-0.5550055983503349
1779768866947,-0.23044110607244073,-6.998250283592939,-0.01631027961410582
1779768866963,-0.09816146434880793,-7.004835507202148,0.019602526092529295
1779768866980,0.11163045612238347,-7.171680850872397,-0.18375494088437408
1779768866997,0.1484412335820496,-7.272986093139648,-0.30555976768173276
1779768867013,0.07332322955988348,-7.374589441570639,-0.34311887929067014
1779768867030,-0.27144188256785273,-7.896525403484701,-0.7245451312743126
1779768867047,-0.8197142088741064,-9.008933687922358,-1.3314749598629771
1779768867063,-1.0618277056269347,-9.70399918834269,-1.6671120320308952
1779768867081,-1.608603363634646,-11.090540055736898,-2.1610663465637714
1779768867097,-2.083403407299146,-11.977891046032308,-2.4112601277891543
1779768867113,-2.1281451969537883,-12.148029586029052,-2.3524524764463304
1779768867130,-2.2777830199092626,-12.073661450526117,-2.058564368792623
1779768867147,-2.656216227556765,-11.582997994232176,-1.6979375976011155
1779768867163,-2.8453584509700534,-11.199179294154048,-1.5574278876706957
1779768867180,-3.124133014513552,-10.365098121753334,-1.4465465694151818
1779768867197,-3.0883697733454403,-9.226804869952797,-1.3512274888854474
1779768867213,-2.8915965435970574,-8.568250360327959,-1.2681787649292497
1779768867230,-2.407219254900515,-7.589020712280273,-1.0194803368281573
1779768867247,-2.098666735143587,-7.1950254861027,-0.9373298768859356
1779768867263,-1.9437918152522295,-7.303212889099121,-1.0519521352354437
1779768867280,-1.7133499054621903,-7.7994123522102825,-1.2855364347044378
1779768867297,-1.7320545328669248,-8.317307514300943,-1.3964177529599517
1779768867313,-1.6805794894345103,-8.63064982561767,-1.44220685971044
1779768867330,-1.4959265402644872,-9.458144605365394,-1.3349169900756328
1779768867347,-1.714995992168784,-10.230874360224604,-1.1516108524046837
1779768867364,-1.7146964247003196,-10.66811310032308,-1.1760011242303996
1779768867380,-1.143978750091046,-12.375329690662026,-1.014093529223278
1779768867397,-0.7641985117487609,-12.703933283996582,-0.6004949732355773
1779768867414,-0.4086595652155578,-11.826458960071205,-0.37813334791809317
1779768867430,0.1978219350837171,-9.947757675823569,-0.24675160488225517
1779768867447,-0.4970955351680517,-9.234286750140786,-0.5295667490534484
1779768867464,-1.086667986242473,-9.259576089698076,-0.5868783166196196
1779768867480,-2.0570672621026636,-9.32122619792521,-0.44038302947357294
1779768867497,-2.941874705395102,-8.979453910937904,-0.594809036553651
1779768867514,-3.0547014586299657,-8.683769421386717,-0.5569508689329028
1779768867530,-3.441514372088015,-8.0693585893929,-0.41284949118606745
1779768867547,-3.888930515068769,-7.615805843353271,-0.307654182677716
1779768867564,-4.2631750388547776,-7.6843404503971335,-0.5847832440365106
1779768867580,-5.100097864422202,-8.062624312701821,-0.9906002793025225
1779768867597,-6.279391819652915,-8.826225004687904,-1.297058237932995
1779768867614,-6.648396981480717,-9.189394299969077,-1.4055454275935888
1779768867630,-6.781874308556318,-10.015244819641113,-1.1155479707028717
1779768867647,-7.066037287139892,-10.62292371303141,-0.9231136104090139
1779768867664,-6.952162486156821,-10.601226260486245,-0.6733688881253823
1779768867680,-6.555173338860273,-8.859593605804443,-0.8653534953577443
1779768867697,-6.224624456676841,-6.586150076404214,-0.7523771775843575
1779768867714,-6.087707218280435,-5.816414827185869,-0.6156088644056581
1779768867730,-6.3717193902164695,-5.788582817408442,-0.3063079191679135
1779768867747,-7.0661880937874315,-6.542306843024492,-0.22325904908124355
1779768867764,-7.287051443371176,-6.725163410297036,-0.20006482777283527
1779768867780,-7.496994170489907,-6.07753244574666,-0.1212060800194973
1779768867797,-8.172458898383379,-5.487960286933183,-0.3725968661768362
1779768867814,-8.456769761005043,-5.564276049372554,-0.4834788511526305
1779768867830,-8.847022878044843,-6.118382634790241,-0.13557139957828912
1779768867847,-8.654290813446044,-6.0666086084112525,-0.0842458156531211
1779768867864,-8.40798731765747,-5.509058896802365,-0.24181361204994972
1779768867880,-8.387038053131104,-4.801721651569008,-0.41928395153022135
1779768867897,-8.211963225775957,-4.207511603821814,-0.29313942187798675
1779768867914,-8.605658007702232,-4.008193731091916,-0.5594946533978916
1779768867930,-8.572588097271323,-3.891476107898354,-0.5683232811528723
1779768867947,-8.951919422802328,-3.8759135048463937,-0.3142386208356358
1779768867964,-9.276184694671631,-3.4603704637274144,-0.48048608994428066
1779768867980,-8.977358399963379,-3.1519673623785374,-0.5957069352414459
1779768867997,-8.299049973076581,-3.0526074089601636,-0.15771741330828518
1779768868014,-8.474876495581865,-2.8148341333687306,-0.3402753264278173
1779768868030,-8.623166191864014,-2.766650240436196,-0.4118021375576034
1779768868047,-8.823083199530839,-3.0228301103338597,-0.25243812608607114
1779768868064,-9.446472287750243,-2.906561692212522,-0.396090189162828
1779768868080,-9.406219772338867,-2.6888386864811182,-0.5535089117854833
1779768868097,-9.067290599822998,-2.4030311555609107,-0.8662515036433934
1779768868114,-9.181911835259198,-2.4441810582034287,-0.7240957800716161
1779768868130,-9.279178031268716,-2.3841766713567076,-0.7787134323786944
1779768868147,-9.165752143096924,-2.230049939484149,-0.6772595754209906
1779768868164,-9.12280731986165,-2.000506001447141,-0.9858122413083911
1779768868180,-9.139715200042724,-1.9319719789251684,-1.056889883898571
1779768868197,-9.380632911139726,-1.8758578775152563,-0.8337805089537054
1779768868214,-9.593116554912925,-1.7595891671329735,-0.9253582840632647
1779768868230,-9.486126252746581,-1.71245346807912,-1.0130459198664874
1779768868247,-9.254786517333983,-1.6855185532718895,-1.0214259910032153
1779768868264,-9.27004955291748,-1.526453926605731,-1.0827771893490106
1779768868280,-9.541342528533935,-1.4052476136907934,-0.9757863757260143
1779768868297,-9.90122096557617,-1.1843822182804344,-0.756716777691245
1779768868314,-9.651774495586752,-1.2999025214482098,-0.9374787838373333
1779768868331,-9.525781386786699,-1.2883806451544164,-1.0589853218078613
1779768868347,-9.899127208167315,-1.1902183770880101,-1.037736270617321
1779768868364,-9.935487976837157,-0.9889555808354169,-1.0513535117551684
1779768868381,-9.765648712047934,-0.9335897405095398,-1.0565906817562878
1779768868397,-9.413550845879316,-0.8849574462223797,-0.9871586874812841
1779768868414,-9.275435337609052,-0.9388269835758953,-0.8195642790094018
1779768868431,-9.34007995147705,-0.93104597431086,-0.8201631947506218
1779768868447,-9.343073288074136,-0.8132811070866882,-1.0544955361079424
1779768868464,-9.361927041625975,-0.801310098785907,-1.3429967630915343
1779768868481,-9.321973801422118,-0.8475481914129108,-1.2551597819454967
1779768868497,-9.450661556133626,-1.0060142676640302,-0.9364315398067236
1779768868514,-9.45560018157959,-0.875530423315987,-0.9144351043149829
1779768868531,-9.349507120513916,-0.8430589171696454,-0.9894031054072081
1779768868547,-9.377788627624511,-0.7662948995061218,-0.9382275563780218
1779768868564,-9.707591659876703,-0.9181772134527564,-0.9790784760739654
1779768868581,-9.88401205662191,-0.9413708959050476,-1.050754522948712
1779768868597,-9.81817151096761,-1.013645712390542,-1.0603314026545732
1779768868614,-9.894487273406982,-1.0194817250676453,-1.0404296744197608
1779768868631,-9.922020007976888,-1.0308541829533875,-1.0112504147518426
1779768868647,-9.891195246124267,-1.0155911473698913,-1.075744002776593
1779768868664,-9.873240487238764,-0.8854065782293676,-1.054046915557608
1779768868681,-9.919028424945473,-0.8852568675603717,-1.0217249008845537
1779768868697,-10.077344425201415,-0.99972948830612,-0.8738830945003777
1779768868714,-9.963919706073403,-0.9594770459599793,-0.8462003570005298
1779768868731,-9.904064080047608,-0.9409219830937683,-0.8369224602412432
1779768868747,-9.912294148254395,-0.951995165771991,-0.8417110096920282
1779768868764,-10.173112491607666,-1.0078100650396198,-0.743698525359854
1779768868781,-10.159197363501786,-1.070957206891477,-0.7661438736628741
1779768868797,-9.833733237236737,-1.0360912798892705,-0.7598589481744915
1779768868814,-9.616610827746987,-1.0223248395390807,-0.8577222332943231
1779768868831,-9.616310968017578,-1.0066129642095416,-0.8910914189327508
1779768868847,-9.744102650672197,-0.9641159578070044,-0.8764268606990575
1779768868864,-9.699361007148028,-1.0030217347845434,-0.8143271820735186
1779768868881,-9.592967501831055,-1.0142444089360534,-0.7983163237974047
1779768868897,-9.503933127593994,-0.9714480542607605,-0.8584704943783581
1779768868914,-9.501989007788897,-1.0114014405950904,-0.9792279675472527
1779768868931,-9.552716155463457,-1.0131970187749713,-0.9801261584959924
1779768868947,-9.565284545135498,-1.1049247968144713,-0.9380774803828448
1779768868967,-9.586832944598793,-1.1251258733220397,-0.9451103016290813
1779768868981,-9.511714282989502,-1.0951983525700866,-1.0021224478572606
1779768868997,-9.431208083122968,-1.0661686574406921,-1.0691599482111631
1779768869014,-9.553912087249754,-1.0425259160466491,-0.972943334319815
1779768869030,-9.598803368377684,-1.082928069061786,-0.8650546950742601
1779768869047,-9.684246440124511,-1.1118081265874207,-0.8960293137263506
1779768869065,-9.67811071384847,-0.9156331549931317,-1.0060132447507233
1779768869081,-9.69831237487793,-0.8732857861943543,-1.0862189273007214
1779768869097,-9.779565593719482,-0.9623201604314148,-0.9605233401425183
1779768869114,-9.865906491088866,-0.9826708745427429,-0.8837593224789947
1779768869130,-9.789890588378906,-0.9895542043156921,-0.8779235289976001
1779768869147,-9.70459598519206,-0.9328414063602686,-0.874631063323468
1779768869164,-9.763106626349687,-0.8904941836919635,-0.8536821641232818
1779768869180,-9.784353412517905,-0.8155255980778485,-0.8479954967889934
1779768869197,-9.856628375133871,-0.8717894101567566,-0.8625107096798718
1779768869214,-9.783754862102866,-0.9534914687443524,-0.8719375864557921
1779768869230,-9.794678407177328,-0.9099469260502606,-0.8298894928645342
1779768869247,-9.805003401836752,-0.8390187018681317,-0.9112922031793743
1779768869264,-9.677512747955321,-0.897826426276192,-0.8930369269773364
1779768869280,-9.681103465923666,-0.8948336011357605,-0.8581712191708385
1779768869297,-9.64100000359416,-0.8179197266727686,-0.8307876107480376
1779768869314,-9.686640057262778,-0.8260003034062683,-0.8791205567624419
1779768869330,-9.779714062279462,-0.8875012854862958,-0.8744815718501806
1779768869347,-9.861866275787353,-0.8800194052983075,-0.9322417599666863
1779768869364,-9.770136671116948,-0.8743331763554364,-0.8843577267635613
1779768869380,-9.735421331566572,-0.8783734647221862,-0.8698426600031555
1779768869397,-9.67212520969808,-0.9285020619817077,-0.811633778271079
1779768869414,-9.642346742027998,-0.8575737647343427,-0.7662938765928149
1779768869430,-9.701603233116865,-0.8897458495426922,-0.7706331479061395
1779768869447,-9.658358550152181,-0.9121915631718933,-0.8375213029172272
1779768869464,-9.777171392059326,-0.8110365430302917,-0.8420101387690753
1779768869480,-9.82490695670247,-0.8237557393498718,-0.8786717900816351
1779768869497,-9.847202375140785,-0.8777749143071472,-0.8297402205869555
1779768869514,-9.778367908367514,-0.8834610701847821,-0.8143271820735186
1779768869530,-9.719710552215576,-0.8681981076665222,-0.8210608011774718
1779768869547,-9.700556354412436,-0.8506905080266296,-0.7861955317623913
1779768869564,-9.8386718626827,-0.8306389229923486,-0.7175117255061865
1779768869580,-9.948058704596757,-0.7981679283026606,-0.7553701123226434
1779768869597,-9.784353997039794,-0.8737347720708698,-0.8108859555784612
1779768869614,-9.682898532646893,-0.7957734343815595,-0.7893379214413464
1779768869630,-9.709235919952391,-0.8384202975835651,-0.7534246042780578
1779768869647,-9.761308637017011,-0.9136878661442548,-0.8164224007871002
1779768869664,-9.775376909857988,-0.9133888101324439,-0.771980105535686
1779768869681,-9.827899708777666,-0.898724398029223,-0.8086413184568285
1779768869697,-9.736918876647948,-0.9105454764652997,-0.8807664973385632
1779768869714,-9.725845693969726,-0.9524440055180341,-0.8028050865840166
1779768869731,-9.712827222442627,-0.9475060376591979,-0.8699928090635687
1779768869747,-9.597755905151367,-0.96935320087336,-0.8328821718744933
1779768869764,-9.699660282355547,-0.9253598914984613,-0.8577221602290869
1779768869780,-9.739463884955644,-0.9501996606573462,-0.8644558523982763
1779768869797,-9.610026188659667,-0.9548382802434265,-0.9228148101255297
1779768869814,-9.704897598487138,-1.0405807733282446,-0.8372217354487628
1779768869830,-9.781212776404619,-1.0532998965825886,-0.809987910760194
1779768869847,-9.765649296569825,-1.0084086154546588,-0.9018652533382177
1779768869864,-9.76774305397868,-1.0034703553348778,-0.9296976284418255
1779768869881,-9.796326174384355,-0.9792293557867408,-0.8925877219051123
1779768869897,-9.78764543980062,-0.9976345618534833,-0.8541307846736163
1779768869914,-9.67900912399292,-1.0136458585210144,-0.8433573155943304
1779768869931,-9.615562779998779,-1.0449201177068055,-0.8336305790890007
1779768869947,-9.650877254486083,-1.0226241147466004,-0.8809162810727953
1779768869964,-9.717167881995438,-0.9739920396551489,-0.8523356448851526
1779768869981,-9.75502502670288,-1.0262154903020708,-0.8447034695062786
1779768869997,-9.724498955535887,-1.0483618556585161,-0.8488938338682055
1779768870014,-9.700406132286787,-0.9998791259098797,-0.8212106579769403
1779768870031,-9.616911271998285,-1.0100547752264886,-0.8601164349544793
1779768870047,-9.613169747382402,-1.0661688035711645,-0.8417110096920282
1779768870064,-9.720459324756265,-1.0778403905339538,-0.8503899907100945
1779768870081,-9.85079250858724,-0.9751889212895184,-0.8767259897761046
1779768870097,-9.814581962043047,-0.9305971345648169,-0.8861535972043871
1779768870114,-9.705346511298417,-1.0069123124822974,-0.8049000130366534
1779768870131,-9.673023619842528,-1.003021588654071,-0.8800180901240557
1779768870147,-9.636064300757646,-1.0028720971807836,-0.865802883093059
1779768870164,-9.711182377845049,-1.0254673753485084,-0.7787134323786944
1779768870181,-9.74185691757202,-1.0519530850835144,-0.8216594977229833
1779768870197,-9.730036715918779,-1.0476137407049535,-0.8288421757686882
1779768870214,-9.6324735827893,-1.0372887460455298,-0.8675983882077037
1779768870231,-9.509320081329346,-1.0332483115483075,-0.870590774956718
1779768870247,-9.491064293670654,-1.0749972760625184,-0.8442548489559442
1779768870264,-9.542987957653402,-1.155502233820036,-0.688931235449016
1779768870281,-9.628581836047768,-1.158794334167987,-0.7344209939267486
1779768870297,-9.526528405761718,-1.195156198816374,-0.7529761298581957
1779768870314,-9.32780908344686,-1.1463743399906903,-0.8013090758726
1779768870331,-9.597007717132568,-1.2294232831425964,-0.711825715759024
1779768870347,-9.62065045852661,-1.341501921423897,-0.682945585168153
1779768870364,-9.514407175335288,-1.454478239197284,-0.6477806752193719
1779768870381,-9.305513665008544,-1.4947307546086608,-0.6093238841183484
1779768870397,-9.272892667388916,-1.428890208954364,-0.598549940115027
1779768870414,-9.245359348297118,-1.2351095120854676,-0.6693284901607781
1779768870431,-9.444229477259515,-1.3941744310125708,-0.617553806194663
1779768870447,-9.39754020679891,-1.465251854407042,-0.6347622402248904
1779768870464,-9.354296692878007,-1.5367790673956274,-0.42811267290003596
1779768870481,-9.420884257507323,-1.622371630615741,-0.2082951791074127
1779768870497,-9.660604283252358,-1.6992855050787328,-0.2174231825346127
1779768870514,-10.047864648216962,-1.7613848183780907,-0.3033150209622457
1779768870531,-10.341454795837402,-1.6699563886113464,-0.24151487327255308
1779768870547,-10.399963683429359,-1.618780181995034,-0.26964641398582606
1779768870564,-10.314668495720625,-1.7642279328495263,-0.30496109853568487
1779768870581,-10.14393315887451,-1.9669870320744811,-0.23478066051355562
1779768870597,-10.146625466698408,-1.9687825371891259,-0.213532504372159
1779768870614,-10.262297672492265,-1.8285723947271704,-0.26111714363675564
1779768870631,-10.295666858130692,-1.859397741101682,-0.2582742026952561
1779768870647,-10.242245064544678,-1.8586495530828833,-0.2491458704744931
1779768870664,-10.090213259124756,-1.8019367551274597,-0.2614164736432023
1779768870681,-9.841215701946616,-1.8350066655583679,-0.2959824587176088
1779768870697,-9.73661843239665,-1.8320139134831726,-0.30466144886882973
1779768870714,-9.520691370171308,-1.7853268349796532,-0.25662786939349025
1779768870731,-9.425074694934487,-1.6751937047429382,-0.23059103593714533
1779768870747,-9.405320777672529,-1.624017498126626,-0.20814565110150723
1779768870764,-9.414898753356933,-1.663222696442157,-0.2308901832805015
1779768870781,-9.386168333435059,-1.688810726685077,-0.2943364359430969
1779768870797,-9.371802538952231,-1.6502040787845849,-0.33907807946726676
1779768870814,-9.384073406982422,-1.6548428445011376,-0.3133405577510595
1779768870831,-9.399635717773437,-1.7163440457768737,-0.22310904615130275
1779768870847,-9.458294827491045,-1.7392387452825904,-0.2385220298658125
1779768870864,-9.468468430981039,-1.6635218255192041,-0.2533360247738659
1779768870881,-9.600448797497153,-1.559673474640399,-0.18749555218480526
1779768870897,-9.69711644309163,-1.542465442468971,-0.2828145048503764
1779768870914,-9.731830029076336,-1.5910972252994775,-0.26844922182420267
1779768870931,-9.777021169933676,-1.7847282845646142,-0.15801716343984007
1779768870947,-9.754126616558432,-1.8234844239383934,-0.16430192453144118
1779768870964,-9.712976860046385,-1.7173915090031922,-0.11013301150570623
1779768870981,-9.73646879479289,-1.6427221985965965,-0.11267685076962225
1779768870997,-9.737967508918047,-1.626411992047727,-0.06613935507093556
1779768871014,-9.845705999103188,-1.5735899179205297,-0.061051749608339735
1779768871031,-9.752332134357093,-1.5414176869817078,-0.1530788759205956
1779768871048,-9.680205055779219,-1.550844563757628,-0.14006027652933262
1779768871064,-9.740210319408774,-1.6189299657292664,-0.06269759885291569
1779768871081,-9.7288396150887,-1.6650184938177466,-0.04938019917816855
1779768871097,-9.699659113311768,-1.6485582112736998,-0.030974454255308953
1779768871114,-9.668235216522216,-1.498172565625608,-0.09382239396488294
1779768871131,-9.532963991767167,-1.4670479440435766,-0.13766614793441256
1779768871147,-9.469068734961748,-1.5092457483038306,-0.10818765872474759
1779768871164,-9.619601826256513,-1.5688012223392724,-0.1140234065403696
1779768871181,-9.74200655517578,-1.5987287430912256,-0.1301844778089784
1779768871197,-9.719260470360517,-1.5901993996769188,-0.11282638790868223
1779768871214,-9.689483171734214,-1.4724346055179833,-0.13377565700162666
1779768871231,-9.60778279364705,-1.4510367204412817,-0.05686205196669325
1779768871247,-9.636362406921386,-1.416769563049823,-0.05506601256250869
1779768871264,-9.770139009204506,-1.4806648198552428,-0.04204796572709456
1779768871281,-9.835980139380693,-1.4668984525702893,-0.03695990360677242
1779768871297,-9.846153742870689,-1.4712376508183775,-0.03172277470484841
1779768871314,-9.833883459362387,-1.4769237336307763,0.011222966412454842
1779768871331,-9.801262461742759,-1.4062947846561669,0.02454112413902767
1779768871347,-9.674220136150717,-1.322198597473651,0.023643403547746127
1779768871364,-9.68529273430705,-1.3386587338872253,0.04384442525638733
1779768871381,-9.71701649082601,-1.4242514432378113,0.05880824499786831
1779768871397,-9.721955116271973,-1.4269449201054871,-0.004040050904732197
1779768871414,-9.71028455222249,-1.4215581125006078,-0.056562719676957925
1779768871431,-9.590871990856527,-1.4357735387273132,-0.00628416743655689
1779768871447,-9.587282441931963,-1.4845555436834692,0.02723460100670345
1779768871464,-9.603892215949296,-1.50326024415344,0.014365794482827186
1779768871481,-9.523985735541581,-1.4493908529303967,0.013766774851974332
1779768871497,-9.61421721060872,-1.4631573663458228,0.04923093774621084
1779768871514,-9.695020347595214,-1.5081982850775122,0.01631086527763982
1779768871531,-9.731531922912596,-1.5972325131841003,-0.08439574095124844
1779768871547,-9.763253341343999,-1.6231196725040673,-0.06494233187267091
1779768871564,-9.804554489025474,-1.57673201533854,-0.027233326931647022
1779768871581,-9.80066449584961,-1.5315417512640357,-0.012120330810709855
1779768871597,-9.699958388519287,-1.4927854657597839,-0.09920960342856124
1779768871614,-9.592968086352943,-1.4351751344427466,-0.11656786685879342
1779768871631,-9.58892611748576,-1.55907492422536,-0.038306418278324414
1779768871647,-9.701154904827474,-1.6733979073673486,-0.04518969781892374
1779768871664,-9.734673728069662,-1.6150393880315124,-0.07601552368404808
1779768871681,-9.700856214141846,-1.473033302063495,-0.12779052046070574
1779768871697,-9.618705169677733,-1.2940667279668152,-0.2106893781988692
1779768871714,-9.574412438964844,-1.3310272160954773,-0.22236096773035824
1779768871731,-9.487623797827958,-1.6490072702154517,0.00014980885040713474
1779768871747,-10.370632959526777,-1.2273283566899598,-0.12823925974204903
1779768871763,-10.546007646611333,-0.9461590069644152,-0.1762727581606421
1779768871780,-10.98758996887207,-0.9898534795232117,-0.24555512054010759
1779768871797,-11.43410974753499,-1.1158486341498792,-0.6872846875181189
1779768871813,-11.545737646374105,-1.331625328119099,-0.7139204618318588
1779768871830,-11.297639083862304,-1.9050372102484106,-0.8661022130995057
1779768871847,-9.989656789398193,-1.7770970590338109,-0.834827716451697
1779768871863,-9.28830650961995,-1.6434706788763402,-0.8053492546414956
1779768871880,-8.208970473700761,-1.7293628095649183,-0.5222351640563457
1779768871897,-7.972541890716553,-1.9024933709844947,-0.34326858995966614
1779768871913,-7.976431883892417,-1.8670291127629577,-0.44921190382372583
1779768871930,-8.362647123718261,-1.6362879277653992,-0.6920734424648806
1779768871947,-8.840290354919434,-1.664719218610227,-0.8267476146422326
1779768871964,-8.911068941497803,-1.7468699708133935,-0.9334389338620006
1779768871980,-8.773252708435058,-1.823185440991819,-0.8011592921383679
1779768871997,-8.907030479761957,-1.7129028192818163,-0.469562617935054
1779768872013,-8.97631093673706,-1.6115978692755102,-0.4017764546383172
1779768872030,-8.455721713256835,-1.7648264832645653,-0.5838856376096606
1779768872047,-8.188320484381913,-2.377143850110471,-0.9552865354675799
1779768872063,-8.106317908477783,-2.6559184136539695,-1.5837643981933593
1779768872080,-7.285106739044189,-3.0741558084234595,-1.535281741509959
1779768872097,-7.2821139869689935,-3.520525072699785,-0.7983163603300228
1779768872113,-7.632716061621904,-3.5963913378059864,-0.6039374418396503
1779768872131,-8.335562717437744,-3.496433126233518,-0.6519708569182082
1779768872147,-8.509741472736,-3.678093761719763,-1.0003270523404701
1779768872163,-8.321645251244306,-3.903147840991616,-1.0127471195830031
1779768872180,-8.36294639892578,-4.5572140992864965,-0.6048347194729372
1779768872198,-9.980380427008866,-4.516962168397009,-0.9282017455945722
1779768872214,-10.57907872608602,-4.356100867572427,-1.07933583498979
1779768872231,-10.856658234626055,-4.565145184546709,-0.7532754415983334
1779768872247,-9.954641590118408,-5.332186956897377,-0.5336073296811431
1779768872264,-9.509169859203695,-5.546168730273842,-0.5895720857482403
1779768872280,-8.904633940014243,-5.6040784829288715,-0.9615712417602539
1779768872297,-8.278551374927163,-5.910986377283931,-1.2012903907224535
1779768872314,-7.986008690533041,-6.056881287384033,-1.15879331125468
1779768872330,-7.247097618645429,-6.213701496124267,-0.5808931777954102
1779768872347,-7.009473688396811,-6.491878970557451,-0.7015010864257812
1779768872363,-6.7930971288383,-6.799832574573159,-0.9177271315976977
1779768872380,-6.30183687569499,-7.532308060455322,-1.187224309838563
1779768872397,-6.312611367687583,-7.7792106911808245,-1.228374797002971
1779768872414,-6.379499376568198,-7.585130719104408,-1.3274351829528808
1779768872430,-6.348075479778647,-6.9915183449894185,-1.5478513732910155
1779768872447,-6.260238206371665,-7.004836091724037,-1.7142480964109301
1779768872464,-6.266821676415205,-7.212232641491293,-1.8731632316038012
1779768872480,-6.036829848480224,-7.879169779536127,-2.0364181495666505
1779768872497,-5.440224137768149,-7.978228704181313,-1.9704276740476487
1779768872514,-5.295673920275271,-8.009801654052733,-1.9213465400144456
1779768872530,-5.053410932049155,-8.200140686035155,-1.813757395172119
1779768872547,-4.939536423327028,-8.375366320037841,-1.7902641452513635
1779768872564,-4.751442247661948,-8.461857439532876,-1.80851964064911
1779768872580,-4.0907922270625825,-8.63109756938517,-1.8930648867733775
1779768872597,-3.3441005843013523,-8.858397674018144,-1.8574515754699705
1779768872614,-3.0591905867427585,-8.97631152125895,-1.8543088935300707
1779768872630,-3.0237264746516943,-9.3394819855839,-1.9630957237243651
1779768872647,-3.128771780230105,-9.718962364196777,-2.069038708794862
1779768872664,-3.1151549044184383,-9.789142400360106,-2.0446479255124927
1779768872680,-3.0624826140254733,-9.719861358863115,-2.034622790582478
1779768872697,-3.173962482696026,-9.590424247089027,-2.127996070806682
1779768872713,-3.009660393767804,-9.635165306091308,-2.2714982405513524
1779768872730,-2.0193585859552026,-9.790638776397705,-2.3361419776365158
1779768872747,-1.3060362749628722,-10.264392598944902,-2.4869772667482493
1779768872764,-0.8710396147027611,-10.573243444061278,-2.46108937677592
1779768872780,-0.826747066652961,-10.951226862114668,-2.4009347678035495
1779768872797,-0.8426084699884057,-11.050735868614911,-2.446724166814983
1779768872814,-0.8357253308700572,-10.940903036499023,-2.559550920049846
1779768872831,-0.4759962859780527,-10.77749877319336,-2.5761609863281247
1779768872847,-0.5093655994806439,-10.53987484294474,-2.4340046782344578
1779768872864,-0.5473736239008605,-10.295965548816323,-2.2508488357543945
1779768872880,-0.6007942484430968,-9.733776486968994,-1.8997987250730395
1779768872897,-0.36077531281672415,-8.88742561558187,-1.6777365210935473
1779768872914,-0.234331464574486,-8.537423844909668,-1.571793389892578
1779768872931,0.06943257879689335,-8.162432594409584,-1.4592656196042895
1779768872947,0.4005807420477271,-8.05633894882202,-1.4827587233945727
1779768872964,0.5431849400393665,-8.087462985882162,-1.4447501875177025
1779768872980,0.8755300579898059,-8.36354436481893,-1.386990072466433
1779768872997,1.189769464276731,-8.49672241668701,-1.3292305419370531
1779768873014,1.257255877441913,-8.590545194244385,-1.2053306060239672
1779768873031,1.2732669549137352,-8.895805905914306,-0.9695017424985766
1779768873047,1.8183971838019788,-9.211092337036133,-1.2051812606811523
1779768873064,2.5276794256232678,-9.758616329193115,-1.900696550695598
1779768873080,2.5785560647711154,-10.081832968792318,-2.220471817669272
1779768873097,1.970578188434243,-10.40071011788249,-2.5851383657708764
1779768873114,1.4589675134405493,-10.471789733234047,-2.5166046355098484
1779768873130,1.4106339829042553,-10.46355849598348,-2.429515550121665
1779768873147,1.6168353315375745,-10.606462992095947,-2.6542718154907226
1779768873164,1.710957384302467,-10.998514682990312,-3.0259716232299803
1779768873180,1.467197435516864,-11.213243475341796,-3.2769133002132174
1779768873197,0.9282027867741882,-11.404480332946777,-3.6870702643796798
1779768873214,0.9175783707767724,-10.944195063781738,-3.7238811149045823
1779768873230,1.0072114415593445,-10.475829364013672,-3.607911971990764
1779768873248,1.1824372216925025,-9.270648103332519,-3.10602744898051
1779768873264,1.7015297768741846,-8.38883370437622,-2.558353819219768
1779768873281,2.0225027291998265,-8.15240687495768,-2.1957821975708005
1779768873298,2.3416793726932257,-7.701099277496337,-1.7556971281304954
1779768873314,2.2963393979497253,-7.431152455791831,-1.99706272912547
1779768873331,2.1978779277410356,-7.395688928222656,-2.067991391699016
1779768873347,1.7188881773017346,-7.389254511260986,-2.1900956763669845
1779768873364,1.2035360507573931,-7.794922055053711,-2.313696044811606
1779768873380,0.9088997916175052,-8.23500741675496,-2.5502733886167404
1779768873397,0.4083618974432349,-9.419985262840985,-3.3337755896419283
1779768873414,-0.045489137423224746,-10.503811595916748,-3.7690716712400314
1779768873430,-0.2763797590951435,-10.849026132312416,-3.7659292815610765
1779768873447,-0.7100297265871893,-11.145308587756752,-3.5094501364558934
1779768873464,-0.9373292900807573,-10.602125255152583,-3.3048961166381834
1779768873481,-1.0206774285250808,-10.056994295611977,-3.1995509513303637
1779768873498,-1.0841238455844577,-8.987385872980951,-2.8408696151182053
1779768873514,-1.116445394466631,-8.33840583190918,-2.341827914318442
1779768873531,-1.0157394880657085,-8.185026703533529,-2.263267733953148
1779768873548,-0.5704177052820101,-7.982418557086587,-2.3428755236752328
1779768873564,-0.08948248333074152,-7.822904286956787,-2.3262656035274265
1779768873581,0.05716222222335636,-7.770382657080888,-2.2471076033994555
1779768873598,0.09696573349190875,-7.755717002868652,-2.14206142103821
1779768873614,-0.13601981463264673,-7.968950588226318,-2.032377349743247
1779768873631,-0.31827845254465936,-8.148515712738037,-1.9999059897273779
1779768873647,-0.6851898934962227,-8.548496443066,-2.1275470118649302
1779768873664,-0.9700998179895802,-8.801533631023764,-2.551170775847882
1779768873681,-0.9974834629449992,-8.903436839184165,-2.7078413469843565
1779768873697,-0.94870171371717,-9.271545344433187,-2.790591380254924
1779768873714,-0.9126391608089208,-9.658509356799721,-2.597409087670594
1779768873731,-0.8999199279567226,-9.739912213245034,-2.4853303763240575
1779768873747,-0.9144347755214199,-9.805752758899331,-2.549824037414044
1779768873764,-0.8521853496942668,-9.759814014545082,-2.773981313976645
1779768873781,-0.7269388580104336,-9.653869422039389,-2.758568494658917
1779768873797,-0.5442313803523778,-9.513360296630859,-2.5136115911737082
1779768873814,-0.5104131723048165,-9.60194517353475,-2.425026129747927
1779768873831,-0.5383954407405108,-9.705045482525229,-2.515407096288353
1779768873847,-0.5437824858074076,-9.89568437423706,-2.6508294199518856
1779768873864,-0.7547713427118956,-10.484657982635497,-2.652625071197003
1779768873881,-0.8915401490809396,-11.218481375995278,-2.4824872618526217
1779768873897,-1.252017191337142,-13.019967318615317,-1.9479817412227391
1779768873914,-1.6169832338419743,-13.790152065166831,-2.0184609064631163
1779768873931,-1.6395783658792265,-13.613880136981606,-2.1058492670588196
1779768873947,-1.4761741391061804,-12.405406264495848,-2.0759221846982836
1779768873964,-1.6130926926768383,-10.691457151031493,-1.9110212530940769
1779768873981,-1.5518909310054032,-9.827750071173906,-1.8100158705562353
1779768873997,-1.3087296787653118,-8.381799567955731,-1.6112968405023216
1779768874014,-0.9632164608171675,-7.417087105560302,-1.495178206115216
1779768874031,-0.7100297060375916,-7.0845929345279925,-1.4612109084531664
1779768874047,-0.06793477798718958,-6.752396869659424,-1.278802231078595
1779768874064,0.5280716425243299,-6.92088881149292,-0.8143272551387548
1779768874081,0.7383126493367366,-7.257722473034263,-0.5972026536919176
1779768874097,1.062726928622136,-8.462754680633545,-0.3634690088801086
1779768874114,1.3869915018051164,-9.803208919635415,-0.2163753905147314
1779768874131,1.5702977696235174,-10.250176442065834,-0.2437590720027685
1779768874147,1.800141094749188,-10.749816985541582,-0.3666116908200085
1779768874164,1.507749080005288,-10.879851478686929,-0.6474813269466161
1779768874181,1.2717705788761378,-10.833612290081382,-0.7921808897823095
1779768874198,0.9334399202426895,-10.549003321295976,-1.1896185114987194
1779768874215,0.8617634715091437,-10.145879616767168,-1.5128352972283958
1779768874231,0.9018664589146151,-9.887004808697103,-1.6195272009700536
1779768874248,0.9500495846621692,-9.437942944335937,-1.6871629594780504
1779768874265,0.8453034081608056,-9.152582864922284,-1.5011634180046618
1779768874281,0.7841016282230615,-9.035867287555336,-1.360654146465659
1779768874297,0.5657803643375635,-8.889071629223228,-1.1257229624323546
1779768874314,0.34925482476241887,-8.86782367401123,-1.0202283056512473
1779768874331,0.275633050647378,-8.914210746654868,-0.9880566592343151
1779768874347,0.07496895094029606,-9.164555042266846,-0.8767261359065771
1779768874364,-0.08963212093450129,-9.39095673675537,-0.6977591234184801
1779768874381,-0.16041092670857907,-9.427917224884032,-0.6760618170037865
1779768874398,-0.12943608886077998,-9.505729947882891,-0.5776005659908056
1779768874414,-0.3277056215815246,-9.686640641784667,-0.4535507002130151
1779768874431,-0.8387181845515966,-9.932646615931391,-0.20829481378123163
1779768874448,-1.139489621978253,-10.03005835789144,-0.19407909529358147
1779768874464,-1.821986732726544,-10.048463198632001,-0.4177874590449035
1779768874481,-2.1758795194879172,-10.058789362335204,-0.6513716123834252
1779768874498,-2.301126486095786,-10.181342559814453,-0.718110422051698
1779768874514,-2.658760212951153,-10.554240052905678,-0.7920311060480772
1779768874531,-2.795229853710532,-10.768820961219072,-1.0389335906431079
1779768874548,-2.661603473553061,-10.906636609759927,-1.1284165854305028
1779768874564,-2.167200830730796,-11.476904933166503,-1.2979559904903173
1779768874581,-1.9008457499079405,-12.106431501227616,-1.3329717742919922
1779768874597,-2.0070885947078465,-12.16748422808349,-1.4407108489990235
1779768874613,-2.25399064091146,-12.326247387585044,-1.754051406750083
1779768874630,-2.838026208385825,-11.829002799335122,-1.8590971507199108
1779768874647,-3.1218884504571554,-11.064803556933999,-2.0527277715936303
1779768874663,-3.019686113219708,-9.072678138080239,-2.0175633731015026
1779768874680,-2.294392647796124,-7.264605802807211,-1.6238669837400317
1779768874697,-1.730857505102083,-6.567445375934243,-1.49248472924754
1779768874713,-0.7357671478386968,-5.704633783611655,-1.4064431070856749
1779768874730,-0.21233517521321774,-5.719299437823891,-1.6831233286984264
1779768874747,-0.1352715900812298,-6.182128546252846,-1.8803453981928526
1779768874763,0.0076323215093463655,-7.665336474719643,-2.1140797736570236
1779768874780,-0.16864092185012997,-9.602544308471678,-2.127397228130698
1779768874797,-0.4821316286616027,-10.58476612407267,-2.1429595389217138
1779768874814,-1.7000321587275713,-11.981931845855712,-2.3327000204890966
1779768874830,-2.6535228968195614,-11.995698505401611,-2.7349258993953467
1779768874847,-2.6800088988155126,-11.493963035473227,-2.871545177758485
1779768874863,-2.3123490141168235,-10.238353317803144,-2.741509515569359
1779768874880,-2.1049515875667333,-9.271097016143798,-2.217629141589254
1779768874897,-2.042702307870053,-8.90598184749186,-1.979555421746522
1779768874913,-1.8492205939477309,-8.46499924468994,-1.5888514921993016
1779768874930,-1.4573198558313771,-8.144923825725913,-1.357960523467511
1779768874947,-1.211016396575421,-7.98017399303019,-1.2865836787350475
1779768874963,-0.7151173777155577,-7.80180480030477,-1.3031931604914366
1779768874980,-0.5298661521251313,-7.794922055053711,-1.4516336634211242
1779768874997,-0.5358516836749855,-7.878719697681069,-1.5634130995601414
1779768875013,-0.6590032854388002,-8.113949426269532,-1.7729060370847582
1779768875030,-0.823903979580989,-8.502707920837402,-1.8589473669856786
1779768875047,-0.9374788432028377,-8.747365987506509,-1.837399844305217
1779768875063,-1.0286080639774329,-9.09706848297119,-1.8899226432248948
1779768875080,-0.776319306067063,-9.09751739578247,-1.9117695872433482
1779768875097,-0.6648393335068773,-9.076268271526693,-1.9183536418087779
1779768875113,-0.6218931642729556,-9.04708893879354,-1.8495199056878684
1779768875130,-0.6411964882232015,-9.153781719318031,-1.7790408865779637
1779768875147,-0.6792043802126776,-9.268253317150473,-1.7714090765252708
1779768875163,-0.697759589209361,-9.607032852062583,-1.7860738539546728
1779768875180,-0.6991063002437353,-9.925013344573975,-1.9416965234734116
1779768875197,-0.6742665310848504,-10.04906291809082,-2.0370158231988547
1779768875213,-0.6479301849589683,-10.402058609881996,-2.1345799792416393
1779768875230,-0.759260616955161,-10.986243230438232,-2.23483702763021
1779768875247,-0.8119331265438348,-11.623101456561685,-2.223314347618818
1779768875263,-1.0124475155819206,-13.38717858276367,-1.8124097799554466
1779768875280,-1.5890011663356796,-14.742895272827148,-1.8293185369193552
1779768875297,-1.8076218150265513,-14.703691389685869,-1.894411479076743
1779768875313,-1.702875346264243,-12.856563055309653,-1.959054339379072
1779768875330,-1.3998594178464263,-10.204386750793457,-1.6801307227537035
1779768875347,-1.2027865475643424,-9.087790951538086,-1.3973146287344396
1779768875364,-1.0568899569638073,-7.3937448084175585,-0.7947250943724066
1779768875380,-0.9989802773740142,-6.35226591720581,-0.49485045965500174
1779768875397,-0.8571237559445202,-6.095936117443442,-0.4053671726066619
1779768875413,-0.31962548323944207,-6.239290110889077,-0.3622716888543218
1779768875430,0.24630378804951905,-7.470359846064448,-0.23672581236511467
1779768875447,0.4094087761476636,-8.445845631408691,-0.1967728644222021
1779768875463,0.33099911016896366,-10.659285066223143,-0.2522882692866027
1779768875480,-0.039503889001160856,-12.594397973522543,-0.898123436461389
1779768875497,-0.2674021056577563,-12.92165658198893,-1.2378012353874743
1779768875513,-0.35269568593129513,-12.158055305480957,-1.4847034277215598
1779768875530,0.16699585805684328,-10.879552788001298,-1.3447924143366514
1779768875547,0.26650501068755983,-10.377367236217856,-1.1818369177117942
1779768875563,0.31109657821655273,-9.552716155463457,-0.8349766599357128
1779768875580,0.15248115662261844,-8.861089397320152,-0.8372215162530541
1779768875597,0.02753390361368656,-8.646359435924888,-0.8818136683039367
1779768875613,-0.3936962432309985,-8.43357593242228,-1.0609297338739037
1779768875630,-0.8680471548885107,-8.346935175323486,-1.1662744607903062
1779768875647,-1.080383206884563,-8.300697740283608,-1.152957006316632
1779768875664,-1.3220482292175293,-8.380605389735102,-1.0763424070611596
1779768875680,-1.3453916954040526,-8.524256904822588,-0.9533402967706323
1779768875697,-1.3066355560302734,-8.630050690680742,-0.8614631003230809
1779768875714,-1.284638536016643,-8.921244298553466,-0.8004109579890966
1779768875730,-1.1041755858823656,-9.216180600085854,-0.7556685838125645
1779768875747,-1.0648208960935472,-9.389311307635904,-0.6950659388117492
1779768875764,-1.2674299193233252,-9.805003986358642,-0.4029731901422143
1779768875781,-1.8317133231014011,-10.047116460198163,-0.18001272214874625
1779768875797,-2.063651608929038,-10.07465036381185,-0.21727277774587272
1779768875814,-2.3267148085996507,-9.973496512714028,-0.30750454507395625
1779768875830,-2.750637847790122,-10.096647676086425,-0.3655637892022729
1779768875847,-3.071610800115764,-10.216507981219888,-0.4749487314201891
1779768875864,-3.698592652130127,-10.408193167114257,-0.7297815706230699
1779768875880,-3.966892583410442,-10.983699391174316,-1.0212756227470934
1779768875897,-4.038568849480897,-11.619808260235189,-1.1373944032646714
1779768875914,-4.096328818401694,-11.956492868694662,-1.3127696748711168
1779768875930,-3.8341640288755294,-12.663231855773924,-1.582117361638695
1779768875947,-3.7916666571468114,-12.100744103240967,-1.8489210630118846
1779768875964,-3.665073390496522,-11.12824990092814,-2.104202815026045
1779768875980,-2.8327891845151782,-8.661323780822753,-2.215982251165062
1779768875997,-1.4489404788143931,-6.6531871383666985,-1.7212804792657495
1779768876014,-0.7263406363889574,-5.951237139129638,-1.3621505225032566
1779768876031,0.3013705723635852,-5.493346656146645,-0.9838661487419158
1779768876047,1.331625328119099,-5.709872853308916,-1.2505205778375268
1779768876064,1.6120460514344275,-6.263381765094399,-1.4077896993890404
1779768876080,0.80116002279073,-8.109760742408037,-1.6826738313652574
1779768876097,-0.3799292914241552,-10.761337911987304,-1.478568432097882
1779768876114,-1.0441707606442272,-12.196511000603437,-1.4398118543326854
1779768876131,-2.4051246207088233,-13.511826122173666,-1.9247879126399754
1779768876147,-3.0407852345455435,-12.884994200024009,-2.3765431077383457
1779768876164,-3.2516246182430533,-12.064231358879804,-2.624492909429222
1779768876180,-3.1328125069882717,-10.522965793719887,-2.6448437696710227
1779768876197,-2.4886225497372445,-9.224110808563232,-2.101808905626833
1779768876214,-2.2055080938259137,-8.741230845752359,-1.795201601653546
1779768876230,-1.6781851416438818,-8.06322286311686,-1.30588649122864
1779768876247,-1.2503714151578023,-7.563882763892412,-0.9305955271296202
1779768876264,-1.1722606225278227,-7.369352125439048,-0.8212104387812316
1779768876280,-1.1094128289487213,-7.2069959098815914,-0.869243963457644
1779768876297,-1.375618089504726,-7.306355278778076,-1.120036587359011
1779768876314,-1.5714935301631687,-7.406163560485839,-1.3391063315242528
1779768876331,-1.9779094081051647,-7.85283239223063,-1.6485566038385033
1779768876347,-2.1722887284543364,-8.394670155444741,-1.9110206685721873
1779768876364,-2.2186763125546274,-8.615235398864746,-2.036567494909465
1779768876380,-2.242468545421958,-8.918550821685791,-2.2144860212579367
1779768876397,-1.927032476696372,-8.917802049145102,-2.241869118224084
1779768876414,-1.7175400871610267,-8.849118973541259,-2.1999711736932395
1779768876430,-1.311872433770448,-8.6634181227535,-2.1398168569818137
1779768876447,-0.869992553335242,-8.84178673095703,-2.015169025310874
1779768876464,-0.7513301162168383,-9.090334790802002,-1.944839351543784
1779768876480,-0.8459009356625378,-9.626935822406411,-1.97461679630056
1779768876497,-0.9307454569943249,-10.158298953357338,-2.060957401409
1779768876514,-0.9991297688473015,-10.505906522369385,-2.0329756078973413
1779768876531,-1.2705725281979887,-11.677719181933998,-1.8089678228080273
1779768876547,-1.8607433835569769,-13.368324829211831,-1.576730992425233
1779768876564,-2.18021959451884,-14.02044550639689,-1.6600784070670604
1779768876580,-2.5339627436764536,-14.203751571002602,-2.019956990239769
1779768876597,-2.265961941473186,-12.503867223247886,-2.016216050145775
1779768876614,-2.0422538699828086,-11.358541588592528,-1.768415739928186
1779768876630,-1.5521908638000488,-9.327810837012528,-1.1923116961054503
1779768876647,-0.9576805179320276,-7.884106066894531,-0.6678315296012908
1779768876664,-0.6606497283384204,-7.351696057239175,-0.4174879646416753
1779768876681,-0.00014949147328734396,-6.553676962822675,0.053421574390307064
1779768876697,0.5997475158691405,-6.309918475341797,0.43065790040344
1779768876714,0.8397663053650408,-6.535722203937173,0.608875994220376
1779768876731,1.1941080780029296,-7.716064206916093,0.9443640863716601
1779768876747,1.5765819393433629,-9.752780462646484,1.1718134632822126
1779768876764,1.6322474202029407,-10.897059218597411,1.2096711194463075
1779768876781,1.2469300059996544,-12.394931632232666,1.0046679676216095
1779768876797,0.8077436389647423,-13.867964788165688,-0.08304770104289054
1779768876814,0.3420715621948242,-13.352163968005776,-0.40147622958272694
1779768876830,-0.570119270324707,-12.230180045971274,-0.9862604234673082
1779768876847,-0.8019082108095288,-11.245267091590165,-0.6453864004939794
1779768876864,-1.0998363876342774,-10.69968721923828,-0.43125502604637295
1779768876880,-1.7006310744687914,-9.543286648339032,-0.15023489379948005
1779768876897,-2.079363849584758,-8.642020529937744,-0.13841403455911203
1779768876914,-2.282571423229575,-8.401551147130132,-0.10399745875960216
1779768876930,-2.4621371322631833,-8.340351120758056,0.0643450281332247
1779768876947,-2.1422122276857496,-8.427591012793778,0.4195851561166346
1779768876964,-1.8960580772399902,-8.396465806689857,0.5464778806375339
1779768876980,-1.4339774490907788,-8.5034561088562,0.7915839833350852
1779768876997,-1.2108674896240235,-8.86213744506836,0.9409227502787485
1779768877014,-1.1375450637817381,-9.038710402026773,0.9832697172187268
1779768877030,-1.0096054970890282,-9.503635021430254,1.114501457324624
1779768877047,-1.1948562660217283,-10.275314974975585,1.1544551359198987
1779768877064,-1.5279495719909668,-10.435427795520424,1.197849456488341
1779768877080,-2.574664902551472,-10.001779188868403,0.6352122855473309
1779768877097,-2.870198877716064,-9.150340054431558,-0.04623692358322441
1779768877114,-2.592770760345459,-8.895058302417397,-0.1648992511037737
1779768877130,-2.0545240073606372,-9.138667152294516,-0.18046185415573418
1779768877147,-2.0753239265441894,-10.364349349212645,-0.34491350762248035
1779768877164,-2.354547695159912,-11.183315954589844,-0.41494441763870415
1779768877180,-3.5152865875244137,-12.838158214569091,-0.6646894321832806
1779768877196,-4.86651429560557,-13.524096990203857,-1.5180721749685704
1779768877213,-4.919486007336527,-12.960711996570229,-2.133531858428195
1779768877229,-3.5434183109007775,-10.244638681682943,-2.5142098493278024
1779768877246,-1.67758702962026,-7.960121385082602,-1.6340418293390422
1779768877263,-0.9653121818542479,-7.1321771080017085,-1.2190965349175036
1779768877280,-0.13093290328979493,-6.12930588760376,-0.659302478447929
1779768877296,-0.1470937644958496,-5.8185091691166155,-0.6603499416742473
1779768877313,-0.28356325912475583,-6.148759360614418,-0.813129569786787
1779768877329,-0.8557774559020995,-7.836970221710205,-1.1677709829583764
1779768877346,-1.2244843654356896,-9.637858198437094,-1.5922924264334142
1779768877363,-1.348683576556295,-10.251073683166503,-1.6971885327994822
1779768877380,-1.8034325466431675,-10.872370183020829,-1.8640348993830382
1779768877396,-1.9372084182739258,-10.653299562072753,-2.1835108911491927
1779768877413,-1.8535609247069804,-10.544663246265053,-2.2738920038200914
1779768877429,-2.195632559967041,-10.607211180114746,-2.136824251037091
1779768877446,-2.7468974922180176,-10.088268554797768,-1.9104219720266757
1779768877463,-2.7014076606750486,-9.801712543597818,-1.7199334485709665
1779768877480,-2.5082253680907187,-9.23772724598348,-1.4164682420156895
1779768877496,-1.78008897085879,-9.088091980311274,-1.3036419271722435
1779768877513,-1.509843458468653,-8.994566724395751,-1.0928028357356787
1779768877530,-1.452232907955907,-8.704120135498046,-0.7609061922051013
1779768877546,-1.6292542662689462,-8.474725104412435,-0.6106703302912414
1779768877563,-1.5631143723418934,-8.534730952563882,-0.5992980185359716
1779768877580,-1.4528314629375236,-8.594735631671547,-0.9451102285638451
1779768877596,-1.1101614119764533,-8.575283912226558,-1.428289904973656
1779768877613,-0.9781809609786607,-8.494777127838134,-1.4896416147761047
1779768877630,-0.8807670087952166,-8.264484271129966,-1.3432960382990538
1779768877646,-0.7127239067077636,-8.292018759265542,-1.152059034563601
1779768877663,-0.5907693327087908,-8.346335455864667,-1.1317081743218005
1779768877680,-0.20530290195625275,-8.257003559985757,-1.156398086681217
1779768877696,0.167444396408787,-8.379107260131835,-1.1553513541072606
1779768877713,0.2548327478713356,-8.66341870727539,-1.2065271223321556
1779768877730,0.37843337775250546,-9.292643662041424,-1.342398139611259
1779768877746,0.3746924456500215,-10.131363600158691,-1.2533636923089622
1779768877763,0.37544063823539764,-11.718421779200433,-0.8141771060783416
1779768877780,0.35179786030873655,-12.406753587451577,-0.5997462006948888
1779768877796,0.2697964169157669,-13.152696457672118,-0.2787738328911364
1779768877813,0.8872013161590322,-13.309517250934242,-0.14409984337687493
1779768877830,1.1830346761289983,-13.141175531226395,-0.2168236092062667
1779768877846,0.7561187387328594,-12.374879608806967,-0.6120167033988982
1779768877863,-0.4595371542114764,-11.26172605895996,-1.0440204700199187
1779768877880,-0.9947910820558666,-10.551547160559892,-1.1590921800368232
1779768877896,-1.6772881197389213,-9.10993731689453,-1.1043241640402004
1779768877913,-1.5553333996094763,-7.925406045532226,-0.7035950264977291
1779768877930,-1.3400048147339374,-7.6485764785766595,-0.47180623214337974
1779768877946,-0.7882909696716814,-7.805844431084394,-0.13197978199422358
1779768877963,0.31977555923461914,-8.639925603485107,-0.19363047474324702
1779768877980,0.816272982379049,-9.232489345329999,-0.22460465500392018
1779768877998,2.1321860698424278,-10.677989766693115,0.019454203663021325
1779768878013,2.779219214630127,-11.53690902775228,0.4475666391010396
1779768878030,2.6336213877804577,-11.933600068885088,0.5957081956167705
1779768878046,1.4460976566039025,-12.581679361724852,1.0034703005359507
1779768878063,-0.1816603432253003,-12.272677709960936,0.5231336472660303
1779768878080,-0.9892546368472278,-11.704953810340166,0.08364811462145298
1779768878096,-1.7173910706117748,-10.309432348632813,-0.5666769478511064
1779768878113,-2.362927400970459,-9.354893489727377,-0.45280223819958043
1779768878130,-2.6595089854918417,-8.985736352208257,-0.24884672313113695
1779768878146,-2.7359739471435547,-8.398259704369305,0.3987852734657004
1779768878163,-2.46108996129781,-7.916428958350419,0.4731553999963216
1779768878180,-2.5218426822938023,-7.92914698562622,0.46432654391247774
1779768878196,-2.31908372919932,-8.396465806689857,0.46088484249338507
1779768878213,-1.9678845654360948,-9.018659547644853,0.5416892215888947
1779768878230,-1.8170495685853063,-9.118615713390707,0.5532110248174518
1779768878246,-1.455674609375,-8.921244298553466,0.7121263426734135
1779768878263,-1.2904748409546911,-8.626756909832357,1.1381447467079386
1779768878280,-1.7389383010312913,-8.577076640862225,1.2551609875218943
1779768878297,-2.718316709899902,-8.862585188835858,1.4176676809333264
1779768878316,-3.535487956292927,-9.368960009002684,1.0732016978826373
1779768878331,-3.688118019866943,-9.44303003834188,0.7342726349646225
1779768878347,-4.377797735595703,-9.107991443523764,0.2967324642341584
1779768878363,-4.772242459106445,-8.92513487625122,0.18001502370368688
1779768878380,-5.056703251592815,-9.044245239800214,0.21697540223449469
1779768878397,-5.901707384546101,-9.338284884753822,0.34716043716589917
1779768878413,-6.150555011859536,-9.414002096778153,0.007483350625867024
1779768878430,-5.938817510278523,-9.35264951019287,-0.10564324407209641
1779768878447,-5.153220382800698,-8.900296203070878,0.24286320087527855
1779768878463,-5.070620425525307,-8.94997471847534,0.7926318210207391
1779768878480,-5.489007165637612,-9.709386142078042,1.0474642674979753
1779768878497,-6.850708190807699,-10.883291390007734,0.961273610520549
1779768878513,-7.796269378009438,-10.38081065467,0.5940628212962299
1779768878530,-8.039580121722818,-10.172964023047685,0.47824346211664376
1779768878547,-8.297704403686524,-9.151985483551025,-0.33758177649490534
1779768878563,-7.250690090179443,-7.02264238204956,-0.9171279966607689
1779768878580,-6.77993018875122,-6.3637885972172015,-0.6335637876879423
1779768878597,-6.376954952782392,-6.419003119438886,0.1452986247073859
1779768878613,-6.609343904986977,-6.832752847400307,0.5916678889837116
1779768878630,-6.806118522974848,-6.85639617331624,0.3936978506661951
1779768878647,-6.523751195636391,-6.421248852539062,-0.19856873486302792
1779768878663,-5.848737134119868,-5.7990562806278465,-0.14948679711222648
1779768878680,-5.691615312084555,-5.679195390972494,-0.03591251344569027
1779768878697,-6.63343380562663,-6.153396957287192,0.017359058014675972
1779768878713,-7.834726242175698,-6.153547179412842,-0.37543987105041743
1779768878730,-8.464699384960532,-5.828982924596965,-0.6251848490623757
1779768878747,-8.899396623882652,-5.275772411236167,-0.8339293428398669
1779768878763,-8.187422074237466,-5.1237411903381345,-0.7748227450830861
1779768878780,-8.123225788658857,-4.9618327185481785,-0.8427580345269292
1779768878797,-7.6488745847404,-4.648940489086509,-0.6723206211814656
1779768878813,-7.70543876800537,-4.020014225006103,-0.2697956497307867
1779768878830,-7.742548893737792,-4.053682685852051,-0.32486250711008907
1779768878847,-7.947553579932451,-3.8995565385013817,-0.5059238980615511
1779768878863,-8.3829972533077,-3.6598362204954027,-0.6602002858041786
1779768878880,-8.460062372809649,-3.3874963661745188,-0.6955153082807548
1779768878897,-8.691550576782227,-3.197755592346191,-0.6217431841759011
1779768878913,-8.751554671368002,-3.276315042059123,-0.7650963008387014
1779768878930,-8.879196131896972,-3.314772198486328,-0.8632585141061805
1779768878947,-8.86752439880371,-3.293373436626792,-0.8665505505220499
1779768878963,-9.00234729526937,-3.2372596274778247,-0.6854893011344829
1779768878980,-8.999953678131103,-3.2513255622312425,-0.6968611539487377
1779768878997,-8.837596293529868,-3.4102406974241135,-0.8824119344852175
1779768879013,-8.8619878074646,-3.4611177749633786,-0.764946642685344
1779768879030,-8.986785569000244,-3.53698345554769,-0.5740085145819
1779768879047,-9.242068490058184,-3.404554760742187,-0.3226179887194652
1779768879063,-8.910021478271483,-2.972700344030559,-0.31334004172782876
1779768879080,-8.920496695056556,-2.8312928084775804,-0.36661142139194997
1779768879097,-9.442731347656249,-2.7038017162047323,-0.4059656910556601
1779768879113,-9.577107084876298,-2.4007860069826243,-0.2064986967452336
1779768879130,-9.533711010742186,-2.2649144782468675,-0.12719126907605677
1779768879147,-9.618556701117754,-2.2556375313356516,-0.11462114867123309
1779768879163,-9.742905549842119,-2.205059729003906,-0.19288182093356734
1779768879180,-9.771934075927733,-2.0709841437742114,-0.15307823659977876
1779768879197,-9.664495445472001,-2.059162919207662,0.0463884060841985
1779768879213,-9.708040572687983,-2.1369746192932126,-0.008977370309596881
1779768879230,-9.623193713268638,-2.0461441554196176,0.003442642134008929
1779768879247,-9.45440249622762,-1.992574039404094,0.019752784750796854
1779768879264,-9.49301075156331,-1.933168202972412,-0.12434777101213111
1779768879280,-9.507674067687988,-1.835155426379293,-0.09412134037883951
1779768879297,-9.569025485229492,-1.7528545981809496,-0.10280033966321497
1779768879313,-9.63307037963867,-1.7325038840696214,-0.11791309832213445
1779768879330,-9.62184755935669,-1.6958429634094236,-0.18031234441613778
1779768879347,-9.472958728137613,-1.7452230803892015,-0.10833638301305472
1779768879363,-9.39080709915161,-1.7732051661618053,-0.19063724774401633
1779768879380,-9.39843861694336,-1.8531117926999925,-0.11252682044021785
1779768879397,-9.773280229839681,-1.7809863215573132,-0.18824337487742304
1779768879413,-9.807847100830077,-1.8029831954404711,-0.20141097255162893
1779768879430,-9.791837046271562,-1.832611587115377,-0.2480984529139474
1779768879447,-9.705943892669676,-1.7088611426755784,-0.24869641880709675
1779768879464,-9.62065045852661,-1.8103154380246995,-0.42616723792068656
1779768879480,-9.567979191046952,-1.9023427104674278,-0.4507075492089614
1779768879497,-9.608979309955238,-1.7127517203733325,-0.49096013768557456
1779768879514,-9.546430207061768,-1.526901670373231,-0.6076775051508099
1779768879530,-9.39155528717041,-1.5331867419920862,-0.5422857261773198
1779768879547,-9.329905763465165,-1.537227103424072,-0.45265283805783835
1779768879564,-9.338435106879473,-1.5373765948973594,-0.36481567424871025
1779768879580,-9.400984209772943,-1.6564881274901329,-0.43709063686467703
1779768879597,-9.318532136535644,-1.7555482211790978,-0.4255684683099389
1779768879614,-9.452908458277582,-1.736244970294088,-0.28894918994680047
1779768879630,-9.5575028052181,-1.8183958686277268,-0.21053934130501
1779768879647,-9.503183770531415,-1.8692725077755747,-0.26096659271754324
1779768879664,-9.399785355377198,-1.805377250970155,-0.2905952766533941
1779768879680,-9.2178271982491,-1.669356961413473,-0.1569689330285415
1779768879697,-9.086893125915527,-1.53064290272817,-0.13946129685603081
1779768879714,-9.077018797633052,-1.519569573919475,-0.04997808287292719
1779768879730,-9.533112460327148,-1.4978722675047813,0.2129351504003629
1779768879747,-9.748291334533691,-1.5019123366758227,0.28880148857180027
1779768879764,-9.866355403900146,-1.5215150088988243,0.41359965196624393
1779768879780,-9.72928852789998,-1.5649099139891565,0.3486565483420156
1779768879797,-9.553762449645996,-1.603516415759176,0.30002421752223746
1779768879814,-9.363722692871093,-1.613990901891887,0.6006465653344057
1779768879830,-9.570970774078368,-1.8026839202329514,0.5992993154439143
1779768879847,-9.679308399200439,-1.8549074439451096,0.6226427633641287
1779768879864,-9.951199340710044,-1.988084911291301,0.5699704912374727
1779768879880,-9.765799518695474,-2.1100394122250377,0.3522473530753283
1779768879897,-9.555558685413002,-2.1130326026916504,0.32546246403092516
1779768879914,-9.344868939319252,-2.10525130116567,0.5826897240896709
1779768879930,-9.35354616677165,-2.0769695017941294,0.5514153918386436
1779768879947,-9.318382498931884,-2.114828107806295,0.5360034493037499
1779768879964,-9.240570360454916,-2.3262658957883713,0.577303007816337
1779768879980,-9.182063226428628,-2.495955084582418,0.6254860970312729
1779768879997,-9.185803582000732,-2.554163820184022,0.5523133453253656
1779768880014,-8.944888208991289,-2.372953120422363,0.6895306626468897
1779768880030,-9.094674865832925,-2.180369378253072,0.8450046444099396
1779768880047,-9.300425986480713,-2.1167735427856442,0.8646075358286499
1779768880064,-9.802609784698486,-2.2598267997190353,0.841861743274331
1779768880080,-9.900025033789873,-2.247706299944967,0.7094329023383558
1779768880096,-9.789441675567627,-2.164058879443258,0.7815585196115076
1779768880114,-10.014794737786055,-1.908926618902385,1.0137956422552465
1779768880130,-10.398317085266113,-1.6174325667783618,1.155053101813048
1779768880147,-10.523114846801757,-1.6503529857359827,1.1903681608222425
1779768880164,-10.41223455145955,-1.72532171748057,1.3175602701485156
1779768880180,-10.250026804462074,-1.8359037605285644,1.4799167049016804
1779768880197,-10.219350511169432,-1.8403927425108848,1.523611250525713
1779768880214,-10.20184291152954,-1.6576853744506834,1.596484179034829
1779768880230,-10.123582444763183,-1.404199127551168,1.5228625510502605
1779768880247,-9.963919121551513,-1.5610194824218748,1.5896008492618798
1779768880264,-9.64010334701538,-1.9271824065610765,1.5364796460576355
1779768880280,-9.429113156670331,-1.584661931554973,1.4463981739204377
1779768880297,-9.517550149536133,-1.279102090808004,1.4692930926218628
1779768880314,-9.59595966938436,-1.1110590617857872,1.2593515345469117
1779768880330,-9.13552476261556,-1.4423565703794359,1.1519109313298017
1779768880347,-8.924684794396162,-1.5397709426879882,1.216854382013902
1779768880363,-9.054721041107177,-1.52585464553833,1.4116825421091168
1779768880380,-9.53790086364746,-1.5857095409117639,1.4371203502263874
1779768880397,-9.750236623382568,-1.5327379753112793,1.4410113663155584
1779768880414,-9.97229882736206,-1.3982139156617224,1.3512282195378094
1779768880430,-9.848696997612715,-1.3516763286314903,1.3805578474618494
1779768880447,-9.847650703430174,-1.3476362594604492,1.3687364036995917
1779768880464,-9.89478596409261,-1.4205096263609827,1.273716013855487
1779768880480,-9.676016956439614,-1.5061023357115686,1.3248925127327442
1779768880497,-9.581895488196611,-1.4408606327332556,1.37606864628382
1779768880514,-9.727342070007323,-1.2122140819273888,1.34599104953669
1779768880530,-9.82490695670247,-1.148169479779154,1.1649299873787908
1779768880547,-9.840618905097246,-1.1897687336243687,1.1543052060551942
1779768880564,-9.645490300750732,-1.30079954335317,1.1610388982243836
1779768880580,-9.45485374712646,-1.454926421356201,1.13530130344294
1779768880597,-9.424625197601317,-1.4475941787719726,1.0555452643565832
1779768880614,-9.520991814422606,-1.174355768176168,0.9305972806952894
1779768880630,-9.721954531750082,-0.9347858184263109,0.9382282870303839
1779768880647,-9.789591313171385,-0.9386765422545373,0.9416702441778033
1779768880664,-9.751433724212646,-1.1555017223633826,0.6982103012520819
1779768880680,-9.693225280871987,-1.2704234020508824,0.5945107111942023
1779768880697,-9.916185894995927,-1.2689270260132848,0.5568024003729224
1779768880714,-10.216357174572348,-1.2744633250914514,0.5870294155281037
1779768880730,-10.032451975029707,-1.1566985309325157,0.5532109517522156
1779768880747,-9.809344645911455,-1.0266637455262244,0.48213411287963387
1779768880764,-9.55810135563314,-0.7636005458556115,0.4364941322762519
1779768880780,-9.688584761589764,-0.7710824260435998,0.6956666081186383
1779768880797,-9.826702607947587,-0.8195653019227087,0.754024615997821
1779768880814,-10.019733947753906,-0.6989571010313927,0.6347643956493586
1779768880830,-10.026766915130615,-0.6420948116026819,0.6166577341377735
1779768880847,-10.089763761791586,-0.6567592967711389,0.6814510357614606
1779768880863,-10.215910015326738,-0.6290764862060546,0.7640503354497253
1779768880880,-10.160242488640547,-0.6353611194334924,0.7080863831002265
1779768880897,-10.093805730658769,-0.651521980639547,0.5556055187385529
1779768880914,-9.743802206420899,-0.4963477855406701,0.44158093402124937
1779768880930,-9.756670455822348,-0.45145650441274043,0.35554011557698245
1779768880946,-9.746794373974204,-0.47539852101430297,0.32755773754343387
1779768880964,-9.892392346954345,-0.37095147358998654,0.11028444834090768
1779768880980,-10.13151382228434,-0.5086182151794433,0.15756931007448582
1779768880997,-10.196606179919838,-0.6313209041319787,0.17178524775784462
1779768881014,-10.109517679053544,-0.9702502227783203,0.26815175498127936
1779768881030,-9.890299174067378,-1.3501799525938927,0.10369980925358831
1779768881047,-9.657461309051513,-1.3807058776304124,-0.04055065810773521
1779768881064,-9.73018518447876,-1.3669393642149865,-0.011970862170308828
1779768881080,-9.99683939437866,-1.5571287585936486,0.0402535383246839
1779768881097,-9.820714765709639,-1.890221772301942,0.001796418430097401
1779768881114,-9.790487969750165,-2.0115777228206393,-0.0040398499753326175
1779768881130,-9.711630121612549,-2.1766284381590784,-0.06419376482795923
1779768881147,-9.592968670874834,-2.343624150085449,-0.041748416524939234
1779768881164,-9.543437454986572,-2.4676734313413498,-0.017955206410074604
1779768881180,-9.317934170642495,-2.700958601733297,0.05417026473260484
1779768881197,-8.998009558326006,-2.653224352264404,0.10803968335511162
1779768881214,-8.856750491333008,-2.5909748168393967,0.06479424690518062
1779768881230,-8.822334426990151,-2.536955495751649,-0.00433791960645467
1779768881247,-9.106646458655595,-2.4100631000243125,-0.055664069787203334
1779768881264,-9.213187263488768,-2.3680146411068734,-0.040251419432833786
1779768881280,-9.27708135125041,-2.352601675658673,-0.09337345375414006
1779768881297,-9.096020435222982,-2.296637357982993,-0.07182465243204496
1779768881314,-9.00264657047689,-2.2783815703243016,-0.05910589450388215
1779768881330,-8.90014481190145,-2.2085009554989634,0.019902691782615146
1779768881347,-8.948329289355874,-2.2011690051756796,0.17926658908971585
1779768881364,-9.163509332606196,-2.2415711581908164,0.24331141956681385
1779768881380,-9.522339137378335,-2.248005282891542,0.2546840692488011
1779768881397,-9.740959091949462,-2.2313958011351525,0.266205991208367
1779768881414,-9.724797646221518,-2.259377448516339,0.3631714324393309
1779768881430,-9.658359134674072,-2.4756042243406173,0.5593458925769664
1779768881447,-9.590723522296548,-2.67192876047343,0.5796968806829303
1779768881464,-9.513810963007808,-2.7150243903562425,0.537200203073956
1779768881480,-9.412804411426187,-2.688688172094524,0.5481234741537832
1779768881497,-9.712828391486406,-2.605639302007854,0.6530199641123413
1779768881514,-9.817873404803871,-2.548627374975383,0.6747167225377634
1779768881530,-9.835530057525634,-2.5146596389219162,0.7278382180029526
1779768881547,-9.788394796863198,-2.4423846763059496,0.6810022325480356
1779768881564,-9.689634562903642,-2.4329577995300293,0.6880340308809653
1779768881580,-9.535656299591064,-2.372653260692954,0.7962221645297483
1779768881597,-9.62828256084025,-2.2604253501340748,0.8369237388828769
1779768881614,-9.664793551635741,-2.14520410297811,0.8014599190527573
1779768881630,-9.562442015185951,-1.8997987250730395,0.8043030335241929
1779768881647,-9.452157932171225,-1.758241551916301,0.9136885237313807
1779768881664,-9.431658164978026,-1.7143977340146899,1.0166385009983554
1779768881680,-9.357139222827554,-1.6907551387511193,1.1236297164801508
1779768881697,-9.312696269989013,-1.5185219645626842,1.1370976853404193
1779768881714,-9.27573636638224,-1.440561065264791,1.2101206167794762
1779768881730,-9.343223510199785,-1.4446012805663049,1.4339777048191056
1779768881747,-9.3339448097229,-1.5743367907650767,1.584364190717414
1779768881764,-9.29489114870727,-1.5913957698546348,1.655142411969602
1779768881780,-9.211991331702471,-1.5695485335752366,1.7380412060610948
1779768881797,-9.07911197052002,-1.6935982532225549,1.7036247033268213
1779768881814,-9.143605777740477,-1.7776942942745984,1.6524487159062176
1779768881830,-9.30177272491455,-1.7633293765746056,1.5652099929142742
1779768881847,-9.393202469855547,-1.6727987724304199,1.5939412896189837
1779768881864,-9.485676755413413,-1.5875047537654636,1.5936415029548108
1779768881880,-9.622595747375488,-1.4342759936459362,1.5517428277716039
1779768881897,-9.88132091784179,-1.40135586694926,1.6440692292913794
1779768881914,-10.08018929323852,-1.450886059924215,1.6754937106028198
1779768881930,-10.242544339752197,-1.4683933673031628,1.5086477824106812
1779768881947,-10.069863714057206,-1.4223052776060998,1.4571718621954322
1779768881964,-9.953894571143389,-1.3839980510435999,1.4878481554880738
1779768881980,-9.90915117405355,-1.3420992297299206,1.6168356968637554
1779768882000,-9.813533914294839,-1.385494280950725,1.6762416063606738
1779768882013,-9.631572834557295,-1.422005564007163,1.6585836384646593
1779768882030,-9.64773369576335,-1.4956272650569677,1.587206063079834
1779768882047,-9.702053314971923,-1.5444095622740686,1.5029612612068652
1779768882064,-9.6529733499825,-1.408089705248922,1.5509946397528052
1779768882079,-9.627532619255781,-1.3735231265194714,1.614441422138363
1779768882097,-9.647736033850908,-1.5243581233702599,1.7232275216802955
1779768882114,-9.62139981558919,-1.5071499450683592,1.568053180450946
1779768882130,-9.478795179206132,-1.495029153033346,1.4685444662116467
1779768882147,-9.494205514305829,-1.5216642081111669,1.3492827114932238
1779768882164,-9.618107788306475,-1.5985783748351037,1.2689283411875367
1779768882180,-9.654469141498208,-1.5891512057982384,1.1191399307802319
1779768882197,-9.594463877868652,-1.4573201846249402,0.922965324512124
1779768882214,-9.680805944281817,-1.3684358863830566,0.9273045227602124
1779768882230,-9.811437818798423,-1.3114235209591687,0.9109941700808704
1779768882247,-9.917981546241045,-1.2785036865234374,0.8381212415717542
1779768882264,-9.986213955467939,-1.343445822033286,0.5997488310433924
1779768882280,-10.005818819648027,-1.332522569219768,0.5458791475594044
1779768882297,-10.178200170135497,-1.220144728796184,0.5397437135443091
1779768882314,-10.149169890484213,-1.1933593054622411,0.49171004273742436
1779768882330,-10.0495118309021,-1.2114657477781177,0.4352968122504651
1779768882347,-9.900471608513593,-1.3404533622190355,0.46806700908243654
1779768882364,-9.913940161895752,-1.4459480190001428,0.5264253822878003
1779768882380,-10.2078301692456,-1.5008648734495043,0.5624887754462659
1779768882397,-10.38754317779541,-1.5966329398557544,0.6221935948245227
1779768882414,-10.29835799691081,-1.6241661128170788,0.622792583630979
1779768882430,-10.012401120647787,-1.597530473217368,0.5756570307075977
1779768882446,-9.7360204665035,-1.6370349467404186,0.5585982708137482
1779768882464,-9.705345342254638,-1.6940470199033617,0.5515654495675116
1779768882480,-9.839870132556557,-1.7323542464658617,0.5152031465277076
1779768882497,-9.815478618621826,-1.7925085631772875,0.4367927498966455
1779768882514,-9.73676923904419,-1.8385966528743505,0.3920516908943653
1779768882530,-9.46128816408813,-1.7679682884216308,0.28984913446120913
1779768882547,-9.304316564178466,-1.8661301180966197,0.3455145422555506
1779768882564,-9.306412659674882,-1.8902222106933593,0.3637704029794782
1779768882580,-9.383025359234214,-1.9176053076595068,0.3645183718025684
1779768882597,-9.383176750403642,-1.9415477626524864,0.3248636030886322
1779768882614,-9.340680255457759,-1.9168575580321252,0.24989647877924143
1779768882630,-9.293540903142095,-1.904736473736167,0.29972433952651917
1779768882647,-9.308954745373129,-1.8888751799985766,0.3099003541693091
1779768882664,-9.368663071882724,-2.0129251919068394,0.3374341847177595
1779768882680,-9.43524946746826,-2.0057421485349534,0.31379111453015357
1779768882697,-9.32047684086263,-1.957109635052085,0.18315781524144112
1779768882714,-9.280373963055014,-1.9583068820126353,0.3916029607461765
1779768882729,-9.465476263427734,-1.9659385459348557,0.4565451693212613
1779768882747,-9.701754039764404,-2.065896465246379,0.48018827604148534
1779768882764,-9.478046406665444,-2.1396678038999437,0.45026031689811497
1779768882780,-9.432108246833085,-2.1269486075803634,0.3922008170414716
1779768882796,-9.384074576026201,-2.1176710761472584,0.559645514844358
1779768882814,-9.56408685978353,-2.265662520135194,0.7133235531013459
1779768882830,-9.514408344379067,-2.2601262210570274,0.6813009962989017
1779768882846,-9.100957307103275,-2.26012578266561,0.7348704912599175
1779768882863,-8.905084021869301,-2.471564009039104,0.8674502119086682
1779768882880,-8.868573031073808,-2.5685294685363766,0.9350868471994995
1779768882896,-8.767117566680907,-2.8425156287595628,1.0121496286138891
1779768882914,-8.419957741436361,-3.1616927837096154,1.05644177480489
1779768882930,-8.05589178957641,-3.172018070629984,1.162834257208556
1779768882947,-7.809885815429687,-2.9266121082030234,1.3711298016421496
1779768882964,-8.0379317699939,-3.0259710387080907,1.3033439671389757
1779768882980,-8.167669326019286,-3.149571699413657,1.3195057781931012
1779768882997,-8.128762964519858,-3.1269764212459323,1.5327384867679328
1779768883014,-8.285584926825761,-3.199252260644734,1.6460153218578546
1779768883030,-8.482955172619222,-3.481018991741538,1.6373350987307727
1779768883047,-8.564508835712076,-4.39889663772583,1.350330759241432
1779768883064,-8.231413776177167,-4.96707003467977,1.3260893213018774
1779768883080,-8.098536168560384,-5.015702548162639,1.305738168799132
1779768883097,-8.027157862523199,-5.009716459490359,1.3802579877324401
1779768883114,-7.996034409984945,-5.281458932439983,1.6736976209662853
1779768883130,-7.964311237987875,-5.5530508910030125,1.7690163361698388
1779768883147,-7.6559075521171085,-6.0130363004386425,1.968183986774087
1779768883164,-7.221510757446288,-5.754014777374267,2.0551241652108727
1779768883180,-7.133973928290605,-5.651812878528237,2.0762233596019444
1779768883197,-7.539492419001459,-6.232855693927407,1.608007005176693
1779768883214,-7.623436776623129,-7.337479315838217,1.080534305793047
1779768883230,-7.325508307537436,-7.728332736858725,1.0399817845217882
1779768883247,-7.073518582805991,-8.03194801940918,1.610400695380196
1779768883264,-6.936301484680175,-7.518392347827553,2.3273146741889414
1779768883280,-7.040897585186362,-7.363816118621826,2.4745585877452045
1779768883297,-7.632863945659994,-7.519438642010092,1.5530895662054418
1779768883313,-6.622362376514077,-8.336312074500322,0.4442754338022321
1779768883330,-6.020069852337241,-8.809164564293622,0.3854671614049002
1779768883347,-5.812372858318686,-9.126396868786216,1.230770240772143
1779768883364,-6.5304837187618014,-8.584858380779623,1.5554834459219011
1779768883380,-6.951714157867431,-8.2360537109375,1.234212225319026
1779768883397,-7.10598994282186,-7.582137382507324,0.24016941348034887
1779768883414,-6.482151357269287,-7.335384973907471,0.19258494774568824
1779768883430,-6.18931085897237,-7.517644744330644,0.42048283560872074
1779768883447,-6.054187810516357,-7.925854958343505,0.4299094201236963
1779768883464,-5.809530036108195,-7.9491990090519185,-0.04114946425110101
1779768883480,-5.459677903039753,-7.892636579352617,-0.21592625850774347
1779768883497,-4.8074067114681,-7.696908840069175,-0.48168242358937857
1779768883514,-4.256291416820884,-8.177993151634931,-0.4394847654595971
1779768883530,-4.205864128875732,-8.523658938929438,-0.5982504091791808
1779768883546,-3.8385038116455075,-9.308358533045649,-0.845451876720786
1779768883564,-3.7919662246152757,-9.754875389099121,-1.0942986272513866
1779768883580,-3.8450875739499923,-9.964218981280922,-1.145924038939923
1779768883596,-3.801542738994956,-10.115351792034506,-1.7313057603262363
1779768883614,-3.184886612292379,-10.284144178119302,-1.9569598513178526
1779768883630,-2.992153378649801,-10.314969524493813,-1.9758137510001659
1779768883647,-2.554463241522014,-10.202441461944579,-1.875706340215355
1779768883664,-2.367865149633586,-9.782707983398437,-1.6479579072929917
1779768883680,-2.408865853063762,-9.570970189556478,-1.6862649877250193
1779768883697,-2.276436719866842,-9.062502781024575,-1.5273505831845104
1779768883714,-2.541294986260682,-8.915857344818114,-1.5435108598686753
1779768883730,-2.712480697222799,-9.097067898449302,-1.6259610334098338
1779768883747,-2.8055554328918455,-9.368511680713295,-1.8809435102164744
1779768883763,-2.7328314843993633,-9.41041020976603,-2.085198985479027
1779768883780,-2.674173178399354,-9.362375369915366,-2.184109441564232
1779768883797,-2.49086733298935,-9.278279621124266,-2.2454607129752633
1779768883813,-2.406771145806834,-9.32781025249064,-2.2532423067621887
1779768883830,-2.3267150277953594,-9.381978480529785,-2.285564321435243
1779768883847,-1.9930229522153733,-9.608829087829589,-2.3349442922845483
1779768883864,-1.3664902322079986,-9.794230078887939,-2.4977501513056457
1779768883880,-1.081131467968598,-9.905859731292724,-2.6565156488947568
1779768883897,-0.6875844970151782,-10.165032645526528,-2.8893516142144797
1779768883914,-0.2841617730071768,-9.859622296252846,-2.9085055197566745
1779768883930,-0.12749109227284788,-9.526379352679848,-2.808696799657494
1779768883947,-0.2249051723204553,-9.056367054748534,-2.3735507940545677
1779768883964,-0.48871635908046734,-9.192687496295571,-2.2306465902030466
1779768883980,-0.4875192491172347,-9.317035760498046,-2.3256670531123875
1779768883997,-0.4626793817769387,-9.356989585223793,-2.5576050466790794
1779768884014,-0.47704449241482066,-9.169941411480307,-2.5893282186761497
1779768884030,-0.45654434733735394,-9.044695906177163,-2.556557291191816
1779768884047,-0.5678746628858266,-8.95700827037394,-2.486227909685671
1779768884063,-0.7854477710039777,-8.98274535369873,-2.3262644344836474
1779768884080,-0.849791814754391,-9.038710402026773,-2.2294497816339134
1779768884097,-0.8068459686058107,-9.015814679607749,-2.1712404615104197
1779768884113,-0.8077437759620603,-8.913014230346679,-2.129042364989221
1779768884130,-0.9136872085571288,-8.789412985119222,-2.208200657378137
1779768884147,-1.0191816826751454,-8.783428650012612,-2.2128397153556345
1779768884164,-1.1968015548706055,-8.96329246520996,-2.117221286553144
1779768884180,-1.2714707556793465,-9.333046984100342,-2.120364114623517
1779768884197,-1.3274351098876445,-9.492859360393881,-2.134579248589277
1779768884214,-1.4658500394959002,-9.909452787348627,-2.1995226992733774
1779768884230,-1.4797664097107945,-9.88984909221232,-2.2662604860283433
1779768884247,-1.4598645353455095,-9.654319503894447,-2.3038190861806274
1779768884263,-1.488595101397857,-9.278729118457436,-2.391657090239972
1779768884280,-1.5071500911988318,-9.21273835067749,-2.355743626946211
1779768884297,-1.515829072216898,-9.1870012673527,-2.3023234407953916
1779768884314,-1.435922518743947,-9.142857589721679,-2.215234063146263
1779768884330,-1.3836991411622612,-9.010728170123695,-2.296337936645001
1779768884347,-1.3504794469971209,-8.870068238067626,-2.304567566460371
1779768884364,-1.2737155754640697,-8.57992267794311,-2.2774833063103257
1779768884380,-1.1763014954164623,-8.308029398345946,-2.190095091845095
1779768884397,-1.1046249370850623,-8.195202060589194,-2.1618130002126095
1779768884414,-1.1212347111023961,-8.065317205047608,-2.094027604100853
1779768884430,-1.1121068172730504,-8.157942881774902,-2.071582255797833
1779768884447,-1.0770916179932652,-8.321646420288085,-2.0144199605092403
1779768884464,-0.9814730430603027,-9.016712505230307,-1.8052270288445054
1779768884480,-1.126921232306212,-10.250326079669595,-1.3199524259820579
1779768884497,-1.3554175609864294,-10.922796886444091,-1.1483175099477172
1779768884514,-1.8728643947876988,-11.863867191967367,-0.9404713167168199
1779768884530,-1.9613003647401928,-11.31933653640747,-0.7680886510550975
1779768884547,-1.7953521160401402,-10.82777700805664,-0.6681307317435741
1779768884564,-1.291073683630675,-10.135404399982095,-0.3312969971369952
1779768884580,-1.032200482995808,-10.083628620037436,-0.13811433922648428
1779768884597,-1.1130044967651367,-10.167125818413496,-0.15966200803741812
1779768884614,-1.6068090275637805,-10.348487763214111,-0.3274058349173516
1779768884630,-2.040608440863341,-10.306289958953856,-0.6162064832389355
1779768884647,-2.112883403479308,-10.15740054321289,-0.7338220051202923
1779768884664,-1.8818429432742296,-9.708936644744872,-0.7176608516532927
1779768884680,-1.1736083108097315,-9.544486671778559,-0.505025889775902
1779768884697,-0.822258924920857,-9.601646482849121,-0.3805278418391943
1779768884714,-0.2635122586123645,-9.836877380481361,-0.3076535250905901
1779768884730,0.4034228336058557,-9.951797891125082,-0.2835623823419213
1779768884747,0.7742245234616101,-10.020482135772705,-0.15412592815496026
1779768884763,1.1755525767453014,-10.33651558586955,0.2576772688485682
1779768884780,1.1662751914426683,-11.02006132888794,0.5205901733282953
1779768884797,1.3829505878172814,-11.37664832316935,0.5526126205328852
1779768884814,0.9979327410824597,-11.10849715270996,0.2721917510870844
1779768884830,0.9323916167661547,-10.391284702411294,0.008230944989621639
1779768884847,0.8128310252316295,-10.100837528991699,0.1090862515322864
1779768884864,0.4127003650389611,-9.929203197479248,0.4339497084904462
1779768884880,0.08948299478739499,-9.94012674255371,0.6842937849067151
1779768884897,-0.025887597711384294,-9.9531457986027,0.6509243070073425
1779768884914,-0.24705197606831789,-9.989656789398193,0.5364518323920667
1779768884930,-0.3775361126773059,-9.904215471217036,0.5879273142158985
1779768884947,-0.32097280619516966,-9.76774480754435,0.6099241150338203
1779768884964,-0.03292041895762086,-9.471611989703774,0.638654461890459
1779768884980,0.3573344516478479,-9.379434641265869,0.7836527154117822
1779768884997,0.5304651591978967,-9.367015304675698,0.8291430584114045
1779768885014,0.8445546356201171,-9.293094328418373,0.8803188997015357
1779768885030,0.9074024291992187,-9.254786517333983,0.934338074658811
1779768885047,0.8084919731140137,-9.319280909076333,1.0203795506902038
1779768885063,0.4542997650146484,-9.501987838745116,0.9856636266179383
1779768885080,0.09097980921640991,-9.884760244640708,0.7700362779915332
1779768885097,-0.0805050308227539,-10.14468251593709,0.5635359464116394
1779768885114,-0.5244798011779784,-10.997466635242104,0.08215148285552859
1779768885130,-1.3409025672912598,-11.336245585632323,-1.04087858723104
1779768885147,-1.5885525092527268,-11.042656022533773,-1.5578762159600854
1779768885164,-1.2921204162046314,-10.214262832641602,-1.5384231813408433
1779768885180,-1.3049893962584436,-9.842564778468013,-0.9627676119379699
1779768885197,-1.4683937326293437,-9.81877123042643,-1.102528841588646
1779768885214,-2.013822579137981,-9.67826152049601,-1.875257865795493
1779768885230,-2.22286638465561,-9.326014601245522,-1.9396017431512473
1779768885247,-2.2088003768369555,-9.222913707733154,-1.702725270269066
1779768885264,-2.052878139849752,-9.07926160812378,-1.35676386102885
1779768885280,-1.6909044840939342,-9.106645289611816,-1.5623656363338232
1779768885297,-1.495178607974015,-9.316288157001138,-1.7000316472709178
1779768885314,-1.2728169095912947,-9.432406352996825,-1.7332511953055858
1779768885330,-0.8212106214443221,-9.456946335491537,-1.6108480738215147
1779768885347,-0.6034880358380266,-9.630377487292884,-1.3606540003351866
1779768885363,-0.7814071467083878,-9.874585472106933,-0.9035111208491027
1779768885380,-1.4600136706257705,-9.69142904510498,-0.9364312475457787
1779768885397,-1.5243577215114608,-9.28980171661377,-1.097889929741621
1779768885414,-1.1364970822489004,-8.830564495196938,-1.4229032434992492
1779768885430,-0.9023140987924824,-8.614038882556557,-1.5078975485652684
1779768885447,-0.9534901627032552,-8.690054785266518,-1.5016129153378306
1779768885463,-1.1016313596010265,-9.044246993365883,-1.6647176111750304
1779768885480,-1.262042851423542,-9.329306628528236,-1.7338501841120422
1779768885497,-1.3727748363235062,-9.455301490893959,-1.6861162269040941
1779768885513,-1.564011658537513,-9.53161666881144,-1.5939393168576061
1779768885529,-1.3997095530554478,-9.236081816864013,-1.7811355207696555
1779768885547,-1.3006495261526754,-9.086144937896728,-1.9060832121700046
1779768885563,-1.2518675691455805,-9.178321701812743,-2.12320708296448
1779768885580,-1.2927186246971978,-9.334543360137939,-2.3039696005672217
1779768885597,-1.2321153398047433,-9.266756941112876,-2.3282104539848865
1779768885614,-0.9762349541425382,-8.864234125086664,-2.336291322979331
1779768885630,-0.521336611206358,-8.5417633354187,-2.1538833762571215
1779768885647,-0.6652879688985878,-8.760084599304198,-1.7841284189753233
1779768885664,-0.9178763719092355,-8.922441399383544,-1.5252555106014012
1779768885680,-1.182435568591533,-9.284414762878418,-1.4326299800045788
1779768885697,-0.9621690067240036,-9.60179670497477,-1.5759825121454893
1779768885713,-0.9147340507289394,-9.661203418189286,-1.5755341107908636
1779768885730,-1.212363135009259,-9.809044201660155,-1.4053957169245928
1779768885747,-1.8016361282130702,-10.141837063378095,-1.1221316599421203
1779768885763,-2.1323352690547703,-10.320357062751054,-0.9331397317197173
1779768885780,-2.704100626086071,-10.43213693728149,-0.6054333064205945
1779768885797,-3.1787511052120476,-10.019285619464515,-0.2633615250300616
1779768885813,-3.2673364570399746,-9.775824653625488,-0.12464753940999507
1779768885830,-3.021481727932207,-9.603442718616128,0.12001023499816656
1779768885847,-2.4269716012598943,-10.145878447723389,0.32246954755894836
1779768885864,-1.9470838425349444,-10.677691076007484,0.4918595342107117
1779768885880,-1.1504133131831884,-11.500398036956787,0.8487451461125165
1779768885897,-0.7146686110347509,-11.659313756671548,0.893786064844206
1779768885914,-0.3948931613979861,-11.625345436096191,0.8355771831121295
1779768885930,0.362871664041467,-11.53661033706665,0.7360681766118854
1779768885947,0.5635359098790214,-11.909207970428467,0.6118687462955713
1779768885963,0.1318313499668613,-12.09251403503418,0.4393363699648529
1779768885980,-1.04836043088641,-12.017395957946777,0.06105287298634648
1779768885997,-2.416497078594565,-11.381285919842123,-0.12195362415090202
1779768886014,-2.9376848159572106,-10.847678809356688,-0.1871959116511047
1779768886030,-3.1621413311947135,-9.827299989318847,-0.2837121660761535
1779768886047,-2.586635143667273,-9.109488404083251,-0.0775116211604327
1779768886063,-2.0974697804439812,-8.889223020392656,0.044892084845528
1779768886080,-1.0369880460659042,-8.762179525756835,0.2832650798957795
1779768886097,-0.24884689666107296,-8.818741955456137,0.3705036567572504
1779768886114,0.09187781750205903,-8.84163884691894,0.37978089592941106
1779768886130,0.741305090884678,-8.910769666290284,0.7363673787541687
1779768886147,1.5984292486879974,-8.896853953662514,0.8417121056705713
1779768886163,2.078616246087849,-8.820088693889975,0.7615064961858093
1779768886180,2.1214127468936144,-8.743026496997475,0.5741602162785828
1779768886197,1.279551588141173,-8.9954651345402,0.2917943502448499
1779768886214,0.8719387554995716,-9.107243840026856,0.18465382595285773
1779768886230,0.3292031666629016,-9.229197902569174,-0.01630962202697992
1779768886247,-0.034117081396281716,-9.27663302296102,-0.20245880110412834
1779768886264,-0.26366087330281734,-9.197774590301513,-0.281467602019757
1779768886280,-0.5714657164976,-9.038859455108643,-0.3808263863943517
1779768886297,-0.8023566852293909,-8.832209924316405,-0.34640973752960563
1779768886314,-0.9605234862729907,-8.744821563720702,-0.38591421105265616
1779768886330,-1.0980405902586876,-9.091980219921469,-0.4079115963924676
1779768886347,-1.2161043673641978,-9.699359838104247,-0.22325835496149957
1779768886364,-1.4411594695493577,-9.839270413097738,-0.14813991254791617
1779768886380,-1.9205983519956469,-9.809195592829585,-0.13751593494191766
1779768886397,-2.147149684087932,-9.740509594616293,-0.16504896177276968
1779768886413,-2.2014682803831995,-9.694420628136395,-0.1454465818107128
1779768886430,-2.0751741428099573,-9.479692420306801,0.0942727863471955
1779768886447,-1.9186529170162974,-9.3659666724056,0.3615257658578455
1779768886463,-1.8453304911740123,-9.411755779156088,0.358532940717414
1779768886480,-1.6193778556272387,-10.177900894927978,0.1315329150095582
1779768886497,-1.6166845248900352,-11.375450053295493,-0.21861951617971062
1779768886513,-1.8861818492613731,-11.49186810902059,-0.9537892095819115
1779768886530,-2.113930136053264,-9.82550492259562,-1.9711754236750303
1779768886547,-1.6349401664182543,-8.016684983825684,-1.5800221429251133
1779768886563,-1.5203182003296911,-7.784298954230547,-1.220443127220869
1779768886580,-1.4882954608641563,-8.344990470996498,-1.0467140153862535
1779768886597,-1.3621511800903827,-8.639926772528886,-1.632395888762921
1779768886613,-1.3434462604247033,-8.582015850830077,-1.8421878092341124
1779768886630,-1.2924198375426232,-8.795697179955244,-1.8291693377070128
1779768886647,-0.9775823922973126,-10.246285279846191,-1.8427860673882066
1779768886663,-0.967107760034129,-11.495759271240233,-1.8616401132009923
1779768886680,-1.709459912286326,-13.556419297137856,-1.9587555025629697
1779768886697,-3.1398456204954535,-13.34348381794393,-1.9993065625295041
1779768886714,-3.6733038970947263,-12.645873309215903,-1.9590548508357255
1779768886730,-3.912574571637064,-11.273397792053222,-1.6641192068904638
1779768886747,-3.6900634548462925,-10.127173747253417,-1.2478268087089062
1779768886763,-3.312228286157176,-9.514256953209639,-0.9268542947746813
1779768886780,-2.7687446554321795,-8.567351950183511,-0.2287950193658471
1779768886796,-1.802384937286377,-8.1776944609493,0.23568002963922915
1779768886813,-1.3389572784423827,-8.284386072430014,0.12809117705784737
1779768886830,-1.4770728597778826,-8.517970371899008,-0.4159912232778966
1779768886847,-1.8929158702241256,-8.375067044830322,-0.6775576815847307
1779768886863,-2.1143794507233427,-8.391677403369545,-0.6871347074210643
1779768886880,-1.4785693454133346,-8.952219282531738,-0.8942336624812334
1779768886897,-1.3211505862580613,-9.555708323016763,-1.4098847719721495
1779768886913,-1.0904094377931206,-9.811288181194662,-1.7067653394401072
1779768886930,0.5059243729855865,-9.751285255652666,-1.3407518337089568
1779768886947,0.14200575717445463,-9.377490521460771,-1.3021458433955908
1779768886963,0.16235650781840086,-9.113228759655357,-1.0844223992727697
1779768886980,0.7076358811200596,-8.987084844207763,-0.8092395766109227
1779768886997,1.881243634807365,-8.883086709594727,-1.11584688058421
1779768887013,1.9963149817813768,-8.662371244049071,-0.9720445588491856
1779768887030,0.6869858872346347,-8.098985665893554,-0.7966701640255749
1779768887047,-0.16849227976021355,-8.150162310901283,-0.7930789346005767
1779768887063,-0.3103487007250078,-8.430434127265215,-1.018282870671898
1779768887080,-0.48228233484444205,-8.955212619128822,-1.3362627055961638
1779768887097,-0.6358105163019616,-9.446173012542724,-1.3946213710624724
1779768887113,0.016459771087393164,-10.42540149154663,-1.0754443622428924
1779768887130,0.2947856958142482,-10.950928755950928,-0.8659525206968188
1779768887147,0.4855736577326141,-11.990910686603188,-0.4697113422233611
1779768887163,0.1068408700585598,-12.445359504699706,-0.4905111152764409
1779768887180,-0.37993027780484406,-11.917886951446533,-0.6036372898492962
1779768887197,-0.9307462972445413,-10.994622351726889,-0.5660781051751226
1779768887213,-1.6159369031268171,-10.560971991509199,-0.6172540925957262
1779768887230,-1.8025349219500086,-10.394874251335859,-0.683992244676873
1779768887247,-1.5937904829714447,-9.988609326171874,-0.9160807526301592
1779768887263,-1.3226472910892217,-9.596409166717528,-1.0075094746578483
1779768887280,-1.3826518971316515,-9.444825689586997,-0.9507963479088619
1779768887297,-1.5575783655246718,-9.395596671515703,-0.6337144847376271
1779768887313,-1.4977233240207657,-9.267656520301102,-0.6244368437066674
1779768887330,-1.192612103824131,-8.834005575561523,-0.6827959475643932
1779768887347,-0.3613752880038693,-8.402899054607749,-0.4185353548027575
1779768887363,0.3969880513180047,-8.885931577631832,0.001647182685136795
1779768887380,0.7411545399654657,-9.462633733478189,0.14051058671325445
1779768887397,1.1742058383114635,-10.938210144153237,0.2509425537660718
1779768887413,1.1555010099773295,-12.317269131359458,0.01735883881896734
1779768887430,0.9823702293620444,-12.744036161804198,-0.2907448411919176
1779768887447,0.8049001043681986,-12.575245529285073,-0.9626182665951549
1779768887463,0.8535322525248862,-11.118224765998125,-1.258601300701499
1779768887480,0.8095388883510604,-10.29746250937581,-1.2187975519709289
1779768887497,0.6506236618266441,-8.987983254352212,-0.9693516665033995
1779768887514,0.5101140432277694,-8.143278396606444,-0.9111426386408508
1779768887530,0.49769415864832695,-7.879617523303628,-1.0064622306272386
1779768887547,0.752975874129869,-7.6822443549007176,-1.1780964160092173
1779768887563,1.1161464480526744,-7.8344263824462885,-1.0835247197806834
1779768887579,1.2731160386683418,-7.975535811835527,-0.9876073080316186
1779768887597,1.5218138091823086,-8.453477149200438,-0.960074135070294
1779768887613,1.7984937750667334,-8.93141848656535,-1.0923537767939269
1779768887630,1.857450990948081,-9.12325447910726,-1.123179269298911
1779768887647,1.8359031394740566,-9.370157694354653,-1.1294640486568213
1779768887663,1.7898147209834305,-9.61496422958374,-0.9376286406368016
1779768887680,1.7735044413693248,-9.778218270763753,-0.8473967271782458
1779768887697,1.460013369231671,-10.160843377143143,-0.8144767466120422
1779768887713,0.7160152764033526,-10.488997473144531,-0.9852132525019347
1779768887730,0.18988946158401668,-10.543316507831216,-1.0226229457028209
1779768887747,-0.915333806720376,-10.293121849822997,-0.927303353716433
1779768887763,-1.6572369000308214,-10.009258146446943,-1.0281589525200425
1779768887780,-1.7857756016604602,-10.042179003795981,-1.142482227922976
1779768887797,-1.7712609002262354,-10.259303166851401,-1.698834984832257
1779768887813,-1.4522336020756512,-9.717766432410478,-2.185756331988424
1779768887830,-1.130961520672962,-9.602842999157309,-2.256234766576439
1779768887847,-0.9356844477664679,-9.949403689464926,-1.705269109532982
1779768887863,-1.8971061249881982,-10.071658780780433,-1.9174550855338572
1779768887880,-2.09118617012985,-9.764902862116694,-2.185008143969625
1779768887897,-1.7483664929814635,-8.915259963446855,-2.45824597004354
1779768887913,-1.286734266186878,-8.884882360839843,-1.7253209868282078
1779768887930,-1.3483850320011377,-9.070133714294434,-1.5638621585018933
1779768887947,-1.5433628297001123,-9.201216839709877,-1.8420377332389353
1779768887963,-1.3087310670047998,-8.972720218768716,-1.9556136974059044
1779768887980,-1.1954554740238934,-8.910321922522783,-1.7326529371514916
1779768887997,-1.0143939004093407,-9.056067779541015,-1.5432124614439904
1779768888014,-0.831087872336246,-9.437494031524658,-1.6392790724053978
1779768888030,-0.9088994262913241,-9.740361126056312,-1.7021271582454442
1779768888047,-1.3570641226170583,-10.440963802337645,-1.9529199282772838
1779768888063,-1.556231663623452,-10.91157289711833,-2.152536199431866
1779768888080,-1.682825112936832,-10.93686223667562,-2.24591006417796
1779768888097,-1.7461216731967404,-10.59224683521688,-2.3367403819210826
1779768888114,-1.6811789896976201,-9.937881593975424,-2.221518696373701
1779768888130,-1.6160867051273584,-9.592518004497885,-2.1440071482785044
1779768888147,-1.4022545236888806,-9.017311640167236,-1.9334663091361521
1779768888163,-1.1815391860073898,-8.645463363867998,-1.7130511417113243
1779768888180,-1.1044756693740607,-8.569297239032387,-1.7227770014338195
1779768888197,-1.0220254209124942,-8.4777196100533,-1.759438214354962
1779768888213,-1.0871177552869893,-8.451681497955322,-1.8032820322565732
1779768888230,-1.1769003061264054,-8.48445213317871,-1.8059759475156665
1779768888247,-1.333870248368522,-8.633790461730957,-1.7998409518919884
1779768888263,-1.4466970244362716,-8.907627276611327,-1.742977785680443
1779768888280,-1.4649527298965723,-9.043349167743324,-1.7108061392635106
1779768888297,-1.5295962843186455,-9.245060073089599,-1.6434696559630333
1779768888313,-1.4845552833885651,-9.192836549377441,-1.6083042345575986
1779768888330,-1.4353244249866344,-9.087940589141844,-1.5358794882073998
1779768888347,-1.3238445825739007,-8.934712267413735,-1.3832495707638561
1779768888363,-1.1776487612899742,-8.955660947418213,-1.216852263122052
1779768888380,-1.084723597009317,-9.107693921881914,-1.1679210589535534
1779768888397,-0.8725376803739462,-9.488370816802979,-1.2599478930048644
1779768888414,-0.6690302926654927,-9.910498497009277,-1.3670884172968565
1779768888430,-0.6368583539876155,-10.063877625384926,-1.4604627204343676
1779768888447,-0.6661874521886929,-10.305992437312007,-1.6109977114252745
1779768888463,-0.5744596010839567,-10.708066925048827,-1.573288889147341
1779768888480,-0.620248744367063,-11.072584127807616,-1.4064433993466197
1779768888497,-1.276409490723163,-11.427224664196372,-1.2539622427240014
1779768888513,-1.6528977748479694,-11.426327423095703,-1.4107827437251805
1779768888530,-1.6701062454108149,-11.470920598059893,-1.4288893321715295
1779768888547,-1.9149131459660826,-11.89424421005249,-1.272068685039878
1779768888563,-2.509124143561348,-12.056300565880536,-1.1209347052425145
1779768888580,-2.657265371283516,-11.820023958587646,-1.0178345423825084
1779768888597,-2.407819485815987,-10.749665009850263,-0.7972684221796691
1779768888613,-1.8680766490545122,-9.480140748596192,-0.4845262687131762
1779768888630,-1.306037590137124,-8.473378365978599,-0.29807766829803584
1779768888647,-1.0078101381048559,-8.03763483287394,-0.2551322605408728
1779768888663,-0.5113124226994812,-7.425915724182128,-0.23044205592051148
1779768888680,-0.0845460498418659,-7.104494151306152,-0.20949235300272703
1779768888697,0.17148389019109309,-7.102099365124106,-0.18525062280222773
1779768888713,0.5657789760980755,-7.528866395568847,-0.05925634495839476
1779768888730,1.014541930577904,-8.56794991607666,0.18121128428354857
1779768888747,1.2183486391596496,-9.341426689910888,0.28311434631347654
1779768888763,1.30573743814677,-11.048491889080404,0.34895518422871824
1779768888780,1.058535386083275,-12.384157724761963,-0.12494754526987671
1779768888796,0.8467984690241516,-12.484265281677246,-0.38262306055277584
1779768888813,0.44876229689270253,-11.74700080795288,-1.0969934192933142
1779768888830,0.24705124541595577,-10.722581188091635,-1.1549028796873986
1779768888847,0.04713496840149164,-10.271274175152183,-1.0339958419799804
1779768888863,-0.10639321305602788,-9.533411735534667,-0.708534346063435
1779768888880,-0.8562276838876306,-8.98229760993123,-1.1222818820677698
1779768888897,-1.1604406400702894,-8.787469449836015,-1.3955202926635741
1779768888913,-1.6597810315556822,-8.57423469543457,-1.6340429253175854
1779768888930,-1.8797481629520654,-8.569147016906738,-1.6566380573548376
1779768888946,-1.7865240819402037,-8.631545313152671,-1.454776345361024
1779768888963,-1.5149318311162292,-8.860640484508872,-1.088014724676311
1779768888980,-1.1127060983404518,-9.164106713977455,-1.038484823962301
1779768888997,-1.016938178064674,-9.256133255767821,-0.9841665199279784
1779768889013,-0.5850839074835181,-9.285013313293456,-0.8623613643370568
1779768889030,-0.24839900676310062,-9.253589416503905,-0.784998723193258
1779768889047,-0.22804829265177248,-9.28396468102336,-0.7924806033812463
1779768889063,-0.5608424695439637,-9.23219065464437,-1.0151407732538877
1779768889080,-0.945860170148313,-9.064895813640952,-1.5098432758055627
1779768889097,-1.0351935273319481,-9.026738809204101,-1.7164923682063817
1779768889113,-1.009156584277749,-9.03451938007772,-1.9812017276488243
1779768889130,-0.8096898045964539,-9.050231328472494,-2.081159062438458
1779768889147,-0.5057759774908424,-9.43016178894043,-2.0295346736632287
1779768889163,-0.45145723506510255,-10.08736956013143,-1.657984941919148
1779768889180,-1.0848733579106629,-10.803984629058837,-1.534683556421101
1779768889197,-1.596484471295774,-10.030656323784589,-2.3693621101930735
1779768889214,-1.364396401733905,-9.330950888603924,-2.4742574859067794
1779768889230,-0.7498347630925476,-8.486697866278886,-2.44507844543457
1779768889246,-0.4700127363227308,-8.520067051917314,-2.3089079337522387
1779768889263,-0.32755737221725284,-9.558999181255698,-1.888875326129049
1779768889280,-0.640599385413155,-10.335319654083252,-1.562815133666992
1779768889297,-0.7243962973881513,-9.712079034423828,-1.3498807504516095
1779768889314,-0.5099657573308796,-9.140015059772134,-1.284489190673828
1779768889330,0.10654109709411859,-8.412326808166503,-1.062576405102387
1779768889346,0.11970935235545038,-8.780883641704916,-0.7683888761106878
1779768889363,-0.17672281375788151,-9.341725380596518,-0.6643903761714697
1779768889379,-0.9611229865361004,-10.268881142535806,-0.745494103539735
1779768889397,-1.6587335317967458,-10.818948389434814,-1.11734398727417
1779768889413,-1.8329117756383493,-11.011232710266112,-1.2609958676878361
1779768889430,-1.9012962336217984,-11.23015252456665,-1.7146970092222094
1779768889447,-1.721431760837324,-11.271153812518715,-2.029384597668052
1779768889463,-1.6373355005895718,-11.162815602874755,-1.971026224462688
1779768889479,-1.6730987600239924,-11.011232710266112,-1.7570442318905144
1779768889497,-1.8577516178624702,-10.768520516967772,-1.342997347613424
1779768889513,-1.9294279661313163,-10.360159496307373,-1.1260226760312915
1779768889530,-1.8157033416081219,-9.714922148895264,-1.1969507540829478
1779768889547,-1.7488153509938158,-9.34681364364624,-1.2027866206295788
1779768889563,-1.360206731491722,-9.094823918914795,-1.2446850035518406
1779768889580,-1.3786117914279923,-8.997411592432856,-1.4202102050229906
1779768889597,-1.397017399353534,-9.063101915961504,-1.5429130401059985
1779768889613,-1.2928694810062646,-9.33933351702392,-1.748664306884259
1779768889630,-1.0669167723942548,-9.43599765548706,-1.7696134252801536
1779768889647,-0.9291006123967468,-9.351751684570312,-1.7790405943170189
1779768889663,-0.6108212100040167,-9.390508408465982,-1.8731627932123838
1779768889679,-0.3749924926090985,-9.734526428553462,-2.0666443610042333
1779768889697,-0.28266609108932317,-9.851991947504878,-2.21703029891327
1779768889713,0.02394128594920039,-9.925312619781494,-2.5448861426204443
1779768889730,0.45220403484441335,-10.139892943572997,-2.7811637728266416
1779768889747,0.6250356133174151,-10.507253260803221,-2.776824136187136
1779768889763,0.43574389843083916,-11.388019612011313,-2.2925971426814793
1779768889780,-0.18570099691823125,-10.991031633758544,-1.270871291948855
1779768889797,-0.3480576508671045,-10.526706733813882,-0.8815142469659447
1779768889813,0.12270225056111812,-10.4831616065979,-0.6857885535091162
1779768889830,1.084722332067415,-11.584345317187905,-1.1070182619623838
1779768889847,1.2693751351069658,-12.299612478637695,-1.4490904086790979
1779768889863,0.4430762140803039,-12.76244275611043,-2.13098896901235
1779768889880,-1.0456680499972775,-11.47929971934855,-2.0144206911616025
1779768889897,-1.474828661047667,-10.681433185145258,-1.725022003881633
1779768889913,-1.1722615358432755,-9.07148220629394,-1.178844823223725
1779768889930,-0.1309335243443027,-8.064570770594477,-0.5487206545956432
1779768889947,0.37065175999104977,-7.8359239275276655,-0.2564783413875848
1779768889963,0.9059053590418771,-7.724292521557212,0.3595799655523151
1779768889980,1.1815378616999834,-7.918671184319257,0.6938700070254504
1779768889996,1.25381282431595,-8.168417514038085,0.6890821882270276
1779768890013,1.514780695675127,-9.02808554763794,0.3227686766359955
1779768890030,1.3765156137331853,-10.052056254687905,-0.06030373511947691
1779768890046,1.1426320812975115,-10.527903250122069,-0.08274922955296933
1779768890063,0.6171048933833837,-11.088894042095541,0.12808989841621368
1779768890080,0.32845371826877817,-10.957663617163895,0.38995603378936644
1779768890096,0.2929898071071133,-10.607509870800376,0.4700118230072781
1779768890113,0.1391622408442199,-10.055498504096269,0.5220860744418576
1779768890130,-0.3073562957096845,-9.571868599700927,0.7431008151950315
1779768890147,-0.6645414385473355,-9.381379930114745,0.8049010542162693
1779768890163,-1.4526827706152572,-9.005192747828364,0.8611652133550495
1779768890180,-1.846379159976728,-8.743474825286865,0.762703414352797
1779768890197,-1.8128603367345406,-8.711303325000404,0.6594528284377418
1779768890213,-1.2452847960758953,-8.755295026940107,0.400131555241812
1779768890230,-0.4162926904425025,-8.730006856426597,0.26889928541295227
1779768890247,-0.016461013196408747,-8.74602041811645,0.289249853393808
1779768890263,0.6292251739617437,-8.996960926055907,0.46417628525421023
1779768890280,1.0562909316247329,-9.30910496749878,0.6127666815159842
1779768890297,1.133354553289339,-9.37853564659953,0.6224930161625146
1779768890313,1.0821783832056446,-9.348159797558187,0.4586396939150989
1779768890330,1.095047363259457,-9.30222222224772,0.24480737547930329
1779768890347,1.0880141766870395,-9.386768052893876,0.253336755426228
1779768890363,0.629225283559598,-9.783455586895347,0.25573146854303774
1779768890380,0.027532515374198555,-10.434529385375976,-0.09068016868270933
1779768890397,-0.13302852386217565,-10.82747773284912,-0.37499139663055536
1779768890413,-0.11582012636456637,-12.037446227806806,-0.8653535318903625
1779768890430,-0.511611807504855,-12.849981338831782,-0.9299974151059984
1779768890447,-0.8041532863225788,-12.706775229424238,-1.0556926369380206
1779768890463,-1.0556940982427447,-12.352284330639243,-1.188271919195354
1779768890480,-1.3438961230840534,-11.900678627014159,-1.2140098793029785
1779768890497,-1.479318081421405,-11.31290270396769,-1.2802994108337908
1779768890513,-1.228076398578286,-9.546878535351157,-1.3937243491575122
1779768890530,-0.5777516648992895,-8.053046337017417,-1.1629832372251898
1779768890547,-0.3048125295110047,-7.526322556304931,-0.8309368830256164
1779768890563,0.40536753793284297,-6.8855731679618355,-0.0023939093992114066
1779768890580,0.4773431157434359,-6.928969242095947,-0.11581921304911375
1779768890597,0.314986242598854,-7.010073992377519,-0.36840726899988946
1779768890613,-0.16430303877629338,-7.398383574134111,-1.088763351086527
1779768890630,-0.391302991418913,-8.38329711303711,-1.8248302855893968
1779768890647,-0.46193194039352237,-8.989479045867919,-2.1226094093322754
1779768890663,-0.6804029149480164,-9.9468604347229,-2.674472599737346
1779768890680,-1.0969940038152037,-10.890175888824462,-3.0958522380553184
1779768890697,-1.4378685382451861,-11.319785449218749,-3.2179556459404526
1779768890713,-2.012477009747922,-11.500697312164306,-3.125031716918945
1779768890730,-2.1257525296635924,-11.187805082702637,-2.6958707770749926
1779768890747,-2.0660473449591548,-10.924442900085449,-2.433107144872844
1779768890763,-1.9412495834235102,-9.83104209845662,-2.106598331860453
1779768890780,-1.8429374585576355,-8.45916337814331,-1.98090216018036
1779768890797,-1.6262621352482587,-7.7419503433227534,-1.812260873004049
1779768890813,-1.5949880952581763,-7.461679111480713,-1.7537525699339807
1779768890830,-1.6169846768803893,-7.126940376392007,-1.662922252190858
1779768890847,-1.6897086253728717,-7.353640761566162,-1.8966563353940844
1779768890863,-1.7299610677190125,-7.703492894634604,-2.0020012084409595
1779768890880,-1.928979226849973,-8.331073589324951,-2.1101893420897424
1779768890897,-2.4383456300482154,-8.547001236072182,-2.142810485839844
1779768890913,-2.7060472301091996,-8.61882670135498,-2.2153841391414404
1779768890930,-3.032706192182004,-9.01432005713582,-2.195034155682474
1779768890947,-3.095254929749295,-9.128043466949462,-2.0910361671999094
1779768890963,-2.936040373218432,-8.98244549396932,-2.0239983745850623
1779768890980,-2.451513593048602,-9.00788388660848,-1.7348983779907226
1779768890997,-2.1052521779485045,-9.860369315227866,-1.5058032066345215
1779768891013,-2.0043964330144224,-10.286985539025068,-1.4410099780760706
1779768891030,-1.7087122357241809,-10.971129247936606,-1.4018050720214843
1779768891047,-1.36604226924479,-11.545887283977866,-1.3699322624206542
1779768891063,-1.2653363080449402,-11.812093165588378,-1.303642803955078
1779768891080,-1.6419740105777978,-11.67786765049398,-0.8833110672548413
1779768891097,-2.417994623675942,-10.43916815109253,-0.37708676147460934
1779768891113,-2.675970144818723,-9.734973587799072,-0.14140724329203366
1779768891130,-3.1153064417183396,-8.8224846491158,0.4379888278134167
1779768891147,-3.457228074048459,-8.732102367401122,0.8690947642453014
1779768891163,-3.552397443909198,-8.800037839508056,1.0043674503050743
1779768891180,-3.562273087365925,-8.758437416619062,1.0179844722472131
1779768891197,-3.1019884027227755,-8.723573023986816,1.28808034703359
1779768891213,-2.793585009112954,-8.90672886646688,1.5306426104672253
1779768891230,-2.388964636285603,-9.682300566753744,1.8472756338924168
1779768891247,-2.3609826966434717,-10.374074624413252,1.6225200991757214
1779768891263,-2.439392508752644,-10.47702588032186,1.554434989465028
1779768891280,-3.126678022821247,-10.645367600029706,1.6502031289365142
1779768891297,-4.285022421264649,-10.79560375420451,1.8845356164243072
1779768891313,-4.739921321216225,-10.84633207092285,1.885433149785921
1779768891330,-5.223999553900957,-10.717943591418862,1.8198922446653245
1779768891347,-5.173721026776731,-10.003424617987871,1.4621085879452527
1779768891363,-5.017050163379311,-9.611372927093505,1.3551182127136736
1779768891380,-5.335030071368813,-8.777741252025962,1.2542621755186467
1779768891397,-5.578490452685952,-8.240990582817792,1.5587743338435887
1779768891413,-5.622783183398843,-8.258200076293944,1.623866764544323
1779768891430,-5.24823967666626,-8.74661721496582,1.567004402050376
1779768891447,-4.207659780120849,-9.273789323967694,1.2945143256038427
1779768891463,-3.6746500510066746,-9.405171140068768,1.2135604915676639
1779768891480,-3.329287630572915,-9.319729237365722,1.195005136440508
1779768891497,-4.478503842926025,-8.927678130993247,1.0503061946593224
1779768891513,-5.276971265631913,-8.844630429950357,0.7522278687741607
1779768891530,-6.468535504370927,-9.213936036029457,0.26051859322171655
1779768891547,-6.602011077880859,-9.229497177776693,-0.07751264407373964
1779768891563,-6.384137557762861,-8.84238411232829,-0.33548818348282944
1779768891580,-6.2021794006347655,-8.201187564739584,-0.6139635174845811
1779768891597,-6.240038883429765,-8.265233628192544,-0.52911916968273
1779768891613,-6.307224998474121,-8.45228004837036,-0.5261260979471262
1779768891630,-6.296750950732827,-8.494177992901205,-0.7270892080002463
1779768891647,-6.011839199608564,-8.1408836104244,-0.8765777312786783
1779768891663,-5.954080253601074,-7.861959409277141,-1.0030217393511207
1779768891680,-6.297348916625976,-7.597250488226115,-0.7534258652242045
1779768891697,-8.585905844005941,-7.612213956341147,-0.614861868263525
1779768891713,-9.11053586730957,-7.078007710918784,-0.9756372404457535
1779768891730,-8.049006121715903,-5.2771194419309495,-1.6053128159229644
1779768891747,-7.233032852935791,-4.437652484838664,-1.3280349024116993
1779768891763,-7.147290505981445,-4.593574575695396,-1.0989396351573755
1779768891780,-7.1875430213928215,-4.777778173662722,-0.7185604582409839
1779768891797,-6.855048265838622,-4.3435301398128265,-0.34820721540562805
1779768891813,-6.855648569819331,-4.0529344978332515,-0.17732116324352099
1779768891830,-7.303961077117919,-3.781940505163371,0.003740538235194981
1779768891847,-7.949049371448159,-3.726574591772258,0.08678993804482743
1779768891863,-8.376564589911698,-3.5479072928830977,0.08125310924369841
1779768891880,-9.151837599512934,-2.994846709387004,0.06404482134394347
1779768891897,-9.840019770160318,-2.5050825400203465,-0.07766235474273563
1779768891913,-10.260052523913979,-2.4118583128780124,-0.1307837040774524
1779768891930,-10.551096494182943,-2.2177780485406515,-0.35090025388188656
1779768891946,-9.664793551635741,-2.002898741802573,-0.06658917206451297
1779768891963,-9.338882850646971,-1.9119190787166356,0.07676409072875977
1779768891980,-9.08464797733724,-1.7664713278621433,-0.0004491685396060347
1779768891997,-9.140611856621502,-1.457319453972578,-0.03651212330665439
1779768892013,-9.428366137695312,-1.2249328398555517,0.016609664419479666
1779768892030,-9.980828755298257,-0.8955803278498351,-0.10594324079882353
1779768892047,-9.808745510974525,-0.4830296004146337,-0.00015009426148608325
1779768892063,-9.76145885914266,-0.3537424185052514,-0.04833307387856766
1779768892079,-9.484779514312743,-0.4460689661554992,-0.20964228286743164
1779768892097,-9.552565933337807,-0.6554121199458837,-0.3060086256940849
1779768892113,-9.653722122523188,-0.6717227648861706,-0.4028249042453244
1779768892129,-9.57620809020996,-0.6230902514033019,-0.5234323014190421
1779768892147,-9.699360422626137,-0.768238873180747,-0.41210195162123997
1779768892163,-9.695469260406494,-0.6166559805721045,-0.48841688294354824
1779768892180,-9.462483511352538,-0.648528644042462,-0.5831378605828155
1779768892197,-9.46203401401937,-0.8122321825556457,-0.5677252604607959
1779768892213,-9.627534372821449,-0.804002260479331,-0.5972035259081749
1779768892230,-9.98471933299601,-0.8768756273798644,-0.5108629938649711
1779768892247,-10.21471232997477,-1.42230469308421,-0.25513224912442967
1779768892263,-10.433781781879066,-2.095075359588116,0.08469455721775303
1779768892280,-10.769867839923501,-2.5655359858088196,0.22011713432632385
1779768892297,-9.399336442565918,-1.648706241442263,0.03755911160893738
1779768892313,-8.854655564880371,-0.8877993185847998,0.34027602054756134
1779768892329,-9.380781964221596,-0.9816219500117004,0.45968671875
1779768892347,-10.274119627711176,-1.671152320397645,0.5243300905089825
1779768892363,-9.668983404541015,-1.9556131128840146,0.6560119490025564
1779768892380,-9.080907037243247,-1.9939201933160422,0.5761044822141528
1779768892397,-8.31296743927002,-2.0757721087031067,0.5461768883969634
1779768892413,-8.90657981338501,-2.0961229689449072,0.9322417964993044
1779768892430,-9.433902144512533,-2.108392960192263,0.9066540219847112
1779768892447,-10.206182986560464,-2.3306050940364598,0.8340795649655163
1779768892463,-10.509498409381509,-2.601898069652915,0.9192235807005316
1779768892480,-10.46311075221598,-2.5439883169978854,0.9359833941804244
1779768892497,-10.235962038752437,-2.3436235655635596,0.7627024279721081
1779768892513,-10.019285034942627,-2.5010421785883605,0.650026499651093
1779768892530,-10.047568295618891,-2.5181011576779184,0.6382039964429103
1779768892547,-9.907206469726562,-2.4911659506097434,0.6010947292270139
1779768892563,-9.866953369793295,-2.37833919737488,0.40851082266094163
1779768892580,-9.848548529052733,-2.3913576689019798,0.33863002517251295
1779768892597,-9.728389533233642,-2.4679722681574523,0.3699041747604497
1779768892613,-9.33903482633829,-2.417844109289348,0.4061162556746043
1779768892630,-9.055618866729736,-2.4275701151423155,0.3465605076445266
1779768892647,-8.61927444512248,-2.539947809435427,0.45415025527505204
1779768892663,-8.460510701099038,-2.7207101809076963,0.6540655459088273
1779768892680,-8.53547972510457,-2.7292396704524755,0.7971203463453334
1779768892697,-8.950273993682861,-2.625241389708966,0.9147345987182111
1779768892713,-9.35279973231852,-2.2489028162531555,0.8080428137075621
1779768892730,-9.504383209449053,-2.09417768009603,0.7381626464067957
1779768892747,-9.552416295734048,-2.007088448577374,0.7106282313364557
1779768892763,-9.649382632014154,-1.761982053618878,0.7622543006121181
1779768892780,-9.744700616565346,-1.5590734629206358,0.7454956379096954
1779768892797,-9.896731252941489,-1.279101360155642,0.7860466065446846
1779768892813,-10.005967872729897,-1.2101185709528623,0.9418195529880001
1779768892830,-10.019883000835776,-1.263688686968386,1.0006265467436983
1779768892847,-10.252719112285972,-1.2542615179315209,0.9232646727848798
1779768892863,-10.512041079601644,-1.0944485571160911,0.9026145921344868
1779768892880,-10.592098366656899,-0.9823701380304991,0.825401314599812
1779768892897,-10.331578713989257,-0.8207613798394798,0.704194563293457
1779768892913,-9.922619727435707,-0.6628938540033996,0.6112698853532783
1779768892930,-9.803657247924804,-0.6857885535091162,0.5943606899979524
1779768892947,-9.635465165820717,-0.9051571344904601,0.5892729201385751
1779768892963,-9.63322118628621,-1.0763426993221044,0.4990417373323813
1779768892980,-9.516352464184164,-1.0878645025506615,0.44292783685186876
1779768892997,-9.200020907923578,-1.1185405035823583,0.4897641328340396
1779768893013,-9.15393194144368,-1.098937977489829,0.5804445755113847
1779768893030,-9.241619577246905,-1.0951968912653625,0.6286277560578659
1779768893047,-9.278131737086177,-1.1587930189937352,0.6045365219776518
1779768893063,-9.401582760187983,-0.9545376898616552,0.3743940883245319
1779768893080,-9.492412201148271,-0.9331395125240087,0.3432691744815558
1779768893097,-9.660753920856118,-0.9876076002925633,0.3112465080812573
1779768893113,-9.857976282611489,-1.035790908703208,0.24136614898424594
1779768893130,-9.897930691859125,-1.0643716910213232,0.18300700859390198
1779768893148,-9.858723886108399,-1.0208267099358141,0.1945281907679513
1779768893163,-10.11879404144287,-0.9944906378045677,0.2528879887454212
1779768893180,-10.362105369678138,-1.0541961878351866,0.1798645458497107
1779768893196,-10.277560708075761,-1.023670262798667,0.16235789605788886
1779768893213,-10.303894588249921,-0.9660592008292674,0.26560638134740294
1779768893230,-10.21441247024536,-0.9305955271296202,0.31438864203188566
1779768893247,-10.110414335632324,-0.9576799334101378,0.35838209753725675
1779768893263,-10.018537431445717,-0.8972263414911925,0.3516492090856656
1779768893280,-10.012700980377197,-0.8619118670038879,0.374991615826264
1779768893297,-9.988760717341304,-0.8996206892818212,0.40372329612346364
1779768893313,-9.873390124842524,-0.9829686884455382,0.3028673867926001
1779768893329,-9.813533914294839,-0.9096461164727806,0.24121532407039775
1779768893347,-9.80470646471679,-0.826298263439536,0.13617016462245957
1779768893363,-9.629180386462806,-0.8206118883661925,0.18689818907985462
1779768893380,-9.530718258666992,-0.8948319937005639,0.1753753446716815
1779768893396,-9.44707259173095,-0.9105440882258117,0.10235179217811673
1779768893413,-9.309404242706298,-0.9328400911860167,-0.005686448138579726
1779768893430,-9.10470000076294,-0.8254002916865051,-0.20814512023690038
1779768893447,-8.973617459869384,-0.776618286730349,-0.13602041513755683
1779768893463,-8.658779941558837,-0.9762348501458763,0.020799823285429737
1779768893480,-8.52934516787231,-1.2964596144527196,0.2515410630819155
1779768893497,-8.617779238128662,-1.743576628356427,0.40970803308887405
1779768893513,-8.990975421905517,-2.3454189245477317,0.45789114513669626
1779768893530,-9.138817958942056,-2.486227909685671,0.46282933219124095
1779768893547,-9.606285833087563,-2.4875747942499813,0.5509658722434105
1779768893563,-10.196904870605469,-2.4310116338983176,0.5419883666489622
1779768893580,-10.4381212723881,-2.4091646898798644,0.5466268058552406
1779768893597,-10.882095458221436,-2.1278458486810323,0.4813841438957024
1779768893613,-10.954370420837401,-1.873162500951439,0.37963034501019866
1779768893630,-10.835557578930258,-1.630899366594851,0.363021392976772
1779768893647,-10.588805170330405,-1.4779697355523704,0.3935469435539562
1779768893663,-10.236857526287436,-1.9918252668634056,0.4626793977599591
1779768893680,-9.92740754623413,-2.1646569914668796,0.49829318855397864
1779768893697,-9.280224909973144,-2.085348769213259,0.47659619038325035
1779768893713,-8.372373567962645,-2.221369351030886,0.4246719669947866
1779768893730,-8.090007409667969,-2.5094220305293797,0.47120890557104717
1779768893747,-8.085069368743897,-3.07594985223338,0.6479311074075754
1779768893763,-8.519017250603437,-3.216309632299095,0.5036807496441063
1779768893780,-8.743027666041254,-3.320308351434022,0.5264254005541094
1779768893797,-10.492588775634765,-3.6951501104608178,0.5985504704088118
1779768893813,-11.93853694076538,-3.072956954027712,0.08678981474724132
1779768893830,-9.913193727442621,-2.4947578376218673,-0.17597341559610793
1779768893847,-8.897154397913813,-2.4127562846310435,-0.25947192457984203
1779768893863,-8.55523130427897,-2.5858866999201475,-0.08020520990925142
1779768893880,-9.860968450164794,-3.3467937689080833,-0.18465236921471076
1779768893897,-10.478373203277588,-3.6412807192377743,-0.41494483776381236
1779768893913,-10.729166411700843,-3.4937380419306456,-0.8960300900444853
1779768893929,-10.400561649322508,-3.321205738665163,-0.8292909378829179
1779768893947,-9.568427519336343,-3.154958507018536,-0.8499412377290194
1779768893963,-8.469338735198974,-3.4826648592524228,-0.9093473892545327
1779768893980,-6.869412891277671,-3.8872845014274118,-0.8948325782224535
1779768893997,-6.074090196338296,-3.9636002638667818,-0.582837772524543
1779768894013,-5.537938077545165,-3.861248142895102,-0.03067548957504332
1779768894030,-5.646575562396645,-3.7704181174129245,0.3727475997591391
1779768894047,-5.702539441680908,-3.864090965105593,0.5363018294621259
1779768894063,-6.151753281733393,-4.589684582519531,0.7695866710605099
1779768894080,-5.816563880267739,-5.279812918798625,1.2425911730777472
1779768894096,-5.51594134979248,-5.190029479759931,0.5629369576051831
1779768894113,-5.224596350750327,-4.669291203197837,-1.0767916121333836
1779768894130,-6.40299423392415,-5.102193375396729,-1.3760667465876788
1779768894146,-7.28450760410726,-5.860855441936851,-1.0015237513117492
1779768894163,-8.095843860736489,-7.341369893535971,-0.6765113143369555
1779768894180,-7.840711161804199,-8.109310660552978,0.42347529542297124
1779768894197,-8.46604729243815,-8.56166513671875,1.0652708318181334
1779768894213,-9.457546054950356,-9.926659358215332,0.14679478154927492
1779768894230,-7.513303792516886,-10.13764721047282,-0.8107355142571031
1779768894247,-6.938845616205036,-9.507374792480467,-0.7321756261527538
1779768894263,-7.629573087421059,-8.027159616088866,0.10100640545114874
1779768894280,-8.02147367940694,-7.265803488159179,0.2492974169075489
1779768894296,-7.730878037427365,-7.356485045081377,-0.11357406447082757
1779768894313,-6.670096772113442,-8.270320722198486,-0.869243963457644
1779768894330,-4.807707155719399,-9.92725790863037,-1.0324985891595482
1779768894346,-4.109049037634581,-10.251073683166503,-1.1076166662469507
1779768894363,-3.556587296814471,-9.682900870734453,-1.4594151110775768
1779768894380,-3.067122402655333,-9.168445619964599,-1.871516633440554
1779768894397,-2.9593833279483017,-9.325864379119873,-2.1082430303275586
1779768894413,-3.124134329687804,-9.65955682002604,-2.3285100214533507
1779768894430,-2.995894757135212,-9.45574923466146,-2.39928802350983
1779768894447,-2.803311161096394,-9.294589535412191,-2.328211038506776
1779768894463,-2.1832129311159254,-9.406369409942627,-2.4431321336723864
1779768894480,-1.1133039181031286,-9.999232426995038,-2.5635904046989975
1779768894497,-0.42826318728663026,-10.399663823699951,-2.566433811431378
1779768894513,-0.021398542663827538,-10.850073011016844,-2.254439115331322
1779768894530,-0.48617293994165955,-10.693402439880371,-1.6891079560659825
1779768894547,-0.7987658211305737,-10.320056618499756,-1.4680935075737536
1779768894563,-1.1239283341005444,-9.381380514636636,-1.27236752185598
1779768894580,-1.1192894953187555,-8.639027777862548,-1.0987876092337072
1779768894597,-0.984914927142486,-8.456618954357504,-0.995986867711693
1779768894613,-0.5018848152711988,-8.932466534313559,-1.0374363378226756
1779768894630,-0.1355718882020563,-9.929501888164877,-1.3512263929069042
1779768894647,0.016310133483633398,-10.313174457770586,-1.4323305586665869
1779768894663,0.036660993725433945,-10.75101291732788,-1.4399616380669176
1779768894680,-0.14574731832295656,-11.010485106769204,-1.1315582444570957
1779768894697,-0.22161351036392152,-11.097125279346107,-0.9911986105218529
1779768894713,-0.44292759938985105,-11.10834868414998,-1.2144577692009508
1779768894730,-0.3782840084351599,-10.392331581115721,-1.3019953290089965
1779768894747,-0.23238741783462463,-9.956586878967284,-1.260247168212384
1779768894763,-0.0836476396974176,-9.481637124633789,-1.08576928383708
1779768894780,-0.15233122675791383,-9.265261149597167,-1.0310017747305333
1779768894797,-0.10908603233657777,-9.27019977504313,-0.8834593896843492
1779768894813,-0.3130421593263745,-9.393801604792476,-0.8735833078362047
1779768894830,-0.3453637356080115,-9.457545470428466,-1.0718532789483666
1779768894847,-0.29837752802744505,-9.541043253326416,-1.2060776249989866
1779768894863,-0.3556887302674353,-9.655516604724525,-1.1728586614862084
1779768894880,-0.5225345853943377,-9.79318203113973,-1.2609950639702379
1779768894897,-0.6459856815613806,-9.865906491088866,-1.3040904015921055
1779768894913,-0.900369534887746,-9.949703549194336,-1.42559642810598
1779768894930,-1.2767080352783202,-9.914239437103271,-1.761532848546654
1779768894947,-1.367089221014455,-9.869048880767822,-1.8420380254998803
1779768894963,-1.0501568493165074,-9.827002467676996,-1.9144626257196067
1779768894980,-1.5622166563171893,-9.656414430347084,-1.9346635560967027
1779768894997,-1.5608699909485875,-9.643097268134355,-1.942444857622683
1779768895013,-1.5996259841918945,-9.586682722473144,-2.3229731378532943
1779768895030,-1.913865171283111,-9.09736892722249,-2.0917830400444566
1779768895047,-2.0488379976134747,-8.906429591259359,-2.098965498894453
1779768895063,-2.153734103979543,-8.915259378924965,-1.8616401132009923
1779768895080,-1.9937715055603533,-9.112779846844077,-1.820639994292706
1779768895097,-1.838746875,-9.213487123218178,-1.9455869550406932
1779768895113,-1.546055648980662,-9.148094321331381,-2.208948991527408
1779768895130,-1.5354315252441912,-9.12924115230143,-2.1389187390983104
1779768895147,-1.6594810256958006,-9.179668440246582,-2.113180925121158
1779768895163,-1.9457377616882323,-9.362526176562906,-2.0914839109674097
1779768895180,-1.9349637080870568,-9.435548742675781,-2.226007824486494
1779768895197,-1.7655737945005296,-9.40532136219442,-2.225708695409447
1779768895213,-1.4640544613160191,-9.482685756903885,-2.0795127565361557
1779768895230,-1.5310921078003943,-9.48732393809855,-1.9990072873219846
1779768895246,-1.5273510215759276,-9.464130109515786,-1.9672845537163317
1779768895263,-1.4451999771118162,-9.090036684638262,-2.0998640551693737
1779768895280,-1.2496236289978027,-8.978854776000976,-2.125750629967451
1779768895297,-1.2819452052794396,-8.982146218761802,-2.1010602792166173
1779768895313,-1.4401122985839843,-9.043349167743324,-2.108842165264487
1779768895330,-1.3727755230225622,-9.078515173670649,-2.0398592299312353
1779768895346,-1.2538134819030762,-9.213187848010659,-1.92852826821208
1779768895363,-1.2333129840575159,-9.339481401062011,-1.9143126958549022
1779768895380,-1.316960550689697,-9.566033317676187,-1.8475747629694639
1779768895396,-1.462557939147949,-9.586234394183755,-1.7868217497125267
1779768895413,-1.4864998096190392,-9.567529109191893,-1.8403920118585229
1779768895430,-1.5496470245361327,-9.548974046325682,-1.8855824220634996
1779768895447,-1.6962917300902307,-9.522039862170814,-1.9583062974907457
1779768895463,-1.762730972290039,-9.55735433665812,-1.9473826062858104
1779768895480,-1.7271172225952147,-9.600599604144692,-1.951572897582501
1779768895496,-1.5894503348752855,-9.588328151592611,-1.9330175424553453
1779768895513,-1.5126865364074706,-9.591322072711586,-1.920747112816572
1779768895530,-1.482459740447998,-9.540745731684565,-1.7890661676384507
1779768895546,-1.529895006970316,-9.520693123736978,-1.6838713705867527
1779768895563,-1.5224131267823278,-9.515456976649165,-1.7525548845820127
1779768895580,-1.3753190700255333,-9.459341121673583,-1.8148033970937132
1779768895597,-1.2779052822388708,-9.487623797827958,-1.7839787813715635
1779768895613,-1.2752116592407226,-9.488670676532386,-1.7109550462149083
1779768895630,-1.43801751826182,-9.49989408133626,-1.7389377165094018
1779768895646,-1.492934226580709,-9.49375835506022,-1.6819256433464587
1779768895663,-1.4519336692810059,-9.487173715972899,-1.6949442610040306
1779768895680,-1.335216484478861,-9.504682484656572,-1.7130504110589622
1779768895699,-1.2493242807250469,-9.58279214477539,-1.4706374929681418
1779768895713,-1.4592658387999982,-9.445575046649575,-1.808668985991925
1779768895730,-1.2381014604430645,-9.464578437805175,-1.9445396379448472
1779768895747,-1.3588590797424316,-9.71731635055542,-1.757043720433861
1779768895763,-1.1616367910522967,-9.89478771765828,-1.6323957426324487
