timestamp,x,y,z
1779768795869,-1.1067197174072265,-9.39769101344645,-2.0649979089714585
1779768795884,-1.0151415769714862,-9.536554709735512,-2.2252594903372227
1779768795899,-0.9205706113953143,-9.476849890357256,-2.1627109719656405
1779768795916,-0.632667788696289,-9.51186450511515,-2.0856473137684164
1779768795932,-0.6827963859558105,-9.499594806128739,-2.0391097267381846
1779768795949,-0.8005610339842736,-9.509320665851234,-2.0714317414112386
1779768795966,-0.8807670087952166,-9.507227492964267,-2.0661948636710643
1779768795982,-0.8415618104796856,-9.388861810302734,-2.1187173703297972
1779768795999,-0.8464998514037578,-9.351153718677162,-2.1143780259512366
1779768796015,-0.8363244943480939,-9.449615261951088,-2.108841434612125
1779768796032,-0.7873932171143591,-9.459343459761142,-2.0866953615166244
1779768796049,-0.7784148147583008,-9.526679796931147,-2.078913913860172
1779768796065,-0.7830535804748535,-9.490466912299395,-2.094625862254947
1779768796082,-0.7796120617188513,-9.382578784510493,-2.085049055614322
1779768796099,-0.7748234392028301,-9.376741748920082,-2.067990661046654
1779768796115,-0.77886372756958,-9.4859777841866,-2.0398586454093457
1779768796132,-0.8774749084472656,-9.63381973670125,-1.9539663685902953
1779768796149,-0.7900865478515624,-9.596260113635658,-1.9381046364612877
1779768796165,-0.8999204759459942,-9.63441711807251,-2.016215465623885
1779768796182,-0.8940845363341271,-9.630826400104164,-2.0618544963791967
1779768796199,-0.8327333379883318,-9.576209259253739,-2.0138214100942013
1779768796215,-0.5910685348510741,-9.560946223670244,-1.8956081415154038
1779768796232,-0.589572304943949,-9.57680839419067,-1.8840857537649571
1779768796249,-0.6420951038636267,-9.566781505694985,-1.8990490757495164
1779768796265,-0.7146691955566405,-9.536405072131753,-1.9158086335010824
1779768796282,-0.7603085916381329,-9.594014965057372,-1.9403492005176841
1779768796299,-0.7531261327881366,-9.573365560260415,-1.902191611558944
1779768796315,-0.8391677549500017,-9.401133847376704,-1.9063819028556346
1779768796332,-0.9033622869629412,-9.362676983210443,-1.8646331575371324
1779768796349,-0.8895955543518066,-9.400535296961664,-1.8635859865717588
1779768796365,-0.8918401914734393,-9.459491928321123,-1.8510159894645213
1779768796382,-0.944362990393117,-9.547030511042475,-1.8605926499746739
1779768796399,-0.9406220502991228,-9.559000934821366,-1.8981515423879027
1779768796415,-0.8741828811645508,-9.520095157843828,-1.9826969346426426
1779768796432,-0.818816821642965,-9.548375495910644,-1.8725633660145102
1779768796449,-0.8466497082032263,-9.592221067377924,-1.8544575082205235
1779768796465,-1.1088146438598632,-9.568277881732582,-1.79131029330343
1779768796482,-1.4758756858825683,-9.60778220912516,-1.8342559933215379
1779768796499,-1.4233528138976543,-9.610326048389076,-1.8752571351431309
1779768796515,-1.0767924889162181,-9.503336330744624,-1.7151444607287645
1779768796532,-0.8581716575622558,-9.457097142139077,-1.6675601411245762
1779768796549,-0.9543886367797851,-9.472509815326333,-1.6552895653553306
1779768796565,-1.0718541557312011,-9.543438624030351,-1.7257688767261803
1779768796582,-1.140837091064453,-9.661353055793047,-1.854008887670189
1779768796599,-1.1773488125123084,-9.640703066474199,-1.842636137523502
1779768796615,-1.2162542972289025,-9.63396878978312,-1.8186936825305222
1779768796632,-1.4094367359437048,-9.596411504805088,-1.6747421615831553
1779768796649,-1.6320973442077635,-9.495255315619707,-1.653793189317733
1779768796666,-1.7962497955322265,-9.437793891254067,-1.6931475868456065
1779768796682,-2.100014277295023,-9.189844381824136,-1.469739228954166
1779768796699,-2.2032642238892612,-9.164854901996254,-1.417515705242008
1779768796716,-2.141314109802246,-9.156175920978187,-1.3811536213979123
1779768796732,-2.160168740136921,-9.100511901423335,-1.2596483255364
1779768796749,-2.447772068432718,-9.174731568366289,-0.9986796139270067
1779768796766,-2.639457692718506,-9.191191120257972,-0.9760841896288096
1779768796782,-2.9046155265808102,-9.304766061511636,-0.8791190223924815
1779768796799,-3.1817443687438964,-9.32077670059204,-0.8982732932608574
1779768796816,-3.3036990158081054,-9.287109408789872,-0.8554767193898558
1779768796832,-3.626916532190144,-9.428217669135332,-0.7878405224904418
1779768796849,-3.7452798767641187,-9.481938737928866,-0.7600082204520702
1779768796865,-3.74079104091227,-9.441087087580561,-0.7106278112113475
1779768796882,-3.7867294930055735,-9.287858765852452,-0.6654368895497172
1779768796899,-3.784783911895752,-9.236680951800942,-0.5386940583609044
1779768796915,-3.8088752738401292,-9.223661895751952,-0.5250763057664036
1779768796932,-3.9814080154970286,-9.233089649310708,-0.4924557830708101
1779768796949,-4.511574045617878,-9.33978126079142,-0.3318951456932351
1779768796966,-4.614075804193318,-9.269002674213052,-0.294485160231404
1779768796982,-4.710292198888957,-9.071330815124512,-0.27188988206367937
1779768796999,-4.747103633935749,-8.869021359363197,-0.37379341901764274
1779768797016,-4.787805646680296,-8.838496457239986,-0.2919412022364791
1779768797032,-5.059696880450844,-8.709957171088456,-0.09172624366953969
1779768797048,-5.515942518836259,-8.646661049219965,0.08095570176627952
1779768797066,-5.6203883972167965,-8.56121622390747,-0.0614992650469765
1779768797082,-5.469404639545083,-8.483105979266762,-0.10399597918856889
1779768797099,-5.468206954193115,-8.474276776123046,0.03142537636058405
1779768797116,-5.692215031543374,-8.38314805995524,0.15113567856410517
1779768797132,-5.94974134761393,-8.173505777087808,0.2923941062362864
1779768797149,-6.376807068744301,-7.954885237994789,0.35359581310879434
1779768797166,-6.436661525726318,-7.776816489520669,0.4538521673776209
1779768797182,-6.415413570514321,-7.555951386371254,0.37439522083569315
1779768797199,-6.224027075305581,-7.585280356708169,0.4338012764630839
1779768797216,-6.311265798297524,-7.460033682361245,0.5729641748944297
1779768797232,-6.861932764655351,-7.077859826880693,0.832734799293056
1779768797249,-7.318775199890136,-6.945878291320801,0.6898307415720075
1779768797266,-7.43130326243937,-6.927922363391518,0.5997492694348097
1779768797282,-7.325210201373696,-6.785467364612221,0.5545591514907777
1779768797299,-7.334487148284912,-6.509235763549804,0.6524213406320661
1779768797316,-7.389405902430415,-6.415264517432451,0.7664459253493696
1779768797332,-7.6689295307755465,-6.256499019843339,0.7226014498606323
1779768797349,-7.5899185379028316,-6.172252464404702,0.6795060391735285
1779768797366,-7.676710101649165,-6.108357207599282,0.6986595063243061
1779768797382,-7.702147325244545,-5.875670733752846,0.8132819108042866
1779768797398,-7.989152249255776,-5.68832386932373,0.6851929257035255
1779768797415,-8.019229407611489,-5.585074507251382,0.6606517010997981
1779768797432,-8.183082583728432,-5.376180412402749,0.8405155893623828
1779768797449,-8.341699612757562,-5.1761152284368865,0.7392108585517853
1779768797466,-8.31087426638305,-5.066880069953203,0.7457954245738685
1779768797482,-8.501063660761714,-4.795287526868283,0.726492246754095
1779768797499,-8.534432261878251,-4.698770687921345,0.6991088575270027
1779768797516,-8.634689456397295,-4.641609707807004,0.7698876633010804
1779768797532,-8.958055149078369,-4.2449192511960865,0.6370093250319361
1779768797549,-8.940397911834717,-4.087500784301757,0.6064824501473456
1779768797566,-9.035717065429687,-4.021510601043701,0.6690313338451087
1779768797582,-9.255385067749023,-3.670460782623291,0.6793563285045325
1779768797599,-9.089587771826983,-3.7407904563903807,0.6971635686781257
1779768797616,-9.043200699183345,-3.8643917016178366,0.634016646021977
1779768797632,-8.694543913379311,-3.439719597625732,0.6850422286538407
1779768797649,-8.825476816669106,-3.077147975976765,0.5205903559913858
1779768797666,-9.044099109327792,-2.9173350151613353,0.3892090878795832
1779768797682,-9.284415347400307,-2.980481499426067,0.44352768417485056
1779768797699,-9.322423883277176,-2.78355870513916,0.4444255828626454
1779768797716,-9.228151023864745,-2.69407541809082,0.4644771313643083
1779768797732,-8.914062278094887,-2.2976855518616737,0.361975445854105
1779768797749,-8.968530365863442,-2.4003369480408727,0.37020544099565594
1779768797766,-9.188498227912188,-2.4368485233582553,0.3378839377792552
1779768797781,-9.298033538386225,-2.2530936920717357,0.30915346305845304
1779768797799,-8.850017383685708,-2.0684404506407676,0.12180650729779154
1779768797816,-8.891616637530923,-2.079962692260742,0.24660395830618217
1779768797832,-9.282170783343911,-2.0202572883605954,0.23942233057324774
1779768797849,-9.430912899568677,-1.794155307471007,0.13183224501600488
1779768797866,-9.29414354521036,-1.6165351795472205,0.015265026611182838
1779768797882,-8.96329421877563,-1.6669630520142613,0.06359760729940608
1779768797899,-9.332748293414712,-1.682674708148092,0.08589337279759347
1779768797916,-9.533263266974688,-1.6297031425476074,0.09307627460558432
1779768797932,-9.699361007148028,-1.5481507946290074,-0.009724434950388968
1779768797949,-9.714623458209633,-1.386093123626709,-0.10953265272607095
1779768797966,-9.705196873694657,-1.3488333602905274,-0.09651414809128618
1779768797982,-9.61466436985433,-1.3820529083251953,-0.06329506342150489
1779768797999,-9.693674193683266,-1.3624500899717211,-0.08753654031967162
1779768798016,-9.740510763660073,-1.2277763927184044,-0.07855815052170073
1779768798032,-9.785701319995521,-1.228075667925924,-0.1843521076265024
1779768798049,-9.539697099414468,-1.2645874624390154,-0.14290213975859806
1779768798066,-9.677662385559081,-1.1385925270080566,-0.038754577604355286
1779768798082,-9.7999168923527,-1.13245731218867,-0.06269659420591779
1779768798099,-9.886258374243974,-1.1665745397154241,-0.08214955575992353
1779768798116,-9.560945639148354,-1.125124923473969,-0.14005931754810735
1779768798132,-9.371504432788491,-1.0546456851683557,-0.11207716784342192
1779768798149,-9.516353048706055,-0.9668084117613732,0.06344812495927327
1779768798166,-9.788694072070717,-0.9246105344358831,0.018556770766107365
1779768798182,-9.872790405383705,-0.9506475505553186,-0.08469305709712206
1779768798199,-9.668236385565995,-0.9338883581299334,-0.15651944482852703
1779768798216,-9.526229715076088,-0.9498995086669921,-0.08873324499917216
1779768798232,-9.539697683936357,-0.919822277246043,-0.04354295352520421
1779768798249,-9.749190913721918,-0.8952818563599139,-0.16355241220523603
1779768798266,-9.825805951368809,-1.0069115818299352,-0.033068047267384826
1779768798282,-9.847202375140785,-1.0360906223021447,-0.09023006856134161
1779768798299,-9.631873278808593,-1.0099038955137134,-0.1542746524432674
1779768798316,-9.694272159576416,-0.9810241302490234,-0.14559597281930037
1779768798332,-9.757419228363036,-0.9660602237425744,-0.1345226166111417
1779768798349,-9.766998373091221,-0.8698434637207537,-0.182706025486486
1779768798365,-9.728691146528721,-0.8812159946717322,-0.070926698945323
1779768798382,-9.771486916682123,-0.9147348909791558,-0.06688618224970996
1779768798399,-9.739763160163163,-0.9897028920713812,-0.0377067216523923
1779768798416,-9.834185072657466,-1.0019734678406267,-0.09486866988111287
1779768798432,-9.835978970336914,-0.939125601196289,-0.0981604871012736
1779768798449,-9.838823253852128,-0.9356837171141058,-0.0938212934197625
1779768798465,-9.857976282611489,-0.9262566211424768,-0.14828927615704013
1779768798482,-9.842715000593662,-0.9554360269408673,-0.1566690458996687
1779768798499,-9.744252872797846,-0.9684546445984393,-0.025436808036849834
1779768798516,-9.605686113628744,-0.9488516801144927,-0.10444574138321913
1779768798531,-9.625288639721274,-0.9238623464170843,-0.07870761687881313
1779768798549,-9.73542308513224,-0.946008857904002,-0.05237167261173017
1779768798566,-9.814732184168696,-0.9507974073547869,-0.09127765965182334
1779768798582,-9.807998491999506,-1.018283820519969,-0.09651489815160166
1779768798599,-9.781662273737787,-0.9650128335814923,-0.10654058563746512
1779768798616,-9.705645201984048,-0.9686039899412542,-0.05715984760317951
1779768798632,-9.68454805341959,-0.9608232729371636,-0.017057170724961906
1779768798649,-9.641750529700516,-1.0076596237182616,-0.0299260229146108
1779768798666,-9.680506669074296,-0.9564833440367132,-0.031122872582939453
1779768798682,-9.767594585418701,-0.9374794414244592,-0.028279554898815694
1779768798699,-9.854833892932534,-1.0015245550293475,0.0028445712095825
1779768798716,-9.821166601130365,-1.026663672460988,-0.03471422987210099
1779768798732,-9.83134020462036,-1.0422258371215314,0.0071843585461378095
1779768798749,-9.87638170787394,-1.0723030685424804,-0.02558677900074981
1779768798765,-9.725697809931635,-1.042674822998047,0.0008994102248689159
1779768798782,-9.7170170753479,-1.0609306106567382,0.0017972038813866675
1779768798799,-9.833884628406166,-1.0609306106567382,-0.007630029087560251
1779768798816,-9.766996619525552,-1.0452186622619628,-0.019301730214781126
1779768798832,-9.746047354999185,-1.0715547343932093,-0.02244415870964294
1779768798849,-9.76101111537516,-1.0453681537352502,-0.026633640580513745
1779768798866,-9.758916773444414,-1.0703577796936035,-0.024987665184240903
1779768798882,-9.750685536193847,-1.0461164148192852,-0.017954747469059656
1779768798899,-9.76220646263957,-1.06302524484843,-0.020050028973078587
1779768798916,-9.686192898017168,-1.0814308893065898,0.010625706626314785
1779768798932,-9.64564052287638,-1.080532990618795,0.04040362402383762
1779768798949,-9.625140171161293,-1.125424344811961,0.04070362503173092
1779768798965,-9.702202952575684,-1.1737572908263654,-0.027681594713887897
1779768798982,-9.719411861529945,-1.1971006839476526,-0.002242858439788688
1779768798999,-9.798270878711342,-1.1960533668518065,-0.023641218440525698
1779768799015,-9.728539170837402,-1.1701659883361308,-0.03321829907578649
1779768799032,-9.757868725696206,-1.1638813551086933,-0.04294398983492283
1779768799049,-9.732430917578935,-1.1643303409852086,0.015863695757230744
1779768799065,-9.750985395923257,-1.1266214456420391,0.02259653169318335
1779768799082,-9.74230641490519,-1.1010334153991193,0.004940057067933957
1779768799099,-9.674370358276366,-1.1436802786011249,-0.02019997139587067
1779768799116,-9.771486332160233,-1.176450694628805,0.03965605192214716
1779768799132,-9.75427800772786,-1.1766003322325647,0.04115216309826355
1779768799149,-9.758467276111245,-1.1580451963011176,0.08469696608725935
1779768799166,-9.79916987337768,-1.2225391496520488,0.11163121874078642
1779768799182,-9.7548765581429,-1.184830473504588,0.057462177850888106
1779768799199,-9.741109314075112,-1.086817989172414,0.042348638307256624
1779768799216,-9.760563371607661,-1.1480197691101581,0.07242631268620026
1779768799232,-9.731232647705077,-1.2056301004271954,0.09621881498158909
1779768799249,-9.749638657489418,-1.207276187133789,0.10579574948637746
1779768799266,-9.841814836883545,-1.183932574816793,0.06763751664024312
1779768799282,-9.78704747390747,-1.1885711944028734,0.02933016221357975
1779768799299,-9.717316935077308,-1.2077249538145958,0.0861923511775909
1779768799315,-9.77432886210978,-1.247229573468119,0.12839057099637574
1779768799332,-9.744850254169107,-1.2732663703918456,0.10384962952043861
1779768799349,-9.654618779101968,-1.228973639678955,0.08514544050712138
1779768799366,-9.777173145624994,-1.2388497215270995,0.037860651838779444
1779768799382,-9.813683551898599,-1.2668318072997033,0.09038265617401339
1779768799399,-9.732280110931397,-1.27371499094218,0.10399966898299753
1779768799415,-9.666142043635249,-1.2918214332580567,0.1339272445338778
1779768799432,-9.704898183009028,-1.3025953407287596,0.139314070405066
1779768799449,-9.753379597583413,-1.2592005817689,0.12554751132386735
1779768799466,-9.759515323859453,-1.236006607055664,0.13258016817332244
1779768799482,-9.74829191905558,-1.27042325592041,0.15278160087391734
1779768799499,-9.664195585742592,-1.2176013279236853,0.14889175382852554
1779768799515,-9.67841115809977,-1.261295215960592,0.19153798684286885
1779768799532,-9.701754624286293,-1.279251728411764,0.1767240650000516
1779768799549,-9.6972654961735,-1.2689268798828124,0.15068643695926293
1779768799565,-9.715072955542801,-1.2096703887939453,0.1659495273416862
1779768799582,-9.720309687152504,-1.271021806335449,0.20096470835516228
1779768799599,-9.70923767351806,-1.300500414276123,0.15996391359344123
1779768799615,-9.67886007091105,-1.3046904133118689,0.20769871105160562
1779768799632,-9.81173826304972,-1.2470797897338866,0.18884413551585746
1779768799648,-9.83792601275146,-1.2514192802429198,0.15966540557090192
1779768799665,-9.727792151862383,-1.3135188858032225,0.1693911922281608
1779768799682,-9.734076346698403,-1.2820949890136717,0.20320938200941308
1779768799699,-9.768194889399409,-1.2945150562562047,0.24301278368011114
1779768799715,-9.770737559619546,-1.3144165652953088,0.20201193411946294
1779768799732,-9.70429846355021,-1.2946646938599646,0.19557777288611977
1779768799749,-9.704148825946449,-1.325040835162252,0.19348326655859127
1779768799765,-9.748141696929931,-1.3395556827269495,0.15098613229189067
1779768799782,-9.797373637610674,-1.3706805965699254,0.244659637571685
1779768799799,-9.807550163710117,-1.3338695999145507,0.2356805958948098
1779768799815,-9.821313900646567,-1.3286319915220142,0.18929279259881004
1779768799832,-9.766248431506753,-1.3013979476377366,0.21712558782752603
1779768799849,-9.779715815845131,-1.2765583976745605,0.2225131078184582
1779768799866,-9.680057756263016,-1.3748703033447265,0.24840012100795283
1779768799882,-9.674821024653316,-1.3727755230225622,0.20231109972912817
1779768799899,-9.731533676478266,-1.359607413891703,0.17956713380571454
1779768799915,-9.778368492889404,-1.3527237918578088,0.1701391245186329
1779768799932,-9.71731810412109,-1.362450382232666,0.17358073460618034
1779768799949,-9.673923199030757,-1.3519760422304272,0.20006743072187527
1779768799966,-9.701455349078774,-1.3395558288574219,0.19752373758843167
1779768799982,-9.69831295939982,-1.3301286598205566,0.17073794892830774
1779768799999,-9.662999653956293,-1.3418003929138183,0.16250795378675684
1779768800016,-9.712976860046385,-1.3645450164243578,0.1776212239023298
1779768800032,-9.575161211505531,-1.413775934191793,0.14649725990742443
1779768800049,-9.621098786816,-1.3908812346860766,0.23478284333748742
1779768800065,-9.790788998523354,-1.4444517890930175,0.20769893024731426
1779768800082,-9.765649881091713,-1.4208090476989745,0.13198226621225476
1779768800099,-9.730336575648188,-1.39971029169932,0.13886537678949534
1779768800116,-9.682002460590004,-1.3548187183104454,0.15756985806375742
1779768800132,-9.610625908118486,-1.3823521835327148,0.21742447944255544
1779768800149,-9.646239657813311,-1.3795089229308068,0.22774960196614263
1779768800166,-9.734675481635332,-1.364246033477783,0.17896882085269317
1779768800182,-9.775676769587397,-1.3976152191162108,0.17148599081663413
1779768800199,-9.749939101740717,-1.3922284115113317,0.15397930449219419
1779768800216,-9.688137017822266,-1.4074911548338829,0.21338451986936852
1779768800232,-9.616012861853838,-1.300200992938131,0.21009249258665366
1779768800249,-9.643695234027504,-1.279251728411764,0.21129023273754863
1779768800265,-9.726744104114175,-1.3422493057250975,0.21248673077942803
1779768800282,-9.717765263366699,-1.3485337928220629,0.21398299721917136
1779768800299,-9.67811305193603,-1.3283333008363842,0.2329873564891517
1779768800315,-9.64578957595825,-1.296759474182129,0.2528887559304014
1779768800332,-9.682002460590004,-1.307084614972025,0.3274085200647823
1779768800348,-9.726743519592285,-1.304989542388916,0.3215723612572066
1779768800366,-9.630827569147943,-1.314566349029541,0.18824635228579864
1779768800382,-9.649082772284746,-1.338209090423584,0.29299247398823497
1779768800398,-9.747245624873042,-1.338358874157816,0.3172336927320808
1779768800415,-9.717465988159178,-1.3488332141600547,0.2635138843138702
1779768800431,-9.696067810821532,-1.3741221153259278,0.2781775474984199
1779768800448,-9.687239776721595,-1.3860932697571813,0.2680030854918994
1779768800464,-9.715221424102783,-1.3617020480833948,0.3507522419796325
1779768800481,-9.772980954632162,-1.345840315954387,0.2955364228500053
1779768800498,-9.741408589282631,-1.3992610866270958,0.314839308408834
1779768800515,-9.714473820605873,-1.4748279303953051,0.3600298647442832
1779768800531,-9.699809335437417,-1.454926421356201,0.356437904666923
1779768800548,-9.717916070014239,-1.4369699089050292,0.3546433128677308
1779768800565,-9.813533914294839,-1.4071920257568358,0.37050416821390386
1779768800581,-9.823111305457353,-1.3832500091552733,0.35838414336387064
1779768800598,-9.765349436840415,-1.4009069541379808,0.37200087304506446
1779768800615,-9.623195466834305,-1.3934253662109375,0.3737968896163627
1779768800631,-9.739015556666255,-1.4179660793580113,0.36601591688394547
1779768800648,-9.814431739917397,-1.4191630340576171,0.36511717794593423
1779768800665,-9.833136440387367,-1.3811550827026366,0.31648543164804577
1779768800681,-9.764602417865396,-1.3645454548157752,0.36526659635398534
1779768800698,-9.712679338404536,-1.3853449356079102,0.3549421496838331
1779768800715,-9.670031452289223,-1.4377182430543005,0.34850813458096236
1779768800731,-9.689783031463623,-1.4232031032286583,0.34012747892234474
1779768800748,-9.72375135203898,-1.4134769512452183,0.3113974243266508
1779768800765,-9.734674897113441,-1.43652099609375,0.3030176819834858
1779768800781,-9.688436293029785,-1.4704884398862719,0.3031669177284464
1779768800798,-9.69651789267659,-1.4752772815980015,0.3027183702433482
1779768800815,-9.694275082185865,-1.5026611092165112,0.33264643898457286
1779768800831,-9.674221305194497,-1.4820108276367188,0.31274423582572486
1779768800848,-9.688585346111655,-1.491138575335592,0.3296532119853422
1779768800865,-9.71656874705851,-1.5200187789916992,0.3057106839271262
1779768800881,-9.649830960303545,-1.494131619671732,0.32037582668270914
1779768800898,-9.65252326812744,-1.4966753128051757,0.33129988321382553
1779768800915,-9.706394559046625,-1.4552259888246655,0.3130435840984806
1779768800931,-9.718663088989258,-1.437418675585836,0.32321941607818006
1779768800948,-9.731831782642006,-1.4366706336975097,0.3178318412883207
1779768800965,-9.630376902770996,-1.453729028265178,0.29149554996136573
1779768800982,-9.598653146252035,-1.4185643375121055,0.2828163132149726
1779768800998,-9.652374799567461,-1.4519338154114783,0.29448830203656107
1779768801015,-9.682452542445063,-1.4842555378235875,0.332346360059455
1779768801031,-9.661502108874917,-1.4285903492249548,0.30990134054999796
1779768801048,-9.683199561420082,-1.452382582092285,0.300923084324412
1779768801065,-9.727491707611083,-1.5239092105589807,0.2885031997449696
1779768801081,-9.695620067054033,-1.5372269572935997,0.3302522738570347
1779768801098,-9.720759184485674,-1.5052046562194823,0.34297066645901647
1779768801115,-9.63935632804036,-1.5266026874266565,0.3102005426922813
1779768801131,-9.64579132952392,-1.5364790615357458,0.34970501621533184
1779768801148,-9.670180505371093,-1.5415665939331054,0.32995215839929876
1779768801165,-9.696815414318442,-1.557278250066936,0.3345916547682136
1779768801181,-9.685445294520258,-1.5165772602356968,0.34820867671035227
1779768801198,-9.643395958819985,-1.4788684379577637,0.3494052660837769
1779768801215,-9.676914782062171,-1.4921861846923827,0.3643694283185526
1779768801231,-9.765201552802324,-1.543960941723734,0.3758909392861649
1779768801248,-9.754877142664789,-1.5246576908387244,0.3473104857616126
1779768801265,-9.721805478668212,-1.495926832525432,0.33533991585224865
1779768801281,-9.617657706451416,-1.4640541690550744,0.33279611312095075
1779768801298,-9.692028180041909,-1.5400700717650353,0.46552408313397314
1779768801315,-9.757421566450596,-1.5207672592714427,0.4306590694472193
1779768801331,-9.710882518115639,-1.5117888569153843,0.35509167768973854
1779768801348,-9.587730770221352,-1.559373322650045,0.3431210712477565
1779768801365,-9.552714986419677,-1.5478512271605431,0.36436953791640697
1779768801381,-9.547778114539383,-1.4872481437683105,0.40970911080110817
1779768801398,-9.663598204371333,-1.5777791863039135,0.4188368584999814
1779768801415,-9.705345926776527,-1.646462554168701,0.4061179179087281
1779768801431,-9.664045363616943,-1.629702996417135,0.37439525736831125
1779768801449,-9.589676059070229,-1.6591818966187535,0.37499399044644083
1779768801465,-9.579351064410805,-1.665915296526998,0.3793324945747852
1779768801482,-9.566929974254965,-1.6992843360349534,0.3895079977609217
1779768801498,-9.54433528060913,-1.7348982318602502,0.385468476579152
1779768801515,-9.53790261721313,-1.7483657623291016,0.38905893881917
1779768801531,-9.521890224567056,-1.7577929313659666,0.39100451992899177
1779768801548,-9.495104508972167,-1.779490530041605,0.3875631838360801
1779768801565,-9.356689725494384,-1.7187373706541955,0.3568868540108204
1779768801581,-9.424476144519447,-1.5957351142331957,0.37963235430419445
1779768801598,-9.549572012218832,-1.6199766983032227,0.44831616056039925
1779768801615,-9.92082407619059,-1.8833387347899375,0.5036822566146031
1779768801632,-9.888052271923423,-1.9684825313292442,0.46253147718925025
1779768801648,-9.781361829486489,-1.9635447826661168,0.48288262969199564
1779768801665,-9.635165890613198,-1.954865655517578,0.5364521977182477
1779768801681,-9.533860063824058,-2.0135233039304614,0.5559050131417811
1779768801698,-9.515006310272216,-2.067991537829488,0.5638366463912651
1779768801715,-9.42327904368937,-2.1966801693238316,0.49320722249262033
1779768801732,-9.189845550867915,-2.375796673285216,0.5178974636455997
1779768801748,-9.036615475574136,-2.464830609130859,0.4719585366282612
1779768801765,-8.58022078410685,-2.5616462848939,0.2669555309340358
1779768801782,-8.128464858356118,-2.5409960033141075,0.3721502549204975
1779768801798,-8.105122561213374,-2.5908259098879993,0.5633866741340607
1779768801815,-8.392425006866455,-2.834584835760295,0.7252949997935444
1779768801832,-8.595783094897866,-3.0551512482240795,0.5707197204358876
1779768801848,-8.479663729858398,-3.070413991546631,0.5942130434218794
1779768801865,-8.308330427119134,-2.9318501549869773,0.5921178247082978
1779768801882,-8.69514246379435,-3.142240041351318,0.6578087327588349
1779768801898,-8.756345997297764,-3.4106904870182273,0.7411567319225519
1779768801915,-8.876205133387446,-3.9652474465519187,0.7348719525646418
1779768801932,-8.587852301898598,-4.164564442498982,0.7835041007213294
1779768801948,-8.620173439788818,-4.165761251068115,0.8233079225171357
1779768801965,-8.817695661273598,-4.340837831988931,0.7960737325023859
1779768801982,-9.214236480280757,-4.703709313367307,0.34356932647190985
1779768801998,-9.175479171863199,-4.770447100122273,0.33758455297388135
1779768802015,-8.736442442432045,-5.147534153857827,0.8598198631606996
1779768802032,-8.387787994715572,-5.406108517676592,1.3964197987865656
1779768802048,-8.454375559344887,-5.434688715472817,1.072304383716732
1779768802065,-8.403796880230306,-5.5924061653137205,0.5014370715036988
1779768802082,-8.374768354144692,-6.082469902148842,0.1541288872970268
1779768802098,-8.126669207111,-6.317400940051675,0.2867076946303248
1779768802115,-7.711274634552002,-6.4469865203857415,1.0269646281689404
1779768802132,-7.7768153204768895,-6.329670639038086,1.1164481344129888
1779768802148,-7.779809826117754,-6.290616393500566,0.6411991231382824
1779768802165,-7.184550269317627,-6.616226650238037,-0.08140117594487965
1779768802182,-6.564452039337158,-7.186196282958984,0.10714240800511324
1779768802198,-6.482600854602456,-7.339725048938393,0.32381725867374334
1779768802215,-6.822876181030273,-7.445818110004067,0.6344647003167309
1779768802232,-7.390600665172934,-7.5587939163208,0.12464995056279003
1779768802248,-7.227197570911049,-7.75691468822062,-0.11252603498892857
1779768802265,-6.471078174591064,-8.104372035107016,-0.34611035272423174
1779768802282,-5.9846057402461765,-8.288426287731529,-0.28520799412447956
1779768802298,-5.722142552295327,-8.07669024745524,-0.24420699843335894
1779768802315,-6.049848904529213,-8.112754663527012,-0.34970176481232046
1779768802332,-6.2026277289241545,-8.351873216247558,-0.4080602841481566
1779768802348,-6.092495329339802,-8.563162097278237,-0.5220840651478618
1779768802365,-5.236418305969238,-8.728362011829018,-0.6750138423208147
1779768802382,-4.416853442437946,-8.668207695117593,-0.607227715556696
1779768802398,-4.342782536315918,-8.804976464954018,-0.6506227667775005
1779768802415,-4.4342114044740795,-8.930223139300942,-0.8701406931016593
1779768802432,-4.416852857916057,-9.057563571056724,-1.0875647158864885
1779768802448,-4.342184278161824,-8.978855945044755,-1.0986377524342388
1779768802465,-4.21978042602539,-8.866178244891762,-1.1263207821950316
1779768802482,-3.989488153839111,-8.894759027209878,-1.1899166176624596
1779768802499,-3.880402048437297,-8.924236466106771,-1.2268771057911216
1779768802515,-3.778050511987507,-9.112482325202226,-1.2930170727834105
1779768802532,-3.8467341721132398,-9.266909501326083,-1.537824484795332
1779768802548,-3.545214108276367,-9.422082527381182,-1.7087106282889841
1779768802565,-3.2728736694335936,-9.47430605109334,-1.87570604795441
1779768802582,-3.0934581825256346,-9.213487707740068,-1.8294683206535876
1779768802598,-2.9179332733154295,-9.168746064215897,-1.7510579240225255
1779768802615,-2.673724703979492,-9.204659089118241,-1.8454789597339927
1779768802632,-2.7073931648254392,-9.372851755744218,-1.9834448304004966
1779768802648,-2.7647046593263744,-9.438094335505365,-2.041205529973656
1779768802665,-2.617012052154541,-9.496751691657304,-2.17109023938477
1779768802682,-2.140865196990967,-9.298332229071855,-2.2031131249807774
1779768802698,-1.8201915198728442,-9.184756118774413,-2.2503984616383907
1779768802715,-1.8332102836608886,-9.259576089698076,-2.1811162510976194
1779768802732,-1.8625389617368577,-9.14225962382853,-2.182612627135217
1779768802748,-1.8206405788145958,-9.156025698852538,-2.1890468979664144
1779768802765,-1.615337640325725,-9.199121328735352,-2.2095472496815023
1779768802782,-1.4860510429382323,-9.203463157331942,-2.2375299199759957
1779768802799,-1.4628572143554686,-9.228452637159824,-2.2506981752373276
1779768802815,-1.5876549758911132,-9.27708368933797,-2.28286982165426
1779768802832,-1.6816275371827185,-9.321825917384029,-2.267607224462181
1779768802848,-1.7325038840696214,-9.421633614569902,-2.424277503337711
1779768802865,-1.6973390471860765,-9.432705628204346,-2.455401686528325
1779768802882,-1.3630487865172325,-9.390358770862221,-2.466774144414067
1779768802899,-1.1558007053099573,-9.319131271472573,-2.447471331920475
1779768802915,-1.120935216699168,-9.314791780963539,-2.471861822941899
1779768802932,-1.2515688447814435,-9.454403665271402,-2.4531575608633456
1779768802949,-1.3926768859311938,-9.545382743835448,-2.414101854021102
1779768802965,-1.402253765637055,-9.566632452613115,-2.4893695687122643
1779768802982,-1.1768996074400842,-9.459641565924882,-2.688687295311689
1779768802998,-1.024868021215871,-9.455900625830887,-2.56718097653687
1779768803015,-0.9983818730894476,-9.451112222510575,-2.4580954556569456
1779768803032,-0.9053073566161095,-9.300725261688232,-2.359633620122075
1779768803049,-0.6175543176513165,-9.437346732008457,-2.3415277623280883
1779768803065,-0.5030813315793872,-9.493907408142089,-2.3578382611379025
1779768803082,-0.3188776605468243,-9.457546054950356,-2.4126056241139766
1779768803099,-0.34057514962460844,-9.341576912036537,-2.4012331662282347
1779768803115,-0.3971381273131817,-9.257630216327309,-2.3648715207755564
1779768803132,-0.5193920861175283,-9.207202928382157,-2.422781273430586
1779768803149,-0.5909188241820782,-9.229348709216714,-2.4512118336230513
1779768803165,-0.5801447705809026,-9.252842397528886,-2.4383432919606567
1779768803182,-0.499340391485393,-9.316138519397377,-2.4646795102223753
1779768803199,-0.45025958624575285,-9.404875371992587,-2.521692021776736
1779768803215,-0.4442739359648898,-9.397094216597079,-2.5787039488092063
1779768803232,-0.41359822719413786,-9.362527345606685,-2.559251060320437
1779768803249,-0.45699302268661557,-9.367465971052646,-2.521691144993901
1779768803265,-0.4954500329833477,-9.421782667651772,-2.5291733174428344
1779768803282,-0.4266165891233831,-9.401881450873613,-2.5483269307240843
1779768803299,-0.38830936256088316,-9.32721228659749,-2.539348966759443
1779768803315,-0.45789081177655605,-9.358786990034579,-2.500742172728479
1779768803332,-0.5541079005919397,-9.449615846472978,-2.5106182545766234
1779768803349,-0.5529108362944797,-9.482086037445068,-2.593666832402348
1779768803365,-0.5295671874448656,-9.469667285376786,-2.5691268499076365
1779768803382,-0.486770942367427,-9.450214396888017,-2.4772493611991404
1779768803399,-0.5002382536405697,-9.412206445533037,-2.3937509937793013
1779768803415,-0.5205891138823703,-9.37793884975016,-2.4187404736071825
1779768803432,-0.5023331070279702,-9.371653485870361,-2.4551024113208055
1779768803449,-0.5388447188779711,-9.369857834625243,-2.46482885556519
1779768803465,-0.5773018387725577,-9.355642846789955,-2.465577043583989
1779768803482,-0.6283279693936928,-9.404573174175619,-2.4468726353749632
1779768803499,-0.6649894015105441,-9.423578318896888,-2.4465727756455538
1779768803515,-0.6726207366392016,-9.428665997424721,-2.449116907170415
1779768803532,-0.680402111230418,-9.446473456794022,-2.4971511624991893
1779768803549,-0.6214447492185979,-9.469368010169267,-2.512115215136111
1779768803565,-0.5984006313048302,-9.455153606855868,-2.4866768224969507
1779768803582,-0.6133643916808068,-9.4428815697819,-2.4534569822013377
1779768803599,-0.6500256046019495,-9.466075982886553,-2.423379823845625
1779768803615,-0.7032966646056622,-9.46712344611287,-2.376842236815393
1779768803632,-0.7426512813292443,-9.426871515223384,-2.444927638787031
1779768803649,-0.7773671323362737,-9.40966202174723,-2.4405869792342183
1779768803665,-0.7498338132444768,-9.421184701758623,-2.434153439055383
1779768803682,-0.7249941902160644,-9.431808971625566,-2.427269817021489
1779768803698,-0.6667850892882794,-9.497200019946694,-2.4414856816396115
1779768803715,-0.6709747960630804,-9.4934590798527,-2.4537559651479124
1779768803732,-0.7065887649536132,-9.4476705576241,-2.4612384298577905
1779768803748,-0.7191581775389612,-9.444228308215736,-2.4226307590439915
1779768803765,-0.6830955880980938,-9.433903898078203,-2.430113223753869
1779768803782,-0.6786063138548284,-9.332299380603432,-2.4363977108508346
1779768803798,-0.726639911596477,-9.329905178943276,-2.4325071331530808
1779768803815,-0.7410051215574145,-9.368660733795165,-2.443730245696008
1779768803832,-0.7674911966186017,-9.426421433368324,-2.4718619690723718
1779768803848,-0.727388172680512,-9.41699484885335,-2.4866765302360054
1779768803865,-0.7493849004331976,-9.426571070972084,-2.459442047960311
1779768803882,-0.7454943227354437,-9.45545171301961,-2.4414856816396115
1779768803898,-0.7842506082396954,-9.412056223407387,-2.476201605711877
1779768803915,-0.7425017167907207,-9.364172190204263,-2.510767599919438
1779768803932,-0.759859459631145,-9.34053003333211,-2.473807404051721
1779768803948,-0.8264483394347131,-9.351602631488442,-2.469318275938928
1779768803965,-0.8010098737303167,-9.348460241809487,-2.473957041655481
1779768803982,-0.7552208400450646,-9.370606022644042,-2.4770997235953804
1779768803998,-0.7526770007811486,-9.404425874659418,-2.4961038454033435
1779768804015,-0.7188589023314416,-9.394549208289384,-2.5234875268913806
1779768804032,-0.7510309871397912,-9.336040905219315,-2.5047820957690474
1779768804048,-0.7938274148803204,-9.295788389807939,-2.506128980333358
1779768804065,-0.7763198152404278,-9.30835794852376,-2.4914647874258455
1779768804082,-0.775272205883637,-9.32077728511393,-2.4558507454700766
1779768804098,-0.7870936496458947,-9.25703166591227,-2.532465636986494
1779768804115,-0.7707830047056079,-9.251793765258789,-2.5646372834034263
1779768804132,-0.7725788020811974,-9.366417338782549,-2.545184833306074
1779768804148,-0.8907925090514123,-9.470265251269936,-2.5474293973624706
1779768804165,-0.9376291520934551,-9.417742452350259,-2.5646372834034263
1779768804182,-0.9894035437986254,-9.28905411311686,-2.5251333944022654
1779768804198,-1.0018236110411585,-9.3852705078125,-2.445675534544885
1779768804215,-0.973841306072846,-9.458443880572915,-2.4262226460561154
1779768804232,-0.8803177306577563,-9.558102524676919,-2.413054536925256
1779768804248,-0.7208041181150824,-9.463082061767578,-2.2982826409719883
1779768804265,-0.6814495013915002,-9.453656061774492,-2.205507472771406
1779768804282,-0.677708561297506,-9.514557397460937,-2.151637204765528
1779768804298,-0.682945950494334,-9.494356320953369,-2.032974877244979
1779768804315,-0.6919239875242114,-9.432256715393066,-2.054522692186385
1779768804332,-0.7240961453977972,-9.411607310596107,-1.977010851830244
1779768804348,-0.8306381923399865,-9.408315283313392,-2.052278566521406
1779768804365,-0.7543230874877422,-9.421034479632974,-2.0699358037650586
1779768804382,-0.7451950475279241,-9.39125601196289,-2.0349197277024387
1779768804399,-0.7493849734984338,-9.42342868129313,-1.9427435483083129
1779768804415,-0.7293333884641527,-9.469067565917967,-1.921644353917241
1779768804432,-0.7613558356687427,-9.575459902191161,-1.9018923363514244
1779768804448,-0.9301473449707031,-9.638009005084633,-1.9349626851737498
1779768804465,-1.1023802268981933,-9.647886255976557,-1.9256845692187547
1779768804482,-1.1921627891540527,-9.612571196967362,-1.912366676353663
1779768804498,-1.3398548848692327,-9.616012277331947,-1.8659793114490806
1779768804515,-1.2294224063597619,-9.56917687639892,-1.8447312101066111
1779768804532,-1.2497734127320348,-9.63352163053751,-1.819442601201683
1779768804548,-1.022623311029002,-9.636063716235757,-1.7947518120594321
1779768804565,-0.9445125549316405,-9.574863105341791,-1.7595874135673044
1779768804582,-0.9443627711974084,-9.54942412818074,-1.7286121373280883
1779768804598,-1.0106520835325121,-9.559598316192627,-1.751057485631108
1779768804615,-1.117194276605174,-9.488969951739907,-1.6792317280873654
1779768804632,-1.1822867073059082,-9.55017348524332,-1.6630710130117832
1779768804648,-1.2464808739926665,-9.65940659790039,-1.6314976247489452
1779768804665,-1.3010986724302172,-9.625438861846924,-1.5930401760607957
1779768804682,-1.3745707358762622,-9.588477789196372,-1.4881443619556725
1779768804698,-1.4435539634704588,-9.704148825946449,-1.470786546050012
1779768804715,-1.3021465009827167,-9.919626975360512,-1.534083252440393
1779768804732,-1.3064857722960412,-9.849596576800941,-1.5650579441577195
1779768804748,-1.2521671760007738,-9.63351929244995,-1.5529375905141234
1779768804765,-1.1276688358031213,-9.434652086097001,-1.5179222451038659
1779768804782,-1.0769418342590331,-9.340379811206459,-1.4923343609914184
1779768804798,-1.0441712721008807,-9.338136416193842,-1.4437022858999669
1779768804815,-1.067664375891164,-9.44707259173095,-1.4371180852040648
1779768804832,-1.082029439721629,-9.451711941969394,-1.4339758416555821
1779768804849,-1.1894691661559045,-9.426271795764565,-1.4068908508531748
1779768804865,-1.277157094220072,-9.455303244459628,-1.3617008790396152
1779768804882,-1.2987047630310058,-9.526378768157958,-1.2823925106555223
1779768804899,-1.3527238649230449,-9.605986557880044,-1.1195870900258422
1779768804915,-1.2981062126159668,-9.610476270514726,-1.0562905297659337
1779768804932,-1.10043486498408,-9.694273328620195,-1.0124464196033776
1779768804949,-0.8447042732238769,-10.304795336481929,-1.0251659081839024
1779768804965,-0.9347860376220196,-10.3354698762089,-1.0260632954150437
1779768804982,-0.8966283755980432,-10.300903589740395,-1.0369871327504514
1779768804999,-0.7742249618530272,-10.154259322577714,-1.151758882573247
1779768805015,-0.5808931047301739,-9.781361829486489,-1.2535127453908324
1779768805032,-0.43574444642011073,-9.569474398040771,-1.3096271390616894
1779768805049,-0.06898278920277953,-9.268853036609292,-1.342247698289901
1779768805065,0.2501941465515643,-9.209148217231034,-1.2997513494744897
1779768805082,0.3589805748870596,-9.215432412067056,-1.2654837536916137
1779768805099,0.6169558403015136,-9.242367180743813,-1.2108661744497715
1779768805115,0.7658451829772442,-9.346964450293779,-1.1531059132680297
1779768805132,0.8069955605437978,-9.403527464514971,-1.1139005688220263
1779768805149,0.9169790897093713,-9.627536126387119,-0.9605223172292112
1779768805165,0.8628103867461905,-9.720010411944985,-0.7870926267325877
1779768805182,0.795024661840871,-9.709536364203691,-0.738908879930526
1779768805199,0.5894225577423349,-9.623792848205566,-0.528069788493961
1779768805215,0.3292027648041025,-9.585336568561196,-0.4652219949148595
1779768805232,0.21024079674985258,-9.508722115436196,-0.47824061257243156
1779768805249,-0.011372457885742187,-9.37285117122233,-0.5771509225271642
1779768805265,-0.18136081228945403,-9.496152556720375,-0.5846322181932628
1779768805282,-0.26964696197509763,-9.638308280292152,-0.648228492052108
1779768805299,-0.45744200856313105,-9.981126861461997,-0.8239031849965452
1779768805315,-0.8325834811888635,-10.360758631244302,-0.9789277424916625
1779768805332,-1.1468225952148436,-10.5530429520756,-1.0630239296741784
1779768805349,-1.6112975711546837,-10.79545528564453,-1.2280740604907274
1779768805365,-1.7444751115661112,-10.752509877887368,-1.4633045197315513
1779768805382,-1.7417817077636717,-10.683078029742836,-1.5328861516103147
1779768805399,-1.7293618597168474,-10.534190367567538,-1.6105486524835229
1779768805415,-1.7845780624389647,-10.25361810695231,-1.5494957794971762
1779768805432,-1.7652747384887189,-9.966313323211669,-1.5101409435778856
1779768805448,-1.5107411744933574,-9.156775055915118,-1.3759163052663206
1779768805465,-1.0112507800780237,-8.607753518676757,-1.0450674172230063
1779768805482,-0.7815572044372558,-8.543261465021967,-0.8521843998461961
1779768805499,-0.6154595373291522,-8.72043180335164,-0.5989978665456176
1779768805515,-0.7694365585327148,-9.030929246631263,-0.5925635957144201
1779768805532,-0.8999204759459942,-9.179518802642821,-0.6555604423753917
1779768805549,-1.0420762725830077,-9.336040320697427,-0.9129375592336058
1779768805565,-1.0289081634521484,-9.184757287818194,-1.1459234544180332
1779768805582,-0.9763855106629431,-9.184008515277505,-1.2285229733020067
1779768805599,-0.9513960308350622,-9.210195095935463,-1.4134756360709666
1779768805615,-0.8668507116455584,-9.292496362525224,-1.6726475273914634
1779768805632,-0.8381203647889196,-9.459940841132402,-1.7224769955739379
1779768805649,-0.9501990030702203,-10.007016504999994,-1.842037294847518
1779768805665,-1.196652063397318,-10.541820131793617,-1.8746584385976195
1779768805682,-1.2988544737000018,-10.67379991378784,-1.9048846500352024
1779768805699,-1.3488334333557634,-10.643873562079667,-1.8562530133351682
1779768805715,-1.3087305555481463,-10.39966440822184,-1.728462353593856
1779768805732,-1.2677298521179705,-10.228927317810058,-1.609949517546594
1779768805749,-1.0818799482483417,-9.839870717078448,-1.4511838738270104
1779768805765,-0.9804256528992206,-9.39035818634033,-1.2677280254870653
1779768805782,-0.9701008043702691,-9.230096897235512,-1.1997928456410765
1779768805799,-0.9370308939393609,-9.101258920398354,-1.204731032695621
1779768805815,-0.7842509735658765,-9.14839476558268,-1.4447491646043955
1779768805832,-0.5582980457581579,-9.290699542236327,-1.7968467385120688
1779768805849,-0.45863947471939026,-9.345468074256182,-1.9331670339286326
1779768805865,-0.519691763183847,-9.661054365107416,-2.0271391568288206
1779768805882,-0.7372646929200738,-10.168473725891113,-2.0649971783190963
1779768805899,-0.8026563257630914,-10.414777221679687,-2.006638512852788
1779768805915,-0.8735844768799841,-10.395324333190917,-1.8909690835379063
1779768805932,-0.8345294276248664,-9.68379986540079,-1.7949015957936643
1779768805949,-0.7784151800844817,-9.349058792224525,-1.8041792733572422
1779768805965,-0.4445736860964447,-8.885182805091143,-1.6882095459215343
1779768805982,-0.10025770597569644,-8.743775854060054,-1.6614249993704258
1779768805999,0.0011968816343694924,-8.806172981262206,-1.6602280446708202
1779768806015,-0.04997925191670656,-9.202862853351235,-1.646760221941024
1779768806032,-0.5418381285402923,-9.744400756835937,-1.4939800823718308
1779768806049,-0.8276459517214447,-9.944167542377114,-1.5503934589892625
1779768806065,-1.278204849707335,-10.03499756785929,-1.8182449158497154
1779768806082,-1.449539979077503,-10.077047488081455,-1.9562109326466917
1779768806099,-1.5610197746828198,-10.0159935921818,-2.002448659947514
1779768806115,-1.435773173401132,-9.777022338977455,-2.04823820508942
1779768806132,-1.0784387948185206,-9.685445294520258,-1.803131810130924
1779768806149,-0.9805755096986889,-9.740809454345703,-1.6567857952624558
1779768806165,-0.9715973996035754,-9.629928574481607,-1.30438996906057
1779768806182,-1.0893620476320385,-9.248651960101723,-1.1863250229112803
1779768806199,-1.1216842084355652,-9.00668912386596,-1.2539616582021116
1779768806215,-0.9973349213197826,-8.703371947479248,-1.4443006901845334
1779768806232,-0.7077861580446362,-8.77923821258545,-1.6026171288318931
1779768806249,-0.6458361900880932,-8.88009337299764,-1.6620234036549926
1779768806265,-0.7667435200564563,-9.18071648799479,-1.7486638684928417
1779768806282,-0.809988933673501,-9.386617830768227,-1.9105716096304355
1779768806299,-0.7342720139101148,-9.503484214782715,-1.9889815678700804
1779768806315,-0.6875852276675403,-9.756073074451088,-2.031628431072086
1779768806332,-0.8616139069706201,-9.951050872150063,-2.015617207469791
1779768806349,-0.9985324605412781,-9.999235349604486,-1.960700206889957
1779768806365,-1.1553523770205676,-9.923517553058266,-1.905334001237899
1779768806382,-1.1390418782107532,-9.761908940997719,-1.7892153668507933
1779768806399,-1.1549036103397607,-9.634716977801919,-1.6952432439506053
1779768806415,-1.152210133472085,-9.427020568305254,-1.5556312135122716
1779768806432,-1.1797433064334093,-9.370607191687823,-1.47841806384176
1779768806449,-1.2143095929019152,-9.411756948199868,-1.4692904622733591
1779768806465,-1.1751043945863842,-9.561244914355873,-1.4580674958609043
1779768806482,-1.1679220818668603,-9.65237538408935,-1.55024425977692
1779768806499,-1.1740570774905383,-9.662699209704995,-1.578675258360803
1779768806515,-1.259799424444884,-9.63381915217936,-1.654391447471827
1779768806532,-1.252467035730183,-9.616909518432617,-1.632544941844791
1779768806549,-1.2378026966921984,-9.626635962677002,-1.6240155984304845
1779768806565,-1.1550533940739929,-9.604192075678705,-1.5046052290216088
1779768806582,-1.0422264947086572,-9.548824993243812,-1.504904065837711
1779768806599,-0.9641156655460595,-9.53850116762817,-1.5023599343128502
1779768806615,-0.9513963230960071,-9.557503974261879,-1.4333771451100705
1779768806632,-0.9897036957889794,-9.546731235834956,-1.4580670574694872
1779768806649,-1.00047745712921,-9.501838785663246,-1.5025094257861376
1779768806665,-0.9584291443422436,-9.553314121356605,-1.4348735211476682
1779768806682,-1.0099046261660753,-9.69816332179606,-1.3290791507676243
1779768806699,-1.048211998859048,-9.726595635554194,-1.3260872754752635
1779768806715,-1.1056728387027979,-9.72973685618937,-1.357511026134342
1779768806732,-1.2916720879152417,-9.709235335430503,-1.3205500996142625
1779768806749,-1.4083895649783313,-9.696966220965981,-1.2684766518972814
1779768806765,-1.5800238964907825,-9.626037996783852,-1.2584503479234874
1779768806782,-1.4942814034059644,-9.486426112475991,-1.284786566185206
1779768806799,-1.4399632455021143,-9.4547041095227,-1.2376515977837144
1779768806815,-1.4739306892946362,-9.513359712108969,-1.1423320057973265
1779768806832,-1.5061029202334582,-9.588030045428871,-1.1563983789421617
1779768806849,-1.497872852026671,-9.619902855029702,-1.207574293297529
1779768806865,-1.448492296655476,-9.604190322113036,-1.252165860826522
1779768806882,-1.4330796234682202,-9.590723522296548,-1.1575950413808227
1779768806899,-1.4818616284243762,-9.611822424426673,-1.1122547013111412
1779768806915,-1.5849617912843823,-9.645490885272622,-1.1098604996509849
1779768806932,-1.625513654968515,-9.63351987697184,-1.1577446789845824
1779768806949,-1.6024695370547473,-9.630377487292884,-1.1664240983940661
1779768806965,-1.5497971005313098,-9.600749826270341,-1.196351180754602
1779768806981,-1.4565728733889758,-9.484181548419594,-1.2277750775441527
1779768806999,-1.4270941923830658,-9.459940841132402,-1.249772097557783
1779768807015,-1.4462478056643158,-9.522489359503984,-1.2900241745777428
1779768807032,-1.4872485821597277,-9.617359015765786,-1.289575407896936
1779768807049,-1.4959274901125579,-9.65880921652913,-1.3087293134391307
1779768807065,-1.4728834452640265,-9.686193482539057,-1.3480838570974767
1779768807082,-1.2696752870973198,-9.61466495437622,-1.3940221630603074
1779768807099,-1.1493670190006493,-9.538651389753818,-1.392376880071312
1779768807115,-1.08846422200948,-9.568875847625732,-1.3648429764576255
1779768807131,-1.0667668425295502,-9.683199561420082,-1.3729232609301805
1779768807148,-1.0910082804691046,-9.730935126063228,-1.3646939233757556
1779768807165,-1.1528084646914154,-9.75442706080973,-1.3618502243824302
1779768807181,-1.3573632151614874,-9.81129110380411,-1.2331620312795042
1779768807198,-1.4401126639101653,-9.809643921118974,-1.1963508884936571
1779768807215,-1.4261962206300347,-9.771784438323975,-1.2874806275747717
1779768807231,-1.2050319884035736,-9.5570550614506,-1.4359214227654038
1779768807248,-1.081580965301767,-9.462035183063149,-1.4041979585073887
1779768807264,-1.029806354400888,-9.474904016986489,-1.2749107765980063
1779768807282,-0.9831194950930774,-9.519944935718177,-1.2967578667469322
1779768807299,-0.9153335875246673,-9.51844855968058,-1.3250396661184727
1779768807315,-0.7826050329897553,-9.475801258087158,-1.3531715356253087
1779768807332,-0.8652049171999097,-9.524283841705321,-1.2942141736134887
1779768807348,-0.9341878525331616,-9.578303016662597,-1.2931665642566978
1779768807365,-0.9186256878726183,-9.502288282996416,-1.3994095551870762
1779768807381,-0.7023993504397571,-9.404723980823158,-1.643318410924077
1779768807398,-0.5828388319704682,-9.297433818927408,-1.7480650258168577
1779768807415,-0.4837788113467395,-9.275137815967202,-1.5482988247975706
1779768807431,-0.7799116291873156,-9.61451590129435,-1.2360049996204674
1779768807448,-0.911742285034433,-9.717765847888588,-1.2412421696215867
1779768807465,-0.8943843960635364,-9.724500124579668,-1.4257456273183227
1779768807481,-0.8098390768740326,-9.64100175715983,-1.5384223045580088
1779768807498,-0.833332253729552,-9.600749241748451,-1.520017756078392
1779768807515,-0.9296987974856048,-9.507525599128007,-1.4900896508045494
1779768807531,-0.9057567808840423,-9.513510518756508,-1.420208597587794
1779768807548,-0.8867526590760797,-9.534757889446615,-1.4009054928332567
1779768807565,-0.8258503004763275,-9.551966798400878,-1.4269422897569835
1779768807581,-0.7152683304935693,-9.579052958247065,-1.4450491704642772
1779768807598,-0.7233484688356518,-9.589975334277748,-1.3826501435659826
1779768807615,-0.9695024000857024,-9.752930100250243,-1.2734141082994639
1779768807631,-1.1601407072756438,-9.78674878322184,-1.3178569150075317
1779768807648,-1.1593924461916087,-9.759214879608153,-1.353620448436588
1779768807665,-1.1131547188907862,-9.709387311121821,-1.3395549520745873
1779768807681,-1.084573644311726,-9.600599019622802,-1.2773054166495799
1779768807698,-1.0628761917665601,-9.583839608001709,-1.2520162232227623
1779768807715,-1.074398287256062,-9.594314240264891,-1.272366791203618
1779768807731,-1.068861842047423,-9.61466612342,-1.3392549462147056
1779768807749,-1.074248941913247,-9.672277769911288,-1.3359632111929356
1779768807765,-1.0507556919924914,-9.710732880511879,-1.3250396661184727
1779768807782,-1.0595842375490814,-9.72315280162394,-1.300349023106694
1779768807799,-1.0947490013673902,-9.727790982818602,-1.3367109608203172
1779768807815,-1.1055229819033294,-9.675567459106444,-1.343893565800786
1779768807832,-1.0829277037356049,-9.583092004504799,-1.381452604344487
1779768807848,-0.9633674775272607,-9.585487375208736,-1.3483831323049962
1779768807865,-0.9356845208317041,-9.614367432734369,-1.3440433495350181
1779768807881,-0.9148846747133881,-9.654469726020098,-1.375766375401616
1779768807898,-0.8671501329835504,-9.662548987579346,-1.3344666890248655
1779768807915,-0.835726382324472,-9.64010393153727,-1.3440430572740734
1779768807931,-0.8279453730594366,-9.624093876978755,-1.3801065965630113
1779768807948,-0.7851488722536712,-9.592968086352943,-1.3911789024583994
1779768807965,-0.7697361990664154,-9.59521265040934,-1.3865407212637364
1779768807981,-0.7309799866273998,-9.605387422943116,-1.377861447984725
1779768807998,-0.7258924542300402,-9.623644964167475,-1.4018036107167602
1779768808015,-0.7562687416628002,-9.566482230487466,-1.369332250700891
1779768808031,-0.8004118347719311,-9.582043956756591,-1.3247402447804808
1779768808048,-0.8349781943056732,-9.589975334277748,-1.2990025769338012
1779768808065,-0.840065799768269,-9.635165890613198,-1.3265357498951256
1779768808081,-0.8349781943056732,-9.645191610065101,-1.375617030058801
1779768808098,-0.8011600958559661,-9.701156073871255,-1.4024017227403818
1779768808115,-0.8144778425905853,-9.67796224528849,-1.4276906239062548
1779768808132,-0.7969702429506927,-9.648184362140297,-1.418413384734094
1779768808148,-0.7775172083314508,-9.555558100891112,-1.3865401367418466
1779768808165,-0.7881415512636304,-9.556306288909912,-1.35885718004629
1779768808182,-0.7830539458010345,-9.59521323493123,-1.3423976281546055
1779768808199,-0.8283941397402435,-9.640404960310459,-1.3612518200978636
1779768808215,-0.8542814451906829,-9.654918638831376,-1.3594563149832188
1779768808232,-0.8604165869448334,-9.663746672931312,-1.3823502838365733
1779768808249,-0.8420111616823822,-9.657313425013422,-1.3524232014760373
1779768808265,-0.8125324806764721,-9.64085270407796,-1.357062259453535
1779768808281,-0.8346789190981536,-9.632622635871172,-1.368134857609868
1779768808298,-0.7472904854372143,-9.606585108295082,-1.3521239262685179
1779768808315,-0.7984666189882904,-9.663148707038163,-1.3042396008044481
1779768808334,-0.8215108099672943,-9.657761753302813,-1.3022947503469884
1779768808350,-0.8681977423403412,-9.660305592566727,-1.2681772305592893
1779768808365,-0.9051582304690032,-9.675270521986484,-1.2750605603322387
1779768808381,-0.9605239977296441,-9.649231240844726,-1.3268347328417003
1779768808398,-0.887800122302398,-9.615862055206298,-1.3239919106312095
1779768808415,-0.9014172903750092,-9.597307576861978,-1.3269852472282946
1779768808432,-0.8346788460329174,-9.617359600287676,-1.3397034206345677
1779768808448,-0.7106292725160718,-9.675568043628335,-1.3253386490650474
1779768808465,-0.6935705856874584,-9.693075643268227,-1.357510733873397
1779768808482,-0.6563107492860406,-9.65970587310791,-1.3857920948535203
1779768808498,-0.7537249023988842,-9.627834232550859,-1.3646931927233934
1779768808515,-0.836773699420318,-9.638607555499672,-1.361101597972214
1779768808531,-0.8863038923952729,-9.678861824476718,-1.2928680197015403
1779768808548,-0.8794205626223236,-9.861866860309243,-1.218647183714807
1779768808565,-0.8607158621523529,-9.87548446677327,-1.2656333912953734
1779768808581,-0.755520407513529,-9.72345207683146,-1.3455398717030882
1779768808598,-0.7173629646852612,-9.593117139434813,-1.294213589091599
1779768808615,-0.7420530231751501,-9.607481764873862,-1.2517168018847704
1779768808631,-0.7553707699097693,-9.724199680328368,-1.2855351925954221
1779768808648,-0.7637505487855524,-9.741108729553222,-1.3500287075549364
1779768808665,-0.8417118864748626,-9.732131642371415,-1.3256382165335119
1779768808682,-1.0236711395815015,-9.720908237567544,-1.3025932949021457
1779768808699,-1.0592848162110895,-9.69142846058309,-1.3181558979541061
1779768808715,-0.9965867333009838,-9.664943773761392,-1.3142657586477695
1779768808732,-0.8839096176698803,-9.668535660773514,-1.2669799835987388
1779768808748,-0.836773699420318,-9.687838327136635,-1.277753891069442
1779768808765,-0.8167223335817456,-9.67212637874186,-1.3021451127432286
1779768808781,-0.764648374408111,-9.555258825683593,-1.2991516300156711
1779768808799,-0.7181110796388238,-9.41594621658325,-1.2583014409720896
1779768808816,-0.7553708429750055,-9.392903194648026,-1.2496224599540233
1779768808832,-0.8264487047608942,-9.419687156677245,-1.2523156445607542
1779768808849,-0.8092404533937573,-9.541043837848305,-1.318455611553043
1779768808865,-0.7417538210328668,-9.569325344958902,-1.4097345498465002
1779768808882,-0.47794287173487243,-9.559150572425127,-1.578675258360803
1779768808898,-0.5071222775332629,-9.535059502741694,-1.608004520958662
1779768808915,-0.5906198412355035,-9.585337153083085,-1.5593721536062657
1779768808932,-0.7673419243410229,-9.682750648608803,-1.4329286706902087
1779768808948,-0.7208046295717359,-9.74859236330688,-1.6560384840264915
1779768808965,-0.5723639805115759,-9.715521283832192,-1.7585395119495688
1779768808982,-0.3474588081911206,-9.644593644171952,-1.7687153073966502
1779768808998,-0.5026329302247613,-9.491214515796303,-1.6982354115039109
1779768809015,-0.636558731720224,-9.490317859217525,-1.5348312943287192
1779768809032,-0.6417959017213434,-9.558252746802568,-1.480961903105676
1779768809048,-0.7568671459473669,-9.562291793060302,-1.4692897316209972
1779768809065,-0.9451113245423882,-9.439290851813555,-1.418263308738917
1779768809082,-1.0693104625977574,-9.420435929217934,-1.4293364914171396
1779768809099,-1.2597991321839392,-9.41041020976603,-1.3998580296069383
1779768809115,-1.497723141357675,-9.521292843195795,-1.3412002350635825
1779768809132,-1.6066592438295482,-9.578602876392006,-1.340751176121831
1779768809149,-1.634791040271148,-9.641450669971109,-1.4845530594654381
1779768809165,-1.415871225970611,-9.600001638251543,-1.6645673890493808
1779768809181,-1.316811132281646,-9.611523149219154,-1.7060170052908359
1779768809198,-1.1703158451355993,-9.590124971881508,-1.802383622112125
1779768809215,-0.9618706630982458,-9.528623916736244,-1.7446229225389658
1779768809232,-0.8734348392762243,-9.460538807025552,-1.67010383425802
1779768809248,-0.8744822294373065,-9.500641684833168,-1.7404338002860544
1779768809265,-0.9796776110108941,-9.40277927649617,-1.809416297227889
1779768809282,-1.0633251045778394,-9.361927626147866,-1.8025331135854123
1779768809299,-1.3449430748537181,-9.328559025031328,-1.683272527910769
1779768809316,-1.5924436714723704,-9.303121801435946,-1.5131341340444981
1779768809332,-1.7663224209107458,-9.361777404022217,-1.4601619839221238
1779768809349,-2.1821653217591344,-9.419987016406655,-1.3450913972832261
1779768809366,-2.6010009746827185,-9.326613151660561,-1.2451327473193405
1779768809382,-2.743755248669535,-9.31419381507039,-1.1939568329639731
1779768809398,-3.0922613739565015,-9.449017296057939,-1.1385910657033325
1779768809415,-3.241749340112507,-9.556456511035561,-1.156398086681217
1779768809432,-3.2483333946779367,-9.517999646869301,-1.1089629662893712
1779768809449,-3.552695988464355,-9.359981752777099,-0.9156312552969902
1779768809465,-3.971531933648884,-9.196278798785805,-0.6937182505298406
1779768809482,-4.113986932428181,-9.188946556201577,-0.7020978832751512
1779768809499,-4.452467484393716,-9.125500212207436,-0.603785904539749
1779768809515,-4.617517469079792,-9.204359229388832,-0.41464411951787766
1779768809532,-4.710592935401201,-9.267507467219232,-0.37229631232768295
1779768809549,-5.474641371154785,-9.17428148651123,-0.3895051847493276
1779768809565,-5.97592734375,-9.073725601306558,-0.5169958020981401
1779768809582,-5.947646421161294,-8.993819120898843,-0.48901409991802647
1779768809599,-6.3329626663208005,-8.648005449566245,-0.38815842804918066
1779768809615,-6.553529078784584,-8.53547914058268,-0.018104334840469527
1779768809632,-6.737582746887207,-8.545354637908934,0.2512434912077151
1779768809648,-7.024139927130937,-8.125771381488441,0.11222999291811138
1779768809665,-7.0959659769356245,-8.17186034796834,0.15592373482454566
1779768809682,-7.0193515238106245,-8.054843157306314,0.1626572077980265
1779768809699,-7.046285707965493,-7.798813217273354,0.3121455392802134
1779768809715,-7.362619017791747,-7.6090721511840815,0.315437128171511
1779768809732,-7.486668591308593,-7.2252516975402825,0.20141385862845926
1779768809749,-7.042245492663979,-6.5886933311462395,0.2416661913767457
1779768809765,-6.800431124988198,-6.1553428306579585,0.43110805532373486
1779768809782,-6.827516115790605,-6.006303777313232,0.39459582241922614
1779768809799,-7.204902736994624,-5.778706151038408,0.3565881633251905
1779768809815,-7.498791575300693,-5.6106631220161916,0.5089193900831044
1779768809832,-7.576600791168213,-5.41388850402832,0.5140065571542829
1779768809849,-7.624036496081948,-4.990414377649128,0.525229596631974
1779768809865,-7.947254889246821,-4.644003617206216,0.3568877307936549
1779768809882,-8.147768109241127,-4.597166462707519,0.30720760795399543
1779768809899,-8.539369718280435,-4.587140743255615,0.3745447488415986
1779768809915,-8.728812093684077,-4.290858872333168,0.6669363343272358
1779768809932,-8.649501825603842,-4.144213143865764,0.5958586186718196
1779768809948,-8.296060143610834,-4.023307129071653,0.4513088395703584
1779768809965,-8.390030805206298,-3.882496682628989,0.433502220451273
1779768809982,-8.607604465594887,-3.796156662042439,0.5270257958663627
1779768809998,-9.00938026264608,-3.671807228796184,0.5467771558450535
1779768810015,-9.169645058882235,-3.473537988336384,0.21533008271288126
1779768810033,-9.149892310664058,-3.373280793817341,0.161909129377082
1779768810049,-9.211092921558022,-3.3391631278991696,0.24839973741546273
1779768810066,-9.157821350097656,-3.29771321939677,0.3609275077037513
1779768810082,-9.075670890155434,-3.094356300409138,0.3214230341807008
1779768810099,-8.916008151465654,-2.7612629944398996,0.20874586375067009
1779768810116,-9.126846366119384,-2.788795729009807,0.12150765221538022
1779768810132,-9.327810837012528,-2.7513866203308104,0.09876215192200616
1779768810149,-9.440038455310463,-2.7130793937683104,-0.02917726864023134
1779768810165,-9.33364728808105,-2.583044608362019,-0.008527571582328527
1779768810182,-9.146900143110752,-2.548628105627745,0.02933055037264712
1779768810199,-9.095423053851723,-2.3520040020264683,-0.048032538295723494
1779768810215,-9.140763247790932,-2.425775048419088,0.07706473590945824
1779768810232,-9.14884426291585,-2.286612223052978,0.03741158033894026
1779768810249,-9.497650101801753,-2.0946273235596715,-0.06898103906204342
1779768810265,-9.355493209186196,-2.053776111602783,-0.05730936875921907
1779768810282,-9.375395595008134,-2.0322281505309046,-0.10953333314608316
1779768810299,-9.304615839385987,-1.9630954314634204,-0.03621077943963464
1779768810315,-9.301174174499511,-1.867776423998922,-0.05446658993121236
1779768810332,-9.323920843836664,-1.82587804107666,-0.04339311955862213
1779768810348,-9.472359593200682,-1.7901145076476037,-0.029177419337281026
1779768810365,-9.551668107715248,-1.69180274810791,-0.046984545346442606
1779768810382,-9.51246305553019,-1.6371847304746507,-0.04593714148562867
1779768810399,-9.523984566497802,-1.5330372505187988,-0.10788712314190342
1779768810415,-9.638008420562743,-1.6020198935911059,-0.23852042243061586
1779768810432,-9.725248897120355,-1.6026188823975622,-0.10908457559843081
1779768810449,-9.712977444568276,-1.5164274765014647,-0.15128228852713946
1779768810466,-9.657014149805903,-1.507449220275879,-0.1662458525402937
1779768810483,-9.725995331573486,-1.5797241828918456,-0.08918254140294156
1779768810499,-9.682301735797523,-1.5257051540650426,-0.035462678185803814
1779768810516,-9.63965501872599,-1.401056737872213,-0.16430014356630854
1779768810533,-9.739912797766923,-1.4139255717955528,-0.19647277636392974
1779768810549,-9.804107914301753,-1.4446014266967773,-0.1418548865948338
1779768810566,-9.970802451324463,-1.3292306880675255,-0.15876390842022373
1779768810583,-9.766545953148603,-1.265185501397401,-0.15023478420162573
1779768810599,-9.699211954066156,-1.291522158050537,-0.09696374246422201
1779768810616,-9.638906830707192,-1.2336124053955078,-0.1373658498135861
1779768810632,-9.74260452106893,-1.1852792401853949,-0.12763923203926533
1779768810649,-9.817276023432612,-1.1065700798034668,-0.12105510440859943
1779768810665,-9.766399822676181,-1.086219511822611,-0.1330261857746169
1779768810682,-9.662399934497476,-1.0322001907348632,-0.041298115474171934
1779768810699,-9.629778352355956,-1.0214259910032153,-0.05117439825171605
1779768810715,-9.701604986682534,-0.997633758135885,-0.04354330058507621
1779768810732,-9.651326751819253,-1.0467151113647968,-0.10669020497491583
1779768810749,-9.60868061926961,-1.0450689515929668,-0.06718547572353854
1779768810765,-9.583988661083579,-1.0305541040282695,-0.005385620294790715
1779768810782,-9.635466334864496,-0.8390180442810058,-0.0113705216569826
1779768810798,-9.660755089899897,-0.8581718767579645,-0.0896316094778478
1779768810815,-9.562592237311602,-0.8970772884093224,-0.17806712277261538
1779768810832,-9.65880980105102,-0.9596260990418494,-0.019900029468070714
1779768810848,-9.688287239947915,-0.9587279080931097,-0.03172136363247409
1779768810865,-9.674669633483886,-0.9467570459228009,-0.05356874604234472
1779768810882,-9.745300336024165,-0.9243114784240722,-0.045787608913145955
1779768810899,-9.80605320315063,-0.9069535894531756,-0.08559080965444445
1779768810915,-9.788544434466958,-0.9484031326293945,-0.12285106161439326
1779768810932,-9.772085467097163,-0.9983822384156286,-0.08259839550596661
1779768810949,-9.762955235180257,-0.9886553557798266,-0.06838296014610677
1779768810965,-9.876981427332758,-0.9910497766356915,-0.0764629706240259
1779768810982,-9.898528657752275,-0.9295488676209002,-0.06823305539757711
1779768810998,-9.877877499389648,-0.882712078448385,-0.05162339554467471
1779768811015,-9.8252056473881,-0.9672573976378888,-0.008976493526762351
1779768811032,-9.75577438376546,-1.0431238088745622,0.044743012355704555
1779768811048,-9.794830382868646,-0.994042601776123,0.05102830545355682
1779768811065,-9.852738966479897,-0.9469066835265606,-0.014812138879807025
1779768811082,-9.866357157465815,-0.9882067352294921,0.020950915772164444
1779768811099,-9.760563371607661,-0.953939797033742,0.06269955791456158
1779768811115,-9.706392805480956,-0.8708907077513635,0.08379841209562727
1779768811132,-9.648184362140297,-0.9479542198181152,0.07556818291699165
1779768811149,-9.688885790362953,-0.9515454492431134,0.0933760007626086
1779768811165,-9.748742000910639,-0.9352350965637714,0.0588093866421841
1779768811182,-9.77417922450602,-0.9370307478088885,0.14814233055057702
1779768811198,-9.803059282031654,-0.9352349504332989,0.11552171880672685
1779768811215,-9.680206809344886,-0.9742902919493615,0.05806104792633559
1779768811232,-9.612869887652993,-0.9470563211303203,0.16639835795457475
1779768811248,-9.694722825953363,-0.903362213897705,0.1762744489358738
1779768811265,-9.830292741394043,-0.9648632690429687,0.1249488741438603
1779768811282,-9.836876795959473,-1.0356416364256291,0.11327692642146721
1779768811298,-9.8635128739506,-1.0188823709350079,0.11881406574985012
1779768811315,-9.820717103797197,-1.0283095399718731,0.051626261071907355
1779768811332,-9.786000010681152,-1.0199296880308537,0.11073400047300383
1779768811348,-9.827898539733885,-1.021575628606975,0.1457490627554711
1779768811365,-9.892842428809404,-1.0414776491027324,0.04803553397040814
1779768811382,-9.863812733680009,-1.0546456121031194,0.06404706809995696
1779768811398,-9.806502115961909,-1.064222637939453,0.023793575441045687
1779768811415,-9.663747257453203,-1.0712556053161622,0.08394821181287988
1779768811432,-9.708938398310542,-1.0733504587035625,0.18016493530208244
1779768811448,-9.772083713531494,-1.0471638049803673,0.13317887385198846
1779768811465,-9.784952547454834,-1.0024222345214338,0.049083143327198916
1779768811482,-9.78031553530395,-1.0253170801576226,0.0869406168282032
1779768811498,-9.772532626342773,-1.0179843991819768,0.09891176212630234
1779768811515,-9.780614225989579,-1.0332477270264178,0.12435009996653534
1779768811532,-9.796774502673745,-1.0962450851440428,0.06569247438653837
1779768811549,-9.724201433894038,-1.1115083399232477,0.08290042435957584
1779768811565,-9.732581139704585,-1.0274117874145507,0.14410319067800884
1779768811582,-9.815030290332436,-1.0423755477905272,0.13871528252800927
1779768811598,-9.75502736479044,-1.0230722238402814,0.08858750725239514
1779768811615,-9.629179801940918,-1.0223239627562464,0.04115219049772713
1779768811632,-9.714623458209633,-1.0663175643920897,0.08424795281128027
1779768811648,-9.768642633166909,-1.082627990136668,0.06090402540045324
1779768811665,-9.784206113001703,-1.0286090343751013,0.0166112353220582
1779768811682,-9.753081491419673,-1.0778396598815918,0.05072914783540181
1779768811698,-9.776275320002435,-1.0993876209534703,0.07541932505629956
1779768811715,-9.759514739337563,-1.0941499394956975,0.020951200755126773
1779768811732,-9.779118434473872,-1.15714773600474,0.08050619073337875
1779768811748,-9.797523275214433,-1.1635819337707012,0.10340086283963174
1779768811765,-9.765501412531734,-1.14532614611201,0.03516668178075924
1779768811781,-9.718364398303628,-1.1427823068480938,0.053122646242659534
1779768811798,-9.69741571829915,-1.1456254213195294,0.10729203419242984
1779768811815,-9.759065242004393,-1.1611878051757811,0.147544535904075
1779768811832,-9.750834589275717,-1.123329345294088,0.14919006548824254
1779768811848,-9.744103235194087,-1.0393828687805682,0.014067286460287869
1779768811865,-9.702203537097573,-1.0806826282225548,0.022297089805593712
1779768811882,-9.739013803100585,-1.0875658849302678,0.06539362387070433
1779768811898,-9.791538355585931,-1.060481697845459,0.09966001407718285
1779768811915,-9.777472420832515,-1.0547953958373517,0.0643457222529687
1779768811932,-9.664345223346352,-1.1020808055602014,0.04998110594707541
1779768811948,-9.698911509814858,-1.0987888513427226,0.08454710928779095
1779768811965,-9.738565474811196,-1.0919056677002459,0.1264449807533994
1779768811982,-9.853189048334956,-1.0597335828918963,0.0909815719152335
1779768811998,-9.804856102320551,-1.1148002941407262,0.06120349697079509
1779768812015,-9.766996619525552,-1.133355283941701,0.043994624549150464
1779768812032,-9.756820677947998,-1.1110590617857872,0.027235185528593137
1779768812048,-9.73542191608846,-1.135898757879436,0.0814042081521824
1779768812065,-9.739015556666255,-1.1472716541565955,0.06165180699387565
1779768812082,-9.76205857860148,-1.136796729632467,0.03471748584168963
1779768812098,-9.730486213251949,-1.1457752050537615,0.060454560033325104
1779768812115,-9.745898301917315,-1.106569860607758,0.07407225782889873
1779768812132,-9.733328158679605,-1.0857702336851507,0.08409761195462197
1779768812148,-9.762359607374668,-1.1149497856140136,0.054021106619457714
1779768812165,-9.815928115954994,-1.0794854543272405,0.11148216565891635
1779768812182,-9.860071209064126,-1.0977413150511681,0.08843789704809896
1779768812198,-9.84451006731689,-1.1086650062561034,0.12285407555538695
1779768812215,-9.739013218578696,-1.124676083727926,0.06928324715381022
1779768812232,-9.721506203460693,-1.105971310192719,0.09143021073187702
1779768812248,-9.730933957019447,-1.101033342333883,0.10085716057303361
1779768812265,-9.776723648291826,-1.0942995770994572,0.10055753373906481
1779768812282,-9.764752639991045,-1.1020809516906738,0.10085789579197298
1779768812298,-9.784204943957924,-1.1650782367430628,0.09023281307427677
1779768812315,-9.687987380218505,-1.1477202016416936,0.06793731700414792
1779768812332,-9.678860655432938,-1.1466727384153752,0.07601724985025357
1779768812348,-9.74215677730143,-1.128566734490916,0.07691485627710354
1779768812365,-9.707888596996664,-1.148617954199016,0.08035745274533983
1779768812382,-9.716717215618491,-1.181089314214885,0.031275483028497544
1779768812398,-9.73572236033976,-1.1785456941466779,0.0430968879748485
1779768812415,-9.745597857666015,-1.1460743341308086,0.022746198979695327
1779768812432,-9.69801251514852,-1.1155481898985802,0.02439279257636517
1779768812449,-9.72958663406372,-1.1463733170773833,0.025290814561746082
1779768812465,-9.759964236670731,-1.1342529634337872,0.020501341520709683
1779768812482,-9.822661223602294,-1.1427821607176214,0.045939769550843626
1779768812498,-9.74200713969767,-1.1969509732786565,-0.024389432717143788
1779768812515,-9.682901455256342,-1.1795933765687048,-0.027830852150090502
1779768812532,-9.68484440601766,-1.1481691875182092,-0.009874942487117368
1779768812548,-9.748891638514399,-1.1496657096862792,-0.01346554514938616
1779768812565,-9.777322198706864,-1.1736077262878417,-0.016907705509493824
1779768812582,-9.675718265753984,-1.1842317769590764,0.011224171418030164
1779768812598,-9.650877839007974,-1.1505633161131292,0.03875717884092882
1779768812615,-9.682450788879393,-1.1749540993954986,0.007633518523411475
1779768812632,-9.668086747962235,-1.1345523117065428,0.03681283241943456
1779768812648,-9.708938398310542,-1.1098621801514177,-0.009276040445629042
1779768812665,-9.705495564380287,-1.1409865825377403,-0.008976426169747719
1779768812682,-9.74305518744588,-1.1587934573851526,0.017359681352472397
1779768812698,-9.680507253596186,-1.1080664558410644,0.020202209018729624
1779768812715,-9.747244455829263,-1.1315594865661114,0.02394384323246777
1779768812732,-9.824158768683672,-1.1903670648436993,0.02454201462159399
1779768812748,-9.798570153918861,-1.1478699123106897,0.05626605198505567
1779768812765,-9.751284086608885,-1.1504136785093695,0.0444442771459464
1779768812782,-9.755923436847329,-1.1420338996335864,0.03516645345189608
1779768812798,-9.738415252685547,-1.1490668670102953,0.03995510793395806
1779768812815,-9.719562083655596,-1.14532614611201,0.03187403801011387
1779768812832,-9.79288509401977,-1.094449506964162,0.03337101683591027
1779768812848,-9.828347452545165,-1.1505633891783653,0.07796250673308969
1779768812865,-9.787945299530028,-1.1659759162351488,0.0908311945259571
1779768812882,-9.663596450805663,-1.158194760839641,0.053422752567240966
1779768812898,-9.707440853229164,-1.1059714563231915,0.060155554253864096
1779768812915,-9.766099962946772,-1.1228805786132812,0.08215223634077701
1779768812932,-9.766697928839921,-1.220593860803172,0.06374715357162059
1779768812948,-9.794980020472407,-1.1816883030213414,0.06808661211461293
1779768812965,-9.778369077411293,-1.1885714866638184,0.08514507974751759
1779768812982,-9.754276838684081,-1.0764928483825176,0.06045574734341353
1779768812998,-9.821913035583496,-1.133654339953512,0.10085722450511529
1779768813015,-9.888053440967202,-1.159092732592672,0.09636785436372738
1779768813032,-9.881768661609291,-1.121384056445211,0.11761681422272231
1779768813048,-9.835981892946362,-1.1180923944886774,0.19872070142119191
1779768813065,-9.816676303973793,-1.1148001480102538,0.1921358933705138
1779768813082,-9.744851423212886,-1.2120646635193377,0.12075960576047655
1779768813098,-9.632771688953042,-1.2309187093321232,0.08379853310992474
1779768813115,-9.569925064417719,-1.1864764140807091,0.063747126172157
1779768813132,-9.56917687639892,-1.164479832458496,0.04997991863698698
1779768813148,-9.661054949629307,-1.1608884569030253,-0.005684237915184348
1779768813165,-9.64040320674479,-1.1792938821654766,-0.013914171407942193
1779768813182,-9.699958973041177,-1.1830347491942346,-0.06793401080220937
1779768813198,-9.76220763168335,-1.2249332051817328,-0.01660805698428303
1779768813215,-9.823110720935464,-1.204582637200877,0.011823672251962125
1779768813232,-9.725247728076576,-1.2114660400390624,-0.05132375501097412
1779768813248,-9.605986557880044,-1.2310683469358832,-0.0809518041925854
1779768813265,-9.644443422046303,-1.240495735168457,-0.06329500534035032
1779768813282,-9.788245159259438,-1.2571053630553186,-0.0032905819610110484
1779768813298,-9.801413852912187,-1.2345100848875938,0.015115338775073177
1779768813315,-9.732430333057046,-1.267280866241455,0.015115197211178018
1779768813332,-9.694722825953363,-1.2797010796144603,0.025589267785358243
1779768813348,-9.771785607367754,-1.229572190093994,0.011972207027312833
1779768813365,-9.814881821772456,-1.2232872646056114,0.017659438333893194
1779768813382,-9.762956404224038,-1.244685441943258,0.07511973247166025
1779768813398,-9.77373089621663,-1.2886790435791016,0.03112555544708157
1779768813415,-9.747245040351151,-1.2530652938842772,0.035017126375390215
1779768813432,-9.667937110358476,-1.258751376696676,-0.0011961007496574894
1779768813448,-9.692027595520019,-1.2915218657895922,0.010625986899994314
1779768813465,-9.732879245868325,-1.2961609237670897,0.02394348703944124
1779768813482,-9.776423204040526,-1.278503540392965,0.08978455100025748
1779768813498,-9.713877023756503,-1.3215994625367224,0.05267367863245308
1779768813514,-9.70295347868204,-1.3515269832886754,0.00927946081199916
1779768813532,-9.711181793323158,-1.4079400676451623,0.05162615832391893
1779768813548,-9.718365567347407,-1.4167689785279334,0.01167383371880278
1779768813565,-9.6655440777421,-1.4392146190918982,0.03950590971159981
1779768813582,-9.726444828906654,-1.4520831607542932,0.026038692053291013
1779768813598,-9.71626947185099,-1.485302708788961,0.04055310807643691
1779768813615,-9.734823950195311,-1.5092447253905237,0.010924855682137422
1779768813632,-9.643545596423744,-1.5216647926330567,-0.0011948312411783262
1779768813648,-9.61346843806803,-1.4893429240904748,-0.05775911953742616
1779768813665,-9.663297760120034,-1.5285479762755334,0.016760549840476594
1779768813682,-9.720458740234374,-1.5812204127989709,-0.017356628595571966
1779768813698,-9.630826400104164,-1.5544351355955004,-0.04892963669085293
1779768813715,-9.552266658130288,-1.5619173080444335,-0.03246912724499852
1779768813732,-9.510219075995684,-1.5879539588376879,-0.013615275511746586
1779768813748,-9.49345849533081,-1.6551415351867675,0.008231580029272299
1779768813764,-9.418640277972816,-1.692850065203756,0.01825730918515328
1779768813782,-9.300127880316973,-1.7100586818970738,-0.03830534113691247
1779768813798,-9.207202928382157,-1.6677110939025879,-0.019152423117050784
1779768813815,-9.247007700026035,-1.7283144695557653,-0.0004468030525837093
1779768813832,-9.19283596485555,-1.957857969201356,0.016311409841978455
1779768813848,-8.979306026899813,-2.1824647430971265,0.12868998320121317
1779768813865,-8.947281826129554,-2.252943762207031,0.11686831567666958
1779768813882,-8.783428065490723,-2.3246200282774865,-0.2802701632629614
1779768813898,-8.282442537146807,-2.1691468502320346,-0.2813172520299442
1779768813914,-8.265681956481933,-2.224213050024211,-0.018104816614370793
1779768813932,-8.903587645831704,-2.407370061548054,0.013917383995046839
1779768813948,-9.2127377661556,-2.862567067663371,0.008081453516334295
1779768813965,-9.224261030688881,-3.234117530059814,0.0185565059046261
1779768813982,-9.202713215747474,-3.2722751190185546,-0.003140700045367703
1779768813998,-9.165752727618813,-3.51154564743042,-0.2861050616952125
1779768814015,-8.693197174945473,-3.995922570800781,-0.47135652474765666
1779768814032,-8.398411095538735,-4.243573097284138,-0.19168373372280037
1779768814048,-8.431929918780922,-4.4238864098146555,0.3022691012390423
1779768814065,-8.925733426666259,-4.32512500681132,0.1476937625158811
1779768814082,-8.978706891962885,-4.318542121289671,0.08050672045634127
1779768814098,-8.911367047661543,-4.3897681593745945,-0.045488960468355794
1779768814115,-8.820686659783124,-4.663006423839926,-0.26006861639793494
1779768814132,-8.599972947803138,-4.7397716836124655,-0.2656051301052328
1779768814148,-8.52799842943847,-5.076606514197588,-0.24704969277968628
1779768814165,-8.400058278223872,-5.360768323737383,-0.1135729684922844
1779768814182,-8.354566693115235,-5.451746817779541,0.04818473318275064
1779768814198,-8.080580825152992,-5.73979978953898,-0.07541600058805197
1779768814215,-7.696459927257895,-6.011241818237305,-0.8607136701952666
1779768814232,-7.3946414649963375,-6.134243928527832,-1.0393816266715525
1779768814248,-7.256227266040444,-6.411522992816567,-0.5162481255359948
1779768814265,-7.738209987750649,-6.890812237659096,-0.35030009603165085
1779768814282,-8.01144766769409,-7.114669508361816,-0.6471809557605535
1779768814298,-7.390002699279785,-7.180210778808593,-1.1852777058154345
1779768814315,-6.282983706665039,-6.937348947906494,-1.4761730613939463
1779768814332,-5.767782021442056,-7.005883554950356,-1.333868284740299
1779768814348,-5.661240632086992,-7.749433977076411,-0.9071014004260302
1779768814365,-5.9971770525276655,-8.550893567335605,-1.071104506407678
1779768814382,-6.088455406299233,-8.81739638606608,-1.1954533551320432
1779768814398,-5.83541704929769,-8.779536903271078,-1.721429386217147
1779768814415,-5.043985224317014,-8.583065067622066,-1.812259557829797
1779768814432,-4.731242924720049,-8.561817112410068,-1.6894067928820848
1779768814448,-4.925621002960205,-8.768165029907227,-1.7727550843067466
1779768814465,-5.334431813214719,-8.947582270380854,-2.0064893136404454
1779768814482,-5.368697947692871,-8.910919888415933,-2.0768191335380077
1779768814498,-4.941033968408406,-8.750807652392982,-1.9167063129931687
1779768814515,-4.144662348937988,-8.954314208984375,-1.8745088009938597
1779768814532,-3.9172131912231443,-9.18640213241577,-2.029533066228032
1779768814547,-3.733607851409912,-9.450512503051756,-2.328359799327701
1779768814564,-3.6107556709840893,-9.322723158484697,-2.2979836580254136
1779768814581,-3.637840077264607,-9.215432412067056,-2.4368472081840036
1779768814597,-3.7259766258791087,-9.156924108996987,-2.685993672313541
1779768814614,-4.103512300164997,-9.380931601825356,-3.015196254454553
1779768814631,-4.117278667449951,-9.483433360400795,-3.0262694371327754
1779768814647,-3.31656814199239,-9.479244092017412,-2.837427073448896
1779768814664,-1.9735709405094384,-8.894012592756747,-2.3654700711905954
1779768814681,-1.366191614587605,-8.633193080359696,-2.2258581868827343
1779768814697,-1.1248264519840478,-8.590697169935703,-2.109140855950117
1779768814714,-1.1309613014772533,-9.09647051707804,-2.41036106005758
1779768814731,-1.0037693382814525,-9.293543241229653,-2.56373960391134
1779768814747,-0.7220015842713415,-9.228001970782875,-2.725348215971887
1779768814764,-0.8096892200745641,-9.05951002894938,-2.8651103224053975
1779768814781,-0.9920974590577185,-9.01431888809204,-2.8832158879384395
1779768814797,-1.5421654366090893,-8.97571297084391,-2.9056615285024043
1779768814814,-1.7715597370423375,-9.047688658252358,-2.929453907500207
1779768814831,-1.7615338714599609,-9.072378278350829,-2.9774869937852024
1779768814847,-1.5008653118409216,-9.233539146643876,-3.020733138054609
1779768814864,-1.313519031933695,-9.253141672736406,-2.8387735196217894
1779768814881,-1.1999439445495605,-9.229946090587973,-2.7736811619862913
1779768814897,-0.9859623173035681,-9.225907628852129,-2.6056381329640743
1779768814914,-1.1088148630555719,-9.274092106306552,-2.586484811943769
1779768814931,-1.1459248426575213,-9.297883316260576,-2.614915372136235
1779768814948,-1.013196215057373,-9.399936162024735,-2.739114875517785
1779768814964,-0.8963293195862323,-9.433155125537514,-2.7711370304614302
1779768814981,-0.8177696141449734,-9.423878178626298,-2.7581191434562204
1779768814997,-0.7160159339904785,-9.445575046649575,-2.6994609105214473
1779768815014,-0.3248633838929236,-9.41609702323079,-2.507625502501428
1779768815031,-0.48078569394536314,-9.483133500671386,-2.4338538715869187
1779768815047,-0.6030395066192373,-9.505130228424072,-2.256682948735356
1779768815064,-0.6522704243866726,-9.428217669135332,-2.3000782922171057
1779768815081,-0.6636428092071787,-9.423578318896888,-2.3083087988153097
1779768815098,-0.5527614544190466,-9.57621042829752,-2.1182684575185178
1779768815114,-0.43858788968510926,-9.699510060229898,-2.4108102651298045
1779768815131,-0.4285621519668959,-9.745001645338535,-2.800167163982242
1779768815147,-0.5680244169373065,-9.636662266650795,-3.056047320280969
1779768815164,-0.6004956490890122,-9.483881688690184,-2.9119463078603145
1779768815181,-0.485274785525538,-9.496451831927894,-2.856729739812016
1779768815198,-0.2609679626907222,-9.587281857410073,-2.704398659184575
1779768815214,-0.2964321113144047,-9.544784777942299,-2.5252824474841353
1779768815231,-0.34386719517363235,-9.504233571845292,-2.528874042235315
1779768815247,-0.38741173786772415,-9.373300084033607,-2.464978785429895
1779768815264,-0.4578910492385737,-9.260922243610024,-2.4193390240222215
1779768815281,-0.5289690571549348,-9.267956380030512,-2.416197511126101
1779768815298,-0.6588544789521024,-9.290700711280106,-2.366667172020674
1779768815314,-0.7275380294799805,-9.29534006151855,-2.3144436483085156
1779768815331,-0.7019499992370605,-9.315390331378579,-2.335242690709233
1779768815348,-0.688781853573583,-9.380482104492186,-2.481288991978764
1779768815364,-0.6437410444397479,-9.285013897815347,-2.5879803111985322
1779768815381,-0.6186018904754892,-9.268853621131182,-2.55416308953166
1779768815398,-0.5870284291474148,-9.329905178943276,-2.4652780606374143
1779768815414,-0.5472247169494628,-9.369259868732094,-2.461686465886235
1779768815431,-0.5545569960663095,-9.3852705078125,-2.4794930484727025
1779768815448,-0.6352117010254412,-9.349058792224525,-2.5288743344962596
1779768815464,-0.7212532501220703,-9.31389453986287,-2.5807979984790084
1779768815481,-0.7139211902009323,-9.315092809736727,-2.5764588002309203
1779768815498,-0.624437720489502,-9.401880866351723,-2.5718194499924776
1779768815514,-0.5349545430390164,-9.425225501582027,-2.582145613695681
1779768815531,-0.5461773633209989,-9.405023256030677,-2.585735747142136
1779768815548,-0.5654805046081542,-9.433604038348793,-2.6330215221911666
1779768815564,-0.5078701367584988,-9.457397001868486,-2.576309454888105
1779768815581,-0.4665701215881854,-9.42402664718628,-2.5876816205129027
1779768815598,-0.3957915350098163,-9.37838776256144,-2.5537138844594356
1779768815614,-0.4273649963378906,-9.403227020263671,-2.5782544514760373
1779768815631,-0.45444943915102626,-9.407267820087075,-2.5882801709279417
1779768815648,-0.4333505370208993,-9.387216381183267,-2.562991415892541
1779768815664,-0.40851076786201446,-9.400533543395996,-2.613867616648972
1779768815681,-0.419434203338623,-9.392004784503579,-2.576009887419641
1779768815698,-0.3528455061981454,-9.439439904895425,-2.5441370778188106
1779768815714,-0.26156675056777895,-9.42821825365722,-2.562393157738447
1779768815731,-0.24929624786376953,-9.441534246826171,-2.565235979948938
1779768815748,-0.2460043667115271,-9.419538688117266,-2.569276341380924
1779768815764,-0.27353757620546965,-9.391555871692299,-2.5004430436514316
1779768815781,-0.24226335355229675,-9.426422017890214,-2.5056803597830233
1779768815798,-0.2323873082367703,-9.424325922393798,-2.5257316525563596
1779768815814,-0.27144272281806914,-9.411457672992348,-2.4914646412953734
1779768815831,-0.35673615696113553,-9.428217669135332,-2.493260438670963
1779768815848,-0.3884594020234421,-9.446474625837803,-2.490866383141279
1779768815864,-0.35613749694824215,-9.457695108032226,-2.480092037279159
1779768815881,-0.3696050274170935,-9.462783955603838,-2.455850599339604
1779768815898,-0.38112712290659545,-9.470116198188066,-2.458244947130233
1779768815914,-0.4122517079560086,-9.453506424170731,-2.4075183839775622
1779768815931,-0.37933139859624204,-9.419239412909745,-2.3831267239123584
1779768815948,-0.38681327878423033,-9.417593399268387,-2.3847731759451327
1779768815964,-0.43514622479863463,-9.417743036872148,-2.390010638207197
1779768815981,-0.4953005415100604,-9.414450425067544,-2.426073008452356
1779768815998,-0.5038298483917489,-9.43659679042399,-2.393302665489912
1779768816014,-0.4682161717621609,-9.441385193744301,-2.3717547044180334
1779768816031,-0.43185408791806545,-9.444078086090087,-2.359035508098453
1779768816048,-0.4221276802062988,-9.455750988227129,-2.3527505826100708
1779768816064,-0.42332485410161313,-9.468620406672358,-2.3814810025319457
1779768816081,-0.42108021697998044,-9.476700252753496,-2.404974252452701
1779768816098,-0.4629787460327148,-9.453057511359452,-2.4064704823598264
1779768816114,-0.5247791494507342,-9.446173012542724,-2.38178057000041
1779768816131,-0.5735610813416541,-9.430612455317377,-2.3539476834401487
1779768816148,-0.546775950268656,-9.408165645709634,-2.3602323166675863
1779768816164,-0.4718074011871591,-9.408315283313392,-2.386269405852258
1779768816181,-0.4746504791259765,-9.430760923877358,-2.3992883157707747
1779768816198,-0.4858733724731952,-9.440489121687412,-2.390010930468142
1779768816214,-0.4652233100891113,-9.458443880572915,-2.368312893401086
1779768816231,-0.40776247024536133,-9.446174181586503,-2.397043897844851
1779768816248,-0.391900847714208,-9.438242804065347,-2.391805851060897
1779768816265,-0.37873277511596676,-9.428217669135332,-2.4133538121327756
1779768816281,-0.39010526953432706,-9.418041143035888,-2.3950981706045567
1779768816298,-0.4095581580230966,-9.428367891260981,-2.386419481847435
1779768816314,-0.4756979423522949,-9.462633148956298,-2.3409286273911594
1779768816331,-0.46208099347539244,-9.49959422160685,-2.3602326089285315
1779768816348,-0.42975923453066495,-9.465327794867754,-2.3813313649281858
1779768816364,-0.4182371025085449,-9.432257299914955,-2.391656067326665
1779768816381,-0.4590882414001971,-9.423727956500649,-2.369958760911971
1779768816398,-0.4273649963378906,-9.41070948497355,-2.355444059477746
1779768816414,-0.42287597782295194,-9.433006072455644,-2.3392834905326363
1779768816431,-0.4173392403533682,-9.497498710632323,-2.3400306556381283
1779768816448,-0.4352959354676306,-9.491066047236323,-2.318932922551781
1779768816464,-0.45774153949897733,-9.45455388739705,-2.334345303478092
1779768816481,-0.4439746972899884,-9.431059614562988,-2.3647217370413243
1779768816498,-0.43155492230840026,-9.430761508399248,-2.3587365251518784
1779768816514,-0.3725976333618164,-9.452010048133134,-2.342874500761926
1779768816531,-0.3625719139099121,-9.489419449073075,-2.3472141374014317
1779768816548,-0.3725976333618164,-9.495403784179686,-2.3361408085927367
1779768816564,-0.40237555304262784,-9.466076567408441,-2.331801610344648
1779768816581,-0.3582324964661151,-9.424027816230058,-2.318633208952844
1779768816598,-0.3571850697724148,-9.443331067115068,-2.336290300066024
1779768816615,-0.35090014428403227,-9.46233387374878,-2.331651826610416
1779768816631,-0.28386264393012967,-9.496452416449785,-2.335990878728032
1779768816648,-0.2685995352813974,-9.489718724280594,-2.322822915727645
1779768816664,-0.3350385582854971,-9.456048509868978,-2.2728438099414108
1779768816681,-0.44981063690185547,-9.446323819190264,-2.2689533783741296
1779768816698,-0.475697978884913,-9.452458960944414,-2.2622199784658847
1779768816715,-0.4571429890839383,-9.477747715979813,-2.280176198656112
1779768816731,-0.3827729904174804,-9.503035886493326,-2.2650630929373206
1779768816748,-0.3682582159180194,-9.492412201148271,-2.2495003437548875
1779768816765,-0.41329917118232695,-9.46787104960978,-2.225857748491317
1779768816781,-0.45415016394350677,-9.462483511352538,-2.2096968872852623
1779768816798,-0.4587890392579138,-9.473706916156411,-2.1824626972705126
1779768816814,-0.47450091458745297,-9.461136772918701,-2.192637908195704
1779768816831,-0.47210660332944243,-9.498097845569253,-2.2101458000965417
1779768816848,-0.4929063398499042,-9.510666819763182,-2.237529627715051
1779768816865,-0.45819034271240233,-9.516203995624185,-2.2568327324695883
1779768816881,-0.5514146063873544,-9.668684713855384,-2.133830914440006
1779768816898,-0.6444891593933105,-9.749787710571288,-2.0887897034473717
1779768816915,-0.6503251720704137,-9.763107210871576,-2.0989653527639804
1779768816931,-0.4435258940765634,-9.616012861853838,-2.170790818046778
1779768816948,-0.41329917118232695,-9.567530278235674,-2.2113430470570923
1779768816965,-0.433051334878616,-9.41025998764038,-2.2637166467644274
1779768816981,-0.47809225361030544,-9.271546513476967,-2.213737248717248
1779768816998,-0.4972458668915555,-9.262419788691401,-2.1815654561698437
1779768817015,-0.4635773695129901,-9.287558321601152,-2.1921895799063145
1779768817031,-0.46701910746470093,-9.433155125537514,-2.22675586637482
1779768817048,-0.4269161200592294,-9.495554006305337,-2.2563836735278366
1779768817065,-0.35763401911631226,-9.559749707362055,-2.2854140993095933
1779768817081,-0.32830497571416195,-9.584288520812988,-2.24007302858755
1779768817098,-0.34895503809824585,-9.565885433638096,-2.188897991015017
1779768817115,-0.36376908780522643,-9.535509000074862,-2.162262643676251
1779768817131,-0.37454295874331145,-9.503484214782715,-2.098216287962347
1779768817148,-0.3260603751251474,-9.438693470442294,-2.1037536099538205
1779768817165,-0.35538934546206147,-9.529521742358803,-2.051680016106367
1779768817181,-0.5195417967865243,-9.713276719775795,-1.9440904328726232
1779768817198,-0.6117185972351581,-9.587432079535722,-2.072628842241317
1779768817215,-0.6190508398193866,-9.468021271735429,-2.0723298592947423
1779768817231,-0.6471827823914588,-9.438991576606035,-2.0642488441698252
1779768817248,-0.8547300292083994,-9.591770985522865,-2.048985808586329
1779768817265,-0.9274538681030273,-9.630676177978515,-2.009481773454696
1779768817281,-0.9487025174347683,-9.540295649829506,-1.9669849862478672
1779768817298,-0.8050503447601571,-9.370307916480302,-1.978057876665145
1779768817315,-0.717213180951029,-9.39140740313232,-1.9996059838674962
1779768817331,-0.5844845168182626,-9.42926513236165,-1.9648896214038132
1779768817348,-0.4812346432892605,-9.500044887983798,-1.9493280412651597
1779768817365,-0.4266169179169461,-9.528025366321206,-1.9285279759511351
1779768817381,-0.3561375700134784,-9.561394551959634,-1.9521702789537607
1779768817398,-0.3268087823396548,-9.581147884699702,-1.953218765093386
1779768817415,-0.32800573703926056,-9.578453823310136,-1.9756636750049887
1779768817431,-0.3458125388214364,-9.613618660193682,-1.9626453496083616
1779768817448,-0.348206850079447,-9.597008886176347,-1.9618973077200352
1779768817465,-0.37140056906435637,-9.565734626990556,-1.9379548527270554
1779768817481,-0.412700657299906,-9.475802427130937,-1.9267324708364904
1779768817498,-0.3625720600403845,-9.408614558520913,-1.9321189861804247
1779768817515,-0.3492543133057654,-9.409362746539712,-1.877351477073878
1779768817531,-0.36751002789922055,-9.492112341418862,-1.8801953221976755
1779768817548,-0.42721550486460325,-9.537602172961831,-1.8843842983201144
1779768817565,-0.5255274105347693,-9.545233690753578,-1.860891779051721
1779768817581,-0.6392519163269549,-9.583840777045488,-1.8254276669606566
1779768817598,-0.641346952377446,-9.553165068274735,-1.78966471805349
1779768817615,-0.6483798832215368,-9.533861232867837,-1.7524046624563634
1779768817631,-0.651821401977539,-9.53236427230835,-1.6564869584463535
1779768817648,-0.6754642164368182,-9.557953471595049,-1.6997317875415086
1779768817665,-0.6821979816712439,-9.561245498877764,-1.7236740964040158
1779768817681,-0.7398083860535174,-9.533561957660316,-1.7075133813284336
1779768817698,-0.6548143001832067,-9.461885545459388,-1.7542006059624253
1779768817715,-0.5817910764832049,-9.426869761657715,-1.7131994641408324
1779768817731,-0.5933130258422344,-9.464877128490805,-1.6826729545824228
1779768817748,-0.7013515949524939,-9.579501286536454,-1.704221061784774
1779768817765,-0.7716814879152923,-9.605539398634432,-1.7609341520011423
1779768817781,-0.8393173925537616,-9.538949495917558,-1.7847263848684727
1779768817798,-0.8860044710572809,-9.452159685736895,-1.6542423943899571
1779768817815,-1.0203790392335503,-9.515006894794105,-1.5075971043139695
1779768817831,-1.2584523937501013,-9.662699794226885,-1.5219627526663242
1779768817848,-1.259050798034668,-9.743651984295248,-1.5607187459096312
1779768817865,-1.3412019886292517,-9.740361126056312,-1.6184787148304283
1779768817881,-1.4784195251464842,-9.695020347595214,-1.666661730980128
1779768817898,-1.5224131267823278,-9.600151275855302,-1.5895986573047935
1779768817915,-1.5809212837219238,-9.587729601177573,-1.5120865246877073
1779768817932,-1.6886602122984826,-9.589376199340819,-1.4742279186755418
1779768817948,-1.9801545566834509,-9.58219417888224,-1.3727739155873655
1779768817965,-2.1660046066835523,-9.510966679492592,-1.3319222652390599
1779768817981,-2.3939025310792026,-9.382427393341064,-1.390730281908065
1779768817998,-2.3235727111816407,-9.200019154357909,-1.3190537235766648
1779768818015,-2.290203525543213,-9.112781015887856,-1.2211905845873057
1779768818031,-2.657713480377197,-9.207951116400956,-1.022621922789514
1779768818048,-3.272574686487019,-9.452759405195712,-1.0740977699395269
1779768818065,-3.504363334710896,-9.493908577185868,-1.0691593636892736
1779768818081,-3.689614395904541,-9.451261860114336,-1.127367880095169
1779768818098,-3.6378403695255517,-9.187301711603999,-1.0265126466177403
1779768818115,-3.550302079065144,-9.023298313361407,-0.9018645226858556
1779768818131,-4.214543402154743,-8.94997588751912,-0.7477376446828246
1779768818148,-4.45321538015157,-8.926333146125078,-0.5725118645496666
1779768818165,-4.616320075988769,-8.930521829986573,-0.4587876510184258
1779768818182,-4.7858594810485835,-8.867973311614989,-0.5171457319628447
1779768818198,-4.82955395360738,-8.71414643947184,-0.4119505695849657
1779768818215,-4.976348150634766,-8.691850436511634,-0.28281313487719745
1779768818231,-5.213823027801514,-8.604162216186523,-0.38262170884590596
1779768818248,-5.459228113445639,-8.354715746197105,-0.3682565354175865
1779768818265,-5.5090580200195305,-8.274660797229409,-0.29882518046339973
1779768818282,-5.795016065326332,-8.434922670856118,-0.13601912051290274
1779768818298,-6.325929698944091,-8.687061448669432,0.15382891796976328
1779768818315,-6.374561335644126,-8.549843181499838,0.1081898997725395
1779768818332,-6.634931350708007,-8.215702412304282,0.12943805248900317
1779768818348,-6.340445131030679,-7.894880558887124,0.1981220688077621
1779768818365,-6.40389089050293,-7.951891901397705,0.2436118820844218
1779768818382,-6.463896154132485,-7.841759209552407,0.5481237481484189
1779768818398,-6.803723152270913,-7.608923098102212,0.34880664260350164
1779768818415,-6.951864964514971,-7.513604529029131,0.3450663235640153
1779768818432,-7.259070380511879,-7.3756380738407366,0.46507476846389467
1779768818448,-7.0646905487060545,-7.105391392406821,0.4855758508313447
1779768818465,-7.144148700824379,-6.966678502765298,0.4303600134354085
1779768818482,-6.926276349750161,-6.8393363174438475,0.6970139310743659
1779768818498,-7.261316113612056,-6.884826733508706,0.8306403842970729
1779768818515,-7.475148249384761,-6.271013867408037,0.8149285089675337
1779768818532,-7.358579387012123,-5.8367649567753075,0.5786500019785017
1779768818548,-7.445518834796547,-5.517139035144448,0.29867848373539746
1779768818565,-7.879018972888589,-5.738901379394531,0.6350644745744765
1779768818581,-7.966106304711103,-5.768678678020835,0.7538750514592975
1779768818598,-8.00621093608439,-5.4239142234802245,0.6630460488904267
1779768818615,-7.8251482664912935,-5.138255745641887,0.6118694038826972
1779768818632,-7.8209595826298,-5.070620425525307,0.6488298189461231
1779768818648,-7.938276633021235,-4.940884915326535,0.7387623110666871
1779768818665,-8.550444070002436,-4.597915235248208,0.7261937021989375
1779768818682,-8.741829396167397,-4.460846605682373,0.6054353522472083
1779768818698,-8.853159773364663,-4.3807904876708985,0.6727720547433942
1779768818715,-8.945634643444418,-4.1944910864681,0.7448978912122547
1779768818732,-9.063699881854653,-4.097826071222126,0.7296340519111603
1779768818748,-9.157823103663326,-3.8404493927553296,0.6103730278450995
1779768818765,-9.466226205012202,-3.6040222710758445,0.5976542699169367
1779768818782,-9.508272033581138,-3.436128295135498,0.6835467659316956
1779768818798,-9.198372556194663,-3.359363912145793,0.690878277863562
1779768818815,-9.11622268077433,-3.2842458350583907,0.6364101900950074
1779768818832,-9.201665752521157,-3.2097266006469725,0.6471847551528364
1779768818848,-9.373747827801107,-2.9767405593320726,0.5900226790599524
1779768818865,-9.547925998577474,-2.7678464644834397,0.7284373164072633
1779768818882,-9.406518463024497,-2.7889453666135666,0.7389117294747382
1779768818898,-9.10395064370036,-2.423380700628459,0.5334590072516352
1779768818915,-8.998456717571615,-2.3545474028989672,0.43320261645019054
1779768818931,-9.038709232982992,-2.266261070550233,0.4294619686171412
1779768818948,-9.226954507556558,-2.281674182128906,0.5834393186142668
1779768818965,-9.15482918254435,-2.0542250244140625,0.47525081963930277
1779768818982,-8.85495600913167,-2.1250036109924317,0.5690733049357309
1779768818998,-9.049332918328046,-2.3593356600888074,0.4487647811107337
1779768819015,-9.222166104236244,-2.0368669162474573,0.142457117671147
1779768819032,-9.32676278926432,-1.9812017276488243,0.1581687738049775
1779768819048,-9.658509356799721,-1.7772458198547363,0.38591680486854163
1779768819065,-9.624391983142495,-1.70945983922109,0.33129940828979015
1779768819081,-9.44946562434733,-1.6835725337706506,0.30167127234321084
1779768819098,-9.270947378540038,-1.5626652038022875,0.43290359697099773
1779768819115,-9.420884842029214,-1.3515266910277306,0.4800387115029618
1779768819132,-9.442582294574379,-1.2017396688599138,0.43380164178926495
1779768819148,-9.554960719519853,-1.079485600457713,0.25962284995838997
1779768819165,-9.69801251514852,-0.8961794627867639,0.20261084986068306
1779768819181,-9.749639826533198,-0.8200140686035156,0.24465857812575995
1779768819198,-9.676016371917724,-0.8693941855832934,0.3037661074643023
1779768819215,-9.708188456726074,-0.8728359235350042,0.3199267312083393
1779768819232,-9.688437462073564,-0.8551789054870605,0.2935909330717288
1779768819248,-9.605388591986895,-0.7263407825194299,0.20066563407704233
1779768819265,-9.494206683349608,-0.8237550817627459,0.3166348500560969
1779768819282,-9.504981175342202,-0.8824128763061017,0.421231169757992
1779768819298,-9.718365567347407,-0.7439981658935546,0.2412181188156828
1779768819315,-9.950302684131264,-0.7128736173767596,0.08185326709393412
1779768819332,-9.926211029925941,-0.7456441064696758,0.06329836862450465
1779768819348,-9.695471598494052,-0.8236055172242224,0.3278574694086797
1779768819365,-9.6339699588269,-0.7012019573487341,0.43814034684700887
1779768819382,-9.695917588695883,-0.6117184511046856,0.3411758189314976
1779768819398,-9.736471132880448,-0.5804444111146032,0.33055105587420985
1779768819414,-9.871744695723056,-0.47390236417241394,0.3404273934506811
1779768819432,-9.838674200770258,-0.46477454340830443,0.30675896913735196
1779768819448,-9.737668233710528,-0.4562449807982892,0.321572817914933
1779768819465,-9.6849952126652,-0.4846761255126446,0.3054119749751873
1779768819481,-9.742008893263339,-0.4382886144775897,0.30586145404204723
1779768819498,-9.768494164606928,-0.4845267071045935,0.27518545301035047
1779768819515,-9.617508653369546,-0.47629649276733393,0.22894684892669317
1779768819532,-9.656863927680254,-0.5256768289428204,0.3414746557475999
1779768819548,-9.764602417865396,-0.6171054779052734,0.2805723336804658
1779768819565,-9.766697344318032,-0.5229835712708533,0.24570622401516884
1779768819582,-9.764003867450356,-0.508169302368164,0.22311178609766064
1779768819598,-9.741706695446371,-0.6039373687744141,0.23642909444086252
1779768819615,-9.756372934180497,-0.6373067005433142,0.4089610689127818
1779768819632,-9.771036834827065,-0.6432919854979962,0.42138051510080693
1779768819648,-9.859323605567216,-0.5316624792236835,0.3332448432691395
1779768819664,-9.87563351985514,-0.5593453628540038,0.2675533506967127
1779768819681,-9.928903922271727,-0.5575497846741229,0.2871563882458955
1779768819698,-9.925312035259603,-0.4656720767699182,0.3353389294715598
1779768819715,-9.758618082758783,-0.6389527141846716,0.35329591684676703
1779768819732,-9.714025492316484,-0.6818985603332519,0.35120164798125625
1779768819748,-9.771786191889642,-0.589422594274953,0.3220214384652674
1779768819765,-9.76834160439372,-0.5440822542052716,0.28401370630599554
1779768819782,-9.775676185065507,-0.6090249742370099,0.2964330428961664
1779768819798,-9.825655144721269,-0.6854898628234863,0.3302520911939442
1779768819815,-9.877280702540277,-0.7287350572448223,0.29852877306640146
1779768819832,-9.766398069110512,-0.7329250562805681,0.32277021100595593
1779768819848,-9.74889046947062,-0.7116765165466815,0.39639154672957955
1779768819865,-9.744552148005365,-0.5957073736328631,0.3027185163738206
1779768819881,-9.792135736957192,-0.6311714126586914,0.2919447550335899
1779768819898,-9.777173145624994,-0.7483378755982965,0.4275160952463746
1779768819915,-9.803059282031654,-0.7950245887756348,0.393249010920152
1779768819932,-9.65207669340372,-0.7451952667236328,0.37125261196102943
1779768819948,-9.63950655016601,-0.7184102087158709,0.4236256636790931
1779768819965,-9.73512380992472,-0.7164649929322302,0.45774347572773694
1779768819981,-9.77402900238037,-0.9246106075011193,0.4201842910535633
1779768819998,-9.779865453448892,-0.9445127010621129,0.43664402560833837
1779768820014,-9.711931150385738,-0.8622119459290057,0.44337757164705544
1779768820032,-9.732132811415195,-0.810437408093363,0.4369431912180036
1779768820048,-9.796475811988115,-0.7944260383605957,0.3914536154033616
1779768820065,-9.813533914294839,-0.7671920675415546,0.4385893509898334
1779768820081,-9.813533914294839,-0.7749730037413537,0.4104573353525251
1779768820098,-9.855583249995112,-0.780809016418457,0.4643274206953123
1779768820115,-9.844059985461831,-0.6703763917785137,0.509218007703498
1779768820131,-9.871593304553627,-0.6162076522827148,0.4499623933974653
1779768820148,-9.847052153015136,-0.632368367358297,0.46313039293047037
1779768820165,-9.957185429382324,-0.7799111907958984,0.5292701407270506
1779768820182,-9.825953250885009,-0.7802104660034179,0.5072725727241486
1779768820198,-9.815928115954994,-0.727687594018504,0.5255292006330564
1779768820215,-9.78585212664306,-0.7408559954103082,0.5102664573105051
1779768820232,-9.71701765986979,-0.7558193173948675,0.528073222560063
1779768820248,-9.741108729553222,-0.7567172891478985,0.48153592779077586
1779768820265,-9.706693249732256,-0.6851905876159667,0.45789322292935103
1779768820281,-9.84480817348063,-0.6474818384032696,0.446520143989101
1779768820298,-9.853038826209307,-0.7387608497619629,0.4531039062935859
1779768820315,-9.749937932696938,-0.797418790435791,0.4396373622054234
1779768820331,-9.666889062610268,-0.745943600872904,0.43529706797879186
1779768820348,-9.69143021414876,-0.672920304107666,0.43993565103225407
1779768820365,-9.78659914561808,-0.7178115121703594,0.4888675493204966
1779768820381,-9.8192207277596,-0.637306627478078,0.5231343048531562
1779768820398,-9.788543849945068,-0.615459464263916,0.5298688738051801
1779768820415,-9.765800103217362,-0.626981559753418,0.5348068781966343
1779768820431,-9.764602417865396,-0.6760627668518573,0.5582992148019373
1779768820448,-9.81951883392334,-0.6687303781371563,0.5609936049850657
1779768820465,-9.916484585681557,-0.6675334965027868,0.5277733628306538
1779768820481,-9.944915730395913,-0.5979520838197321,0.5199921709025278
1779768820498,-9.900023864746093,-0.6033385991636663,0.5448324149854481
1779768820515,-9.766696759796142,-0.6118681617736816,0.5334594456430525
1779768820531,-9.760860893249511,-0.5659293443541974,0.5787999318432062
1779768820548,-9.753528650665283,-0.5916670852661132,0.5859818792365491
1779768820565,-9.791985514831543,-0.51864408076182,0.5497699079202488
1779768820581,-9.719561499133706,-0.46118316785283386,0.4875205186257139
1779768820598,-9.695320207324624,-0.4560953431945294,0.5135579000713303
1779768820615,-9.714924486982822,-0.44741672750264405,0.5065249326946214
1779768820631,-9.608381928583979,-0.46657034078389403,0.49844479435253886
1779768820648,-9.588628595843911,-0.45848969098515807,0.4776449847668409
1779768820665,-9.664943189239501,-0.4417302062988281,0.4746522326916456
1779768820681,-9.704747960883378,-0.4129998594421893,0.45684510211590673
1779768820697,-9.714473236083984,-0.35568858413696286,0.48617429164852943
1779768820715,-9.802010649761558,-0.4508580270629376,0.5585991110639646
1779768820731,-9.75502561122477,-0.6148609869141132,0.5808948217632248
1779768820748,-9.766996035003661,-0.620397432122752,0.5782011622324585
1779768820765,-9.883715119501948,-0.5758057184632868,0.6281809256058186
1779768820781,-9.94611283122599,-0.5992986030578613,0.5307657130470499
1779768820798,-9.952098335376382,-0.6328176454957575,0.566977976624295
1779768820815,-9.85648049109578,-0.7252935384888202,0.5413902751749381
1779768820831,-9.893290757098793,-0.7012020304139703,0.5419886063942685
1779768820848,-9.88895068206787,-0.6599019787110388,0.5523146970322356
1779768820865,-9.813533329772948,-0.6361095266479998,0.5337584285896271
1779768820881,-9.832987971827388,-0.672920304107666,0.5644347218822687
1779768820898,-9.827152105280756,-0.7149687630251049,0.5107152239913121
1779768820915,-9.720010411944985,-0.6991067386351525,0.4625317694501951
1779768820932,-9.686790863910316,-0.6748655929565429,0.44637101784199473
1779768820948,-9.674372696363925,-0.6884826879639178,0.4354474727675319
1779768820965,-9.63277344251871,-0.6628946577209979,0.45115883664041756
1779768820982,-9.670780809351802,-0.6172552616395056,0.47375418787337836
1779768820998,-9.809494283515214,-0.489315110424906,0.49365653716269875
1779768821015,-9.798569569396973,-0.55306065656133,0.4875205186257139
1779768821031,-9.709384388512373,-0.7193079612731933,0.45190673239827156
1779768821048,-9.586832360076905,-0.8019078454833477,0.5030830486124381
1779768821065,-9.586833529120684,-0.8435071723937988,0.5199923535656183
1779768821082,-9.771635969763993,-0.8693946239747107,0.5024852653823793
1779768821098,-9.91528748485148,-1.0190323007997124,0.45804205681551247
1779768821115,-9.899276261249184,-1.0350435244020073,0.4270679496200755
1779768821131,-9.72913947481811,-1.0009260776795446,0.3883116641158238
1779768821148,-9.64564227644205,-0.945111251477152,0.3932489743875339
1779768821165,-9.660755089899897,-0.9750389183595776,0.3815776796856895
1779768821181,-9.738267368647456,-1.0365399735048413,0.3898077113598585
1779768821198,-9.706093530273437,-1.0292073655944316,0.396691150730662
1779768821215,-9.694571434783935,-1.0262147596497089,0.38427115655336525
1779768821232,-9.687540220972895,-0.9714474697388708,0.3298032514479011
1779768821248,-9.766398069110512,-0.9802758691649883,0.2922435187844559
1779768821265,-9.769540458789468,-0.9626187780518084,0.2813207774275914
1779768821282,-9.77971698488891,-0.8604165138795972,0.3565886382492259
1779768821298,-9.81129051928222,-0.9873091288026422,0.45894054002519696
1779768821315,-9.824607096973061,-1.0461166340149939,0.49874428875576704
1779768821331,-9.834033681488037,-1.1302128942627458,0.5249303579570725
1779768821348,-9.777919580078125,-1.1821369966369122,0.6012459742659703
1779768821365,-9.763106041827797,-1.2211926304139196,0.6567609407389536
1779768821382,-9.682900286212563,-1.33177474652715,0.6660388374982401
1779768821398,-9.51904711009562,-1.3394063373841345,0.7531274479623884
1779768821414,-9.605088732257485,-1.2823944103516638,0.7475905643623322
1779768821432,-9.742904965320228,-1.249623775128275,0.7600113257246092
1779768821448,-9.751733583942055,-1.3106756252013145,0.6886338234050199
1779768821465,-9.700107441601157,-1.3139676524840294,0.6124678812325001
1779768821481,-9.610326048389076,-1.2674305038452147,0.6150118300942704
1779768821498,-9.66599006794393,-1.1828852577209472,0.6374583474410698
1779768821515,-9.740510179138184,-1.1390414398193358,0.654516997737065
1779768821532,-9.854234173473715,-1.1890202533446252,0.6443414945509285
1779768821548,-9.824607096973061,-1.2176010356627405,0.5487230657484382
1779768821565,-9.741558226886392,-1.2161048057556152,0.5250799955608323
1779768821581,-9.689935007154942,-1.294664839990437,0.5499204588394612
1779768821597,-9.792435012164711,-1.3524246627807617,0.48841892877016213
1779768821615,-9.772083129009603,-1.3606545848570764,0.4649256057841703
1779768821631,-9.726443659862875,-1.401804925891012,0.4878196111701429
1779768821648,-9.755924021369218,-1.4425065002441406,0.42751649710517375
1779768821665,-9.764452195739745,-1.4609119255065917,0.4143477303871885
1779768821681,-9.753228790935873,-1.4775214072629808,0.4329029759164899
1779768821698,-9.791386379894613,-1.5243582695007323,0.4988934879681095
1779768821715,-9.846004689788817,-1.5327378291808067,0.49739696580003945
1779768821731,-9.903017201343179,-1.5355810897827147,0.37723796998094766
1779768821748,-9.674520580402016,-1.4453494685851036,0.4379909101726487
1779768821765,-9.476100533294677,-1.397315797778219,0.49425424732752143
1779768821781,-9.458744324824213,-1.2773068779543042,0.5114627909556031
1779768821798,-9.559749122840165,-1.4044985488891601,0.42437341330647466
1779768821815,-9.591470541271567,-1.475127351733297,0.4662718327613547
1779768821831,-9.696216863903402,-1.4963757453367112,0.4019277727425098
1779768821848,-9.708787591663002,-1.5022117580138146,0.30047347739338875
1779768821865,-9.674220720672606,-1.4998175563536584,0.3238171627756208
1779768821881,-9.74305518744588,-1.4860510429382323,0.36257381360605356
1779768821898,-9.756523156306146,-1.506850815991312,0.37649014728832986
1779768821915,-9.775826407191158,-1.5153801594056189,0.4028268039414659
1779768821931,-9.712977444568276,-1.510441972351074,0.3675110142799094
1779768821948,-9.65880746296346,-1.4245498416624962,0.33354422807451334
1779768821965,-9.694721072387695,-1.3657424095153807,0.3113974608592689
1779768821981,-9.604938510131836,-1.2315174789428711,0.3856173469979316
1779768821998,-9.656713705554605,-1.296909257916361,0.4176401229960844
1779768822015,-9.687837158092856,-1.4003085498534142,0.3942964741464704
1779768822031,-9.682901455256342,-1.4731823551453649,0.4378414552319795
1779768822048,-9.73482511923909,-1.407940359906107,0.40237741620615125
1779768822065,-9.743055771967768,-1.4238017997741699,0.4233269364608451
1779768822081,-9.756820677947998,-1.509693638201803,0.4287135248700157
1779768822098,-9.660603698730467,-1.555632382556051,0.5087694236857816
1779768822115,-9.64594038260579,-1.5780781692504882,0.5042809166274964
1779768822131,-9.65955682002604,-1.6201261897765098,0.5012878722913563
1779768822148,-9.720009827423095,-1.6286555331908166,0.4706118347270414
1779768822165,-9.680355277904868,-1.6472105960570276,0.46552441192753613
1779768822181,-9.624243514582513,-1.5683520172670482,0.4975473340561613
1779768822198,-9.667787472754716,-1.5566799919128418,0.5129586920691653
1779768822215,-9.681405079218745,-1.5691000591553748,0.4656743783248588
1779768822231,-9.639204936870932,-1.5800231658384203,0.4864737495191395
1779768822248,-9.753380182105301,-1.5221135593138635,0.4502614128766581
1779768822265,-9.72270505785644,-1.5034090049743651,0.44053478596918283
1779768822281,-9.679011462080478,-1.4680945304870605,0.4641775638958439
1779768822298,-9.662399934497476,-1.58331548538208,0.49575131748486306
1779768822315,-9.643547349989413,-1.5797241828918456,0.4984446116894483
1779768822331,-9.636064885279536,-1.5741878838136791,0.4963497217694297
1779768822348,-9.657313425013422,-1.602768520001322,0.570719537772797
1779768822365,-9.685894207331538,-1.5795746914185582,0.5443835021741688
1779768822382,-9.727492292132974,-1.5123872611999511,0.5431867666702718
1779768822398,-9.702503981348872,-1.5668553489685058,0.4715098064800724
1779768822415,-9.681704354426264,-1.59618431930542,0.5382486892135814
1779768822431,-9.703251000323892,-1.5987280124388634,0.5689239230602979
1779768822448,-9.715820559039711,-1.565358972930908,0.6028919513747095
1779768822465,-9.710882518115639,-1.6114475010193883,0.5882275392714887
1779768822481,-9.642498133197426,-1.720832589367777,0.5940633692855015
1779768822498,-9.603294250056146,-1.7470193161562084,0.5758073258984834
1779768822515,-9.592518589019775,-1.6463127704344689,0.5282218372505157
1779768822531,-9.597755905151367,-1.5982789534971118,0.5029331552803517
1779768822548,-9.71597136568725,-1.5423147819519043,0.5123603243172169
1779768822565,-9.65865957892537,-1.5948374347411096,0.4800386749703437
1779768822582,-9.60733329631388,-1.582866718701273,0.47420375827178357
1779768822598,-9.492260809978843,-1.5803225871764122,0.5153531494576483
1779768822614,-9.511115148052573,-1.600224388476461,0.5374998801402747
1779768822631,-9.503184355053305,-1.622071478625387,0.46283013134226203
1779768822648,-9.450513087573647,-1.5596728901185095,0.49619946311116214
1779768822665,-9.41040962524414,-1.6497545814514158,0.5041309867627919
1779768822681,-9.388562535095215,-1.7117045494079588,0.5603942873850465
1779768822698,-9.337834802898763,-1.759438945007324,0.6829470464728772
1779768822715,-9.273940715137124,-1.8311156494691967,0.6373083079785108
1779768822731,-9.156924108996987,-1.8739118580140173,0.5553071933791041
1779768822748,-8.98394128548503,-1.978508396911621,0.48662265647053715
1779768822765,-9.004742081451415,-2.0880431228637693,0.5937632538277655
1779768822781,-9.139564977917075,-2.1701940211974082,0.6821992968454956
1779768822797,-9.280824044910073,-2.3514054516114293,0.43200573481582105
1779768822815,-9.01417158857584,-2.4721631439760325,0.43933797740004954
1779768822831,-8.910621782252193,-2.457498804938048,0.5855339893385768
1779768822848,-8.996512597766518,-2.602048584039509,1.0313046301346271
1779768822865,-9.462334458270668,-2.6984149085998532,1.197701134058833
1779768822881,-9.600897710308432,-2.5776573623657226,1.088016112915799
1779768822898,-9.278129398998617,-2.420388240814209,0.9020174482252449
1779768822914,-9.174730983844398,-2.5968109756469726,0.6863890036202966
1779768822931,-9.109040075793862,-2.5890301125124093,0.6406005544569343
1779768822948,-9.16156170566976,-2.718615692846477,0.8113363296944648
1779768822965,-9.437644253650307,-3.182941761834919,1.0839765552014111
1779768822981,-9.434501279449462,-3.369090648651123,1.0341470139537006
1779768822998,-9.306561712756752,-3.6245223305299876,0.6925247298963367
1779768823015,-8.517671681213379,-3.71250865701884,0.2820686366528272
1779768823031,-8.188170262256264,-3.850175836999714,0.30690804048553105
1779768823048,-8.166921138000488,-4.473116889190673,0.36047815650105475
1779768823064,-8.176797804370523,-5.255272936303913,0.491710627259314
1779768823081,-8.150760861316323,-5.465663114929199,0.6362602602303028
1779768823098,-8.324339312633871,-5.687725318908691,0.4469693855939433
1779768823115,-8.143577671813965,-5.889137533569335,-0.332792405060213
1779768823131,-7.715314265331625,-5.891531735229492,-0.5119085254291073
1779768823148,-7.420678408050537,-6.118083067321777,-0.32097092476533723
1779768823165,-7.714266802105307,-6.580612900543213,0.04998025656370446
1779768823181,-7.69975195454061,-6.739977533069252,0.3404267723961733
1779768823198,-7.627178885760903,-6.6539359109073875,0.12898889308255165
1779768823215,-6.899042305865883,-6.746561587634682,-0.5611391144029796
1779768823231,-6.496966064563393,-7.087137942835688,-0.6780065213307738
1779768823248,-6.142922909545898,-7.988853558570146,-1.0913055098500102
1779768823265,-5.801150038036703,-8.583811502075195,-0.7089812130481005
1779768823281,-5.53479685690999,-8.500165835139155,-0.5829866429433226
1779768823298,-5.822397993248701,-8.859442799156904,-0.9686024555712938
1779768823315,-5.878064643152058,-9.00085208827555,-1.3781605770617722
1779768823331,-5.786635482732951,-8.952219282531738,-1.5671533090017735
1779768823348,-5.341614418195188,-8.422055005976556,-1.6126432866752147
1779768823365,-4.690989532525837,-8.065168151965738,-1.2633891194999218
1779768823381,-4.3722611442565915,-8.256554647174477,-1.2517166557542978
1779768823397,-4.052335947418213,-8.987683394622803,-1.4505853234119712
1779768823415,-3.7087685937076804,-9.257631969892978,-1.5493467264153062
1779768823431,-3.626766894586384,-9.087643652021884,-1.4200598367668686
1779768823448,-3.657442311096191,-8.932019375067949,-1.7123016385182737
1779768823465,-3.430890979003906,-9.253739638629556,-2.158520388408005
1779768823481,-3.169324155370891,-9.491363568878173,-2.297683652165532
1779768823498,-3.16663097076416,-9.503335161700845,-2.227504054393619
1779768823514,-3.002329466357827,-9.010280426356196,-2.2649137475945054
1779768823531,-2.8669065581724045,-8.975712386322021,-2.2502489701651034
1779768823548,-2.620005096490681,-9.214984668299556,-2.313396477343142
1779768823564,-2.232143843023479,-9.529820433044433,-2.215532753831893
1779768823581,-2.0039466434203086,-9.67796224528849,-2.0476396546743807
1779768823598,-1.7298106994628906,-9.72210592291951,-1.9928719994373618
1779768823614,-1.181987870489806,-9.659857264277338,-1.9449879662342369
1779768823631,-0.990600790759176,-9.636662266650795,-1.8994979885607957
1779768823648,-1.0519522083006798,-9.471911264911293,-1.5764304020434616
1779768823665,-1.4775214072629808,-9.47490284794271,-1.2021871934317052
1779768823680,-1.7260697593688963,-9.571569909015297,-1.2117638539418578
1779768823698,-2.1054009387694297,-9.570672667914629,-1.3991101338490843
1779768823715,-2.1185691940307616,-9.338884019690752,-1.3792084786795078
1779768823731,-1.999756644384563,-9.241468186077475,-1.2295705826587975
1779768823747,-2.024297503662109,-9.302372444373368,-1.2490236172780393
1779768823765,-1.3564647319518028,-9.673623339301347,-1.4109310661546886
1779768823781,-1.1162965240478515,-9.725548172327876,-1.4218556341424584
1779768823798,-0.6579566898621618,-9.731084763666987,-1.4389138825796544
1779768823815,-0.45190556335449217,-9.78001567557454,-1.3238422730274497
1779768823831,-0.5096656784057617,-9.85648049109578,-1.276257807292789
1779768823848,-0.7026981872558593,-9.880571560779213,-1.2762579534232616
1779768823865,-0.8065465381346643,-9.81847195521891,-1.3404520470447838
1779768823881,-0.8550291217528283,-9.846304549518226,-1.3684341328173875
1779768823898,-1.1531072284422814,-10.10592579204142,-1.3283314011402427
1779768823915,-1.8064247141964733,-10.412383020019531,-1.3621493534594773
1779768823931,-2.1592701838620005,-10.38081007014811,-1.4221547632195055
1779768823948,-2.4510635111935435,-9.749788295093179,-1.544857159911096
1779768823964,-2.192041111346334,-9.030630555945635,-1.3718762360952794
1779768823981,-1.7938553016111254,-8.869470272174476,-1.1697155411548912
1779768823998,-1.6726489886961877,-8.958805090662837,-1.115098254173994
1779768824014,-1.6225200991757214,-9.150789551764726,-1.1047734056450427
1779768824031,-1.6062097464963794,-9.234137697058916,-1.1055213014028966
1779768824047,-1.6129435847960412,-9.239823341479896,-1.1089629662893712
1779768824065,-1.6410754543028772,-9.259276229968666,-1.097440432408452
1779768824080,-1.7078136794492602,-9.297134543719887,-1.1103095585927367
1779768824098,-1.8119613055355845,-9.344718717193603,-1.181088583562523
1779768824114,-1.9146127017147838,-9.366416754260658,-1.2271763809986411
1779768824131,-2.0346220599301157,-9.456348369598388,-1.2484250668630004
1779768824148,-2.0926815963193772,-9.451559966278076,-1.2708705612964928
1779768824165,-2.1238062179014086,-9.483132916149497,-1.2889767113514243
1779768824181,-2.0633527721129354,-9.475054823634029,-1.2972072179496288
1779768824198,-2.058414585058391,-9.471611989703774,-1.2761081696890293
1779768824215,-1.9577084777280687,-9.63965560324788,-1.1583432293996214
1779768824231,-2.048389011736959,-9.579053542768955,-1.0528490110099316
1779768824248,-2.2099971854060887,-9.66628992767334,-1.1085135420214385
1779768824265,-2.1523870002195236,-9.758466107067465,-0.9768327429737895
1779768824281,-2.315641625921428,-9.645490885272622,-1.0326474230457097
1779768824298,-2.30486742618978,-9.618705754199624,-1.0422246680777518
1779768824315,-2.2222677611753343,-9.604041853553056,-0.9715955729726702
1779768824331,-2.2575825279235837,-9.539399577772617,-0.8991708996877074
1779768824348,-2.2822725864134727,-9.484630461230873,-0.8589187496025115
1779768824365,-2.263867307281494,-9.44797041735351,-0.7673399515796452
1779768824381,-2.289305261529237,-9.578153963580727,-0.7817051615405828
1779768824398,-2.322225680486858,-9.650428926196694,-0.7960708829581737
1779768824415,-2.550123604882508,-9.757568281444907,-0.8753785206899046
1779768824431,-2.667589562225342,-9.67796341433227,-0.9849134658377617
1779768824448,-2.6608552855342626,-9.626935822406411,-0.9826686095204203
1779768824465,-2.5430907836362717,-9.545084053149818,-0.9322410293143242
1779768824481,-2.265063969720155,-9.424925641852617,-0.7730264727834611
1779768824498,-2.141164179937541,-9.376742333441973,-0.7489350377738475
1779768824515,-1.9617488391600548,-9.325116775622963,-0.6530174068290739
1779768824531,-1.8869298911496997,-9.353847195544839,-0.6827947785206139
1779768824548,-1.8641846831172704,-9.373748412322998,-0.7564168448965997
1779768824565,-1.830665859875083,-9.380182829284667,-0.9569305032823234
1779768824581,-1.84039245024994,-9.370008056750892,-0.9768328891042619
1779768824598,-1.9084775599606334,-9.3975407913208,-0.9763833187058567
1779768824615,-1.9843444095887242,-9.437346147486567,-1.0036181663077324
1779768824631,-1.9054849540159104,-9.500940375518798,-1.0443194483999163
1779768824648,-1.883787355340272,-9.538948911395668,-1.0667646505724637
1779768824665,-1.8739114196225999,-9.564836216846109,-1.0922032624073326
1779768824681,-1.8806448195308445,-9.596708441925049,-1.1183898430652917
1779768824698,-1.900696550695598,-9.584888240271805,-1.1390398323841393
1779768824715,-1.8430862193785607,-9.571121580725908,-1.1821356814626605
1779768824731,-1.7589897399351,-9.570223170581459,-1.1472702659171075
1779768824748,-1.708113100787252,-9.577256722480058,-1.137393818742782
1779768824765,-1.6638199316829443,-9.553463758960365,-1.1035760125540197
1779768824781,-1.6331446613036096,-9.517401096454263,-1.153404823149368
1779768824798,-1.600074604742229,-9.495254731097816,-1.1433793228931723
1779768824815,-1.59932641672343,-9.507375961524248,-1.1326059268791229
1779768824831,-1.6379329184934497,-9.578602291870117,-1.1023792039848863
1779768824847,-1.7983441374629734,-9.735272278484702,-1.0118477961231023
1779768824865,-2.3470655227109787,-9.90092285941243,-0.8949811929129063
1779768824881,-2.499995007622987,-9.679159346118569,-1.0971415225271135
1779768824897,-2.2168808074399826,-9.533711595264077,-1.208172770647332
1779768824915,-1.4677948168881236,-9.303269685474037,-1.1712119902577252
1779768824931,-1.2313676952086388,-9.366716613990068,-1.0302531483203172
1779768824948,-1.3708296496517955,-9.524283257183432,-0.975934917351231
1779768824965,-1.6950944831296801,-9.865458162799477,-0.9663584760367869
1779768824981,-1.7021275966368614,-9.713276719775795,-0.9588763035878538
1779768824998,-1.5686507079526781,-9.543288401904702,-0.9555841301746666
1779768825014,-1.4788681456968187,-9.498845449066161,-0.9392741428215056
1779768825031,-1.66322167352885,-9.680954412841796,-1.0678121868640185
1779768825048,-1.6642691367551683,-9.66494435828328,-1.1575950413808227
1779768825065,-1.5318397112973035,-9.522638412585854,-1.256654988939315
1779768825081,-1.6065087294429539,-9.562589899224042,-1.1344015050590037
1779768825098,-1.7214307013913988,-9.594463293346761,-1.08202768615596
1779768825115,-1.8016366031371056,-9.57082055195272,-1.0687104508779943
1779768825131,-1.7284636687681079,-9.411607310596107,-1.1303607783008367
1779768825148,-1.6548418215878307,-9.322872211566567,-1.13529918455109
1779768825165,-1.6211737991333006,-9.249400732642412,-1.1450252634692937
1779768825181,-1.7928076922543346,-9.418640277972816,-1.107166949718073
1779768825198,-1.9042882915772497,-9.539548630854487,-1.0787360241994262
1779768825215,-2.137273456109315,-9.809194423785804,-1.0205270694021136
1779768825231,-2.7166704039976,-10.23371630565226,-1.260246510625258
1779768825248,-3.0265698813840745,-10.348636816295981,-1.3435946559194474
1779768825265,-2.790441596520692,-10.080337177276611,-1.7197837379019707
1779768825281,-1.5616175944454966,-9.330502560314535,-1.5999235058337449
1779768825298,-1.1297636161252855,-9.080010380664467,-1.4480414841480553
1779768825315,-1.014692298834026,-9.073426326099037,-1.3394041454270482
1779768825331,-0.9466074813842773,-9.322125192591548,-1.279399758580327
1779768825348,-0.8767264281675219,-9.246557033649086,-1.2228370366200805
1779768825365,-0.7826045215331018,-8.943540886035562,-1.0036180932424963
1779768825381,-1.2502218871518969,-9.044696490699053,-0.8336294831104576
1779768825398,-1.6096517036437987,-9.306412075152993,-0.8523340374499558
1779768825415,-2.251446801647544,-9.668384854125977,-1.089060726597905
1779768825431,-2.354247981560975,-9.529970070648194,-1.424847801695764
1779768825448,-2.1037547789976,-9.416245491790772,-1.4841041466541587
1779768825465,-1.506550956261903,-9.384822179523109,-1.4719837930105626
1779768825481,-1.4077901377804576,-9.593117723956704,-1.4859002362906932
1779768825498,-1.61848003000468,-9.689633978381753,-1.4552243813894687
1779768825515,-1.8626885993406175,-9.730934541541338,-1.3853430359117687
1779768825531,-1.5876546836301684,-9.549274490576982,-1.3702305147148668
1779768825548,-1.3084307688839734,-9.47385713828206,-1.3989609346367418
1779768825565,-1.3464388663694262,-9.495104508972167,-1.3588574723072349
1779768825581,-1.7811361052915453,-9.75487597362101,-1.3206997372180223
1779768825598,-2.146102366992086,-9.977386505889893,-1.5497952008351683
1779768825615,-2.0762211676448583,-9.909899362072348,-1.6301501556627451
1779768825631,-1.832013036700338,-9.539548046332596,-1.6124935029409826
1779768825648,-1.654094071960449,-9.474905186030268,-1.6133916208244858
1779768825665,-1.64571422001943,-9.597606852069497,-1.5665547585867345
1779768825681,-1.876155837548524,-9.685443540954589,-1.5183710117846727
1779768825698,-1.7642270560666917,-9.360431250110269,-1.4384646775074301
1779768825715,-1.5876546836301684,-9.214684224048256,-1.350927263829857
1779768825731,-0.8442553604125976,-8.730009194514155,-1.3115724279105663
1779768825748,-0.8147764602109789,-8.831163045611977,-1.2550094136893748
1779768825765,-0.921767200768739,-9.061006404986976,-1.2448342027641832
1779768825781,-1.4098850642330945,-9.44213396628499,-1.2940646821402013
1779768825798,-1.787869943591207,-9.542240938678383,-1.2105670453727244
1779768825815,-1.870469608605653,-9.458743740302324,-1.2219395032584666
1779768825831,-2.1275474502563476,-9.64549263883829,-1.1339520077258347
1779768825848,-3.058891311535239,-10.466251972851156,-1.3426963188402354
1779768825865,-3.460070165606588,-10.771663491168617,-1.6494538449391722
1779768825881,-2.626439075060934,-10.117298249927163,-2.19353617220968
1779768825898,-0.8043019740782678,-9.126697313037514,-1.7911605095691978
1779768825915,-0.2775776088438928,-8.82981630717814,-1.7307072099111973
1779768825931,-0.2639604407712817,-8.990676731219887,-1.7802372567556797
1779768825948,-0.7999623374387621,-9.726893157196045,-1.6129424157522618
1779768825965,-0.9421180610105395,-9.814282102313637,-1.4882941456899046
1779768825981,-0.9980825248166918,-9.433005487933753,-1.2506694847889244
1779768825998,-1.4134766589842735,-9.159468532782792,-1.3075320664785801
1779768826015,-1.7714096610471606,-9.18700009830892,-1.369182905358076
1779768826031,-2.1486463523864745,-9.453357371088861,-1.5963329339958727
1779768826048,-1.9336168235227464,-9.494206683349608,-1.6894069390125572
1779768826065,-1.7980453006468713,-9.45574981918335,-1.568499901305139
1779768826081,-1.7450734427854417,-9.658509941321611,-1.5339333225756884
1779768826098,-1.6086042404174803,-9.688886959406734,-1.656187683238834
1779768826115,-1.4074911548338829,-9.585786065894364,-1.699731933671981
1779768826131,-1.1399389731809497,-9.483582413482665,-1.7137980145558713
1779768826148,-1.123478690636903,-9.455750403705238,-1.7718575509451329
1779768826165,-1.1586439659118652,-9.495853281512856,-1.7634772606126963
1779768826181,-1.2173016143247484,-9.612271337237953,-1.788317979619652
1779768826198,-1.2189476279661058,-9.639055299267172,-1.6883594757862388
1779768826215,-1.2651856475278735,-9.57575976192057,-1.7037724412344395
1779768826231,-1.3530230670653283,-9.49301075156331,-1.797894493999332
1779768826248,-1.37262573928833,-9.418940722224116,-1.7325025688953697
1779768826265,-1.3986625362120568,-9.393501745063066,-1.6772860008470714
1779768826281,-1.3955202926635741,-9.414003265821933,-1.6991336755178867
1779768826298,-1.2138603878296912,-9.423131159651279,-1.7239732254810631
1779768826315,-1.1962027121946215,-9.405771444049478,-1.7670688553638756
1779768826331,-1.2505208700984716,-9.412654773822426,-1.729958875761926
1779768826348,-1.2966095443174241,-9.496901329261064,-1.6201250207327305
1779768826365,-1.270572601263225,-9.500642269355058,-1.665764489879459
1779768826381,-1.246929859869182,-9.444378530341385,-1.72906119626984
1779768826398,-1.3657423364501446,-9.528924360987544,-1.7441743019886313
1779768826415,-1.3775637802124023,-9.539998128187657,-1.7726055928334592
1779768826431,-1.286434479522705,-9.485379818293453,-1.729659454423934
1779768826448,-1.2398967463620005,-9.521590949359535,-1.786970510533452
1779768826465,-1.2286740722104907,-9.586233809661865,-1.7785912431143223
1779768826481,-1.2909233884397893,-9.646987261310219,-1.7957992752857506
1779768826498,-1.1896188768249005,-9.523686460334062,-1.7778429089650511
1779768826515,-1.208922054644674,-9.430312595587969,-1.7821821072131394
1779768826531,-1.2731163674619048,-9.401731813269853,-1.7170904802300035
1779768826548,-1.3268363402768968,-9.45560076610148,-1.6906041859731078
1779768826565,-1.4354733867369591,-9.540594925037025,-1.6750423135735093
1779768826581,-1.6195276393614708,-9.58892845557332,-1.6075556081473827
1779768826598,-1.6850687636777757,-9.621848143878578,-1.6608260105639696
1779768826615,-1.6160858283445239,-9.632172554016112,-1.7693140039421618
1779768826631,-1.3248910514280199,-9.507973927417398,-1.9090750874623654
1779768826648,-1.2862845496580004,-9.383325803485512,-1.8661293874442577
1779768826665,-1.338657637908682,-9.348908570098876,-1.7793391388721762
1779768826681,-1.3434463334899396,-9.30850700160563,-1.6111466183766723
1779768826698,-1.2829925954405217,-9.426271211242675,-1.5239077492542563
1779768826715,-1.2430393552366643,-9.466973223987221,-1.532137671330571
1779768826731,-1.2243345817014575,-9.53820072337687,-1.659180289183557
1779768826748,-1.2770070912901312,-9.468319377899169,-1.7544990043871103
1779768826765,-1.2744633250914514,-9.523236378479004,-1.6888085347279904
1779768826781,-1.21939683303833,-9.538500583106279,-1.6190774113759399
1779768826798,-1.2412436309263108,-9.520843345862627,-1.575532868681848
1779768826815,-1.2340610259458422,-9.436896650153399,-1.502060805235803
1779768826831,-1.2077249538145958,-9.42851635982096,-1.5372252037279306
1779768826848,-1.197699380493164,-9.474157582533358,-1.5572770810231567
1779768826865,-1.2008416240416466,-9.462034598541258,-1.5839124283619224
1779768826881,-1.085022118731588,-9.51874841940999,-1.557127151158452
1779768826898,-1.0452185161314904,-9.740062435370684,-1.5174734784230588
1779768826915,-1.042674822998047,-9.83777520610392,-1.5987266972646117
1779768826931,-1.0338459121152759,-9.701007020789385,-1.77694493721202
1779768826948,-1.1082159473143518,-9.465028519660233,-1.7081114933520554
1779768826965,-1.2066774905882776,-9.494956040412188,-1.576879314854741
1779768826981,-1.2797007873535156,-9.708938398310542,-1.4152711411856114
1779768826998,-1.1547533882141112,-9.835231951361894,-1.7151446068592369
1779768827015,-1.0197799773618579,-9.617658875495195,-1.8362015744313596
1779768827031,-1.062726115771383,-9.530420152503252,-1.806124854467064
1779768827048,-1.4571709854125976,-9.476849305835366,-1.5442584633655845
1779768827065,-1.6843207217894494,-9.494356905475259,-1.501162833482772
1779768827081,-1.66486783330068,-9.468919097357988,-1.5192691296681762
1779768827098,-1.5685010703489184,-9.3655189286381,-1.5771784439317882
1779768827115,-1.653944288226217,-9.331700830188392,-1.4845530594654381
1779768827131,-1.7262191047117112,-9.283217662048338,-1.436070475847274
1779768827148,-1.8813937382020056,-9.166502084681392,-1.3141161210440098
1779768827165,-2.006490628814697,-9.206305102759599,-1.2515677488029002
1779768827181,-2.05587103805542,-9.274090352740883,-1.2541112958058713
1779768827198,-2.221370081683248,-9.331701414710283,-1.2119133454151452
1779768827215,-2.6969185325622558,-9.36566856624186,-1.1210834660634397
1779768827231,-2.8776807579040526,-9.434352810889482,-1.1139007149524986
1779768827248,-3.3424551551818844,-9.736620770484208,-0.8970764116264879
1779768827265,-3.9360678215578195,-9.753231129023431,-1.0592835741020739
1779768827281,-3.9625533851623533,-9.618556701117754,-1.2886774361439048
1779768827298,-3.5582325798034664,-8.965987111121416,-1.2170015353996306
1779768827315,-3.4858079795837402,-8.673894508582354,-0.6174035110037773
1779768827331,-3.7901708656311035,-8.818294211688638,-0.4887144411180168
1779768827348,-4.361936149597168,-9.277980930438638,-0.597950695580244
1779768827364,-4.320187258148193,-9.603592940741777,-0.9724936177909373
1779768827381,-4.033780592291057,-9.494955455890297,-0.8869005431141703
1779768827398,-3.8186017180845138,-8.972270721435546,-0.3504500624289736
1779768827415,-4.4050320717409255,-8.727314548602699,0.18016546502504496
1779768827431,-4.751593346570432,-8.72656752962768,0.14200743767488747
1779768827448,-5.137357627758384,-8.619125976562499,0.04309743824740871
1779768827465,-5.270086766815186,-8.767567064014077,0.2917947521036491
1779768827481,-5.559634945568442,-8.63857828052938,0.20859622843019895
1779768827498,-6.586000438800454,-8.26732855464518,0.21907105020633896
1779768827515,-6.808959883880615,-8.404396599689125,-0.06359453855948523
1779768827531,-6.658424454498291,-8.713547889056802,0.011972140811942518
1779768827548,-6.427833491626381,-9.003547318708897,0.30556174044311046
1779768827565,-6.539763003760576,-8.58650673250854,0.18570242169033735
1779768827581,-6.470628092736005,-8.030600696453451,0.15053710988275706
1779768827598,-6.227019827380776,-7.432949276080727,0.5325624602707103
1779768827615,-6.377404450115561,-7.451803029632568,0.688484806855768
1779768827631,-6.406734589496255,-7.473650704303384,0.6183042592357844
1779768827648,-6.465841442981362,-7.310396078601479,0.7040463869944215
1779768827665,-7.11870972366333,-6.649147507587075,0.7650987485241144
1779768827681,-7.507169527545571,-6.298845877185464,0.644041561756283
1779768827698,-7.7305773009151215,-5.982810673522949,0.6051354194525629
1779768827715,-7.928698657336831,-5.930288459125161,0.822858863575384
1779768827731,-7.723096589770913,-5.817311483764648,0.9136891082532703
1779768827748,-7.55849639467895,-5.587319071307778,0.7062917547684162
1779768827765,-7.432350725665688,-5.384260843005776,0.8288439293343574
1779768827781,-7.402721311077475,-5.334430936431884,1.0452205619581043
1779768827798,-7.731774986267089,-5.0760067947387695,1.0943006730780005
1779768827815,-8.390030805206298,-4.739172548675537,0.9739929164379835
1779768827831,-8.702923034667968,-4.690989532525837,0.8559289932020008
1779768827848,-8.91974792251587,-4.732887769317626,0.6645424249280244
1779768827865,-8.418611587524413,-4.818630700793862,0.4170415360484272
1779768827881,-8.251765074810384,-4.891054424230754,0.4113553801707923
1779768827898,-8.319701131439208,-4.62859035949707,0.5969055704414844
1779768827914,-8.530241239929198,-4.307318424224853,0.7293352881602942
1779768827931,-8.640824013629555,-4.189553922326863,0.6721735043283551
1779768827948,-8.769363299781084,-4.083311223657429,0.5479743662729859
1779768827965,-8.424448038592933,-3.957765274102986,0.8432091392952948
1779768827981,-8.303242748591304,-3.71550228587687,0.9799780552621931
1779768827998,-8.640522984856366,-3.0699647864744066,0.8014603939767927
1779768828015,-8.884135926386714,-2.8217168786197897,0.6693308282483369
1779768828031,-9.031976709857583,-2.7371713402345774,0.5958592031937092
1779768828048,-9.386168333435059,-2.7226562004089354,0.8032561913523822
1779768828065,-9.319729237365722,-2.6364649406433105,0.7815592502638697
1779768828081,-9.197475899615883,-2.597110543115437,0.7513319428477436
1779768828098,-9.16081585573852,-2.5728695435673,0.6753157478768378
1779768828115,-9.351602631488442,-2.415749767358601,0.6823493728406727
1779768828131,-9.485379818293453,-2.388216448266804,0.6998566802196204
1779768828148,-9.223213567462563,-2.3557449421204626,0.6043878159556537
1779768828164,-9.34052769524455,-2.3937524550840257,0.5844865261122584
1779768828181,-9.398288979339599,-2.2406736248292027,0.46896556535735723
1779768828198,-9.602544892993569,-1.9747677490785718,0.4894657709419727
1779768828215,-9.771037419348955,-1.82737456324473,0.7170655891738832
1779768828231,-9.827300573840736,-1.7787424881532787,0.7423532482307403
1779768828248,-9.572018237304688,-1.7049708572387694,0.6268332373239099
1779768828265,-9.536554125213623,-1.6572366077698766,0.6130671622999012
1779768828281,-9.676016371917724,-1.6136919189453125,0.6156104170419275
1779768828298,-9.713876439234614,-1.4486419342592358,0.47779509729463604
1779768828315,-9.89583401184082,-1.432929839733988,0.4728558507941663
1779768828331,-9.848249838367105,-1.4965258213318884,0.5687743219891562
1779768828348,-9.763856567934155,-1.4514851948611438,0.7155688478101044
1779768828365,-9.683648474231362,-1.1305120964050293,0.5473759254558012
1779768828381,-9.60868061926961,-1.1062708045959473,0.5665296118022873
1779768828398,-9.566780921173095,-1.2226890064515172,0.6676841935524717
1779768828415,-9.596558219799398,-1.4746783658567815,0.658407283173874
1779768828431,-9.656564067950844,-1.4236521621704101,0.5656312747230753
1779768828448,-9.734375621905922,-1.1818377944946288,0.32187202005721627
1779768828465,-9.578903905165195,-0.9953894863404333,0.3992352822555229
1779768828481,-9.605686698150635,-0.9355342256408185,0.6087276717908681
1779768828498,-9.692774614495038,-0.8864532377380877,0.6209972977120429
1779768828515,-9.705345342254638,-0.8569745567321777,0.45400217030756174
1779768828531,-9.520094573321938,-0.8409633331298828,0.31798144235946235
1779768828548,-9.554960134997962,-0.9310452436584978,0.39818730757255105
1779768828565,-9.89553532115519,-0.9496001603942363,0.5366018353220076
1779768828581,-9.916484585681557,-0.8201638523377478,0.49245874221287667
1779768828598,-9.791687408667801,-0.8364743511475622,0.38008126711547374
1779768828615,-9.580998247095941,-0.8527848499573767,0.2775796546705067
1779768828631,-9.636663435694574,-0.8506897773742675,0.40566885896697635
1779768828648,-9.744103235194087,-0.8940847555298358,0.4537024201760068
1779768828665,-9.85079367763102,-0.824802471923828,0.42811548591163007
1779768828681,-9.931149070850013,-0.7878420568604022,0.3800815228438005
1779768828698,-9.849147663989662,-0.8776245460510254,0.3462634243940934
1779768828715,-9.765800103217362,-0.9355342987060546,0.2118888562178239
1779768828731,-9.782707983398437,-0.8658030292235315,0.3061597428688779
1779768828748,-9.796476396510004,-0.9108444594118743,0.3152880020244047
1779768828765,-9.750089323866368,-0.8324340627808123,0.24435943078240377
1779768828781,-9.757120537677407,-0.9464579168457538,0.2795246512584388
1779768828798,-9.771038003870844,-0.9433155271667987,0.22730094488319008
1779768828814,-9.57531201815307,-1.0616790178712456,0.23897300677001476
1779768828831,-9.567230418506265,-1.0571897436279802,0.2714440014597028
1779768828848,-9.57575976192057,-1.0453682998657226,0.1888441720484756
1779768828865,-9.674221305194497,-0.9769839149475097,0.19482960313362999
1779768828881,-9.906159006500243,-1.1285668075561524,0.11193049851488321
1779768828898,-9.87742800205648,-1.1466728114806115,0.14200729154441505
1779768828914,-9.628281976318359,-1.189619022955373,0.08813819258231669
1779768828931,-9.642947046008706,-0.962918053259328,0.1451505397398956
1779768828948,-9.724949621912836,-1.0203789661683142,0.17253316178200764
1779768828964,-9.791537186542152,-1.197699380493164,0.11821504041077568
1779768828981,-9.730336575648188,-1.1785459864076226,0.07093017867719754
1779768828998,-9.739612353515625,-1.2403461706299335,0.0703313908001408
1779768829015,-9.715521283832192,-1.2603975364685058,0.13198259500581772
1779768829031,-9.510818210932612,-1.3287822867128998,0.24824999021384864
1779768829048,-9.406818907275795,-1.3123218580383806,0.3277076856744475
1779768829065,-9.543586508068442,-1.1073183408875018,0.20485598017266018
1779768829081,-9.719710552215576,-1.199495031738281,0.17118689827220512
1779768829098,-9.770888366267085,-1.1929111233033238,0.184205114070978
1779768829114,-9.746797296583653,-1.2484269665591419,0.1614610568160191
1779768829131,-9.55645826460123,-1.3564650242127478,0.2273016390029341
1779768829148,-9.491064293670654,-1.3907317432127893,0.2525896451196633
1779768829165,-9.670479780578614,-1.3160627250671386,0.22161508126650004
1779768829181,-9.757119953155517,-1.4803646678648887,0.1542784335692413
1779768829198,-9.653571315875649,-1.5574284721925853,0.20201211678255349
1779768829214,-9.39739290728271,-1.5421654366090893,0.28401419949634
1779768829231,-9.265561009326577,-1.577479911096394,0.35224836228890344
1779768829248,-9.266457665905357,-1.5879542510986326,0.3190285767922178
1779768829265,-9.292796806776524,-1.4523827282227575,0.25124369213711467
1779768829281,-9.538950080439447,-1.5628152797974646,0.29269308918286113
1779768829298,-9.598503508648276,-1.6659154426574707,0.26276531270258124
1779768829315,-9.632022916412353,-1.8110640644349156,0.45160818784311413
1779768829331,-9.672425653949379,-1.7082630306519566,0.3737967800185084
1779768829348,-9.623494157519936,-1.5307928325928746,0.35973026074320075
1779768829365,-9.824756734576821,-1.6650177631653844,0.5394457535110414
1779768829381,-10.23311775523722,-1.973869923456013,0.539744699924998
1779768829398,-10.358664873835444,-1.9267343705326319,0.4783930631877854
1779768829414,-10.312276047626137,-1.790114653778076,0.4103080630749464
1779768829431,-10.302250328174233,-1.8014872577942906,0.5026343184642493
1779768829448,-10.269179833221434,-1.8336590503416954,0.5741609103983267
1779768829465,-10.192864070782065,-1.8001403732299803,0.5452813643293455
1779768829481,-9.884013810187577,-1.7542017750062047,0.4935064977001398
1779768829498,-9.498098430091142,-1.731307367761433,0.6287784165749326
1779768829514,-9.452906704711914,-1.7618331466674804,0.7026996485605835
1779768829531,-9.489418864551187,-1.8417399193361401,0.6491300805343314
1779768829548,-9.40412543040812,-1.793855886133015,0.5620402279611677
1779768829565,-9.374197909656166,-1.7753008232668042,0.5467773019755259
1779768829581,-9.406070134735106,-1.7884686401367187,0.5110140608074143
1779768829597,-9.51261269313395,-1.7860747307375073,0.5391455649880692
1779768829614,-9.534012624037265,-1.805976532037556,0.5258277451882138
1779768829631,-9.491064293670654,-1.7938555938720702,0.5152042059736326
1779768829648,-9.59476315307617,-1.6724994972229004,0.43350181859247383
1779768829665,-9.672425653949379,-1.7357963497437536,0.45490032472368325
1779768829681,-9.892990312847495,-1.8544588233947752,0.44876423312146213
1779768829697,-9.84405940093994,-1.8269256504334508,0.39534371817708014
1779768829715,-9.362226316833496,-1.7209822269715367,0.3106495651014149
1779768829731,-9.332896761974691,-1.7739536464415488,0.5265761158701032
1779768829747,-9.462036352106928,-1.8023852295473217,0.45295467054862526
1779768829764,-9.725696640887856,-1.6674121109560132,0.4900643578896299
1779768829781,-9.902269013324378,-1.5505449962891638,0.47106111286450175
1779768829798,-9.72285411093831,-1.656039653070271,0.4465207285109907
1779768829814,-9.641450669971109,-1.6045643173769115,0.5018861669780686
1779768829831,-9.641600307574867,-1.582567589624226,0.5454304539438337
1779768829848,-9.65312181854248,-1.619677715356648,0.5315140471963211
1779768829864,-9.66569196178019,-1.624465680285543,0.5069731513861566
1779768829881,-9.745599026709794,-1.656039653070271,0.3901069135021418
1779768829898,-9.658062197554111,-1.700332529913634,0.42661881761308756
1779768829914,-9.65895943865478,-1.6997338333681224,0.4264684858895838
1779768829931,-9.536554125213623,-1.6817770286560059,0.40162831487189976
1779768829948,-9.542240938678383,-1.687613041333109,0.441282754792273
1779768829965,-9.586234394183755,-1.7212813560485838,0.41105643375683576
1779768829981,-9.625289808765054,-1.699135136822611,0.394146617347002
1779768829998,-9.583690554919839,-1.6690578323364256,0.4640277436289936
1779768830014,-9.596708441925049,-1.615936483001709,0.4237748994240537
1779768830031,-9.707889766040443,-1.7407342445373535,0.3965418053878471
1779768830048,-9.645340078625082,-1.71739077835083,0.45579738316126167
1779768830064,-9.642049220386147,-1.6656163135804234,0.483480924378708
1779768830081,-9.583541501837969,-1.633294591168314,0.43993572409749027
1779768830098,-9.601497429767251,-1.5990274337768553,0.42886272408235815
1779768830114,-9.632323945185542,-1.6310503193728625,0.4279655925795436
1779768830131,-9.692626145935058,-1.62805712890625,0.4285633027443662
1779768830147,-9.720310271674395,-1.6828246380127965,0.453403400696814
1779768830165,-9.672874566760658,-1.6927007198609412,0.4827322979684919
1779768830181,-9.605537060546874,-1.617732134246826,0.44711924239341166
1779768830197,-9.660006901881099,-1.64870726435557,0.4933570427594706
1779768830214,-9.705794839587806,-1.6750434826172886,0.48871831357553597
1779768830231,-9.698165659883617,-1.6564887120120226,0.4312569257425144
1779768830248,-9.675717096710205,-1.6180314094543455,0.4873708079567179
1779768830265,-9.695620067054033,-1.6057614182069897,0.4884190749006346
1779768830281,-9.6849952126652,-1.6820764499939977,0.5247805742228403
1779768830298,-9.53790086364746,-1.7199347637452185,0.49320722249262033
1779768830314,-9.57665758754313,-1.7227780243471265,0.5017367851026356
1779768830331,-9.63950655016601,-1.7013799931399523,0.5232840885873884
1779768830347,-9.645641691920162,-1.6439191532962023,0.4598374523323029
1779768830365,-9.619304889136552,-1.63105017324239,0.47689654101971535
1779768830381,-9.713725632587074,-1.694646008709818,0.48632418498061597
1779768830398,-9.635315528216957,-1.6240170597352086,0.4900647232158109
1779768830414,-9.591022797504067,-1.6057612720765173,0.4918604475261643
1779768830431,-9.572169043952226,-1.6340429253175854,0.5102654709298163
1779768830448,-9.807698047748207,-1.6362874893739818,0.524331990205124
1779768830464,-9.89568437423706,-1.6751931202210486,0.5557554120706394
1779768830481,-9.860070040020346,-1.602020331982523,0.4855749740485102
1779768830498,-9.778519299536942,-1.6647186340883373,0.5059258708229288
1779768830514,-9.731682145038247,-1.6992844821654258,0.5089188420938328
1779768830531,-9.691430798670648,-1.6789340603150427,0.5189455479264259
1779768830548,-9.69711644309163,-1.6796822483338414,0.5172983652412891
1779768830564,-9.630825815582275,-1.6805799278259277,0.5005395016094669
1779768830581,-9.604189737591147,-1.6472105960570276,0.4884181981178
1779768830598,-9.553913256293535,-1.7317561344422399,0.546029077424109
1779768830614,-9.515306170001626,-1.7187376629151403,0.4973973311262205
1779768830631,-9.498246898651123,-1.6927005737304686,0.49679830578714607
1779768830648,-9.53835036098063,-1.745672431591898,0.4332018857978284
1779768830664,-9.479242922973633,-1.70467158203125,0.3700559129897505
1779768830681,-9.567978606525063,-1.5994764927186071,0.3890592676127329
1779768830698,-9.680207978388667,-1.795502045904845,0.48333135984018444
1779768830714,-9.674071083068847,-1.8320131828308104,0.47420302761942146
1779768830731,-9.641451839014888,-1.7094601314820348,0.4400863480819389
1779768830748,-9.631873278808593,-1.6876128952026366,0.5180466263253242
1779768830764,-9.689334703174232,-1.7209823731020093,0.534208254716359
1779768830781,-9.726895495283603,-1.763180177362263,0.49889297651145603
1779768830797,-9.706094114795327,-1.6799816696718335,0.4557977119548246
1779768830814,-9.737966924396156,-1.6974888309203087,0.499790582938306
1779768830831,-9.747243286785483,-1.7648257526122033,0.48288248356152325
1779768830847,-9.605388007465004,-1.6500538566589356,0.5297191996688023
1779768830864,-9.5946140999943,-1.6454150909423828,0.5633871490580961
1779768830881,-9.564836216846109,-1.7365446838930247,0.6245890385936945
1779768830897,-9.680954412841796,-1.7206828056335448,0.5804462377455085
1779768830914,-9.699809335437417,-1.7105077408388256,0.5473759619884193
1779768830931,-9.635764441028236,-1.6132431522645054,0.4908131304303184
1779768830948,-9.62693523788452,-1.7338509147644041,0.5416895869150757
1779768830964,-9.648333415222167,-1.7832313240051267,0.5864318880263716
1779768830981,-9.57052244578898,-1.7788921257570385,0.5388472761612385
1779768830998,-9.514559151026607,-1.7794906761720775,0.5376498100049794
1779768831014,-9.664346976912022,-1.7703629284732043,0.5211893447978422
1779768831031,-9.777171976581215,-1.785027267511189,0.5392955313853919
1779768831048,-9.817573545074461,-1.7952024784363805,0.525828475840576
1779768831064,-9.740809454345703,-1.740434969329834,0.5237334032574669
1779768831081,-9.699061147418618,-1.73325265661031,0.5307665532972663
1779768831098,-9.739611768993734,-1.8432361492432652,0.5636866434613242
1779768831115,-9.782108848461508,-1.787271685437113,0.5478251305280253
1779768831131,-9.669882399207353,-1.7565958305358886,0.54707610225901
1779768831148,-9.572019990870356,-1.6921024617068467,0.559946032160893
1779768831165,-9.617359015765786,-1.7507602562502025,0.5764056936504319
1779768831181,-9.657011811718345,-1.7660229995727539,0.5786499289132654
1779768831198,-9.645492054316401,-1.7603370628908275,0.520740468519181
1779768831214,-9.517999646869301,-1.790713204193115,0.5014379117539152
1779768831231,-9.47445510417521,-1.7773956035889684,0.5092178615730255
1779768831248,-9.488370816802979,-1.7200844013489782,0.49694860097803173
1779768831264,-9.532065581622719,-1.7574938022889195,0.4991925439799204
1779768831281,-9.621849312922357,-1.7923595100954175,0.5039814587568864
1779768831298,-9.669432317352294,-1.8166005096435547,0.5044300793072208
1779768831314,-9.607034021106362,-1.7998412441529332,0.508919609278813
1779768831331,-9.579801146265863,-1.7952026245668529,0.4686668381391093
1779768831348,-9.649083356806635,-1.753304241644591,0.4791417991958558
1779768831364,-9.675718265753984,-1.7548003254212439,0.45804212988074866
1779768831381,-9.728539755359291,-1.8064251525878905,0.5153534417185932
1779768831398,-9.590724691340327,-1.8555065788820384,0.5401929916817695
1779768831414,-9.417741867828369,-1.8505685379579662,0.5832892426190898
1779768831431,-9.436746428027748,-1.8674774410523474,0.5364526726422831
1779768831448,-9.529522326880693,-1.8335098511293528,0.45130876650512214
1779768831464,-9.650876669964195,-1.8679262077331542,0.46731984397694465
1779768831481,-9.664345223346352,-1.89126982005015,0.4703121211281046
1779768831498,-9.554361584582924,-1.8873790962219237,0.5189449268719181
1779768831514,-9.465027935138345,-1.8029833415709435,0.4759985692666843
1779768831531,-9.531467031207681,-1.8499699875429272,0.49126207977421577
1779768831548,-9.615563364520668,-1.960103410040587,0.5568033867536112
1779768831564,-9.650578563800453,-1.9831471626281738,0.5439346258955076
1779768831581,-9.599553309962152,-1.9785088353030382,0.5252301080886275
1779768831598,-9.529372104755044,-2.016217219189554,0.517597786579281
1779768831614,-9.451709603881836,-2.0201077968873085,0.4450239506145939
1779768831631,-9.444078086090087,-2.002749688720703,0.4947032332040369
1779768831648,-9.457246779742837,-2.068291105297953,0.5609926916696131
1779768831664,-9.307907282146811,-2.2074537845335898,0.4373926154859364
1779768831681,-9.14330591801107,-2.2492026759825645,0.3690075729805976
1779768831698,-8.907178948321938,-2.203713282831013,0.49141098672561345
1779768831714,-9.114425275963544,-2.161814169256389,0.55380997709129
1779768831731,-9.207950531879067,-2.2379800018310547,0.6009460414713248
1779768831748,-9.271844035118818,-2.4313116397581993,0.4525052462806925
1779768831764,-8.948329873877762,-2.4455276505067944,0.4077644064741209
1779768831781,-8.908824961963296,-2.4612395989015696,0.522236990687251
1779768831798,-9.105448773303628,-2.643797475488484,0.6670856066048145
1779768831814,-9.175329534259438,-2.8790277885988353,0.7052437070202082
1779768831831,-9.146150201526284,-2.9557918793275952,0.7341239837415516
1779768831848,-8.994567308917642,-3.027917204339802,0.7013532023876905
1779768831864,-8.973318769183754,-3.167678726251423,0.539145528455451
1779768831881,-8.897452504077553,-3.2707793275028467,0.4402355107616633
1779768831898,-8.7781925029248,-3.3435032029300924,0.5137070627510547
1779768831914,-8.87994607348144,-3.254469120953977,0.8340816838573664
1779768831931,-9.016712505230307,-3.402160559082031,0.8462015260443091
1779768831948,-9.047539020648598,-3.91347283565104,0.7224514469306915
1779768831964,-8.940697771564125,-4.32153458110392,0.4830316462412476
1779768831981,-8.743025912475586,-4.417900905664265,0.46522499058954414
1779768831998,-8.392425591388344,-4.449175164850056,0.5452811816662549
1779768832014,-8.259996312060952,-4.284274817767739,0.8441072571787983
1779768832031,-8.340800618091226,-4.263175623376667,1.0661697534192354
1779768832048,-8.843732019805907,-4.567239234216511,0.8671518134839832
1779768832064,-8.82323108356893,-5.021837982177734,0.37708880730122324
1779768832081,-8.517672265735268,-5.176264573779702,0.4124024050056934
1779768832098,-8.200141270557046,-5.373935848346353,0.5316645250502974
1779768832114,-8.249970592609047,-5.576395526233315,0.37289855253715065
1779768832131,-8.207623150745034,-5.746234206500649,0.362573630942963
1779768832148,-7.936928725543618,-5.942259467425942,0.7220026802498847
1779768832164,-8.189217140960693,-5.888239707946777,0.6389537370979785
1779768832181,-8.137143839374184,-5.902755724555254,0.40522032974818717
1779768832198,-7.863007749286293,-6.2132531678348775,0.17747239001616835
1779768832214,-7.501332491955161,-6.5438026345402,0.16056324945976957
1779768832231,-7.470807005310058,-6.603059710150957,0.29074786426606586
1779768832248,-7.445967163085937,-6.662614891925454,0.39639203991992394
1779768832264,-7.315033675274252,-6.723217536926269,0.2515425266699283
1779768832281,-7.2637091462284324,-6.718430302649736,0.1740303757865331
1779768832298,-6.947674527087807,-6.877495075446367,0.2898495500197401
1779768832314,-6.8216802492439745,-7.32880267290771,0.30062332505970263
1779768832331,-6.798335029491782,-7.498190686798095,0.250344980598567
1779768832348,-6.809557849773764,-7.58497991245687,0.1372191439524293
1779768832364,-6.801477419170737,-7.503577640533447,-0.14694275691891087
1779768832381,-6.653635466656088,-7.615656205749511,-0.2427106223957613
1779768832398,-6.328323316082358,-8.030750918579102,-0.3417712275413796
1779768832414,-5.871629349407553,-8.298751866912841,-0.3755889971975237
1779768832431,-5.959317569732666,-8.414272097015381,-0.3760379830740392
1779768832448,-6.002862696948647,-8.422952831599115,-0.44921099050827323
1779768832464,-5.9136786851078265,-8.155249989429116,-0.46312644740771497
1779768832481,-5.713313349151611,-8.060379164123535,-0.5120583091633394
1779768832498,-5.148880307769775,-8.113499928936362,-0.6884807882677764
1779768832515,-4.571578432464599,-8.501062491717935,-0.4834777825735509
1779768832531,-4.662109182739258,-8.729409475055336,-0.7291824356861412
1779768832548,-4.751592469787598,-8.763077935901284,-0.7115248331163078
1779768832565,-5.0707697708681225,-8.662372413092852,-0.5973514875780791
1779768832581,-5.235221497400104,-8.56136703055501,-0.6628933425467461
1779768832598,-5.150227046203613,-8.52201234076619,-0.770183139116317
1779768832614,-4.29983625177592,-8.674491889953613,-0.8764257647205144
1779768832631,-4.145261191613972,-8.721777957263589,-0.8321330340076237
1779768832648,-4.067449637658894,-8.780585535541176,-0.7621027815785258
1779768832664,-4.145860034289956,-8.906132654139398,-0.7272374390982091
1779768832681,-3.9203555809020996,-9.042900839453935,-0.9105427730515598
1779768832698,-3.5399767921447753,-9.066842271533607,-1.005114469280094
1779768832714,-2.9319992080688473,-9.136424341803789,-0.9365802275624125
1779768832731,-3.8159091179996727,-8.969578998133539,-0.9431645013235509
1779768832748,-4.109647441919147,-8.966884352222085,-1.0934002901721744
1779768832764,-3.7440824836730955,-9.024794104877113,-1.4021028128590434
1779768832781,-3.6004306763246654,-9.178173817774653,-1.2873309169057756
1779768832798,-3.452139810998738,-9.24356428157389,-1.2217889888718723
1779768832814,-3.273921132659912,-9.338435106879473,-1.1568468533620238
1779768832831,-3.196258924047649,-9.356989585223793,-1.185128214342147
1779768832848,-3.1747114013671873,-9.530269930377601,-1.134850417870283
1779768832864,-2.648286311340332,-9.384822179523109,-0.9870076616380363
1779768832881,-2.5737667846679684,-9.313295404925942,-1.1076162278555333
1779768832897,-2.4603414810180664,-9.442582294574379,-1.2159538529776035
1779768832914,-2.3633757292598485,-9.597306407818198,-1.1417333823170512
1779768832931,-2.6210525597169996,-9.624541620746255,-1.1430800476856529
1779768832948,-3.0442274108886718,-9.310452290454506,-1.1707634427726268
1779768832964,-2.800168479156494,-9.67242623847127,-1.4327785216297952
1779768832981,-2.466775897979736,-9.579799977222084,-1.6117452418569473
1779768832998,-2.245461882019043,-9.387216965705155,-1.5417146971669047
