timestamp,x,y,z
1779768730255,-1.1962030044555663,-9.888950097545981,-0.17792210654504595
1779768730271,-1.4755764106750486,-9.626036827740073,-0.24032091424763202
1779768730288,-1.6132427869383246,-9.462780448472499,-1.015144280385226
1779768730304,-0.8647556390624492,-9.828795196312665,-1.155953484718874
1779768730321,-0.6807013864379375,-9.802459562572837,-0.9308984555989503
1779768730338,-0.5035302443906664,-9.843308874833584,-0.39175373086109755
1779768730354,-0.5530603643003851,-9.876528422868251,-0.38935974839664994
1779768730371,-0.5394434884887188,-9.846453018078208,-0.5225375080037862
1779768730387,-0.6817486304685473,-9.880119725358485,-0.8218122771319002
1779768730404,-0.7064387620236724,-9.792730780240893,-0.8491960316851734
1779768730421,-0.7381621532164514,-9.718959441587328,-0.8524882050983608
1779768730438,-0.8072946530882269,-9.662546649491786,-0.805053084706515
1779768730454,-0.8919896098814905,-9.837623230412602,-0.8279474919512867
1779768730471,-0.8996212007384746,-9.889248203709721,-0.879721883656457
1779768730488,-0.9148842363219708,-9.97349359010458,-0.956336336781457
1779768730504,-0.9317933220794424,-10.039334720280765,-1.076944245411828
1779768730521,-0.927453758505173,-9.988458519524336,-1.122583860689029
1779768730538,-0.904110438449122,-9.860668590435385,-1.1769026031147687
1779768730554,-1.1040262405395507,-9.945063029912113,-1.123182411104068
1779768730571,-1.2264296542845665,-10.019432334458827,-1.18004506585896
1779768730588,-1.4469956648895517,-9.801860427635907,-1.3214526014119385
1779768730604,-1.868973488296382,-9.298628581669925,-1.1575989869035779
1779768730621,-2.0669438554074615,-9.096018097135424,-1.011103626692295
1779768730638,-2.1618142057890073,-8.805721730363368,-0.7692892590165138
1779768730654,-2.048538612808101,-8.908224073460698,-0.6193526723101734
1779768730671,-2.02339931271337,-8.990824030736087,-0.638805560798943
1779768730688,-1.9159596958769485,-9.059656743943691,-0.6358131009846926
1779768730704,-1.9232919749937951,-9.031675096562504,-0.6631967824727296
1779768730721,-2.0302828251494094,-9.14270619855225,-0.6866894478715956
1779768730738,-1.9502267071379347,-9.461434879082441,-0.533460687752068
1779768730754,-1.5456065169736741,-9.821612006810307,-0.3248656489152461
1779768730771,-1.3232451108518988,-10.043974070519209,-0.23104323668405413
1779768730788,-1.1162960856564341,-10.156053220257162,-0.017510083857923745
1779768730804,-1.2870327376767992,-9.810240717968345,0.18165742061585186
1779768730821,-1.3670885634273289,-9.559297287419438,0.3136375679362565
1779768730838,-1.305886856554821,-9.25119346127808,0.6254824072368442
1779768730854,-1.017235918902233,-9.280672653740645,0.9231115280497819
1779768730871,-0.7425012053340673,-9.706391051915288,1.0139415535319596
1779768730888,-0.6839927561335265,-10.02930958535075,1.0785853271497412
1779768730904,-0.7324753397516905,-10.544510101529955,1.0803805765360592
1779768730921,-0.8569735338188708,-10.826876259824633,0.9870070040509105
1779768730938,-0.9795270235590636,-10.755649929478764,0.8640046745646744
1779768730954,-0.9463071832634508,-10.327237469914555,0.8418587110670283
1779768730971,-0.8421594110466539,-9.942219330918789,1.0395299308347514
1779768730988,-0.938974502287805,-9.796172445127368,1.1198850317928009
1779768731004,-1.2045815412223337,-10.01763609869182,1.100731491576787
1779768731021,-1.5096923230275512,-10.301948714879154,0.6890786262967623
1779768731038,-1.6765382512196898,-10.20917281602621,0.4046174684842117
1779768731054,-1.7660215382680295,-9.729135967686771,0.013614190664235502
1779768731071,-1.7950518179193138,-9.953743179973959,-0.04773724514357745
1779768731088,-2.1585215574517846,-10.36898753040731,-0.2470544785526581
1779768731104,-3.1024358542293307,-11.181669940948487,-0.936734249080345
1779768731121,-4.512919322746992,-9.91513550916016,-1.408990533396031
1779768731138,-4.5783115401118994,-8.82338130569458,-1.348986139699444
1779768731154,-4.159026682116091,-7.373392925262451,-1.0758971292453818
1779768731171,-3.8771094366326926,-7.736713027191161,-0.8246554464022628
1779768731187,-3.961953665703535,-8.594733878105878,-0.7876951592030004
1779768731204,-4.682458143284917,-10.187027035191655,-0.7251463851030916
1779768731221,-5.5898605724841355,-10.277708007591961,-0.6036412353720516
1779768731238,-5.786335915264487,-9.706990771374105,-0.3968414824541658
1779768731254,-6.372764515355229,-8.795846817559003,-0.30197182619236407
1779768731271,-6.833947610142826,-8.77893776833415,-0.8632621856343
1779768731287,-6.99810006146729,-8.886078877148032,-0.9925486368913203
1779768731304,-7.1009005107283585,-8.335561548393965,-0.6658897113511338
1779768731321,-6.934653132951259,-7.543230436486005,-0.3263623902790248
1779768731338,-6.722766870549321,-7.482028656548261,-0.18330862188898026
1779768731354,-6.580012012040615,-7.646180523350834,-0.1879474241381511
1779768731371,-7.035509462407231,-7.516594943016767,-0.15308193552736193
1779768731388,-7.20878980756104,-7.091774370464682,-0.09876377762351185
1779768731404,-7.224950668767094,-6.011990006256103,0.030224640535004434
1779768731421,-7.449406489884853,-5.386953150829672,-0.08739150240086019
1779768731437,-7.685534044095873,-5.109525033459067,-0.1472462881764397
1779768731454,-8.19190769521892,-4.948963884624838,-0.14844379086531698
1779768731471,-8.292315111863612,-4.631881217736005,-0.08170518212644383
1779768731488,-8.36414174619019,-4.604498120769858,0.061797078949771815
1779768731504,-8.303537347623706,-4.429122556902468,0.10908261653678492
1779768731521,-8.203730234959721,-4.607341527502238,0.03935156624997035
1779768731538,-8.01354025605917,-4.569034008678794,0.11102788026948691
1779768731554,-8.085216668260097,-4.064306371197104,-0.10175626712051453
1779768731571,-8.435668520787358,-3.4269998167842624,0.029325928996456786
1779768731588,-8.549841427934169,-3.2912788024351,0.1384119795993436
1779768731604,-8.801832321709394,-3.5857658988952634,-0.25767856575651094
1779768731621,-8.545500768381357,-3.4436095908015965,-0.4590910361454822
1779768731638,-8.724020767754316,-3.3152211112976073,-0.592567742166575
1779768731654,-9.01461757877767,-3.2887355476930735,-0.5342091497655026
1779768731671,-9.120858523881434,-3.354575508825481,-0.48946734184455126
1779768731687,-9.135523593571781,-3.369688906805217,-0.4950036043900996
1779768731704,-8.824875343644619,-3.0974983978271484,-0.8544335670124739
1779768731720,-8.714443961113691,-2.9257147209718823,-0.7920343209184706
1779768731737,-8.985286854875087,-2.884414157812297,-0.8273489780688658
1779768731754,-9.317033422410487,-2.814683326721191,-0.9135401282366364
1779768731771,-9.165302645763754,-2.5115179798953235,-0.8985766601216048
1779768731787,-9.158718006676436,-2.502988782611489,-0.7697387563496828
1779768731804,-9.281569894841313,-2.256385280963033,-0.7673443354938179
1779768731821,-9.224708189934491,-2.021005768640339,-0.9168321555193513
1779768731838,-9.197025233238936,-1.9675849979676305,-0.8396190789140761
1779768731854,-9.358184347966313,-1.970876879119873,-0.7553728888016193
1779768731871,-9.458141682755947,-1.9497784153811633,-0.789041788038984
1779768731887,-9.397986781522631,-1.8721157683774827,-0.7899396867267787
1779768731904,-9.318679436051845,-1.6867149234496055,-0.8913936167497187
1779768731921,-9.371501510179042,-1.5496470245361327,-0.7248472560260445
1779768731938,-9.394546285679937,-1.4671965587340294,-0.734423916536197
1779768731954,-9.225304986783861,-1.5053544399537144,-0.7550742711812257
1779768731971,-9.275583221647143,-1.5617679627016186,-0.7158686344742774
1779768731987,-9.341724211552739,-1.5342344974793494,-0.6826490864396095
1779768732004,-9.471011685723067,-1.5295955856323242,-0.795775334077701
1779768732021,-9.375243034794925,-1.622820105035603,-0.8530866093829274
1779768732037,-9.359232395714521,-1.6356887928284705,-0.883912248018384
1779768732054,-9.414747362187505,-1.6226706135623157,-0.7856001231525093
1779768732071,-9.649679569134115,-1.530194428308308,-0.7963739575579762
1779768732088,-9.582789806687831,-1.5252559489928186,-0.8958825987320392
1779768732104,-9.512458963876963,-1.4749778602600097,-0.9225183113969861
1779768732121,-9.51949368481934,-1.2913725204467772,-0.76135839295201
1779768732138,-9.608676527616382,-1.3525740081235766,-0.7160184182085096
1779768732154,-9.79392905011475,-1.4680948227480053,-0.7959251178119331
1779768732171,-9.726740596982836,-1.3654431343078612,-0.938080695253238
1779768732188,-9.688284901860357,-1.3887866004943847,-0.9141386055864393
1779768732204,-9.495550499173998,-1.5104421184815466,-0.6944707493975758
1779768732221,-9.44826735447347,-1.4202104972839356,-0.5642856688003987
1779768732237,-9.403522788339853,-1.3204023617066443,-0.49979215384088455
1779768732254,-9.64129752523601,-1.2291232772827148,-0.7377161264820024
1779768732271,-9.541191137364507,-1.3705309589661656,-0.7263435224657878
1779768732288,-9.60763140247762,-1.4829090916506946,-0.6519737429950386
1779768732304,-9.574859013688563,-1.5218145763672888,-0.6084290541704743
1779768732321,-9.579347557279467,-1.5529386134274303,-0.438440845897235
1779768732337,-9.588027707341313,-1.5014638622559606,-0.38606801337487995
1779768732354,-9.687536129319668,-1.5339352222718297,-0.31154779258277265
1779768732371,-9.774326524022221,-1.5945383056640625,-0.4125535769794136
1779768732388,-9.84525474820435,-1.5463549972534179,-0.1874985478594899
1779768732404,-9.871441328862309,-1.5526402150027454,-0.12135901925861835
1779768732421,-9.702499889695643,-1.4712367740355432,-0.12854118584766983
1779768732438,-9.625136664029956,-1.4178161494933068,-0.1608628717271611
1779768732454,-9.640101593449712,-1.450586930847168,-0.1385674167562276
1779768732471,-9.819217805150151,-1.5011647331789135,-0.08364988645343109
1779768732488,-9.838968799802661,-1.5903481604978442,-0.11402637481559068
1779768732504,-9.792881002366542,-1.6433203106202183,-0.19153900062302126
1779768732521,-9.775972537663579,-1.7106569400511682,-0.19512993778707458
1779768732537,-9.955835768339037,-1.5155296508789062,-0.13213236047374083
1779768732554,-10.044870727097987,-1.5099932056702672,-0.053573002092353994
1779768732571,-9.995789593064785,-1.6096517036437987,-0.17223596893372012
1779768732587,-9.799764916661381,-1.6428712516784667,-0.19976895009879952
1779768732604,-9.786446585404873,-1.6994341197691858,-0.19946949222818947
1779768732621,-9.802009480717778,-1.8646344727113842,-0.20755027902424333
1779768732638,-9.603292496490479,-1.8022358842045068,-0.17433040219601242
1779768732654,-9.5456802654773,-1.729212295178324,-0.18390687090991995
1779768732671,-9.607779286515711,-1.7317561344422399,-0.22176544952262192
1779768732687,-9.607180151578783,-1.7191864295959471,-0.2088968987270724
1779768732704,-9.57815045644939,-1.7057188991270957,-0.1698414658794645
1779768732721,-9.508870583996176,-1.7601874252870677,-0.22131629924932494
1779768732738,-9.35982977708578,-1.6763900749206542,-0.1981227400946198
1779768732754,-9.391102867227792,-1.6733971767149864,-0.23493389429691014
1779768732771,-9.58982335858643,-1.7711108242310583,-0.2255063998914149
1779768732787,-9.675865565270184,-1.8092684131897985,-0.22161527877096668
1779768732804,-9.713723294499516,-1.8076225456789135,-0.26261671171186024
1779768732821,-9.674218967106938,-1.7585409732542931,-0.27129570186308116
1779768732838,-9.701004098179936,-1.734299973706156,-0.09008468700759112
1779768732854,-9.766244924375414,-1.7175405620850621,-0.05342310419369023
1779768732871,-9.728236973020433,-1.6662145717345178,-0.04653954152530059
1779768732888,-9.682896779081226,-1.5981293158933518,0.006431074227113276
1779768732904,-9.735120887315272,-1.5702970138549803,0.06703455034499056
1779768732921,-9.868149301579594,-1.5327381214417517,0.05416620961199514
1779768732938,-9.687086631986498,-1.5554828910827636,0.15487166848834602
1779768732954,-9.552862870457767,-1.5701472301207482,0.2014094747142866
1779768732971,-9.456943997403979,-1.5840636734008788,0.25273514540442266
1779768732988,-9.481036820653081,-1.5605704234801232,0.3467078710928093
1779768733004,-9.5456802654773,-1.5216647926330567,0.30869981927312906
1779768733020,-9.72434756436646,-1.4957776333130894,0.4387345133478753
1779768733037,-9.99309553167522,-1.4386157764159142,0.4107528659666888
1779768733054,-9.966311569646,-1.422455061340332,0.36750794553998856
1779768733071,-9.942969857025146,-1.4870986522950231,0.3805262161376886
1779768733088,-9.931146732762455,-1.504157192993164,0.3788791795830242
1779768733104,-9.847647196298837,-1.4800653926573692,0.42676299359044056
1779768733121,-9.73616893506348,-1.4365208499632776,0.47868762568756934
1779768733138,-9.661798461472987,-1.5070004535950718,0.4581876575649716
1779768733154,-9.733175598466396,-1.5346832641601562,0.39638718108171594
1779768733171,-9.739610599949955,-1.5548843406677244,0.3736418634514324
1779768733187,-9.756819508904218,-1.4538789581298828,0.36212011502180247
1779768733204,-9.76834101987183,-1.4471452659606934,0.36675893553728234
1779768733221,-9.702202952575684,-1.4938323444642125,0.35718220196189354
1779768733237,-9.674968324169516,-1.5453075340270994,0.3365316463874653
1779768733254,-9.700255325639247,-1.5424642734251917,0.3247107506144792
1779768733271,-9.76834101987183,-1.5280989173337816,0.3416200373013504
1779768733287,-9.81338076955974,-1.5477015895567834,0.36975227213436734
1779768733304,-9.77522376512289,-1.584063381139934,0.3360828797066584
1779768733321,-9.631122752702236,-1.7316062045775353,0.384565298928041
1779768733337,-9.528471356523037,-1.755398583575338,0.32830240016458556
1779768733354,-9.485375726640225,-1.7543514126099644,0.3414702900997363
1779768733371,-9.649976506254076,-1.771110385839641,0.37947800399269904
1779768733388,-9.734372114774585,-1.849072015789896,0.3758864275078289
1779768733404,-9.735122056359051,-1.870619392339885,0.38396682157823814
1779768733421,-9.687536713841556,-1.9098248829163609,0.41643880264861505
1779768733438,-9.541190552842616,-1.9604022468566893,0.4403803808587603
1779768733454,-9.541041499760746,-1.9731217354372144,0.43753788744183253
1779768733471,-9.60822995289266,-2.079214796502888,0.4183840366985649
1779768733487,-9.545829903081058,-2.0968720337465405,0.3425181917174719
1779768733504,-9.504528755399583,-2.0777178359434005,0.31453595981439575
1779768733521,-9.419984678319096,-2.1019592738829553,0.2733845410682261
1779768733538,-9.384669619309902,-2.057816326904297,0.20754414154440162
1779768733554,-9.381227954423426,-2.046144447680563,0.19228187314588577
1779768733571,-9.417141563847661,-2.034772135925293,0.1479890693677589
1779768733587,-9.44302828477621,-2.058265239715576,0.20919095890335737
1779768733604,-9.517997308781743,-2.0582653858460485,0.13317494659554213
1779768733621,-9.514407175335288,-2.0575171978272495,0.07556443261541426
1779768733637,-9.58383785443604,-2.0147204047605394,0.16175496172867715
1779768733654,-9.614064065873622,-1.995866797339171,0.19123338700626044
1779768733671,-9.663594697239995,-1.9093756778441369,0.209490270643495
1779768733687,-9.658655487272142,-1.9949683871947228,0.25004133061002937
1779768733704,-9.612418636754155,-2.049586112567037,0.27622827659416943
1779768733721,-9.589522329813242,-2.0159177978515626,0.36137192700300363
1779768733737,-9.66673591787517,-1.948580583898723,0.3510465670173988
1779768733754,-9.680203302213549,-1.9749169482909141,0.3520948339613154
1779768733771,-9.647732526719569,-1.9918259975157677,0.4047671974195167
1779768733787,-9.644889412248133,-1.9252378483645616,0.38755792313907295
1779768733804,-9.71207552729249,-1.8558052695676683,0.4522016236916184
1779768733821,-9.772979785588383,-1.8212395676210522,0.4767423733713105
1779768733838,-9.835526550394295,-1.710357810974121,0.4439720669414848
1779768733854,-9.784351074430345,-1.714846646825969,0.4655196992198005
1779768733871,-9.761308637017011,-1.7256209926880894,0.5140028673598542
1779768733887,-9.599400165227054,-1.6879120242796837,0.5163963749002665
1779768733904,-9.578301263096929,-1.7325046147219836,0.5810396370613947
1779768733921,-9.553311198747158,-1.773055674688518,0.5858285153057425
1779768733937,-9.356237890073656,-1.868225190679729,0.5150501479230821
1779768733954,-9.122205262315273,-2.067841754095256,0.31932361421603705
1779768733971,-8.793152756169437,-1.879597648565471,0.08229757679533213
1779768733987,-8.45332400446534,-1.6042644576475023,0.7947221717629581
1779768734004,-9.323168564164638,-1.8739115657530725,0.9639620824195444
1779768734021,-9.497049213299155,-2.0709845821656288,0.9356816712874919
1779768734038,-9.584586626976728,-2.2176292877197263,0.973390420500189
1779768734053,-9.620199792149663,-2.1986253120422363,1.1492141665264963
1779768734070,-9.91573522861898,-2.152537514606118,1.2877786606732755
1779768734087,-10.089463317540288,-2.1314380279541014,1.1982953736249358
1779768734104,-10.00387236175537,-2.134730347497761,1.0925006379187105
1779768734121,-9.960774978306889,-2.0739774803712963,1.1022275205545127
1779768734137,-9.919326531109213,-2.0784669007450343,1.0859176793318241
1779768734154,-9.798568984875082,-2.3018752586364744,1.18976639553681
1779768734170,-9.766247262462972,-2.4024320206239818,1.1917104422766716
1779768734187,-9.607480595830083,-2.6156650214597583,1.1513088007181882
1779768734204,-9.492258471891283,-2.8468548270076512,1.2354053532268852
1779768734221,-9.677660631993412,-2.8892028533935545,1.1894665358074008
1779768734237,-10.087670004382728,-2.9545950707584616,0.862807792930305
1779768734254,-10.169368628904223,-3.26898309173584,0.5915143058571964
1779768734271,-10.078539187943935,-3.353827320806682,0.5594917125221341
1779768734287,-9.952693378660083,-3.3515827567502856,0.47539596373103554
1779768734304,-9.763551447507739,-3.207780727276206,0.3782807935647666
1779768734321,-9.707586983701587,-3.2128686980649825,0.34341559721492226
1779768734337,-9.489265719816087,-3.2884356879636645,0.3118415513649583
1779768734354,-9.278129398998617,-3.2353149231508374,0.2602169068614021
1779768734371,-9.140462803539632,-3.178751908929646,0.2632097320018336
1779768734387,-8.941744065746665,-3.113509913690388,0.2555782507427037
1779768734404,-8.96343976472616,-3.0808886238098143,0.20230708114113657
1779768734421,-9.043944211027025,-2.9897588847286998,0.15711703626234083
1779768734437,-9.063547321641444,-2.8028619560241697,0.11910842732023447
1779768734454,-9.043197192052006,-2.6728270244874057,0.09681253395788371
1779768734471,-9.09093158765137,-2.6116248061582445,0.12838665287308393
1779768734487,-9.21258812855184,-2.454057140051573,0.1638501073770225
1779768734504,-9.27019743695557,-2.3153426429748536,0.08065194674646481
1779768734521,-9.209443400785327,-2.2352863788329063,0.07077635808866471
1779768734537,-9.197024648717045,-2.1215617999754843,0.14798941642763092
1779768734554,-9.281719532445072,-2.076371389770508,0.13751374298483132
1779768734571,-9.304314810612798,-2.0329767769411204,0.15576960370875895
1779768734587,-9.389757297837734,-1.9006971352174877,0.23283401082465424
1779768734604,-9.494954286846518,-1.7633299610964952,0.22654879307532683
1779768734621,-9.470114444622396,-1.6672621810913084,0.18165742061585186
1779768734637,-9.479090947282314,-1.5786764274045824,0.24046485276296733
1779768734654,-9.566480476921797,-1.5032595135010778,0.35493714471515264
1779768734671,-9.62813000062704,-1.4628573604859412,0.34670683904634786
1779768734687,-9.616907764866948,-1.5608699909485875,0.2867028357921168
1779768734704,-9.675117961773276,-1.5598223815917969,0.22191008215770125
1779768734721,-9.6594060133785,-1.5204679840639233,0.2606657831400633
1779768734737,-9.710132576531171,-1.4435541096009312,0.2997214534496888
1779768734754,-9.724945530259609,-1.6271590110227465,0.16355138015877455
1779768734771,-9.707588152745366,-1.6270095195494592,0.23881916791517285
1779768734787,-9.655962010404467,-1.4906899547852575,0.2111359554912895
1779768734804,-9.606132688352465,-1.6093524284362792,0.2211609808234498
1779768734821,-9.661948099076747,-1.6455644362851976,0.21382914009802043
1779768734837,-9.782257901543378,-1.5789758487425745,0.23208503735456615
1779768734854,-9.813980489018558,-1.4743796021059155,0.27039153326470405
1779768734871,-9.776121006223558,-1.4559735923215746,0.31662977202218023
1779768734887,-9.839867209947109,-1.5469536937989294,0.3633175811780616
1779768734904,-9.968855408909917,-1.5316903659544885,0.38172264111433174
1779768734921,-9.9287525311023,-1.4652512698851525,0.3868110137619078
1779768734938,-9.947306424924731,-1.3587095882691442,0.3266558568002656
1779768734954,-9.990551692411303,-1.4252981758117675,0.44995727883093056
1779768734971,-9.894185660111903,-1.4465465694151818,0.3977342665754258
1779768734987,-9.62783130994141,-1.6012722900941967,0.4008764735912904
1779768735004,-9.664042441007494,-1.602768520001322,0.2838592463966459
1779768735021,-9.671674543321132,-1.5994764927186071,0.19093455019015818
1779768735037,-9.748588856175541,-1.6546924762450157,0.06179744427595287
1779768735054,-9.619002691319585,-1.7076644802369176,0.12793704594206065
1779768735071,-9.546728897747396,-1.7088615810669958,0.08139982423800975
1779768735087,-9.466222113358974,-1.7718588661193846,-0.04369724903777242
1779768735104,-9.41085619996786,-1.8822912715636193,-0.000002776478976011276
1779768735121,-9.42387642506063,-1.8836385945193468,0.031421229908429084
1779768735137,-9.441232633531094,-1.7500116298399864,-0.07512107276208699
1779768735154,-9.486872102677822,-1.7859246547423302,-0.01631364061497152
1779768735171,-9.59057154660523,-1.7953521160401402,0.06434099127892405
1779768735187,-9.77522434964478,-1.9262847270689905,0.06853109991252422
1779768735204,-9.543136426213383,-1.7616833629332482,0.21008779814522713
1779768735220,-9.368508758103847,-1.6469113208495079,0.2241545731488615
1779768735237,-9.131782653477787,-1.6838719551086425,0.41554106835760174
1779768735254,-9.29039792894125,-1.770661911419779,0.6465817112257704
1779768735271,-9.34651261487305,-1.8201916660033166,0.7061372035275213
1779768735287,-9.563187280595303,-1.9422959506712854,0.847395119743049
1779768735304,-9.972894455167651,-2.1685481536865234,1.0315983341178856
1779768735321,-10.092605122697353,-2.2607247714720664,1.0477593414544126
1779768735337,-10.018984006169438,-2.1351789680480957,1.0006244278518484
1779768735354,-9.874583718541263,-1.8490717235289513,0.8247987821293994
1779768735371,-9.740807700780033,-1.6036659072324633,0.7903824072592891
1779768735387,-9.780760356462002,-1.5737385326109825,0.7980137241216376
1779768735404,-9.722101831266283,-1.670553769982606,0.8313831289557739
1779768735421,-9.663744334843754,-1.833658904211223,1.0124449400323443
1779768735437,-9.662247374284266,-1.878400547735393,0.9463050095726735
1779768735453,-8.874255752885341,-1.802983487701416,0.7767659515727311
1779768735471,-8.084169789555668,-1.5535371638424693,1.519117701966129
1779768735487,-8.149861282128095,-1.4380176643922924,1.6035134931497275
1779768735504,-8.19819481266439,-1.5237597190856933,1.8306636679179966
1779768735521,-8.423996203172207,-2.160766267638653,2.1112337000435217
1779768735537,-8.474574297764898,-2.5421928118832406,2.372202082859352
1779768735554,-8.67030028348267,-2.9321482611507177,2.320726491437666
1779768735571,-8.234705218937993,-2.3301558889642355,1.499665653727576
1779768735588,-7.790431173375248,-2.0064900442928075,1.007507209635526
1779768735603,-7.773371902024746,-2.168846552111208,0.8683443842694163
1779768735620,-7.96805159355998,-2.915389141790569,1.2632372168738395
1779768735637,-8.179787633836268,-3.679886782616377,2.085496726316586
1779768735654,-8.855102724125981,-4.4629403630912305,2.1887460153236984
1779768735670,-9.224707020890712,-4.758175063048303,1.6916500417642295
1779768735688,-9.603440965050458,-5.134514221026003,0.9645604867041111
1779768735704,-9.741406835716962,-5.196014983910322,1.0529963835913687
1779768735721,-10.148419948899745,-5.885843752720952,1.3066331083448604
1779768735737,-9.930697819951176,-6.409725003483891,1.119136825507693
1779768735754,-10.125077651757001,-7.529463776940107,-0.10789176735098008
1779768735771,-10.003123589214683,-7.679999206322431,-1.2852404656988567
1779768735787,-7.675210803002119,-6.920587782719731,-1.2123663864122702
1779768735804,-7.326406133159995,-5.953180674412846,1.03279589160569
1779768735821,-7.483675254711509,-5.846788922661543,1.1709116190716624
1779768735837,-7.143398759239911,-6.372763930833339,0.334138138847053
1779768735854,-6.580612316021323,-7.191433014568686,-1.152511600636691
1779768735871,-5.5442222723811865,-7.046583229607343,-1.2167058403886855
1779768735887,-4.372260559734702,-6.771549898418784,-0.38920989159718156
1779768735904,-5.456683397398889,-7.863602792569995,-1.3617045323014259
1779768735921,-5.851877185711264,-8.723870545628666,-1.833362551613152
1779768735937,-6.45117608103007,-9.696965051922202,-2.5019433652117846
1779768735954,-6.508785681694746,-9.701451841947435,-2.7641075702160594
1779768735971,-6.75823244394511,-8.615084592217206,-2.810795087110996
1779768735988,-6.737133541814982,-8.206573349431157,-2.9076106167435642
1779768736004,-5.810277931866049,-8.432973874875902,-3.0808903773754834
1779768736021,-4.39261127384603,-9.581443652775883,-3.3958784100726245
1779768736037,-4.117128445324301,-9.863061623051761,-3.4433129459425804
1779768736054,-4.155734947094321,-9.550617721879481,-3.5595819485858082
1779768736071,-3.9513299803584814,-9.189691821610927,-3.4222143360733983
1779768736087,-3.5312972266048193,-9.143902714860438,-3.446754610829055
1779768736104,-2.576908882085979,-9.147045689061283,-3.4005165912672877
1779768736121,-2.17258793059662,-8.675537015092372,-3.528606087824702
1779768736137,-2.218975587762147,-8.331520164048671,-3.690514559614658
1779768736154,-2.1365254142209884,-7.92316031243205,-3.8459883221819995
1779768736171,-1.9584565926816313,-7.838014762327075,-3.7648841564223168
1779768736187,-1.8691229432370513,-7.7382064806193105,-3.8533196879833933
1779768736204,-1.534982320171967,-7.581536494004726,-3.9915854183793065
1779768736221,-0.8349775367185472,-7.773522124150395,-4.377201231007278
1779768736237,-0.34940358558334406,-7.9074471949934955,-4.543448316523432
1779768736254,0.49200871515674516,-8.09539202531576,-4.684108248579502
1779768736271,0.978480485064641,-7.554901000535487,-4.782120294520259
1779768736287,0.8155251414201222,-7.512852833878994,-4.703261861860752
1779768736304,0.5472248813462444,-7.555949048283695,-4.571281203083694
1779768736321,0.5208885717529803,-7.524973479783535,-4.871454528486728
1779768736337,0.6759131657807156,-7.422770996415615,-4.996700910572708
1779768736354,1.0717046642579138,-7.375486098149419,-5.256172515492141
1779768736371,1.3076830557892098,-7.77067842515707,-5.067030584339797
1779768736387,1.3392567363129928,-8.469487203758954,-4.489579655952752
1779768736404,1.8237831511566414,-10.59852927648723,-3.2447438457533715
1779768736421,1.842787236431986,-11.910104627007245,-2.8540406468585133
1779768736437,1.363198606784083,-11.662901552030444,-2.8253093501538036
1779768736454,0.702847788327001,-9.942518606126308,-2.7145778156325218
1779768736471,0.5683237286774441,-8.814850208714605,-2.551023914723098
1779768736487,0.3586814458100125,-8.701125045335292,-2.5655390545487404
1779768736504,0.06479300936274231,-8.527395202848314,-2.738669762098789
1779768736521,-0.34551330014653503,-8.216148987028003,-2.719066943745315
1779768736537,-0.7297827031342312,-8.03867878896892,-2.553717391590774
1779768736554,-1.2181996226103975,-7.6713184717386955,-2.129494638801366
1779768736571,-1.0111012155395,-7.423968097245693,-1.8080733581863342
1779768736587,-0.7558194543921853,-7.430701789414882,-1.6523006126724182
1779768736604,-0.32695798155199735,-8.136393313267826,-1.4257494267106054
1779768736621,0.4270658615526219,-9.248799259617924,-1.6304536686539648
1779768736637,0.9656115575264673,-9.758165078294276,-1.704674066249281
1779768736654,1.4088381307297386,-11.143509429380297,-1.758693095076084
1779768736671,1.1974002514161168,-12.485758735105394,-1.6618772731825708
1779768736687,0.8521863360749558,-12.889779680734872,-1.6072596939407289
1779768736704,0.2742858007568866,-12.81421385987997,-1.7562988934159278
1779768736721,0.008080649798735975,-11.96531973375082,-1.9536708927750586
1779768736737,-0.12913725204467771,-11.510870915654301,-1.9617514695085585
1779768736754,-0.42272623062133785,-10.608555580461024,-2.065151199837029
1779768736771,-0.7230488283019513,-9.916631300675869,-2.0720346757404506
1779768736787,-0.7784147416930646,-9.657907883775234,-2.0049965908646583
1779768736804,-0.7962215434752404,-9.265857361924647,-1.697042548457533
1779768736821,-0.4540004167418927,-9.02209770539999,-1.2629440060809254
1779768736837,0.11492160662226378,-8.996210984471439,-0.7612088284134865
1779768736854,0.42063130416870115,-9.088238110783696,-0.5300190228655934
1779768736871,0.8101379136901349,-9.140012721684574,-0.3667642510332167
1779768736887,0.9584287790160626,-8.992620266503096,-0.30152269418537614
1779768736904,0.965162471185252,-8.91256356396973,-0.19797332625314593
1779768736920,0.9329903863769025,-8.917351382768153,0.1110284716412425
1779768736937,0.9047089523315429,-9.48088659852743,0.16295272014588116
1779768736953,0.8979748948361724,-9.904211379563808,0.12703984137400984
1779768736971,0.4855737319394946,-10.512937151658534,-0.12734423114806412
1779768736987,-0.05656323341690003,-10.67484562344849,-0.47420375827178357
1779768737004,-0.08319876341875643,-10.80248708397746,-0.540194233790785
1779768737021,-0.05805986518282443,-11.483038321354984,-0.6367104882158339
1779768737037,-1.0931030973238869,-11.73547637437582,-1.5897526788227259
1779768737054,-1.6150390227053313,-11.320682105797529,-2.253694434443861
1779768737071,-1.4284410038821398,-10.225184624150394,-2.731038682698458
1779768737087,-0.7145200694095343,-9.872937120378017,-1.9680359566055237
1779768737104,-0.5286703116703778,-9.894784210526943,-1.7992447395645081
1779768737121,-0.5587473238956183,-9.477744208848476,-1.926885615571588
1779768737137,-0.5568021081119775,-8.815149483922124,-2.164510422603041
1779768737154,-0.37723683746978637,-8.548345051896572,-2.2285553170122205
1779768737171,0.19707221269495784,-8.219291961228848,-2.265066746199131
1779768737187,0.6144113799830898,-8.425044250920415,-2.453460197071731
1779768737204,0.5807425538109615,-8.733595820829272,-2.467077365144342
1779768737221,-0.13527327058166264,-9.50078898434937,-2.4618400490127503
1779768737237,-0.8366247376699931,-9.837474177330732,-2.222869234199822
1779768737254,-1.246781500907056,-9.843608734562993,-2.1143815330825744
1779768737271,-1.8547590484503655,-9.612267830106616,-2.1809701206251977
1779768737287,-2.3520047326788305,-9.25807620652914,-2.156279769874364
1779768737304,-2.5671838808800094,-9.078062753728032,-2.17318896522969
1779768737321,-2.7624607528571037,-8.673592310765384,-2.2263098761729894
1779768737337,-2.5275298702178985,-8.378955868962407,-2.316841064839065
1779768737353,-2.3356944439315703,-8.304287289208172,-2.323125844196975
1779768737371,-2.1220118726973887,-8.264183826878666,-2.415302023591101
1779768737387,-1.9244904731965158,-8.391824702885746,-2.741961204859614
1779768737404,-1.8611935019446535,-8.508242174088954,-2.9487600809946652
1779768737421,-1.693749164901371,-8.712499256786703,-3.2990617113962766
1779768737437,-1.7785936177344992,-8.799587173131108,-3.5016716114088893
1779768737454,-1.9708778792002937,-8.77938609662354,-3.6312571917429564
1779768737471,-2.391808612698497,-8.50988935677409,-3.931579862488806
1779768737487,-2.1532862506141885,-8.105119054082035,-4.144065552088618
1779768737504,-1.843236943827709,-8.084618702366948,-4.284575262019038
1779768737521,-1.0342963592965155,-8.584409467968344,-4.248213178174942
1779768737537,-0.18570149010857567,-10.268280254033208,-3.7051781680002804
1779768737554,0.2889492082131095,-11.666344385960697,-3.3610122638747093
1779768737571,0.6841420923431869,-13.323133103832602,-2.818126745173335
1779768737587,-0.016161902385670692,-11.317089634263516,-2.555063837763667
1779768737604,0.004488068666867911,-10.259750326097011,-2.3945026889294385
1779768737621,-0.16639804742732084,-9.137319244816899,-2.0409087389841676
1779768737637,-0.337434020320978,-8.03194626584351,-2.0029006414987145
1779768737654,-0.18794598109973593,-7.448509248784184,-1.9369108966320752
1779768737671,0.3492531077293679,-6.79953096127808,-1.6086054094612598
1779768737687,0.9678550164711661,-6.907121567425131,-0.9296997473336756
1779768737704,1.2711703114280477,-7.282412093132734,-0.7232002925366163
1779768737721,1.9524701660826336,-8.422350774052738,-0.3821764858290553
1779768737737,2.091334118100023,-9.94177041810751,-0.5187947412788868
1779768737754,2.012325357712767,-10.709860238206385,-0.567576453974098
1779768737771,1.470188516224781,-11.962776479008793,-0.7009042895764112
1779768737787,0.484974304741621,-12.65440148358643,-0.8659544203929602
1779768737804,0.03860536925885826,-12.662781189396977,-1.0034713051829487
1779768737821,-0.54348490936663,-12.16224398934245,-1.1517622435741126
1779768737837,-0.5556055918037891,-11.209500781682133,-1.2493253767035901
1779768737854,-0.5342072318030521,-10.714948501256108,-1.3251918610054998
1779768737871,-0.5312144431952387,-9.99279684098959,-1.2297233620677142
1779768737887,-0.5261267646674066,-9.59042073995769,-0.7080863831002265
1779768737904,-0.48916645920183505,-9.369556805852055,-0.5337590131115169
1779768737921,-0.2178735201179981,-8.908524517711996,-0.21862178120203316
1779768737937,0.21981669007502494,-8.66446558597982,0.12344970792755484
1779768737954,0.4472657381920144,-8.706362361466883,0.2923905625723302
1779768737971,0.7523767209266312,-9.130287446483969,0.4964961810354143
1779768737987,1.1201860422996803,-9.565731704381108,0.5099633461780846
1779768738004,1.2726668335961178,-9.646685063493251,0.5799939639333636
1779768738021,1.23406029529348,-9.773727389085293,0.756416991027072
1779768738037,0.917576818140503,-9.91603333478272,1.150562220134586
1779768738054,0.6450867964928969,-10.026916552734374,1.0821782005425542
1779768738071,0.11806322911623865,-10.057740145543217,0.9002189474359155
1779768738087,-0.02633711331086233,-9.751731245854497,0.3538922022394836
1779768738104,0.016010292020533234,-9.601346623119712,0.06883227481618523
1779768738121,0.31543521020906046,-10.325142543461919,-0.8023577081426978
1779768738137,0.08559194216560571,-12.41064241158366,-2.397943330902606
1779768738154,-0.5591965289678424,-12.87795947908163,-3.246537889563292
1779768738171,-1.6639709483930374,-11.567433929875492,-4.327819652722775
1779768738187,-0.772280412789667,-10.354022600987554,-3.516933185687661
1779768738204,-0.6319203587293158,-10.028110730955005,-2.9279598695501683
1779768738221,-0.21128899976168758,-8.90044291806519,-2.4926642263434826
1779768738237,0.456543671483919,-8.174400680100918,-2.5121166764408347
1779768738254,0.6721714950343594,-8.319701131439208,-2.223765160126239
1779768738271,0.5394429404994473,-8.424895782360434,-2.064251182257384
1779768738287,0.08170154713094234,-8.494327630504966,-1.7711112626224754
1779768738304,-0.16086093549840152,-8.531587393841146,-1.6885113053470848
1779768738321,-0.5916674871249125,-8.550590200474858,-1.8121122583135962
1779768738337,-0.9727944273684174,-8.407686288884282,-1.9402013164795935
1779768738354,-1.4651019976075739,-8.400204993218184,-2.095824570520222
1779768738371,-1.7598880039490759,-8.437015843743085,-2.123657018689066
1779768738387,-2.2119434241030365,-8.541911219456791,-2.2851161392763255
1779768738404,-2.6551697872437536,-8.745119085362553,-2.6234467613771555
1779768738421,-2.8456582376342263,-8.794648547685146,-2.83458512802124
1779768738437,-2.919579286956787,-8.954162817814945,-2.970157235419005
1779768738454,-2.805405868353322,-9.095871382141112,-3.051410892651975
1779768738471,-2.6334719693724065,-9.039754942643642,-3.0942066628053784
1779768738487,-2.2691045503478495,-8.743622124803066,-3.2623991833008823
1779768738504,-1.8197430454529822,-8.349029517254232,-3.1760585781924426
1779768738521,-1.5705960698667913,-8.368481821221113,-3.10258607635498
1779768738537,-1.2801494809690863,-8.815898256462813,-3.2398037590026854
1779768738554,-0.9270049187591299,-9.281421426281332,-3.5070568115785714
1779768738571,-0.7296327002042904,-9.450211474278568,-3.5652662778325377
1779768738587,-0.5633853589598089,-9.605684360063075,-3.2447420921877024
1779768738604,-0.7193078151427209,-9.925160644090175,-2.7439045940123497
1779768738621,-0.7282859983030706,-10.594640452355145,-2.587384683392942
1779768738637,-0.3811268306456506,-12.523468580296635,-2.257134491895139
1779768738654,-0.6094737409178167,-12.835462984135747,-1.8670283821105955
1779768738671,-0.6971611575253307,-12.09281097215414,-1.743727435003966
1779768738687,-0.2035068853849545,-10.353424635094404,-1.4374193331729619
1779768738704,-0.03202233760673553,-8.949824496349692,-1.136797752545774
1779768738721,2.1919570863246918e-7,-8.341097555211187,-0.9674074736330658
1779768738737,-0.0254380273129791,-7.504024215257167,-0.5409406682439148
1779768738754,0.03007763327974826,-7.3261056889086955,0.09277443754822015
1779768738771,0.09666618428975343,-7.439531577080488,0.40432051309794187
1779768738787,0.315885584325064,-8.290369823014736,0.5207384226925671
1779768738804,0.6052845090670511,-9.675265261289477,0.6584047989558428
1779768738821,0.6896803733158856,-10.553938439610599,0.6838428993340582
1779768738837,0.7653967085573822,-12.051512747082114,0.37753443217687305
1779768738854,0.121506537970528,-12.387895742246508,-0.041300563159584996
1779768738871,-0.27054423960838464,-12.407649074986576,-0.3070568013064563
1779768738887,-0.5125081352900713,-11.922972876408695,-0.5171482892461121
1779768738904,-0.359578540780209,-10.858151103532313,-0.4906619949892163
1779768738921,-0.23597773394417015,-10.326039784562587,-0.5047282950688153
1779768738937,-0.2739856852991506,-9.382724914982914,-0.5177469127263874
1779768738954,-0.4112032218163833,-8.677333250859379,-0.4785414221499115
1779768738971,-0.48841640801951286,-8.423997956737875,-0.3559887361273169
1779768738987,-0.4810840923700481,-8.13414874921143,-0.09561915945485233
1779768739004,-0.449660067716334,-8.234106084001064,0.10983327050730586
1779768739021,-0.4317037013956345,-8.406188743802904,0.165049765490368
1779768739037,-0.36885599914807826,-8.888622716411948,0.2995736059442162
1779768739054,-0.33039903451711866,-9.491661090520024,0.3438665558528155
1779768739071,-0.3532936152918264,-9.89628117108643,0.40372123203054067
1779768739087,-0.6389516204894171,-10.374223677495122,0.3974364526726305
1779768739104,-0.5132562262691033,-10.373025992143154,-0.07571721202433108
1779768739121,-0.26530663578242525,-10.328135295537114,-0.21742416891530156
1779768739137,0.11178003892721608,-10.508298385941982,-0.40222660955861206
1779768739154,0.33040050495499745,-11.016168413102626,-0.2810204427741468
1779768739171,0.268450719661545,-11.277286616185307,-0.41045711615681646
1779768739187,-0.27533222280358893,-11.318885870030522,-0.8417122518010437
1779768739204,-0.6814486063423566,-10.690706624925136,-1.2295730668768285
1779768739220,-0.5859800526056438,-10.25451300996542,-1.417966956140846
1779768739236,0.50083793656677,-9.695617144444585,-1.8285725408576428
1779768739254,2.205210316455737,-11.266663515362143,-1.7987948038399217
1779768739270,2.549227185765747,-12.403908134892582,-1.868974547742307
1779768739286,0.8780743904440663,-13.10840138887167,-2.74974162960276
1779768739303,-1.3548178141281473,-11.453559713414311,-3.227683989880979
1779768739320,-1.870917927761888,-10.461761091172695,-3.03225698710978
1779768739336,-1.8049275344412772,-8.276902438676357,-2.2565359414801
1779768739354,-1.4175158422393257,-6.191254101994633,-2.195334161542356
1779768739370,-1.2270271909194532,-5.232078230938315,-2.111387758094072
1779768739387,-0.779760448080441,-3.917959625676274,-1.7102090501531957
1779768739403,-0.9190730571807827,-5.265595885136723,-2.062156840326637
1779768739420,-1.0396808539300109,-6.866867882969975,-2.158673240882158
1779768739436,-2.0281871680444103,-10.22817737622559,-2.0383646074593065
1779768739453,-3.193864005434862,-11.323674273350834,-2.2888581022836267
1779768739470,-3.049164392366819,-10.700134378483892,-2.315792724829912
1779768739486,-2.064249652454001,-9.217824275639652,-2.7557274260140954
1779768739503,-0.8689442955244797,-8.61224089322388,-3.589209025086462
1779768739520,-0.23208663565660825,-8.304435757768154,-3.921703196118772
1779768739536,0.6679835600915365,-7.864801062443852,-3.7346564836800096
1779768739553,0.3987854378624819,-7.902958651402592,-3.427151500214636
1779768739570,0.28431272578518835,-8.029102566850185,-3.354876391468197
1779768739586,-0.2015605736227706,-8.260891799595951,-2.8763353346444664
1779768739603,-1.1044739843070506,-8.486844581273198,-2.0067907808050514
1779768739620,-1.6482569633048028,-8.64501094392538,-1.8965081590950488
1779768739636,-2.616262768157199,-9.197024648717045,-2.081909296283871
1779768739653,-4.711488422936201,-8.601468154796958,-2.866908457868546
1779768739670,-5.75580896731466,-8.341097555211187,-3.2086804525949058
1779768739686,-7.285704266545921,-8.429535132598877,-3.1925200297802685
1779768739703,-5.844095153532922,-8.966283463719487,-2.9565410902597007
1779768739720,-4.80665779279694,-9.084198480004071,-2.7642570616893467
1779768739736,-3.3868960621938107,-9.04753609803915,-2.503887046625465
1779768739753,-3.0763981805227694,-9.157072577556967,-2.8917487384840843
1779768739770,-2.88635798535645,-9.318229938718677,-3.262998610498756
1779768739786,-2.429514819469303,-10.199448125347494,-3.5591321589916944
1779768739803,-2.2991803204640746,-12.231824306046962,-3.185037857331335
1779768739820,-2.5535641007252035,-13.064408517888188,-2.987216945160925
1779768739837,-3.1396945946522057,-13.291707453477382,-3.234417974311113
1779768739853,-2.4283175725087522,-11.966816109788416,-2.7991224772348997
1779768739870,-2.0627529065236447,-10.712253855344652,-2.4378970094978807
1779768739886,-1.7452217652149498,-8.346483339902758,-1.8366532637216149
1779768739904,-1.3792083325490354,-7.315629887601733,-1.4621103415109216
1779768739920,-1.134999763213098,-7.312339029362797,-1.2584540011852978
1779768739936,-0.5787968631032854,-7.818562458360194,-0.5582990686714648
1779768739953,-0.431703171672672,-8.629149942448734,-0.3443175875559449
1779768739970,-0.3015183102712035,-9.081504418614506,-0.6346146849803627
1779768739986,0.5421382805306464,-10.340106303837894,-1.339856711500138
1779768740003,1.3570645244758575,-11.190348337444663,-1.432033621546626
1779768740020,1.26758138355799,-10.833910396245122,-1.2406465418159962
1779768740037,0.3506020746529102,-9.19313407101929,-0.8997722265817224
1779768740053,-0.25004304764308033,-8.720129605534673,-0.870443110114336
1779768740070,-0.2476489190481603,-8.8676722828418,-0.8417128363229334
1779768740087,-0.31723055092692376,-9.36566681267619,-0.7260432608775794
1779768740103,-1.123777089061588,-9.204057031571864,-0.6914765360176562
1779768740120,-1.5086448598012328,-9.00833163037598,-0.712725075751543
1779768740137,-1.824529841338098,-8.786717170163989,-0.8013106833077966
1779768740153,-1.8760051770314574,-9.06100348237753,-0.737864339313656
1779768740170,-2.0944762246511877,-9.425820544865728,-0.5987018792737275
1779768740187,-2.3087571271046996,-9.491061955583096,-0.5832886215645819
1779768740204,-2.2812238080129026,-9.614962476018071,-0.37364655789285894
1779768740220,-2.1911418244190513,-9.622295303124188,-0.07362308928929269
1779768740237,-2.3449689888231453,-9.55929611837566,-0.10564539036341011
1779768740253,-2.6069842868760227,-9.694718149778247,-0.2838640687022358
1779768740270,-2.7736805774644018,-10.201242607548833,-0.37828517747893925
1779768740287,-2.952647443822026,-10.355368754899501,-0.41300161300785837
1779768740303,-3.7138545186698435,-10.421959826660157,0.010622808562219142
1779768740320,-4.645497655156254,-10.166676905602216,-0.029180940168350933
1779768740337,-4.6179640438035126,-9.799764916661381,-0.22535569256693125
1779768740354,-3.7228327748954295,-9.26316622314453,-0.6708272408185526
1779768740370,-2.9445667209580537,-9.940274626591801,-0.43125721800345923
1779768740387,-3.1251790164351463,-11.451015874150395,-0.23134167164135722
1779768740403,-5.215317650273442,-13.940088359612226,-0.16909231887944043
1779768740420,-6.530930878007411,-10.657188970726727,-0.5840374671705066
1779768740437,-6.28956542314291,-9.670777886742354,-0.6827983587171882
1779768740453,-6.606049539616704,-10.065523054504395,-1.3838501396060454
1779768740470,-6.2654737689375875,-9.342173124364018,-2.3983930234569533
1779768740487,-5.613952811211347,-8.117990226092934,-2.231696724877064
1779768740504,-4.682457558763027,-5.432740504014491,-1.023074160069041
1779768740520,-4.307316086137295,-4.292952045220137,-0.6218954384284326
1779768740537,-4.31015920060873,-4.715678860363364,-0.7306817617326509
1779768740553,-5.107278715837001,-7.127388120159506,-0.7532771814642707
1779768740570,-6.506090451261401,-9.09826499927938,-0.4004326296807732
1779768740587,-7.265801150071621,-9.138068601879477,-0.5817929761793464
1779768740603,-7.4003259403735395,-7.314136434173584,-1.096995465119928
1779768740620,-7.439080326181649,-5.479278967827558,-0.9442152524854988
1779768740637,-7.592908367368579,-5.343557661217451,-0.7999644015316851
1779768740653,-7.29168845552206,-5.840654365429282,-0.6221950195966288
1779768740671,-6.623406332609057,-5.588515003094077,-0.32232096940111366
1779768740687,-6.565795855161547,-5.207388026317954,-0.27368894910858943
1779768740703,-7.095513556993008,-4.687995903667807,-0.18585131037542596
1779768740720,-7.945603614908456,-4.540453226360678,-0.2792254856487736
1779768740737,-8.21106189302206,-4.39246222076416,-0.34252270349580793
1779768740754,-8.577374162504077,-3.957165846905112,-0.5707193551097065
1779768740770,-8.663266147062181,-3.764582250866294,-0.7351715930983423
1779768740787,-8.758586469700932,-3.736750241088867,-0.7438501357249915
1779768740804,-8.790310226219892,-3.519327387347817,-0.6456885983109474
1779768740820,-8.730753290879726,-3.205536747741699,-0.5225364850904792
1779768740837,-8.7527506031543,-2.90790784612447,-0.7998150561888702
1779768740854,-8.959998099839687,-3.0295629257202146,-0.711827451058384
1779768740870,-8.92004427511394,-3.03569777521342,-0.7007551086303777
1779768740887,-8.616730605858564,-3.085378336444497,-0.4358959289210848
1779768740904,-8.695140710228682,-3.6875206384956836,0.1593621757074725
1779768740921,-9.308653132078051,-4.19179790186137,-0.09008410248570144
1779768740937,-10.070308535215258,-4.342782536315918,0.2694960091970861
1779768740954,-11.830196393033862,-4.1088989616394045,0.9793764909061603
1779768740970,-10.72003676430583,-3.952079629682004,1.1141995152359827
1779768740987,-10.384997584965824,-3.7581487106874585,1.2196940441529265
1779768741004,-10.952421624857188,-2.8654107666566966,1.038034303715825
1779768741020,-10.73335451104045,-2.422034838977456,1.240194560264796
1779768741036,-9.92770565239787,-2.1648077981144187,1.1384406243819742
1779768741054,-8.538020641759038,-1.6362874893739818,1.1507108348250388
1779768741070,-8.858992717301845,-1.994220929828286,1.7223269561113788
1779768741086,-9.056664576390386,-2.4346043976932763,1.7697623687641695
1779768741104,-8.911367047661543,-3.0211840966925023,1.598427367258165
1779768741120,-8.424295478379726,-3.514389346423745,1.4712356232580728
1779768741137,-8.45407219248414,-3.8168066513612864,1.255607361316215
1779768741154,-8.449584817937016,-4.2711067086368795,0.9142839414744172
1779768741170,-8.649799931767582,-4.28532242712453,0.8940832394261844
1779768741187,-8.595632288250327,-4.129101061060279,0.7755701887497911
1779768741204,-8.225276880857347,-3.654449997412413,0.5207368609231431
1779768741220,-8.206873209160566,-3.2031435689948498,0.6260821786404791
1779768741237,-8.426690849083661,-2.987515635846555,0.6959632598275202
1779768741254,-8.789560869157313,-2.419790128790587,0.6863860810108482
1779768741270,-8.764422920769453,-2.106449424909055,0.5912169212126639
1779768741287,-8.794200219395757,-2.021455265973508,0.7094303815877064
1779768741304,-8.75993262361288,-2.0485395261235535,0.9801249346532859
1779768741320,-8.438961132591963,-2.0540764097236095,1.3611019998310132
1779768741337,-8.372521452000736,-1.9948196263737976,1.3748690612357108
1779768741354,-8.278100708550214,-1.9247895200751721,1.4326291717204032
1779768741370,-8.727311625993252,-2.076372266553342,1.5177725803860536
1779768741387,-9.26436098588705,-2.356942481341958,1.4885930921038613
1779768741404,-9.62842927583456,-2.494759006665647,1.354219345911499
1779768741420,-10.218300709855557,-2.7199634541936217,1.0711042689456605
1779768741437,-10.302697487419843,-2.718916283228248,1.100881878099218
1779768741453,-10.014346409496664,-2.616564016126096,1.266232069574576
1779768741470,-9.938627443906665,-2.5728693974368273,1.2903239977745338
1779768741487,-10.731109362462162,-2.9861687512822446,1.4389140287101267
1779768741504,-13.253252342876792,-2.3915090600714084,0.7127229020607657
1779768741520,-14.099900151383876,-3.213019212451577,0.3031647988365963
1779768741537,-14.531904497960209,-2.5764609921880064,-0.11671831731330602
1779768741554,-11.507429250767826,-2.0269918573126198,-0.7249955053903162
1779768741571,-8.380003332188725,-2.8918970609135926,0.786194641279825
1779768741587,-7.770530541118979,-2.570176505091041,0.9721938813591142
1779768741603,-7.507167189458012,-1.4689929406315088,0.5446794985792134
1779768741620,-8.481906540349126,-1.377564656995237,0.17971319121289997
1779768741637,-9.146446554124354,-1.401805656543374,-0.1463467637871392
1779768741654,-10.136298718473315,-1.3352170690007508,-0.5342077615260147
1779768741671,-9.807994400346278,-1.0353433110661805,-0.24675343151316045
1779768741687,-9.100208534562586,-0.8776252767033874,-0.11567089061960577
1779768741704,-7.932437259343266,-0.686388419098407,0.09591653496623039
1779768741721,-7.94276108495891,-0.7197574586063623,0.2067979628195986
1779768741737,-8.30727770319581,-0.7537250485293566,0.13601941277384758
1779768741754,-9.087339700639248,-1.0048170937687158,0.15188107183761893
1779768741771,-9.736616094309092,-1.0790370529726148,0.03830611231764778
1779768741787,-10.034844423124193,-1.004966585242003,-0.015563589432649313
1779768741804,-10.353573103654384,-0.7872440179020166,-0.07452080531399696
1779768741820,-10.480914704453944,-0.8717892640262842,-0.10878766131135635
1779768741837,-10.292670014402269,-0.996736517035216,-0.17343137099705636
1779768741854,-9.614961891496181,-1.063923947253823,-0.10744132473631761
1779768741870,-9.244160493901372,-0.6693295861393213,-0.14544898383035323
1779768741887,-9.133727942326665,-0.5669776112981141,-0.1267445482218638
1779768741904,-9.028981035172938,-0.5957077389590442,-0.2799729978141375
1779768741921,-8.810359327036142,-0.8897456303469836,-0.20859598868489265
1779768741937,-8.940993539640306,-0.9862618847720325,-0.21712514943610875
1779768741954,-9.211690302929282,-1.1151001538701355,-0.3845700116357766
1779768741971,-9.359081004545091,-1.213860680090636,-0.43828936339626084
1779768741987,-9.291445976689458,-1.2969098424382508,-0.4516074206581339
1779768742004,-9.099012018254399,-1.6065098984867334,-0.3058603032645769
1779768742021,-9.740957338383794,-2.066645676178485,-0.2711445618554018
1779768742037,-10.220694911515713,-2.0997154404789207,-0.5764049264654517
1779768742054,-10.714500757488608,-1.5059535748906432,-0.8967793649086728
1779768742070,-11.2311982342273,-0.999579777637124,-0.6139639467428438
1779768742087,-11.938683071237802,-0.9668089962832629,-0.22640279046706854
1779768742104,-11.882869414079188,-1.4203605732791125,0.544380451700557
1779768742120,-12.36096272713542,-1.9382564660221338,0.7368143005377612
1779768742137,-12.332680635502934,-1.8801969296328722,0.5228326869915007
1779768742154,-11.740265362218022,-1.0655699608951807,0.3283036965017061
1779768742170,-11.406275399670005,-0.5015859784550964,0.44951017609671395
1779768742187,-11.05836738640666,-0.4408331113286316,0.5717645624468568
1779768742204,-9.477744208848476,-0.6763624073855579,0.687434402753692
1779768742221,-7.947999570134281,-1.033397876086831,0.9108434730311855
1779768742237,-7.5779457760363815,-1.4609125100284814,1.1094124270899222
1779768742254,-7.262061963543295,-2.737171778625995,1.460911340984702
1779768742271,-7.070823352372646,-3.8416466397158797,1.5346824604425577
1779768742287,-7.202804303410649,-3.9641999833256003,1.3603545789971947
1779768742304,-7.675809937939047,-4.025252271790057,0.9144347389888018
1779768742320,-8.51003840985596,-3.525612020575255,0.4569924381647259
1779768742337,-8.8676722828418,-3.130419109045714,0.23777327559143305
1779768742354,-8.838044037297367,-2.593668878228962,-0.019154197803139685
1779768742370,-8.90657747529745,-2.201019659832865,-0.20410620298497378
1779768742387,-9.051277038133144,-2.102408478955179,-0.21293482160679994
1779768742404,-9.579199088719486,-2.0817587818972765,-0.2724910262946039
1779768742421,-10.173559066331386,-2.35724131815806,-0.14634634366203098
1779768742437,-10.345791363736987,-2.4622867698669433,-0.08993285744674503
1779768742454,-10.029457469388841,-2.5579051986694332,-0.15637180738560855
1779768742470,-9.108737877976894,-2.627935743359476,0.014214622509106992
1779768742487,-8.948925501683354,-2.7392662666872143,0.10743892271667718
1779768742504,-8.762627854046226,-3.0361475648075342,0.31393859670944513
1779768742520,-8.236651676830649,-3.29247663391754,0.5433334816645831
1779768742537,-7.925105016759037,-3.5146883293703195,0.20575104758255183
1779768742554,-8.330473285344242,-3.6409823208130896,0.12030775664001703
1779768742570,-10.058188473832606,-3.490446891430765,-0.16190825259424746
1779768742587,-10.228925564244388,-3.030012130792439,-0.5340575576666742
1779768742604,-9.812035200169682,-2.870198877716064,-0.5011371387090534
1779768742620,-9.534907527050375,-2.955193621173501,-0.14425123454630373
1779768742637,-11.149646909222007,-3.0654763890139756,0.0073314388666301964
1779768742653,-12.3160708614856,-3.098246585845947,-0.09546930265538393
1779768742670,-13.801224078801274,-3.416077148492634,-0.851588260583952
1779768742687,-11.424530018284916,-3.640234278924763,-1.1984482991643248
1779768742704,-9.689480249124765,-3.7047275016233323,-0.8637086872927844
1779768742720,-7.6140078540205955,-3.6221281288698313,-0.014515651282295584
1779768742737,-7.704389551213383,-3.13790084310323,0.3808271170467138
1779768742754,-8.328229890331626,-2.718915844836831,0.07915741560608149
1779768742770,-9.2262039814502,-1.984194918115437,-0.6081280253972858
1779768742787,-9.80111165509522,-1.9557637734010815,-1.009007275467552
1779768742804,-10.052202969682217,-2.0808606640137732,-1.1825866766331716
1779768742820,-10.032150946256518,-2.1365257064819336,-1.2985560022100806
1779768742837,-8.828467230656743,-1.9978119400575756,-1.1255745669376105
1779768742854,-8.248620347043872,-1.8770541015625,-1.0305546885501593
1779768742871,-7.6741621707320204,-1.6704045707702635,-0.8976764964114874
1779768742887,-8.239342815610765,-1.8662801940917968,-0.9226661223698407
1779768742904,-8.528294782036543,-1.9173072014957666,-0.9805763864815235
1779768742920,-9.061602032792567,-1.8758572929933666,-1.0691615556463598
1779768742937,-9.707138655412196,-1.8077718910217284,-0.9699514955600723
1779768742954,-9.972146851670741,-1.7522563400268554,-0.9617219205436296
1779768742970,-10.247630849236248,-1.7622826440006494,-1.0319016644460148
1779768742987,-9.926956295335293,-1.8270751419067381,-0.9956897296623326
1779768743004,-9.729435242894292,-1.8537109276369212,-1.0036200660038739
1779768743020,-9.27034649003744,-1.6452657455995678,-0.9262577901862561
1779768743037,-8.936056083238125,-1.3919289901733398,-0.9706999575735069
1779768743054,-8.769060517442226,-1.3245917762205004,-1.02771164714396
1779768743071,-8.471581545689702,-1.306186935479939,-1.0218759997930378
1779768743087,-8.079531023839115,-1.5749360718324779,-1.1671742957068607
1779768743104,-7.890389092686772,-1.7431287384584544,-1.2931689023442565
1779768743120,-7.589466702482103,-2.325368070165813,-1.144728728208132
1779768743137,-8.013690478184818,-3.010858225250244,-0.9656123886435292
1779768743154,-8.074743789562582,-3.3646018127992745,-0.9135383929372765
1779768743170,-8.283338024681806,-3.704279173333943,-0.5089183032377157
1779768743187,-9.147645408520102,-3.71250924154073,-0.029629257041297385
1779768743204,-10.077643115887046,-3.9504330315187572,0.1294360386284301
1779768743220,-12.057944241434335,-5.577591458019614,0.017655684607382864
1779768743237,-12.071112350565194,-7.894879389843344,0.08544164697472005
1779768743254,-11.465379915067553,-8.490287122942506,0.18809304315391928
1779768743270,-10.294915162980557,-7.543829571422934,-0.23822408809885381
1779768743287,-9.638754270493983,-5.570857765850424,-0.5545585304362699
1779768743304,-9.0592084156543,-4.919785136413574,-0.9096485276255756
1779768743320,-7.3437629261523485,-4.136880609020591,-0.14260591502469033
1779768743337,-6.803870451787113,-3.089567020305991,1.1833329375563655
1779768743354,-6.90233141053915,-2.847003880089521,1.5236092400900727
1779768743370,-7.242757543614506,-3.716399526977539,1.0326480075675994
1779768743387,-6.96637688947022,-6.1436705130428075,0.08813574489690362
1779768743404,-6.6497437199145555,-7.308599258312583,0.07990585935320704
1779768743420,-5.879558388841152,-9.418039973992109,0.7472895355891436
1779768743437,-5.856815226635336,-10.034398432922362,1.086367907317355
1779768743454,-5.65106176789999,-9.675715927666426,0.927303719042614
1779768743470,-4.837183425572515,-8.118288332256673,0.196024238011986
1779768743487,-4.222322511723637,-6.894850114873051,-0.9503488598696886
1779768743504,-3.97826299546957,-6.8170385609179736,-0.9350861165471375
1779768743520,-4.067597521696984,-7.528117038506269,0.2994239683404565
1779768743537,-5.263800526152551,-8.585157071465254,0.5434830462031066
1779768743554,-5.554097477446496,-8.858245698326826,0.270244927868247
1779768743570,-4.898834118321537,-8.640522400334477,-0.5530611680179834
1779768743587,-3.9405551961049436,-8.333316984337568,-1.0099049184270203
1779768743604,-3.6442730329215522,-8.191910617828368,-1.1145020418465137
1779768743620,-3.08103680010885,-8.348729073002934,-1.38848761754781
1779768743637,-2.4592928487479684,-8.754696476525067,-1.5129862500064075
1779768743654,-2.2860122113332153,-8.953713905003667,-1.4374194062381982
1779768743671,-2.32895834974274,-9.06654065823853,-1.3997104378297924
1779768743687,-2.492961455724388,-9.689183312004804,-1.0220254182010888
1779768743704,-2.4925123967826366,-10.335467538121343,-1.1236293511539697
1779768743720,-2.2846656190298495,-11.426924804466962,-1.6615760982789098
1779768743737,-1.8076215227656065,-11.583147047314046,-1.9738703618474303
1779768743754,-1.5212145646475255,-11.490520201542973,-1.9909286102846264
1779768743770,-0.8479951314628124,-11.072582958763837,-1.9273330670781432
1779768743787,-0.16789222237467766,-10.92369295850098,-2.262969627789408
1779768743804,0.004939209967851638,-11.450865652024746,-2.396596300207823
1779768743820,-0.48916437684260305,-12.81286770596802,-2.8808237321048975
1779768743837,-1.2792510708246378,-12.97253219822347,-3.2413010118231176
1779768743854,-1.5728400494012982,-12.73715166298747,-3.465158574786782
1779768743870,-1.2065271223321556,-10.593892264336347,-3.9644994046635924
1779768743887,-0.06224829331599176,-7.577496863225102,-3.231723766791075
1779768743904,0.24959658251721412,-6.647648208940029,-2.790442619433999
1779768743920,0.8336319490621797,-5.807732339036464,-2.297386715045571
1779768743937,1.8394959032690152,-6.024258536198735,-2.1800711259588597
1779768743954,2.2499518229825886,-6.503547781041264,-2.0220535241276023
1779768743970,2.2340903100492895,-8.151057798436284,-2.060660025897622
1779768743987,0.9612730077323504,-9.8126349196285,-2.2388787042364475
1779768744004,-0.1478408748024143,-10.379011496293543,-2.25982767650187
1779768744020,-2.791638350290898,-10.686218081334232,-2.5038866082340476
1779768744037,-4.505287896286789,-10.320953275078535,-3.0307606110721825
1779768744053,-4.67886764451228,-9.867850026372075,-3.3300361108526584
1779768744069,-3.348290026214672,-8.857047428452969,-3.31327640697062
1779768744086,-2.2276538426944286,-8.081027984398602,-2.644845523236692
1779768744103,-1.8263259058584576,-7.883205903184414,-2.310255256707966
1779768744119,-1.240345056385081,-7.829037675145268,-1.9205989365175364
1779768744136,-0.6521195583736291,-7.883954675725102,-1.8297689110353588
1779768744153,-0.4149442669416545,-7.876622433140874,-1.8827409150272607
1779768744170,-0.4707589104809565,-7.982866300854086,-2.0883432748541235
1779768744186,-1.241542202880932,-8.384791735509037,-2.3151940282844006
1779768744203,-1.8462277962067628,-8.718483007371425,-2.4245789705023166
1779768744220,-2.82725218675069,-9.11696853070557,-2.6958717999882995
1779768744236,-2.515107967211306,-8.923785799729824,-2.82830093318522
1779768744253,-2.119316404802026,-8.898049885448813,-2.8951895265877243
1779768744270,-1.3822017239450477,-9.25762787823975,-2.8498488942570983
1779768744286,-0.8707401750984601,-9.64114847215414,-2.6636997151799497
1779768744303,-0.6693282161661424,-9.783153973600268,-2.6475390001043677
1779768744320,-0.3761881504007615,-10.05070600912273,-2.7277449018500746
1779768744336,-0.39354585670856757,-10.974121415489911,-2.656217981122434
1779768744353,-0.459685695836693,-11.949160626110434,-2.5130147943243384
1779768744370,-0.5927135073128156,-14.31403214688599,-2.5239381932683287
1779768744386,-0.6887812142527662,-14.506765380528568,-2.9198792928166686
1779768744403,-0.9088980745844543,-12.560877981236576,-2.464681848309934
1779768744420,-1.2542616275293752,-11.701359585240482,-2.095525879834592
1779768744436,-1.5264526296977885,-9.96586207231283,-1.2105687989383935
1779768744453,-0.8732842518243938,-8.08342101701498,-0.5765542718082666
1779768744470,-0.41000597485583273,-7.415290285271405,-0.36885742392018434
1779768744486,0.5352548046272247,-6.788159672436118,0.025437515856325626
1779768744503,1.3887872946141286,-7.158812016949057,0.20709727455973623
1779768744520,1.5101437017905526,-7.620294386944174,0.35224604246765373
1779768744536,1.4233535810826345,-8.998605186131597,0.48482495939880604
1779768744553,1.1519112053244374,-10.208424628007412,0.12779022134989498
1779768744570,0.8693953728933819,-10.542865256932377,-0.09861191153004766
1779768744586,0.2979291540722828,-10.389188606914876,-0.4668703466437757
1779768744603,0.45684444452878087,-9.560794247978926,-0.3440175816960633
1779768744620,0.8879502987622748,-9.252240924504399,-0.2036573632389307
1779768744636,1.4025540180921088,-9.112928315404057,-0.06165083887949586
1779768744653,1.342399788145651,-9.25837665078044,-0.25034444174244996
1779768744670,1.158944001454499,-9.300275764355064,-0.32755744528248903
1779768744686,0.7519298379589454,-9.159315972569585,-0.4457710061222315
1779768744703,0.6066316562095541,-9.017309886601566,-0.4587894776493311
1779768744720,0.675614479661663,-9.027036330845952,-0.47988867204040286
1779768744736,0.9452614599030698,-9.186102272686362,-0.6961150094732642
1779768744753,1.1653782289032124,-9.242066151970624,-0.8286937802739441
1779768744770,1.20518188173566,-9.305062414109706,-0.7401078804567456
1779768744786,1.319056089063687,-9.573662497380376,-0.32935324265807864
1779768744803,1.837400693688588,-10.207676439988612,-0.28775355042144657
1779768744820,2.1381723685772624,-10.533587725499272,-0.3788828511111438
1779768744836,2.2132902858344603,-10.935813604405523,-0.6365585125245153
1779768744853,1.4742301650034386,-11.2367354100883,-0.8081934285588562
1779768744870,1.1113589991470099,-11.54947683290243,-0.7125748536258936
1779768744886,0.5288200223393738,-12.614746934068203,-0.8955812046326697
1779768744903,-0.19901721841604447,-13.648294447758794,-1.794005962128192
1779768744920,-0.6796532016924116,-13.93066060605347,-2.4220346928469834
1779768744936,-1.4305346151605247,-13.215692135289311,-3.2071827613830566
1779768744953,-1.5212150852373334,-10.670955045750736,-3.1200942605167628
1779768744970,-1.3227958395643042,-9.150936266759038,-2.7688948044925925
1779768744986,-0.3417717093152809,-6.760624599778652,-1.8382986928410827
1779768745003,1.099088769295992,-5.517435972264408,-1.2128138013862073
1779768745020,1.781436436520057,-5.266493710759282,-1.06751539587453
1779768745036,2.765902123199345,-5.649267870220542,-1.0197808541446924
1779768745053,2.233341930234246,-7.485920403289795,-1.142783110565692
1779768745070,1.5080485470090526,-8.690950857323408,-1.14712289333567
1779768745086,-0.4083603448069654,-10.638183241483569,-1.1095632702700793
1779768745103,-2.0910350894876752,-11.273694729173183,-1.3130707036443054
1779768745120,-2.7359731799585743,-11.18017122682333,-1.458967367310077
1779768745136,-3.2650917468531055,-10.355519561547041,-1.7664727891668677
1779768745153,-2.8862091332039794,-9.342172539842128,-1.6953944889895618
1779768745170,-2.577506793180201,-8.985137801793217,-1.5517422432497143
1779768745187,-1.7645258198175577,-8.559269181492924,-1.1679220818668603
1779768745203,-1.1400880627954377,-8.417412733128666,-0.8969283814579248
1779768745220,-0.956033755371999,-8.369528699925542,-0.7855980042606592
1779768745236,-0.7231979361827485,-8.279596500065923,-0.7178120236270129
1779768745253,-0.6084258027674629,-8.215102692845463,-0.7329257138676941
1779768745270,-0.6093235918574035,-8.26089296863973,-0.8306389229923486
1779768745287,-0.7297817898187786,-8.58740046647787,-1.3383590202882885
1779768745303,-1.0381851103633641,-8.896402118241786,-1.8555068711429834
1779768745320,-1.263239810689725,-9.016860389268398,-1.9063835102908313
1779768745337,-1.9601021679315715,-9.38556802945435,-1.8273752938970922
1779768745353,-2.041953900655545,-9.860966112077236,-1.7491140964783727
1779768745370,-1.779788873667363,-10.007463079723715,-1.7980464696906506
1779768745387,-0.8931862723201512,-10.205732320183515,-1.9994585382208228
1779768745403,-0.17492579253958537,-10.519670843827724,-2.0979197892338037
1779768745420,-0.04713531546136364,-10.74487602200806,-2.1036058720462023
1779768745437,-0.1672943295467645,-11.852492980515956,-1.9135662614017723
1779768745453,-0.35239604539759456,-13.806611032536624,-1.3298293846130371
1779768745470,-0.504727126025036,-14.573803611534833,-1.2464822622321545
1779768745487,-0.7127232673869468,-13.928565679600833,-1.60321765200831
1779768745503,-0.5512645121258684,-11.899629410222172,-1.7790421286869793
1779768745520,-0.7178109824473969,-10.973821555760502,-1.5572791268497705
1779768745537,-1.2862844309269916,-9.032124009373783,-0.8967784515932202
1779768745553,-1.1354495476698123,-7.4374360661059615,-0.25872363609634336
1779768745570,-0.7034458090190775,-6.984333401921391,-0.04354541947692633
1779768745587,0.5056258740962017,-6.804767692887783,0.28850086165741085
1779768745603,1.396717786219297,-7.585876569035649,0.4161415915340185
1779768745620,1.3997104834955651,-8.2299156465739,0.4100065959103405
1779768745637,1.1707649406099692,-9.773428113877772,0.27084406280517576
1779768745653,0.7124249968264251,-10.873714583367109,0.012569266454875468
1779768745670,0.4147958590315284,-10.868028938946127,-0.20664982305318116
1779768745687,0.1891423832434928,-10.261697368511557,-0.5538093560367823
1779768745703,0.4851254721487639,-9.432404599431157,-0.690278704535216
1779768745720,0.9554365109980572,-8.908972846001387,-0.6453875695377588
1779768745737,1.142932382843271,-8.828466061612962,-0.5719153599612414
1779768745753,1.2421420867365318,-8.889966532236338,-0.40028059005737304
1779768745770,1.0405801340074279,-8.768012469694018,-0.37125133331939575
1779768745787,0.9706995191820896,-8.668056303948163,-0.4192845657348633
1779768745803,0.8634094668841921,-8.819787665116786,-0.6428437302738428
1779768745820,1.0447700599779375,-9.217375947350263,-0.6610993718020618
1779768745837,1.075745080488827,-9.416843457683921,-0.6901290669314563
1779768745853,1.244835536204744,-9.474452766087651,-0.7854483666568994
1779768745870,1.707664608101081,-9.27663243843913,-1.0220252720706164
1779768745887,2.1064487673219294,-9.425372801098227,-0.9296987244203686
1779768745903,2.3255183653566984,-10.218301294377445,-0.46701881520375604
1779768745920,1.445948493924178,-10.684422430089116,-0.9745897132873534
1779768745937,1.1806409859254956,-10.924740421727298,-1.0205287499025464
1779768745953,0.5919668353976681,-12.403760250854491,-1.4083897111088037
1779768745970,-0.31768019439056516,-15.135243316319585,-1.961150727136433
1779768745987,-1.4962258154720067,-15.923684435051678,-2.5930700355529783
1779768746003,-3.9906850354734806,-13.813344724705814,-4.371363903155923
1779768746020,-2.699312040102668,-9.396640627610683,-4.099322885651141
1779768746037,-1.731456347778067,-7.727882655003667,-3.343802185876667
1779768746054,0.3727475997591391,-5.751169909337163,-1.8655328828558324
1779768746070,1.76677162598297,-5.026325356724858,-1.44594845739156
1779768746087,2.2589295951509847,-5.055055776646733,-1.3435963364198804
1779768746104,2.1585225803650916,-6.458956359642744,-1.249623775128275
1779768746120,0.9311950639253481,-8.895655099266767,-1.286584555517882
1779768746137,0.07616594217251986,-10.034846761211753,-1.3736736409060657
1779768746154,-2.0027491772640493,-11.152039941838384,-1.6891091251097619
1779768746170,-3.413233157238364,-10.809819326561689,-2.260126659448445
1779768746187,-3.573345247130841,-10.4833089061141,-2.5227405079163607
1779768746204,-3.2341172377988694,-9.763253341343999,-2.5803512776248154
1779768746220,-2.8045073486110192,-9.205104494798183,-2.240973046167195
1779768746237,-2.581547501672059,-9.04080357491374,-2.0467434364870187
1779768746254,-2.0673927316861227,-8.851361784031987,-1.6329957543522118
1779768746270,-1.6801307592863215,-8.614636848449706,-1.0910082074038683
1779768746287,-1.5084965008391067,-8.390478548973798,-0.9358337200440466
1779768746304,-1.3608040397977457,-7.867944036644697,-0.8958804798401891
1779768746320,-1.7161932756619527,-7.7826488489359615,-0.9701008774355053
1779768746337,-2.060509511511028,-7.998877524456382,-1.1686699776247143
1779768746354,-2.655768045397848,-8.297702650120854,-1.7042231076113878
1779768746370,-2.8131865853574127,-8.090155878227948,-1.908029377801716
1779768746387,-2.7555763636382293,-8.0576833491683,-1.8317143460147083
1779768746404,-2.6304793268950655,-8.44674228798747,-1.449090847070515
1779768746420,-2.404077595873922,-9.44228126580119,-1.4909893761232493
1779768746437,-2.1288938964292408,-9.949702380150557,-1.535880949512124
1779768746454,-1.5538366582456975,-10.316462977921962,-1.404647894231975
1779768746470,-1.5488986903868616,-10.029608276036381,-1.1857286644533276
1779768746487,-1.8752583041869102,-10.116248448613286,-0.9299977073669433
1779768746504,-2.7465981439452616,-11.944520691350101,-0.34416663477793336
1779768746520,-3.3129764011107383,-14.285451364567875,-0.28221666682139035
1779768746537,-3.386747885894775,-14.610764684185385,-0.3687080785773694
1779768746554,-3.498377392169088,-13.89938634686768,-0.4188357259888202
1779768746570,-3.5061584014341234,-11.834537052586674,-0.1649012969303876
1779768746587,-3.3613093471251427,-10.540769745957851,0.16340367878377438
1779768746604,-3.1561563385009763,-7.848789838841557,1.1192891299925745
1779768746620,-2.5679307719908655,-6.1429205714583395,2.1914420494746416
1779768746637,-2.159270622253418,-5.958866903355717,2.6844980269283054
1779768746654,-1.3654428420469165,-6.9964528787821525,2.9780872977659105
1779768746670,-0.8352773964479565,-9.037212856945395,3.125480118273571
1779768746687,-0.7782648848935961,-9.955836937382816,3.1591480676628647
1779768746704,-1.464054022924602,-10.956762284409999,3.187878852910921
1779768746720,-2.7645547294616697,-10.478820362523198,2.6283839620510117
1779768746737,-3.157951697485149,-9.937879840409755,2.133382805346325
1779768746754,-3.604769290050864,-8.52305629686117,1.7310069326432886
1779768746770,-3.884891468811035,-7.896374596837163,1.5177732376877684
1779768746787,-4.192845072826743,-8.108410496842861,1.3278836208401248
1779768746804,-4.96093489292562,-9.018207712224125,1.584361743032001
1779768746820,-6.005554420250654,-9.287405176866054,1.8730129364129156
1779768746837,-6.350919763293862,-9.380182244762779,1.7010792931603267
1779768746854,-6.06526040867269,-9.3541441326648,1.560419909093529
1779768746870,-5.616197375267744,-8.854054091855883,1.654392397319898
1779768746887,-5.476884766167402,-8.564356275498866,1.7703611749075352
1779768746904,-5.633406284222007,-7.882009386876225,1.9122182077936827
1779768746920,-5.719148046654462,-8.149411784794927,2.0328263356197622
1779768746937,-5.822098133519291,-8.380451075956225,2.115425854503736
1779768746954,-6.401195660069584,-8.675237155362963,2.0217527145501224
1779768746970,-6.923732510486245,-8.081776172417403,1.8145047064080833
1779768746987,-7.117512622833251,-7.753022356957197,1.8646331575371324
1779768747004,-8.920195081761479,-8.374765431535243,2.098366656218469
1779768747020,-11.571325676617025,-8.668354994633793,0.9380772611871361
1779768747037,-11.475857469940184,-8.580219030541182,0.45040831053406
1779768747054,-9.082253191155194,-7.575551574376225,-0.027684162271954117
1779768747070,-5.3083916552901265,-5.998819559037685,-0.1949792590036988
1779768747087,-3.9627024382442233,-5.2165153356254095,0.21308277871012687
1779768747104,-4.005348570793867,-3.866484289982915,0.9093468777978793
1779768747120,-6.157436003544927,-3.9031452106431126,1.1445770630440675
1779768747137,-9.025390901726484,-4.385876704894006,0.3330922647896223
1779768747154,-9.631722472161053,-4.353106361931562,-0.00643494668463245
1779768747170,-9.312994376152753,-4.136430819426477,-0.6052856415782123
1779768747187,-8.115594270867108,-3.8072280911549923,-0.13063523551747203
1779768747204,-7.644535094231367,-3.4272982152089475,0.28894901641686443
1779768747220,-7.742396918046474,-2.7470450839951632,0.6865364675332791
1779768747237,-8.151206851518154,-2.993946837937832,0.6239874559713527
1779768747254,-8.397361294224858,-3.162738347239792,0.4152429073949344
1779768747270,-8.662669350212813,-2.8113898381337523,0.036361060930788516
1779768747287,-8.866326128929853,-2.563141053496301,0.14320227348264306
1779768747304,-8.998306495445966,-2.4319088749989866,0.13542126421760767
1779768747320,-8.733895680558682,-2.2647636715993285,0.12225231483653187
1779768747337,-8.4655966260612,-2.3111513287648555,-0.07886053328504786
1779768747354,-8.428935413140058,-2.259825630675256,-0.13153227568874135
1779768747370,-8.724171574401854,-2.128144831627607,0.05147465983992442
1779768747387,-9.281570479363202,-1.982098238097131,0.019601119586732236
1779768747404,-9.483280800187588,-2.0605080502063036,-0.0553667536413297
1779768747420,-9.38511970116496,-2.357539278191328,-0.2630637111272663
1779768747437,-9.350403777092694,-2.6816540356740353,-0.02738510626014322
1779768747454,-9.305961993297934,-2.8449086613759396,0.2427113895807415
1779768747470,-9.491812481689452,-3.42236046654582,0.6893786869555711
1779768747487,-10.226830637791751,-4.122364592412114,0.9810225045475177
1779768747504,-11.022304139378667,-4.468925574980676,1.0854703374231234
1779768747520,-13.154490939873456,-5.208584250365197,1.8052260789964347
1779768747537,-12.829778508758544,-5.332035273467004,1.3121714897822587
1779768747554,-11.929706568577885,-4.824164954045415,0.8704412104181944
1779768747570,-9.841664030236005,-2.5022385487660763,0.1446979554004967
1779768747587,-8.979452157372236,-0.6563090687856078,0.8536809950795025
1779768747603,-9.076267102482914,-0.7510296719655394,1.313367238905467
1779768747620,-8.384492460301518,-1.1768982922658324,1.9936204431844875
1779768747637,-7.725190931701659,-2.1670506086051464,2.1712399865863845
1779768747654,-8.279148171776532,-3.2161592640429735,2.598905098382011
1779768747670,-8.937105884552002,-4.833891690550744,2.090435662289802
1779768747687,-9.69157868270874,-4.540003729027509,2.0138212297143996
1779768747704,-9.240269331681727,-4.444384423442185,1.8632861999075858
1779768747720,-8.010099175694585,-2.852389957042038,1.053896181975305
1779768747737,-8.22886993691325,-2.5757106122121214,1.0902579735584557
1779768747754,-8.889220682305098,-2.871544154845178,1.0826268210928887
1779768747770,-9.433751922386884,-2.9990351009875535,0.7507305063558742
1779768747787,-10.144082796478271,-3.3262931249320506,0.162355521437712
1779768747804,-10.073303040856123,-3.3105805920153855,-0.14305497396644204
1779768747820,-9.27723098885417,-2.6635478856191037,-0.3034663755990565
1779768747837,-8.228272555541992,-2.9891596036612986,0.10594232748337089
1779768747854,-7.3654609632194035,-3.25955446139425,0.3565852407157421
1779768747870,-6.303483473858237,-3.340059784477949,0.6001951865714042
1779768747887,-5.951534660771489,-3.8774078350573777,0.6163556824512779
1779768747904,-5.894074405449628,-4.102762358580529,0.718857660222426
1779768747920,-7.065138292473554,-4.336496003392338,0.5778993297416717
1779768747937,-9.310449367845058,-4.189103255949914,0.05177329572662711
1779768747954,-10.141388150566815,-4.239231853209436,-0.21892076414860784
1779768747970,-10.86623211865723,-4.140620380070805,-0.0468383235424757
1779768747987,-11.18630636857748,-3.325993265202641,0.040250834910944104
1779768748004,-11.77273672223389,-3.087620562413335,0.019002514372766018
1779768748020,-13.245021105626225,-3.4458529858142137,-0.34416798648480323
1779768748037,-13.464390417259931,-4.746802897423506,-0.5105645269416272
1779768748054,-13.697525803917646,-4.889407241545618,-0.5572516785103827
1779768748070,-11.435303925755619,-3.7383942089036104,-1.2358587960828096
1779768748087,-8.675238324406742,-2.872441688206792,-0.8746330360848457
1779768748103,-8.117538975194096,-2.576608145573735,-0.40477106987703587
1779768748120,-8.279597084587811,-1.8833374196156858,-0.23568061416111885
1779768748137,-8.726265331810712,-1.9399004338368773,-0.7589630953133106
1779768748154,-9.10350231541097,-2.191291900414228,-0.9409227137461305
1779768748170,-8.917801464623212,-2.0491360307119786,-1.3069362925425172
1779768748187,-7.658900888714194,-1.1932090833365916,-0.9925476870432496
1779768748204,-7.041047807312012,-0.9813222364127635,-0.632818887604773
1779768748220,-6.866417801114917,-0.9472044243641197,-0.17358049714416265
1779768748237,-7.765891190880536,-1.0523998059377073,-0.12659436262883245
1779768748254,-8.291867952618002,-0.9624678983390331,-0.23657843978367746
1779768748270,-9.30192119347453,-0.7236461366079747,-0.47450215669646856
1779768748287,-10.008062214660644,-0.8325826044060289,-0.43679348054900763
1779768748303,-10.17849652273357,-0.8897435845203697,-0.3193277058692649
1779768748320,-10.518773602727055,-0.9002182167835533,-0.2579766171213239
1779768748337,-10.660928741776942,-0.8057968888111412,-0.31738284627865065
1779768748354,-10.59927687998414,-0.6801011555224656,-0.304962610072759
1779768748370,-10.226382309502362,-0.351646907530725,-0.31678429129703434
1779768748387,-9.99294647859335,-0.13751549655050038,-0.4756988830672111
1779768748404,-9.66000339474976,-0.20111147814840077,-0.5660805711268447
1779768748420,-8.955210281041264,-0.48931364912018177,-0.4659730872767977
1779768748437,-8.564356860020757,-0.6521193620108068,-0.35883205152815206
1779768748454,-8.348878710606694,-0.7499819164782762,-0.419435920371674
1779768748470,-8.033292419755458,-1.2068258130177856,-0.26351277006901797
1779768748487,-8.744221259739994,-1.8406907025441526,0.022444106194004415
1779768748503,-9.096766869676113,-1.9517218045338987,0.03531330544352531
1779768748520,-9.674368604710697,-2.0569168938465414,0.07167456730371341
1779768748537,-10.64895948704183,-2.4163468564689157,0.38441722309370524
1779768748554,-11.373802870610355,-2.580199886455387,0.6027384869792033
1779768748570,-12.064980131420493,-2.4025800507925448,0.8536813238730654
1779768748587,-12.120045600560307,-2.1173706318959593,0.8514369059471413
1779768748604,-11.875838784790039,-1.7682662484548985,0.47449948981534684
1779768748620,-11.583594206559658,-1.2494725300893186,0.343416547062993
1779768748637,-12.157007257732749,-0.5240297193229199,0.6444876250233501
1779768748654,-12.014251814702153,0.04474310482889413,0.6289253142323344
1779768748670,-11.30063125141561,0.2148807680428028,0.5219342083483934
1779768748687,-9.574710545128584,0.037560353717952966,0.7486348857834935
1779768748704,-8.379106675609945,-0.7142189675711095,1.5435102753467858
1779768748720,-8.05693691471517,-1.374270583885908,1.8927640771958976
1779768748737,-7.474247501152753,-3.0600875355824826,2.4389411847885696
1779768748754,-7.592460039079189,-4.0237539960563184,2.6482843248792225
1779768748770,-8.260292664659023,-4.022706240569055,2.5016395325601564
1779768748787,-9.523533900120853,-3.3215045754812658,1.7019763241984416
1779768748804,-10.131362431114912,-3.141939450969547,0.8176179626806406
1779768748820,-10.20887412534058,-3.1621403813466427,0.33638381258172445
1779768748837,-9.638007836040854,-2.588729376000166,-0.2666561529785278
1779768748854,-9.300723508122562,-2.2230147801503537,-0.01227265356190037
1779768748870,-9.591919454082847,-2.2689536706350744,0.12674126941938885
1779768748887,-9.907954073223472,-2.178422920360416,0.05042602756982669
1779768748904,-9.590871990856527,-2.097319339122623,-0.1635561111328192
1779768748920,-9.122356068962812,-2.2755375790700314,-0.13542396763134748
1779768748937,-8.411426644456386,-2.5635899663075805,0.11955854570791125
1779768748954,-7.3288003348201505,-2.7787691327750683,0.47434945035278797
1779768748970,-6.836193343243003,-2.885759873332828,0.7547706120595336
1779768748987,-6.8119514669120305,-3.3222527635000643,0.8176173827253281
1779768749004,-7.235276247948407,-3.686171269713342,0.6926705681078136
1779768749020,-8.018329828423262,-3.759194420348108,0.4457685949694365
1779768749037,-9.981724827355146,-3.543566779460758,-0.12285440891552715
1779768749054,-11.388018442967534,-3.223491945018619,-0.5174488430952653
1779768749070,-11.438597122082113,-3.085975133293867,-0.6715755384352058
1779768749087,-10.007461910679936,-3.132212714464217,-0.1948300597913563
1779768749103,-9.380031438115239,-3.4914926010914145,0.2518381143663078
1779768749119,-10.258255119103193,-4.298039431487023,0.44113015804644673
1779768749136,-11.754781963348387,-4.291305739317834,-0.12270469824653119
1779768749153,-14.42925310178101,-3.809921568022668,-0.28999906432591377
1779768749169,-15.521907468956709,-3.391834103117883,-0.7820080534772947
1779768749186,-11.851146242082118,-2.47126327252686,-1.4450520565411076
1779768749203,-8.5501401186198,-1.2972067795582114,-0.4715096603496
1779768749219,-7.735363366147875,-1.2562062222585082,-0.32920426264144476
1779768749236,-7.915678432244062,-1.4607609727285802,-0.1481428351573646
1779768749253,-9.429262209752201,-1.5536859246633945,-0.49455366866551337
1779768749269,-10.029159363225101,-1.463454449596256,-0.8667024622812867
1779768749286,-9.273638517320155,-0.7930776924915611,-1.5650613782238214
1779768749303,-8.438959379026294,-0.2681491246327758,-1.1677733941111712
1779768749319,-8.520363404515384,-0.06793415693268179,-0.6874367591075599
1779768749336,-9.012521483281255,0.3257622324287891,-0.19542846407592296
1779768749353,-8.601317348149419,0.6423954019844532,-0.5102653247993439
1779768749369,-8.984988164189458,0.38546792858988044,-0.525827781720832
1779768749386,-9.389458022630214,0.20919483136087655,-0.507572176725231
1779768749403,-10.427344442307948,0.07616700161844492,-0.5187954719312489
1779768749419,-10.541966262266039,0.010925152509659529,-0.6961156122614629
1779768749436,-10.301200526860356,0.20470541098713874,-0.8387201938455924
1779768749453,-9.247751796391606,0.5491713209725916,-0.9120425100900232
1779768749469,-8.942640722325443,0.4216800825692713,-0.9519960973537527
1779768749486,-9.11696969974935,0.329054259711504,-1.0971446460659615
1779768749503,-9.061753423961996,0.30960144428797065,-1.1581963682748377
1779768749519,-8.49118407178223,0.3633212709724903,-1.1249765279792248
1779768749536,-8.40170078473389,0.3540439587350935,-1.2395996265789493
1779768749553,-8.118736076024174,-0.05656184517741203,-1.5628159739172085
1779768749569,-8.23006645322144,-0.3898047887504101,-1.3551198566814884
1779768749586,-9.267654182213544,-0.9394235612295567,-1.1360500029183924
1779768749603,-9.234284996575116,-1.5563795476615427,-1.0954985045604406
1779768749619,-8.667606806614994,-1.916706751384586,-1.1965039966961368
1779768749636,-8.481458212059735,-1.9861385995291172,-1.1703171968424693
1779768749653,-9.976187066972255,-1.2547098462209105,-0.8955824102090671
1779768749670,-11.367068593919276,-1.3250395199880003,-0.5810444593669847
1779768749686,-12.097151631706952,-2.0037961290337143,-0.8014603939767927
1779768749703,-11.21803012509644,-2.4325077176749703,-0.4291616978957783
1779768749720,-11.289407262089847,-2.7489911034964023,-0.31379204611191525
1779768749736,-11.047293034684657,-2.3894117955312133,-0.6736702091595158
1779768749753,-10.544211410844325,-1.0926523213490844,-0.689531831690669
1779768749769,-10.299404875615238,-0.6727694974601268,-0.6515234419442713
1779768749786,-9.451408575108648,-0.6494258120778947,-0.42871348833739753
1779768749803,-9.0599566036731,-1.361251966228336,0.034565336620435115
1779768749820,-8.94518397706747,-1.7769452294729648,0.23208657172452657
1779768749836,-9.53969417680502,-2.8272515702627596,0.6696265232592821
1779768749853,-10.387689892789721,-4.084057950371504,0.6745649295095354
1779768749870,-10.276359515592455,-4.474911298326775,0.6880324234457686
1779768749886,-9.802159702843428,-4.060115714574232,0.525077474810183
1779768749903,-9.395144836094975,-3.158100458306074,0.5729616541437804
1779768749920,-9.553163899230956,-2.849547938549146,0.4456192130940035
1779768749936,-10.63788396627605,-2.2071529018908738,0.15262925985641776
1779768749953,-11.87583703122437,-1.7868213113211093,-0.06674012484252452
1779768749970,-11.85653494938314,-1.8731623548209666,-0.24765111100524662
1779768749986,-11.1352799456954,-2.371305499345809,-0.26231596149988473
1779768750003,-10.302996178105474,-2.4697674810111523,-0.05012958364021033
1779768750020,-9.831339035576582,-2.3882151330925523,0.026933234306797383
1779768750036,-8.544004976865649,-2.3660683293446896,0.2680002268145326
1779768750053,-7.382519065526127,-2.664445857372135,0.11477090043942444
1779768750070,-6.655579001939296,-2.879026181163639,0.16953827254865317
1779768750086,-6.00824731259644,-3.1509179994560776,0.7522271563881077
1779768750103,-6.3507677876025435,-3.4751822484120725,1.0034688940301537
1779768750120,-6.740424107792973,-3.510796436498314,1.0434218419730663
1779768750136,-7.869888156449794,-3.2739199636161325,0.483328437230736
1779768750153,-8.220788921788335,-3.188028271318972,0.04144867895147181
1779768750170,-8.310721121647953,-3.2752667020499704,-0.1985704518960789
1779768750186,-8.26882142355144,-3.4216119862660763,-0.047436362500861286
1779768750203,-10.792611586651205,-3.432985174804181,-0.10848773764986544
1779768750220,-12.611605128911137,-3.336618119591474,-0.5855328933600336
1779768750236,-13.236042849400638,-2.9680607015311717,-1.1643318205562418
1779768750253,-11.725602046093345,-2.958185204204917,-1.0393837820960208
1779768750270,-10.976215757420658,-2.6789611433282494,-0.8068465987934731
1779768750286,-10.13914183294475,-1.965638101683557,-0.29209318706095216
1779768750303,-10.407742500737308,-2.0346213292777535,-0.19303334910031406
1779768750320,-10.893017249730228,-2.3927044073358177,-0.35434279555119574
1779768750336,-11.187653691533207,-2.715172858916223,-0.44247872311118985
1779768750353,-10.715696104753016,-2.1645070616021753,-0.2313400642061606
1779768750370,-9.72449661744833,-1.880644235008955,-0.3506017093267292
1779768750386,-9.165000447946786,-1.8963558911427854,-0.4453225682349875
1779768750403,-7.94291189160645,-1.7561463332027196,-0.08993274784889072
1779768750420,-7.851782590916752,-1.7238243185296653,0.16998811694169416
1779768750437,-8.241737017270923,-1.710656209398806,0.24600369085809215
1779768750453,-9.021349517381191,-1.4490896780267357,0.25423352160286156
1779768750470,-9.53849766049683,-1.187223871447146,-0.2145813649711199
1779768750487,-9.278427505162357,-1.1801911963313818,-0.5089183306371793
1779768750503,-8.101227307340503,-1.327733289116621,-0.4701624469917267
1779768750520,-7.896075321629643,-1.3486831381648778,-0.34566348573956635
1779768750537,-7.960569128850102,-1.3857935561582446,-0.2325374390308745
1779768750553,-8.434022507146,-1.423202957098186,-0.24959629025626925
1779768750570,-9.115921067479253,-1.509244579260051,-0.6224933449560776
1779768750587,-9.495402030614018,-1.5750848326534033,-0.6127662065919488
1779768750603,-10.511741804394125,-2.30172532877177,-0.5662290579531342
1779768750620,-11.30078088901937,-4.298489805603027,-0.0893338321076706
1779768750637,-11.278633354619144,-5.167734353582561,-0.04968085349202156
1779768750653,-10.200944501385091,-5.108178587286174,-0.47644729941487307
1779768750670,-9.937283043560384,-3.2345664428710936,-0.4560961469121277
1779768750687,-10.36255194440186,-2.9519007171079514,-0.3972884955693036
1779768750703,-11.124356400620936,-3.778947460827231,-0.32755737221725284
1779768750720,-11.177028252622485,-4.2971424826473,-0.40821174838282165
1779768750737,-10.73320311987102,-4.1358331457942725,-0.4423295604314655
1779768750753,-9.210789554697275,-3.485507827593386,-0.31319230838678774
1779768750770,-8.00665634176433,-2.9954449675410983,0.04878149349950254
1779768750787,-7.7869900930106635,-3.027318361663818,0.38756007856354113
1779768750803,-7.95548086580038,-4.119223664037883,0.7022485437922179
1779768750820,-8.13519562791586,-5.487959117889404,0.8149250383688137
1779768750837,-8.389429916703701,-5.975029225866496,0.9154824579434468
1779768750853,-8.955508387205004,-6.325779769079387,0.8839085582239553
1779768750870,-8.940846240124106,-5.798008525140583,0.8877986244650558
1779768750887,-8.794499494603276,-5.403713146972656,0.8846561617208645
1779768750903,-8.099432825139164,-4.804264906311035,1.004965160469897
1779768750920,-8.078481807047128,-4.235491789898276,0.9454090653799474
1779768750937,-8.283187802556156,-3.954024041748047,0.8459010452603921
1779768750953,-8.852707937943935,-3.941603828375041,0.7356170718435198
1779768750970,-9.138965258458256,-4.3013332123354076,0.6277287248589098
1779768750987,-9.202261964848637,-4.41790061340332,0.6350612962367013
1779768751003,-8.996809534886479,-4.917690209960937,0.5696690058065578
1779768751020,-8.3708742693156,-5.040243115179241,0.5568002084158361
1779768751037,-8.133549614274502,-4.850203650665283,0.6527176749638282
1779768751053,-7.961166510221362,-4.598962113952637,0.8680470270243473
1779768751070,-7.496841025754809,-5.024830734252929,1.092653234664537
1779768751087,-7.40601216931641,-5.336825430352985,1.301845645739464
1779768751103,-7.679399486863613,-5.654206787927448,1.6000739928208756
1779768751120,-8.162730116051435,-5.376180412402749,1.6932975349766202
1779768751137,-8.474723935368656,-5.204096875818073,1.6537930066546425
1779768751153,-8.995013883641361,-5.013159293420612,1.4158701299920677
1779768751170,-9.119362147843837,-4.963628954315185,1.2277757351312786
1779768751187,-9.121157799088955,-4.935796652276814,1.1800411386025138
1779768751203,-8.916005228856205,-4.852747782190144,1.141284158978518
1779768751220,-8.494774205228685,-4.752639933013915,1.2969079610084182
1779768751237,-8.5821619813025,-4.850951546423137,1.427541680422239
1779768751253,-9.071776805326342,-5.476437022399902,1.4703375236408784
1779768751270,-8.835649835637211,-5.654206787927448,1.341199668808002
1779768751287,-8.846124467900395,-5.3715413544252515,1.4330774954432155
1779768751303,-9.842111189481615,-5.235220912878215,1.1106087972676382
1779768751320,-10.326938194707035,-5.154117623901367,0.3716976614479441
1779768751337,-10.246581632444261,-4.850502633611858,0.27937144259125923
1779768751353,-9.51380628683269,-4.251054392950237,0.143201734626526
1779768751370,-8.410827509519457,-3.8036379577085375,-0.08993419773717178
1779768751387,-8.074741451475024,-3.739892923028767,-0.21054177985726855
1779768751404,-7.876472795537114,-3.976619319915771,-0.4197354147749021
1779768751420,-7.952489867290854,-4.563798153851926,-0.5442337915051728
1779768751437,-8.131753963029384,-4.855889879608154,-0.6913275194684043
1779768751454,-8.094643252775073,-4.984129013769328,-0.9717486811751499
1779768751470,-8.716837578251958,-4.780622749438882,-1.1423355494612828
1779768751487,-8.978403525102138,-4.530428383691609,-1.3144190129807218
1779768751504,-8.991871493962407,-3.984849388122558,-1.3938765805771574
1779768751520,-9.003393589451909,-3.884143280792236,-1.0443232843248174
1779768751536,-9.176074799668788,-3.8619972076967355,-0.9959903748430311
1779768751553,-9.103201871159673,-3.465756832940876,-0.7576170875318348
1779768751570,-8.959549187028408,-2.7555764732360837,-0.6994086807237938
1779768751586,-8.745119669884442,-2.3647233444765208,-0.7197592487046495
1779768751603,-8.700975407731532,-1.8264765914916992,-0.4101590099930763
1779768751620,-9.912740138456225,-1.901295393371582,0.08289678479749708
1779768751636,-10.660479828965663,-2.006490628814697,0.005085011646710336
1779768751653,-10.210370501378177,-1.690456301935017,-0.7145221517687663
1779768751670,-7.906849229100346,-1.2044330726623536,-0.8589225855274125
1779768751686,-7.045085684525966,-1.278204119054973,-0.7393619209276512
1779768751703,-6.556520661816,-1.9195514732912182,-0.24391174181383102
1779768751720,-7.053616781505942,-2.1371245491579174,-0.06958426222726702
1779768751737,-7.425165198075771,-2.0733780531734225,-0.004042407258599996
1779768751753,-8.192058501866459,-2.0552721953794357,0.038753490758966655
1779768751770,-8.741526613828539,-2.301127070617676,-0.038310185704566534
1779768751786,-9.035566843304037,-2.4343045379638673,0.0032887210807763037
1779768751803,-9.208846019414066,-3.1215900520324706,0.29792618579706176
1779768751820,-9.211837017923592,-3.815459036144614,0.5303126720499247
1779768751836,-9.358482454130053,-3.92304876550883,0.5530573686257004
1779768751853,-10.32379522050619,-3.994724885448813,0.7523756432143971
1779768751870,-11.782461997434496,-4.2790363325923675,1.1436767714697866
1779768751887,-13.072636832529305,-5.103389599443972,1.3271325467444957
1779768751903,-13.099124441960454,-5.424961102184653,1.1121038215983658
1779768751920,-11.354199759995936,-4.848706690105796,0.7288816261086613
1779768751937,-9.093175567185877,-3.474135661968589,1.0245656042031943
1779768751953,-8.756341905644536,-2.973897152599692,1.3685825283121318
1779768751970,-9.264961289867758,-3.0725089179992673,1.9162560850076376
1779768751987,-10.621426167950034,-4.475061885778605,2.039109288346767
1779768752003,-11.014522399461269,-4.987270818926394,1.8715149164075031
1779768752020,-9.944314257371426,-4.734233923229575,1.5491959563003852
1779768752037,-8.265679618394374,-3.0663726072013375,1.4601605591500177
1779768752053,-7.612362424901128,-2.5154075346797704,1.3153109933843836
1779768752070,-6.7338394687056535,-2.878727636608481,0.9795252517270855
1779768752087,-6.076481475389003,-4.05757180224508,1.2385479255689307
1779768752103,-5.683982625249028,-4.426280026952922,1.4957747814855886
1779768752120,-5.071666719707847,-4.64475092844218,1.627156515388272
1779768752137,-4.994302909520268,-4.767753330993652,1.5444066624975064
1779768752153,-5.11431168321371,-4.974851190075278,1.496373347883648
1779768752170,-5.53539306923747,-5.395332856640219,1.2924171689490351
1779768752187,-6.450276794102788,-5.81027676282227,1.3066324142251162
1779768752203,-6.764365539872646,-6.028448973625898,1.2961576906303875
1779768752220,-7.204899229863286,-6.363786843651533,1.302293357540923
1779768752237,-7.621789593937993,-6.616075843590497,1.0573361098499532
1779768752253,-7.832778615239262,-6.8109034191638225,0.8253980449304915
1779768752270,-7.688677018296718,-7.354836108830571,0.5774488277615047
1779768752287,-7.541284563115239,-8.423398237279057,0.9373270638743415
1779768752303,-7.669673627141117,-8.906427837693691,0.7655434600843116
1779768752320,-7.8239511656612155,-9.266307443779706,-0.3486583201739937
1779768752337,-7.0171052061885595,-9.215431243023275,-0.9524459782794117
1779768752353,-6.747607297295332,-9.26451062349081,-0.8309403901569544
1779768752370,-6.994509928020834,-10.101883823174237,-0.3149895670671016
1779768752387,-8.12113144672811,-11.821968662914633,-0.7104822652608156
1779768752403,-8.728809755596519,-12.597839053887128,-1.313820937489718
1779768752420,-8.622117267332971,-12.173614693662524,-2.2161352497696876
1779768752437,-6.545746462084352,-8.891164802110195,-2.004248256715387
1779768752453,-5.786335915264487,-7.074265017259121,-1.820793139027804
1779768752470,-4.681711124309897,-4.84661059460938,-1.5261562588334083
1779768752487,-4.071489268438518,-4.41191394020915,-1.300652243836969
1779768752503,-3.9541730948299167,-4.705351527616381,-1.1855809265457093
1779768752520,-3.721037415911257,-5.638791484391689,-1.2623448711439966
1779768752537,-3.2166090536370873,-7.140404253599047,-2.0890926319167016
1779768752553,-2.9842215627372264,-8.295905829831957,-2.483537355427444
1779768752570,-3.3644512984126806,-10.768816869565844,-3.333179377314448
1779768752587,-4.447678788812458,-11.378591858452557,-3.059792352028191
1779768752603,-5.1840448523923754,-10.953320619523524,-3.2032945217728614
1779768752620,-5.736656815338135,-9.597454291856288,-3.9019524937272068
1779768752637,-5.161450158746541,-8.566301564347743,-4.189854951100052
1779768752653,-4.937292297662049,-8.308775832799077,-4.1118940518021585
1779768752670,-4.308664870397746,-7.803598697984218,-3.791070737080276
1779768752687,-2.9239186313353476,-6.925076326310634,-3.6866233973950147
1779768752703,-2.3095067764282224,-6.699871148130297,-3.5869650455519553
1779768752720,-1.158494474438578,-6.845321237072349,-3.434634549446404
1779768752737,-0.6274306186951697,-7.1374120860457415,-3.423860057453811
1779768752753,-0.6741175510682165,-7.2116323375105855,-3.5673622271984815
1779768752770,-0.9208698135375976,-7.296177583634853,-3.941755511805415
1779768752787,-1.889175112793222,-7.516294498765468,-4.15887996712178
1779768752803,-2.346317773083597,-7.721298600438237,-4.1168318004652855
1779768752820,-2.6048916437120173,-7.8046461612105364,-4.308965899170935
1779768752837,-2.0123267784891183,-7.5683683848738665,-4.842424248835444
1779768752853,-1.471835740009113,-7.602036845719814,-5.024532920350134
1779768752870,-0.2603697958681732,-7.918819652879238,-5.1819519717663525
1779768752887,0.5518630442745983,-8.16587133668661,-5.0182487255141135
1779768752903,1.0808319370327517,-8.458263214433194,-5.005230253987014
1779768752920,2.529623107036948,-10.615140219548344,-4.885969376051426
1779768752937,3.3714842657893893,-13.760672872704268,-4.6330821179583666
1779768752953,2.6147671227719633,-14.306999179509281,-5.0136102520585055
1779768752970,1.3503291518062353,-11.990610242351888,-5.368700285780429
1779768752987,1.1569971485529094,-9.474003268754482,-5.291785680665075
1779768753003,1.1848297428522259,-8.623761819669603,-4.855592357966303
1779768753020,0.8794195397090167,-7.2948302606791255,-3.8117207263991233
1779768753037,0.932391032244265,-6.4073308018237345,-2.6488871998429295
1779768753053,1.1587929459284991,-6.266221956956386,-2.1167758808732033
1779768753070,1.7070649069085717,-6.817338420647382,-1.4992214901566505
1779768753087,1.4956271189264951,-8.141480991795659,-1.6309022892042992
1779768753103,1.3358140850458293,-8.58680250058472,-1.8619430416703222
1779768753120,0.7522273573175072,-9.789439922001957,-2.2183792293041944
1779768753137,0.29074498732239007,-10.906185358861087,-2.469471420674026
1779768753153,0.15277911665588617,-11.069589622166752,-2.5698782527968285
1779768753170,0.028879180742800235,-10.263041768857835,-2.8534412196606396
1779768753187,-0.06404577119201421,-9.13612155946493,-2.388816752247512
1779768753203,0.15412585508972407,-9.048284870579838,-2.0896911823317406
1779768753220,0.3434174238458276,-9.239971810039878,-1.9638465420916675
1779768753237,0.8563753487300128,-9.367312826317548,-1.557131388942152
1779768753253,1.2885286022577433,-8.828468399700522,-1.630753089991957
1779768753270,1.3154633709345012,-8.646657542088628,-1.7908651798844337
1779768753287,0.9159308958306908,-8.978255641064047,-1.9390068459980188
1779768753303,0.38561522810608145,-9.173680598008632,-1.8056793026566504
1779768753320,0.33099757579900324,-9.115770845353603,-1.743430059492588
1779768753337,0.9347851608391851,-8.914807543504237,-1.4721366454847156
1779768753353,1.846676864281669,-9.202861684307456,-1.2618963967241346
1779768753370,2.1649559378808365,-9.5141061465621,-0.9534928569838405
1779768753387,2.040607125689089,-9.857674084794521,-0.8599693546339869
1779768753403,1.022472869707644,-9.553611058476566,-0.8150782196365296
1779768753420,0.6599009557977319,-9.2960853269279,-0.8613163853287696
1779768753437,0.43664163272185247,-9.52562882657349,-1.154605650306493
1779768753453,0.8542801665490493,-11.803411846482753,-1.8098687171705066
1779768753470,0.5066719216835684,-13.188308453801273,-2.101063347956538
1779768753487,-2.0904383246043463,-14.419676879662275,-2.692132759590447
1779768753503,-4.2815816240278535,-13.718922812211513,-2.8645144023388625
1779768753520,-4.338892844534153,-12.997819199693202,-3.1622932338207956
1779768753537,-3.1464310085014437,-10.263940763524174,-3.142241794916987
1779768753553,-2.2530945323219522,-7.589169180840253,-2.803911465077102
1779768753570,-2.1194677959714547,-6.771997057664394,-2.5267826229140162
1779768753587,-1.9520233721632043,-6.1336436245471235,-2.130542248158157
1779768753603,-1.5025120926672593,-6.897094678929448,-1.5209183581799268
1779768753620,-1.3444946369664743,-7.603832496964931,-1.2517203090161084
1779768753637,-1.3865428766882046,-9.041700816014409,-0.9805775555253028
1779768753653,-1.9382566852178424,-10.070458172819018,-1.3435975054636597
1779768753670,-2.1000150810126215,-10.22189201234579,-1.695096236695349
1779768753687,-2.2541416667547076,-9.968255689451098,-2.420389994379878
1779768753704,-2.2029657889319583,-9.538347438371181,-2.7157743319407106
1779768753719,-2.126201552072726,-9.305810017606616,-2.7169717250317333
1779768753737,-1.9217964026737957,-8.973764759385585,-2.5444395678967235
1779768753753,-1.539771929068677,-8.773700452202558,-2.197430549299717
1779768753770,-1.2777564118200913,-8.694242300084232,-2.1094430537670847
1779768753787,-0.8457524305699393,-8.490884212052821,-2.1453563709303736
1779768753803,-0.7785654752753675,-8.392423253300786,-2.2658146419569847
1779768753820,-0.8111860710361972,-8.40259802583456,-2.3587390093699097
1779768753837,-1.0411791410801932,-8.522906074735522,-2.434754619818926
1779768753854,-1.4220067695835605,-8.685113821732998,-2.52768015627563
1779768753870,-1.4504382430914788,-8.717136268937587,-2.6695371891617774
1779768753887,-1.3542211908087134,-8.646808348736167,-2.9369395870804786
1779768753903,-1.090260494309105,-8.570193311089277,-3.042883156672865
1779768753919,-0.8605665898747742,-8.652793268364668,-3.095256317988783
1779768753937,-0.31618484126627444,-8.903285448014735,-3.1040847904801367
1779768753953,0.38232352961692956,-9.425071772325039,-3.793763921687007
1779768753970,0.7582131537288427,-9.74305284935832,-3.977519629756361
1779768753987,1.1605889624997974,-11.22506250795126,-3.3318330772720275
1779768754004,0.6821971779536455,-13.432066941282152,-2.031781283546239
1779768754020,0.24046689858958123,-14.469057288902997,-2.064103882741183
1779768754037,0.08514299282170831,-13.77758133740723,-2.3395859806105492
1779768754053,-0.41659156379122286,-11.474508977940678,-2.624196556831151
1779768754070,-0.6878847586033865,-10.217701574918626,-2.46543105924204
1779768754087,-1.2864351371098308,-8.101227307340503,-2.2424708835095166
1779768754104,-1.3455419540623201,-6.790252845323085,-1.63838431552276
1779768754119,-1.0664680239797568,-6.402541813981533,-1.456125568012893
1779768754137,-0.125247423265595,-6.46838235963583,-0.9406246075823903
1779768754153,0.8683463204981758,-7.633162636345625,-0.4231776276506483
1779768754170,1.2213413455690723,-8.385390285924077,-0.23987127078399062
1779768754187,1.5303430840979562,-9.811287012150883,-0.11267945371866225
1779768754204,1.5077477739641907,-10.315714789903163,-0.6753171361163258
1779768754220,1.6050123328557586,-10.225633536961674,-0.7571684669815003
1779768754237,1.9509744750316254,-10.028859503495692,-0.4930584616716951
1779768754254,1.8487719368647784,-9.826849322941898,-0.4697147032242268
1779768754270,1.6539438407016451,-9.712677000316978,-0.5955603663776069
1779768754287,1.2752109468546695,-9.4051693865031,-0.6154620946124195
1779768754303,1.0021223747920245,-9.016111032205819,-0.4623825337052345
1779768754320,0.885404934261553,-8.898649020385742,-0.4168929213579744
1779768754337,0.8631091687633655,-8.838941862919926,-0.3259133313372731
1779768754353,0.8804669664027169,-9.03526639905274,-0.18181202665567398
1779768754370,0.8456014047266915,-9.30820714187622,-0.10594627300612627
1779768754387,0.7839506754450499,-9.680952074754238,-0.01780906680449843
1779768754403,0.9166792665125801,-9.920670931455492,0.24974296871796248
1779768754420,1.14936584995687,-9.982771121537684,0.22220913816951213
1779768754437,1.8730133748043327,-10.03035704857707,-0.0010499474443495273
1779768754453,2.5683789541497823,-10.013895158597826,-0.26740502826720475
1779768754470,2.7898425711816177,-10.002523285233973,-0.37379743760563433
1779768754487,2.423230880361609,-9.744549225395918,-0.294040521736443
1779768754504,1.426793821197003,-9.66718599973023,-0.38172808447442946
1779768754520,1.2391484304790383,-10.484656229069829,-0.6564628711078315
1779768754537,0.8240536628505215,-12.649611911222339,-1.1459271076798438
1779768754554,-0.23283671423839403,-13.61836809605062,-1.939305609748885
1779768754570,-0.7239475489736534,-13.071440900743006,-1.9268858712999148
1779768754587,-1.3283336296299473,-11.425726534593105,-1.7182912343218921
1779768754603,-1.0019741619603708,-9.528321718919276,-1.3904349522233008
1779768754620,-0.5560540570904966,-8.701723595750332,-1.3335729185229166
1779768754637,0.3687062610796187,-8.118734906980395,-1.072155915156752
1779768754654,0.5979512070368975,-8.858244529283047,-0.8255532902911304
1779768754670,0.44666769923362876,-9.402776353886724,-0.6805540869217366
1779768754687,-0.04623866972820542,-10.306138567784428,-0.6183052821490913
1779768754703,-0.93239257574738,-10.5546866276294,-0.6673859777908772
1779768754720,-1.603217873487307,-10.115651067242025,-1.1456280516680328
1779768754737,-1.5934914406593654,-9.824456290325521,-1.4359251490924507
1779768754753,-1.2378027397892715,-9.364169267594814,-1.7411857876971364
1779768754770,-1.1754039184583063,-9.25223975546062,-1.5602739247515798
1779768754787,-1.3218992355412995,-9.30910262941122,-1.382653796827793
1779768754803,-1.6261124782365455,-9.388260921800136,-1.2560603109817952
1779768754820,-1.4037509316925192,-9.400831065037845,-1.353175481148064
1779768754837,-1.1640314493701793,-9.339030150163174,-1.4255997891068457
1779768754853,-0.8943846243923995,-9.04125073415935,-1.4829112105425446
1779768754870,-1.0438725266163236,-8.860788953068852,-1.4615126678787171
1779768754887,-1.1695682599049992,-8.806620140507817,-1.5803249983292071
1779768754903,-1.2835920409047044,-8.653841316112876,-1.8300703051347285
1779768754919,-1.3842981665013356,-8.458114161351322,-1.892618677375838
1779768754936,-1.6612773710606619,-8.12771316320598,-1.6039678127884864
1779768754953,-1.8296194195620714,-8.005760854229331,-1.4082421193316579
1779768754969,-1.5955863899448886,-8.139086790135503,-1.499969970436394
1779768754986,-0.45789150589630007,-8.616431915172933,-1.73086064690724
1779768755003,0.1179137741755694,-9.204355722257494,-1.8643375355914233
1779768755020,0.020799078933335838,-9.440634083116054,-2.021007668336481
1779768755036,-0.12539675034210085,-9.635462827733159,-1.871071227760613
1779768755053,0.05132525969818234,-9.510814703801273,-2.127250367005914
1779768755069,0.3969880513180047,-9.370753906682133,-2.225114090517163
1779768755086,1.0643717640865593,-8.900292695939541,-2.309509114515781
1779768755103,1.1617859902646392,-8.683019479802251,-2.4230844941608605
1779768755120,0.664240775100328,-9.036912412694097,-2.734480347584933
1779768755136,0.5524615581570193,-9.247003023850917,-2.854339702870324
1779768755153,0.15487437190208583,-9.503632098820805,-3.1138117461811747
1779768755169,-0.014515212890878319,-9.931744698655605,-3.35981538224034
1779768755186,-0.024241803265735506,-10.193011370298265,-3.492244807698205
1779768755203,0.02109842720609158,-10.872517482537031,-3.269584272499382
1779768755220,-0.01511376330591738,-11.199473893186449,-2.9920062252640722
1779768755236,0.04758446573466062,-11.176880953106284,-3.015499913576245
1779768755253,1.180341016598232,-12.387449167522787,-2.1791751269672064
1779768755269,3.338564321755804,-14.388251813828944,-1.601274408986047
1779768755286,4.426279953887686,-14.755461908933519,-1.373226700856164
1779768755303,4.25659094775673,-11.82496141498983,-1.8095702456805853
1779768755320,4.494365100130997,-9.866204012730718,-1.0528528104022146
1779768755336,4.71552929582484,-9.319128348863124,-0.3896592793324962
1779768755353,5.0371007802992125,-8.60071821321249,0.5972007905283943
1779768755369,4.8621744763029735,-7.905652128270268,1.0660157684339209
1779768755386,4.85753554618964,-7.66817783562541,1.2467775553843006
1779768755403,5.08453596462314,-7.929743197953701,1.148166337973997
1779768755420,4.7126861630870955,-9.229347540172935,0.8948303497327491
1779768755437,4.120869595480849,-9.777619135826825,0.7887372156018391
1779768755453,2.785952221812727,-10.017636683213711,0.5605395776072517
1779768755470,2.3359921208370475,-9.581443652775883,0.6519685553632676
1779768755486,2.7440535557626746,-9.43075741674602,0.7785620777418837
1779768755503,3.4895483534221534,-9.533709257176518,0.9484002465525642
1779768755520,3.68347830430232,-10.019282696855068,1.0951952107649296
1779768755536,3.492391139100026,-10.282196551182865,1.200091061402671
1779768755553,2.8760341232081874,-10.767770575383304,1.467493824647553
1779768755570,2.3003780788812787,-10.919802380803226,1.5254035773025825
1779768755586,2.276436098812334,-10.872666535618901,1.563411199864
1779768755603,2.50343612452019,-10.617084339353442,1.719483403248526
1779768755619,1.462407461293973,-10.02287458386719,2.025940813889727
1779768755636,0.6818975008873268,-9.812782803666591,1.9669839633345603
1779768755653,-0.4501108619574457,-9.728985745561122,1.3459877616010605
1779768755670,-0.4441253578070551,-9.771482825028896,0.7224480128645896
1779768755687,-0.20799740173723547,-9.810389186528324,0.5345035478685051
1779768755703,0.48841607922594993,-9.765199799236655,0.3654128364242613
1779768755720,1.0908571450280025,-9.360130805858969,0.4192825929734856
1779768755736,1.2943640669455752,-9.133876995408535,0.539142386650294
1779768755753,0.9950889690238982,-8.7665172627002,0.8358739010363817
1779768755770,0.9000689445059746,-8.353966389134525,0.7713799476854503
1779768755786,1.0860685590445995,-8.084768339970708,0.6824952110521495
1779768755803,1.5900478989096358,-7.281663320592045,0.3344379985764622
1779768755820,1.9208966042898594,-6.460901648491621,-0.15323036755472422
1779768755836,1.9515724226584656,-6.515219514134526,-0.30062369951903817
1779768755853,1.2352572134604676,-8.009950707134603,-0.7047944288827478
1779768755870,0.1677427309013903,-9.92785470547974,-1.1162979853525756
1779768755886,-0.4816846886117011,-10.780040274369716,-1.0919066175483167
1779768755903,-2.1929402064773718,-11.712133492711185,-0.9208712748423218
1779768755920,-3.4106911446053534,-11.331456013268232,-1.1492181120492517
1779768755936,-3.7704198161796665,-10.622022964799404,-1.2059310561351477
1779768755953,-3.7569523313765876,-9.013121202740074,-1.477672944562882
1779768755970,-3.028067663927469,-9.784503050121664,-0.5741605085395276
1779768755986,-2.71188329758523,-10.685620115441083,-0.2543856799572706
1779768756003,-2.904466921023512,-11.193189698350428,-0.5886755022346973
1779768756020,-3.603274731511017,-10.268130031907559,-0.42871290381550786
1779768756037,-3.9564194489846005,-9.588924948441981,-0.3473100473701954
1779768756054,-4.427777809496317,-8.921990733006597,-1.0513552653208373
1779768756070,-4.04904523530975,-8.711451793560386,-1.159243831501156
1779768756087,-3.9478901055702935,-8.721177653282881,-1.0649719950020313
1779768756103,-3.8696293830756097,-8.78597015118897,-0.8948341856576502
1779768756120,-3.8398516095252706,-8.574981714409589,-1.0993887899972499
1779768756137,-3.887286912580207,-8.68436446467042,-1.0628770685493945
1779768756153,-4.114736033762433,-9.239521143662929,-0.9912008024789393
1779768756170,-3.8111210800055413,-9.312993207108974,-1.2167046713449061
1779768756186,-3.4855097638221455,-8.935458117344975,-1.3096296232797204
1779768756203,-2.9098539386909454,-8.419058746770023,-1.1308126137215644
1779768756220,-2.58289592060633,-8.493727911046147,-0.7844016340829432
1779768756236,-2.415152239856869,-8.843430991032719,-0.6129171593699604
1779768756253,-2.025794939145632,-10.391430832883715,-0.3962411784734577
1779768756270,-0.9490029251534491,-13.505839448979495,0.6820468827627599
1779768756286,-0.6696295189339667,-14.009218594461679,1.0676625492602587
1779768756303,-1.0561434494454414,-11.554414873826502,1.4788667574573306
1779768756320,-0.39309922718591983,-10.052800935575366,1.9303231888048349
1779768756337,1.0645207075705752,-11.23104859662354,1.8092669518850744
1779768756353,1.7190358056114985,-11.914444702038168,1.6934473004445432
1779768756370,1.979105559087172,-11.852792840245366,1.393124410502985
1779768756387,1.7597371242363005,-11.221172514775395,1.4746769776172934
1779768756403,1.26817741322238,-9.951346640226244,1.8233321559861302
1779768756420,1.0236696782767771,-9.274387289860844,2.026390749614313
1779768756437,1.3377591181663795,-9.444674298417567,1.8767524152021855
1779768756453,1.648107398766279,-9.538198385289311,1.637631597459316
1779768756470,2.283019824584201,-9.19328487766683,1.3754664426069705
1779768756487,2.599204263991676,-8.786420233044028,1.7325018382430075
1779768756503,2.5466813006752167,-8.924084490415453,1.987633989186026
1779768756520,2.2487531421167777,-9.575009235814214,2.2330395862868055
1779768756537,1.8456294467211234,-9.621097617772222,2.2438135668227446
1779768756553,1.534831915383227,-9.333644949993491,2.2876575308548284
1779768756570,0.9270044803677127,-8.883234009110927,2.1845569661360233
1779768756587,0.28820136725418266,-9.247751796391606,2.157771323606372
1779768756603,-0.1593647786565125,-9.491212762230633,2.2954384122557006
1779768756620,-1.4410105625979601,-9.66045172303915,2.466623739625327
1779768756636,-1.988235279547423,-9.831637141740321,2.4782952391096207
1779768756653,-2.095974500384927,-10.101434325841069,2.4455249836256727
1779768756670,-2.2055089340761302,-10.294316612565517,2.015466455621179
1779768756687,-2.431910044042766,-9.894784210526943,1.8489200218322686
1779768756703,-2.5700255523130298,-9.741854579484462,1.848620034238696
1779768756720,-2.6417022567749022,-9.735270524919033,1.900096283247508
1779768756737,-2.8663083000183103,-9.904810514500737,1.8988985978955402
1779768756754,-2.840271356964111,-9.790337747624516,1.829167364945635
1779768756771,-2.8535882269158956,-9.43030791941285,1.802531944541633
1779768756787,-3.842992647497356,-10.660330775883793,1.61054697198309
1779768756804,-4.961235337176919,-11.267112428173423,0.9358305051736533
1779768756821,-6.553827184948325,-10.782285422948002,-0.1753781211506575
1779768756837,-6.223727215576171,-11.11567975769043,-0.023794424824416637
1779768756854,-6.317997736901044,-11.747147522947191,0.30884879928976294
1779768756870,-6.826766174206138,-11.749991806462406,-0.014816606990247965
1779768756887,-6.376056542637944,-9.983369671952724,-0.6624487405844033
1779768756904,-5.853522614830732,-8.974064619114994,-0.6435951331630348
1779768756920,-5.486911070141196,-8.192358361595868,0.01615837698802352
1779768756937,-6.3331117194026705,-8.712198812535405,0.3101959761150181
1779768756953,-6.991966088756919,-8.86258460431397,0.30705300191417334
1779768756970,-7.8308327418684955,-8.126217956212162,0.17582170019969343
1779768756987,-7.677904279869795,-6.114789870995283,-0.03950695774108171
1779768757003,-7.598596349877119,-5.260208931401372,-0.15173464910425244
1779768757020,-7.492652341893315,-4.296243487980962,-0.21518172375075517
1779768757037,-7.472751125115156,-4.409220463341474,0.3359334978312254
1779768757054,-7.784597060394287,-4.5223470763057465,0.36586145697459577
1779768757070,-7.7027441220939155,-4.20451592913717,0.372595076078549
1779768757087,-6.705559130638838,-3.9281355672538276,0.11925799185875803
1779768757103,-6.860283243882655,-3.866484289982915,-0.1532324499139562
1779768757120,-7.634060461968183,-3.387943817681074,-0.33833328898195175
1779768757137,-7.790282120293378,-3.2610511296927926,-0.5485734783770283
1779768757153,-7.726536501091719,-3.3610090490043163,-0.7047955842267954
1779768757170,-6.932710182189941,-2.760065016826987,-1.3406056119049898
1779768757187,-6.57642129407227,-2.406620412224531,-1.4155743801821954
1779768757204,-6.791299724027514,-2.5565567066699266,-1.3244451890903524
1779768757221,-7.6708689744055265,-3.1368513340502977,-1.504608772685565
1779768757237,-7.966105720189213,-2.919428188048303,-1.5524926232255993
1779768757254,-8.112301074540614,-2.5986051655873657,-1.5408212189259007
1779768757270,-8.280045412877202,-2.1950328405082224,-1.4918894667681306
1779768757288,-9.02164879258871,-1.9960145352467893,-1.2849402954421936
1779768757304,-9.548223520219326,-1.8390446889027952,-1.1996470074295997
1779768757321,-10.410286924523115,-1.6325450879752634,-1.1460771836750208
1779768757337,-10.271422643712162,-1.6790820904836057,-1.052852819535369
1779768757354,-10.335468122643231,-1.6334426213368773,-0.9099488714121747
1779768757371,-10.685769753044843,-1.3169593816459177,-0.8673023712530615
1779768757387,-11.044300282609463,-1.3218971303090452,-0.7294857112153433
1779768757404,-11.117771761533618,-1.3560147962272167,-0.6512250937519362
1779768757420,-11.164012703704833,-1.2122136435359716,-0.8939384697937872
1779768757437,-10.966937056943774,-1.2053297292411327,-1.0274148378881625
1779768757453,-10.870122111833094,-1.3516754518486558,-0.884361069498118
1779768757470,-11.061209916356205,-1.9170063188530504,-0.6926758196716662
1779768757487,-11.289107986882328,-2.8157300592951473,-0.03756174195744097
1779768757504,-11.799672075432538,-3.3360197153069078,0.33234186654742803
1779768757520,-11.125555255016684,-4.62873941257894,0.15427348339948802
1779768757537,-9.970950335362552,-4.3870743902459735,0.059852721682656554
1779768757554,-9.651774495586752,-3.670759619439393,-0.13153417538488282
1779768757570,-9.112630209240317,-2.3469154467158018,0.1871937744929455
1779768757587,-7.717408022740483,-1.6268592974238096,0.9718935524138912
1779768757603,-7.383116446897387,-1.7272658372856675,1.4725808866874546
1779768757620,-7.808237463700771,-2.0477894384086133,1.7987909496487118
1779768757638,-8.793752475628256,-2.3279117632992565,1.6695036764077842
1779768757654,-8.843430991032719,-2.5541632356621324,1.3898316891005262
1779768757671,-8.520812317326664,-2.527228759246319,1.4832050058573483
1779768757687,-8.056037335526943,-2.067541894365847,1.7530017880992963
1779768757704,-8.09539319435954,-1.9786571577325462,1.7628778334148227
1779768757720,-8.123525063866376,-2.0272895250849423,1.690752426204225
1779768757737,-8.462004739049076,-2.1836606748834253,1.5571266808009938
1779768757754,-8.973315846574305,-2.14206142103821,1.1682178453764644
1779768757770,-9.087340285161137,-2.1794708219781516,1.1119539762153405
1779768757787,-9.20660145535767,-2.506728553661704,1.157742674257164
1779768757804,-9.316285234391689,-2.7638053723990916,1.270271271095937
1779768757820,-9.296533655217289,-2.7651525492243465,1.1872222731451039
1779768757837,-9.30880393872559,-2.9478600634150207,1.2316641848040277
1779768757854,-9.221864490941167,-3.076248981310427,1.592141272726003
1779768757870,-9.146446554124354,-3.169024441771954,1.6490035073557867
1779768757887,-8.82996360669434,-3.607762042126059,1.670552016416937
1779768757903,-9.00159793820679,-4.018068059374392,2.104500592396222
1779768757920,-9.361626012852787,-3.9766184431329368,2.0097794777596367
1779768757937,-9.945812386974692,-3.531446864208579,1.7555456638958304
1779768757953,-10.078090859654544,-2.858526267839968,1.7381873000008985
1779768757970,-10.513834392759204,-2.5387505624748763,1.7163400271888822
1779768757987,-14.856018963181972,-1.5334852865472435,1.1794411086164414
1779768758003,-15.92862247597575,-0.02139773894622922,-0.6868394325352274
1779768758020,-13.448080502972006,-0.98491426955536,-0.20934515851780305
1779768758037,-9.121308021214604,-3.026719080596417,1.3735208340976852
1779768758053,-7.716659834721684,-2.2562352049678562,1.5436591092329472
1779768758070,-8.270917519047856,-1.4998169718317687,1.1944049420576541
1779768758087,-9.910347105839849,-0.9587273966364562,0.5847808146174065
1779768758103,-11.099217867711186,-1.2258306654781101,0.04249402899416163
1779768758120,-11.14784950441122,-1.266831368908286,-0.00913057897677645
1779768758137,-9.71177742112875,-0.740555770354718,0.48048375185672193
1779768758153,-8.719979383409022,-0.6826461638301611,0.6218909220835194
1779768758170,-8.182333226665854,-0.5770023078367114,0.9674040030343457
1779768758187,-8.07070240521729,-0.3968386329099536,0.8282411411356181
1779768758203,-8.386138473942875,-0.07601575657948852,0.6934174409523606
1779768758220,-9.435996486443281,0.45774186829254027,0.150981054257974
1779768758237,-9.854233588951825,0.3506011978700757,0.058804436472430825
1779768758253,-9.833733821758628,-0.3642177814207971,0.10848434011638164
1779768758270,-9.252240924504399,-1.5453074609618633,0.2250523257061839
1779768758287,-9.131334909710288,-2.0014029502868653,0.2611145498208701
1779768758303,-9.48163537106812,-1.5509936168394982,0.1384120800640434
1779768758320,-9.65940542885661,-1.1475707832336426,-0.43125827744938433
1779768758337,-9.573514028820394,-1.2162542972289025,-0.5648848037373274
1779768758354,-9.14914061551392,-1.2173019065856934,-0.37140308981500564
1779768758370,-8.534279701665044,-0.8623613643370568,-0.25289018070250746
1779768758387,-8.246376367509365,-0.6910261619016528,-0.022747692250460385
1779768758403,-8.528891578885913,-0.9317930663511157,-0.10160656330138444
1779768758420,-9.07866130414307,-1.1463738285340368,-0.22924729317799208
1779768758436,-9.413698729917407,-1.3581108917236326,-0.25513474475890396
1779768758455,-9.273339242112636,-1.8605938190184532,-0.6866888633497059
1779768758470,-8.896102843034267,-2.0043959946230054,-0.9295514249041676
1779768758487,-8.618076759770512,-2.2011695896975696,-0.9763878487505018
1779768758503,-8.363691664335132,-2.213439727075398,-1.0730537407793104
1779768758520,-8.412473523160815,-2.171690689495951,-1.0390862969867884
1779768758537,-8.665810570847988,-2.153584831701964,-1.247531113697961
1779768758553,-9.285908800828457,-1.8330604999266564,-1.537229806837812
1779768758570,-9.719858436253666,-1.8492215072631835,-1.6041175965227186
1779768758587,-10.427494664433597,-2.209549295508116,-1.7187398548722266
1779768758603,-10.454278626462816,-1.9626471031740307,-1.627909829390049
1779768758620,-10.39412547879517,-1.6045641712464391,-1.6294062054276466
1779768758637,-10.377067961010336,-1.1891703293398022,-1.5705990655414759
1779768758653,-11.094130189183353,-1.0567410500124097,-1.5827194922503083
1779768758670,-11.385773878911136,-0.9765352943971752,-1.5551859539628028
1779768758686,-11.380087065446377,-0.6727708126343787,-1.3805586511794476
1779768758703,-10.639830424168705,-0.7909846657350659,-0.8631121827043592
1779768758720,-10.729013851487636,-1.196053512982279,-0.4113558916274458
1779768758737,-12.592750206315516,-3.1129116555362937,0.7208020722884685
1779768758753,-9.54553062787354,-4.208558044134826,0.02094685337357223
1779768758770,-9.290997648400067,-3.8289277356572446,0.13422230022400616
1779768758787,-9.865005742856859,-2.3710079777039588,-0.1593661668960005
1779768758803,-11.322926085332035,-2.4178446938112375,-0.39699130272101607
1779768758820,-11.195436015972495,-2.770690601868182,-0.30481435614190994
1779768758837,-9.697861123979092,-2.5200471771791575,0.06015190555863082
1779768758853,-8.642316882535814,-2.1042044224612413,0.08633870541229843
1779768758870,-8.463351477482915,-2.0416563424810765,0.0902289908491075
1779768758887,-8.538319332444667,-2.1446067216068503,0.12659092856273055
1779768758903,-8.346932837235927,-2.299182220160216,-0.06434658076949418
1779768758920,-8.07698835361898,-2.406322744452208,-0.09217910200357436
1779768758937,-7.792226824620365,-2.601600109619647,0.013016425700485706
1779768758953,-8.469637425884605,-2.611925104279071,-0.07437237328663468
1779768758970,-9.025988867619633,-2.4096149178653956,-0.36242461439371104
1779768758987,-9.550319615715742,-2.2373818898074327,-1.0525533890642225
1779768759003,-9.497197097337246,-1.9382566121526061,-1.5427660328507422
1779768759020,-9.413701068004965,-1.922993868830055,-1.5331892262101172
1779768759037,-9.369107893040775,-2.401684417127073,-1.4449033322528004
1779768759053,-9.664044779095054,-2.702156287085265,-1.351828304322809
1779768759070,-9.795275204026698,-2.631677121844888,-1.3015500694595277
1779768759086,-9.266455912339687,-2.6638489143922923,-1.481265123835951
1779768759103,-8.444645607969164,-3.222146814019978,-1.4885989738553762
1779768759120,-8.075490808537602,-3.3403605209901928,-1.1151017613053322
1779768759137,-7.795218992173671,-3.296965762030333,-0.8182204631850123
1779768759153,-7.439530408036708,-3.0195373523987827,-0.19707506223917007
1779768759170,-7.358724932962655,-2.7422593110233544,-0.25229126496128734
1779768759187,-7.494896321427822,-2.8710969955995678,-0.16161058482192456
1779768759203,-7.627624875962733,-3.6258693612247703,0.4671663339156657
1779768759220,-7.744342791417241,-4.001758583477884,0.6848891935165972
1779768759237,-7.2978253508418796,-4.603003206036985,0.36720815887581554
1779768759253,-6.721418963071703,-4.8965913078308105,0.8391651702672708
1779768759270,-8.0261092302531,-4.925022160284221,1.1511598572341724
1779768759287,-8.878745465520025,-4.793940203912556,1.279100008448772
1779768759303,-11.264267560136318,-4.441094441986084,1.3576597138900308
1779768759320,-12.343752649137377,-4.992209444372356,0.7323230717994272
1779768759337,-11.97714110444784,-5.187187534332275,0.5330068795699626
1779768759353,-9.999978861448168,-4.060415793499351,-0.4183896627217531
1779768759370,-7.978376003697514,-3.722684306335449,0.7667405974470078
1779768759387,-8.23620276401937,-4.257788961902261,1.4555221952922641
1779768759403,-9.001448300603032,-4.949412505175173,1.160885168967396
1779768759420,-7.8498373020678756,-5.113864816229045,1.0772380407266318
1779768759437,-7.153123449918628,-5.492148386272787,1.300646690879017
1779768759453,-6.131398475968838,-5.529708009338378,1.5206139684058726
1779768759470,-6.744166216930747,-4.610783484649658,1.6958404791913926
1779768759487,-7.1457923763781785,-4.563048504528403,1.8816893601477145
1779768759503,-7.842803165647387,-5.6616874990716575,2.1742313138894733
1779768759520,-7.633460742509365,-6.112395669335126,2.5339602594584223
1779768759537,-7.266550507134199,-5.799653661999106,2.5996505829870697
1779768759553,-6.887816562974453,-5.19032875496745,2.824406702225655
1779768759570,-6.984930783292651,-5.990141747063398,2.933492076975107
1779768759587,-7.350347565239668,-6.4638949850887055,3.065023238418996
1779768759603,-7.94291189160645,-6.468534335327148,3.485655127109587
1779768759620,-8.398558395054936,-5.716304932183027,3.758892807053029
1779768759637,-8.563758894127607,-5.615149912041425,3.9022462159767746
1779768759653,-8.966883767700194,-5.8261395178645845,4.379740101835131
1779768759670,-9.030628802379965,-5.124788653564453,4.503191417197883
1779768759687,-9.024793520355225,-4.754585221862793,4.545388929197192
1779768759703,-9.1293902053833,-4.7846623802185055,4.376148507083952
1779768759720,-8.72731396408081,-5.138106984820961,4.358791129569709
1779768759737,-8.429535717120766,-5.070171512714028,4.595667456321418
1779768759753,-8.147616133549809,-4.8126434430778025,4.990859491068124
1779768759770,-7.856122081425785,-5.1336161031425,5.0299146133884785
1779768759787,-7.738508678436279,-5.3197658667415375,5.167880484054982
1779768759803,-7.835022594773769,-5.4231654509395355,5.303901650394499
1779768759820,-7.875425916832685,-5.154266676983237,5.205589160202443
1779768759837,-7.721149547356367,-4.985025962609052,5.149175783585012
1779768759852,-7.385213711437583,-4.526237069481611,5.2085824967995284
1779768759870,-7.376084064042567,-4.308513771489262,5.3203612022861835
1779768759887,-7.433993816697597,-4.398147280663252,5.414632600393891
1779768759903,-7.822604427227377,-4.647144837841391,5.289985353244841
1779768759920,-7.906851567187905,-4.875940733990073,5.206338225004076
1779768759937,-7.886349461907148,-5.102192790874838,5.2427001627177
1779768759953,-8.295906414353848,-5.424211160600185,5.260804559206962
1779768759970,-9.416095854187011,-5.848735380554199,4.613025126096606
1779768759987,-9.662247958806157,-5.938366551640629,4.069540764719248
1779768760003,-9.105596657341717,-5.234321625950932,3.148221453848481
1779768760020,-7.9391732896000144,-4.8397290184021,2.907755578172207
1779768760037,-7.655608861431479,-5.3469993261039255,3.119342273105681
1779768760053,-8.101080592346191,-6.029347968292236,3.1712665216103195
1779768760070,-8.88682706516683,-4.676174532970786,2.1947312272131443
1779768760087,-8.86138867252767,-4.004899073460698,1.8746569772928952
1779768760103,-8.818740786412357,-3.7003865498095747,2.119912717594206
1779768760120,-9.140911131829023,-3.778498548015952,2.2782290101110934
1779768760137,-9.096320879474282,-3.700986853790283,2.268653372514248
1779768760153,-8.596678582432865,-3.6284111546620723,2.565683139194548
1779768760170,-8.416365854424237,-3.693054891747236,2.44956435867697
1779768760187,-8.414421150097251,-3.5003219503656027,2.301124001877755
1779768760203,-8.583211198094487,-2.9435198422536253,2.317134933219105
1779768760220,-8.923936021855473,-2.6873402646169064,2.231542369998991
1779768760237,-8.93306391568482,-2.5354580968007445,2.042100725247711
1779768760253,-8.697983240178226,-2.3768425290763378,2.039856599582732
1779768760270,-8.912263704240322,-2.5797505352526904,2.190242099100351
1779768760287,-9.141658735325931,-2.626438052147627,2.0880399079933762
1779768760303,-9.15587372316122,-2.1133304165944455,1.7609322523050008
1779768760320,-9.179667271202803,-1.572839684075117,1.6811752633705734
1779768760337,-9.262716141289472,-1.4835063268914819,1.8034297701641917
1779768760353,-9.495551668217777,-1.3491314664542675,1.8728608876563608
1779768760370,-9.370902959764003,-1.010950481957197,1.7604830472327768
1779768760387,-9.249546863114833,-0.9349345792472362,1.7214274865210055
1779768760403,-9.324515887120366,-1.054944229723513,1.8396419241435824
1779768760420,-9.502883910802007,-1.050455393871665,1.6835697572916746
1779768760437,-9.485973692533372,-0.9988298360526561,1.543957142331451
1779768760453,-9.367610347959399,-0.8946823560968041,1.4929305733188987
1779768760470,-9.548822655156254,-0.8203127592891454,1.318903355320543
1779768760487,-9.46801951816976,-0.7755714080259204,1.1954520399577915
1779768760503,-9.14839476558268,-0.867598826599121,0.9612686055518687
1779768760520,-8.783276674321293,-1.0188818594783544,1.014689960746467
1779768760537,-8.756192268040776,-1.001823172649741,0.9680027361124753
1779768760553,-8.88787452839315,-1.0118493304930627,0.783050292539224
1779768760570,-9.159316557091474,-1.0524006827205419,0.7688347932472824
1779768760587,-9.153928434312343,-1.1447270842403172,0.7920286948952824
1779768760602,-9.02194865231812,-1.322347212164104,0.7172102583415806
1779768760620,-9.184305452397465,-1.4859008208125828,1.1020775176245718
1779768760637,-9.684843236973881,-1.6340420485347509,1.4233503296796233
1779768760653,-10.871170159581302,-1.7838294360287485,1.6030641419470308
1779768760670,-10.682627363365889,-1.9545659419186412,1.5451542431615293
1779768760687,-10.501565862816571,-2.003497584478557,1.734894724728912
1779768760703,-10.273517570164799,-2.2068553802490234,2.254436338852346
1779768760720,-10.239252312469482,-2.449417789813131,2.86286385865286
1779768760737,-10.294317781609296,-2.509571814263612,2.9737456152997908
1779768760753,-10.565011622288823,-2.4353520011901852,2.823508584342152
1779768760770,-10.54615845325887,-1.8338089802064002,2.363522882645577
1779768760787,-9.531015195786953,-1.2241846518367527,2.3110000837258995
1779768760803,-9.088088473179935,-1.3706803043089806,2.605936092997342
1779768760820,-8.64531080365479,-2.1176709300167857,3.1399928469464182
1779768760837,-8.275855559971928,-2.6604068111144006,3.2879842909343537
1779768760853,-8.093746596196294,-2.8118403583802283,3.307885799973458
1779768760870,-7.952488698247075,-3.0632316788271066,3.2098731695108116
1779768760887,-8.276452356821299,-3.100191582433879,3.180094994101673
1779768760903,-8.559269181492924,-2.987664542797953,3.0828301863316443
1779768760920,-8.987830694139003,-2.6824036849975585,2.796873675394803
1779768760937,-9.144501849797367,-2.566434980475157,2.4298129986982793
1779768760953,-9.119363901409507,-2.359186899267882,2.0816062216840683
1779768760970,-9.011175913891195,-2.083105812592059,1.8780984229836613
1779768760986,-9.342173708885907,-2.1661540981568397,1.9204437459558248
1779768761003,-9.465773785069585,-2.2620719482973217,1.9418437499243766
1779768761019,-9.539395486119389,-2.583193953704834,1.834852863236144
1779768761036,-9.43584626431763,-2.9176344364993274,1.7030228649761527
1779768761052,-8.98962576086223,-3.748870886993408,1.4977202187482266
1779768761069,-8.607753518676757,-3.867384453693032,1.216550430631265
1779768761086,-8.34468827317953,-3.750217917688191,1.1358964928571134
1779768761102,-7.714863598954677,-3.7090671382628377,1.0603293568279593
1779768761119,-7.787737111985683,-3.8777090099610385,1.2602452685162424
1779768761136,-8.024912129423022,-4.005648868914693,1.3036397352151572
1779768761152,-9.081205143406986,-4.380640850067138,1.3202497284281998
1779768761169,-10.851266604715585,-3.9110779033385215,0.6516687686990946
1779768761186,-10.963946058434248,-3.6590886169984933,0.24270897842794656
1779768761202,-10.465501446744799,-3.785232532446086,0.3477552338544279
1779768761219,-11.190945134294033,-4.041113273266703,0.0441406819563359
1779768761236,-11.097124110302328,-4.584597050122172,-0.3500052778035402
1779768761252,-10.954217860624194,-4.964526195415854,-0.3464135003892705
1779768761269,-10.959156486070155,-5.412691110937297,-0.3570389392999932
1779768761286,-10.716446046337484,-5.156961030633747,-0.519993266881071
1779768761302,-9.49495194875896,-4.334551883587241,-0.45086136979749425
1779768761319,-8.944435204526782,-3.9740754806518552,-0.3577865062642842
1779768761336,-8.655784851396083,-3.717296768078208,-0.37993315474851985
1779768761352,-8.572737734875082,-3.6550481094360348,-0.46582522150501604
1779768761369,-8.501360013359784,-3.418321420288086,-0.6365611063404009
1779768761386,-8.47906342587769,-3.033452918896079,-0.8164259969666949
1779768761402,-8.454971187150479,-2.8529896765008567,-0.9519972252983366
1779768761419,-8.021919377347826,-2.7359736548826095,-0.7917355754339136
1779768761436,-7.64812698124349,-2.9830256309509275,-0.805352524310816
1779768761452,-7.197716624882817,-3.166181181170046,-0.643145325302612
1779768761469,-6.829158622300625,-3.3451483397886155,-0.24002200436629353
1779768761486,-6.83813687852621,-3.1991017462581395,0.03291710362252779
1779768761502,-7.032814816495776,-2.9858678686395286,0.23298271228007505
1779768761519,-7.767685673081874,-2.519896662792563,0.4059636223961599
1779768761536,-8.62481103646159,-2.226457321819663,0.3687042426524684
1779768761552,-9.153929018834233,-2.1900953841060398,0.2874507315499708
1779768761569,-10.13869292013347,-2.14221105864197,-0.05252626951839775
1779768761586,-9.795723532316089,-2.2677567159354686,-0.1415600227009505
1779768761602,-9.23278745149374,-2.3581372440844772,0.0495271973002702
1779768761619,-8.214804002159834,-2.5752619916617867,0.48063320679739113
1779768761636,-7.903856477025151,-2.8269527334466575,0.4421762695658952
1779768761652,-8.08267282899618,-2.8956358090505003,0.22624876894913612
1779768761669,-8.01219644023478,-2.96237505711019,-0.23089345294982194
1779768761686,-7.50806559960246,-2.7331296636283398,0.259319592695497
1779768761702,-8.087312763756513,-2.838624174278974,0.48691776695959266
1779768761719,-8.804974711388349,-3.4437586438834664,0.940469270890206
1779768761736,-10.351928259056805,-4.76984708840251,0.293885952229239
1779768761752,-10.595239002770185,-5.50381895032227,-0.07541987304557114
1779768761769,-10.299555097740887,-6.524497045567632,-0.240321261307504
1779768761786,-10.382456083789467,-6.437857457512616,0.14469706035135313
1779768761802,-10.131512653240561,-6.055533379906415,0.3121412672471837
1779768761819,-9.453654892730713,-5.275771826714277,0.39204801936624567
1779768761836,-9.02150032402873,-4.902724696019291,-0.6352141852434724
1779768761853,-8.549543321770429,-5.160848977982997,-1.09714583337605
1779768761869,-8.177993151634931,-7.133221648618578,-1.037589701753482
1779768761886,-8.391525427678227,-9.437940021726488,-0.5276244558792561
1779768761902,-8.558672384643554,-10.035743417790531,-0.16101254586353897
1779768761919,-8.693643749669194,-9.15542481034994,-0.06584302987232804
1779768761936,-8.04466663120687,-7.627624875962733,-0.5832897175431251
1779768761952,-7.276576226586103,-7.248442603513598,-0.709134942305088
1779768761969,-5.97862052835673,-7.124693474248051,-0.6543677254594862
1779768761986,-4.884021164593101,-6.988821945512294,-0.0912814225114882
1779768762002,-4.614673770086467,-6.8080597201704975,-0.021550445289909837
1779768762019,-4.002655970709026,-6.756285693791508,0.04503887290507555
1779768762036,-3.3476921790525314,-7.923159143388271,-0.24017098438292742
1779768762053,-2.993649608556926,-8.83011265977621,-0.40387423063516614
1779768762069,-2.3039696005672217,-10.54780271333456,-0.8066983676955103
1779768762086,-2.078765299169719,-11.051333249986172,-0.8855573848769068
1779768762103,-2.202216030010581,-10.834507193094492,-0.8583233409926295
1779768762119,-2.7476453879758713,-9.969154099595546,-1.2232894565626977
1779768762136,-2.900874878747761,-9.797969849938154,-1.6147420125201344
1779768762154,-3.389141503033042,-9.835527134916186,-2.0440517131850124
1779768762169,-3.552396420995891,-9.594909868070483,-2.0361209201857444
1779768762186,-3.858405759076029,-9.105595488297938,-2.3133996922135354
1779768762203,-3.1928176975525915,-9.188345083177088,-2.4920669911026954
1779768762219,-2.6267382041379808,-9.343819138005376,-2.452562371449172
1779768762236,-1.520467545672506,-9.126993665635585,-2.1504446339800953
1779768762253,-1.1177929000854492,-8.659825066697596,-1.5047580814957617
1779768762269,-1.1566985309325157,-8.62600755276978,-1.4483444126173852
1779768762286,-0.7169136134825647,-8.973315846574305,-1.6741475566908717
1779768762303,-0.010773761340230703,-9.357883903715013,-1.842639206263423
1779768762319,0.18824410552978516,-9.470860879075527,-1.8567054332777857
1779768762336,0.2196678196562454,-9.719410107964277,-1.9005495434403419
1779768762353,-0.09606726854853331,-10.038286672532557,-2.261475151447952
1779768762369,-0.15532368657216428,-10.123879381883144,-2.4441826656386256
1779768762386,-0.12689283411875366,-10.373774764683843,-2.926015749745071
1779768762405,0.44741641697539014,-11.46702592870891,-4.410570124384761
1779768762420,1.0763433203766122,-12.666072632157801,-4.610336617664992
1779768762436,0.6841431974548846,-13.63108495428264,-4.157233368958533
1779768762453,-1.0380359842162579,-12.359016269242764,-4.569485551838577
1779768762469,-1.8403929799729026,-8.520062960264086,-5.1674374164626
1779768762486,-0.6524199523925781,-7.205197920548915,-4.660166231977939
1779768762503,-0.44906235755151136,-7.23377870286703,-4.020015978571772
1779768762519,-0.5891233008011244,-7.415439338353276,-2.851047310261428
1779768762536,-1.3406032007521949,-6.916099239128828,-2.255938852369785
1779768762553,-0.9326912207672372,-6.955753788647055,-2.1688497669816016
1779768762569,-0.33653486125785853,-7.478586407139897,-2.2643182659193872
1779768762586,-0.2527378396850079,-8.74736248037517,-2.719665494160354
1779768762603,-1.8207901433531193,-9.527723753026127,-3.2009000278517603
1779768762619,-2.7962776822630313,-9.61585971711874,-3.491496254353225
1779768762636,-3.924395577007904,-9.594909868070483,-3.7922672533884643
1779768762653,-4.096179546124115,-9.623789925596117,-3.4410680896252392
1779768762669,-4.158877702099457,-9.549570258653164,-3.1992543064713477
1779768762686,-4.072536804730072,-9.081503834092617,-3.066375529810786
1779768762703,-3.190722259643301,-8.660124341905117,-3.0187910640761255
1779768762719,-2.6939254882261157,-8.553881058713793,-2.9020734408825635
1779768762736,-2.01501946077235,-8.397061434495448,-2.5617975299328566
1779768762753,-1.7161931660640983,-8.428934828618168,-2.363976910023391
1779768762769,-1.5641614337094127,-8.42788736539185,-2.3618822758316993
1779768762786,-1.3340186529964209,-8.2942598161906,-2.431313247193396
1779768762803,-1.4534294607967138,-8.122028103306889,-2.684650002619624
1779768762819,-1.641673566326499,-8.075190948808192,-2.842068761774897
1779768762836,-2.015617865056917,-8.093895649278164,-3.310284823939204
1779768762853,-2.02250112176463,-8.188915527665614,-3.522769929017126
1779768762869,-1.9982598299555479,-8.214802833116053,-3.521722465790808
1779768762886,-1.7859241432856767,-8.360550443699955,-3.33512495842427
1779768762903,-1.435472656084597,-8.848069172227381,-3.1859362674757836
1779768762919,-1.2792509977594018,-9.185502553227543,-3.1597493945568798
1779768762936,-0.9883554229851812,-10.24733040498495,-3.3508366145581006
1779768762953,-0.6171043819267302,-11.677715674802661,-2.592772513911128
1779768762969,-0.7888884971734136,-11.763608828404545,-1.953670308253169
1779768762986,-1.409734842107445,-10.75205804246664,-1.4758771471872925
1779768763003,-0.9012661914665251,-10.503509982621669,-1.1094152401015163
1779768763020,-0.6395500955559313,-10.709860822728276,-0.8307897296398877
1779768763036,-0.30286548709645866,-11.272049300053714,-0.5466282123610376
1779768763053,-0.01615954603180289,-12.221948224198817,-0.8671516673535108
1779768763069,-0.03576236438527703,-12.536786327031255,-1.0729036647841335
1779768763086,-0.7016494088552891,-11.939133153092861,-1.3335720782727003
1779768763103,-1.697487954137474,-10.265586777165531,-1.389835817286372
1779768763119,-2.0819066659353673,-9.486124499180912,-1.452533973261714
1779768763136,-2.2062558069206775,-8.110058264049886,-1.4879986698746681
1779768763153,-1.2270271817862988,-7.3925453694999215,-1.018884489826858
1779768763170,-0.668729574419558,-7.4304042677730315,-0.6640937313124537
1779768763186,0.17253339924402533,-8.020423585832118,0.029327801293134687
1779768763203,0.58942361718826,-9.07941066120565,0.2792214305281639
1779768763219,0.724845721656084,-9.684544546288251,0.3378799557238817
1779768763236,0.8342308100044726,-10.747868774083257,0.3883081204518676
1779768763253,0.09936039180979132,-11.071835355266929,0.18135902219116687
1779768763270,-0.24615268914103505,-10.952872875756025,-0.05072860897928476
1779768763286,-0.5122082024954259,-10.511891441997886,-0.8315376253977418
1779768763303,-0.8842072854422033,-10.035444142583012,-1.6558914767712354
1779768763320,-1.097739853746444,-9.800063022825121,-1.8344088457956909
1779768763336,-1.610548067961633,-9.457692769944668,-1.9937726015388963
1779768763353,-1.6455632672414182,-9.241317379429935,-2.124256592017412
1779768763370,-1.4722829220876097,-9.212287684300541,-2.063204157422483
1779768763386,-1.014990404997766,-9.284412424790858,-1.6976397836983204
1779768763403,-0.41195115410685534,-9.30925402058065,-1.3895365420788526
1779768763420,-0.08648936592936515,-9.292195333752035,-1.3189073008432983
1779768763436,0.40417248292937874,-9.249697669762373,-1.2562091448679567
1779768763453,0.47255716010853643,-9.158267924821375,-1.277906012891233
1779768763470,0.38576705766692754,-9.159915107506514,-1.3515277139410375
1779768763486,0.36900779217630625,-9.345615958294271,-1.6431722804516553
1779768763503,0.4821336744882166,-9.772681094902753,-1.7938570551767945
1779768763520,0.47450201056599617,-9.924713484844565,-1.9463374811470509
1779768763536,0.38142756715789433,-10.566208723118901,-2.793885161103308
1779768763553,0.0688347590342164,-12.767378458946942,-2.845210566931963
1779768763570,-0.973092022075504,-13.966423993352056,-2.5809504125617444
1779768763586,-3.9508804830253124,-13.140575227245687,-3.491495815961808
1779768763603,-4.124460103386641,-9.625288639721274,-4.490476312531531
1779768763620,-3.286489230071008,-8.352470597618817,-4.233249125538021
1779768763636,-1.6932976628407834,-7.1106281240165226,-2.705299407416582
1779768763653,-0.33309199079498647,-6.888864610722661,-1.6789350832283496
1779768763670,0.0182571028329432,-6.896047215703129,-1.4628580911383031
1779768763686,-0.32216829959005117,-7.453298236626386,-1.1929121462166308
1779768763703,-1.5387220181569456,-8.915107403233646,-1.3786124124825
1779768763720,-2.138320042552799,-9.69726374260783,-1.7027277544870971
1779768763736,-3.170819362364709,-10.492287746861576,-2.4572002603828906
1779768763753,-4.2902582760915156,-9.942070862358808,-2.98108151114583
1779768763770,-4.8039640236683185,-9.446320896580815,-3.0609876992926
1779768763786,-5.18314600385651,-8.883235178154706,-3.014301059180498
1779768763803,-4.560803355950116,-9.193135240063071,-2.6858465189278125
1779768763820,-4.138974804820865,-9.447219306725263,-2.4642332277595997
1779768763836,-3.297113792198896,-9.532962238201499,-2.127548911561072
1779768763853,-2.427270109282434,-9.280523016136884,-1.9722247865974902
1779768763870,-2.1098888978384434,-9.172185391014814,-2.2397765298590064
1779768763886,-2.1495428628347812,-9.303267931908369,-1.8020868311226368
1779768763903,-1.533634485759586,-8.744071622136234,-1.3274360597357153
1779768763920,-0.8417102059744298,-8.111703108647465,-2.201618648639321
1779768763936,-1.3352151693046093,-7.800456892827153,-2.4931132852852342
1779768763953,-2.991104746379703,-7.179011339890956,-2.2312468941837547
1779768763970,-3.3780674435719846,-7.4492574368029825,-1.8954601113468408
1779768763986,-3.0910626656912266,-7.8616586727648965,-1.5081977005556224
1779768764003,-2.255187303350121,-8.737038654759525,-1.1884221413210034
1779768764020,-1.3507776262260973,-9.114275053837895,-1.74896489726603
1779768764036,-1.2876304843742399,-9.177422122624517,-1.9687828294500707
1779768764053,-1.7447732907950877,-9.27109467805624,-2.1133321701601147
1779768764070,-2.301574960515648,-9.424922719243169,-2.43385577128306
1779768764086,-2.2129894260246306,-9.583088497373462,-2.5701759205691515
1779768764103,-1.4984701603326946,-9.900621830639242,-2.522741238568723
1779768764120,-0.7839504562493413,-10.355070064213871,-2.5716727349981663
1779768764136,-0.730679542376101,-10.556631916478276,-2.700659911047667
1779768764153,-0.5823888597132638,-10.833311845830082,-2.8699001870304346
1779768764170,-0.6940184390528127,-10.625466383251547,-2.593070620074868
1779768764186,-0.7031463328821584,-10.651053244450688,-2.4311624405458567
1779768764203,-0.8545798070827498,-11.18525948987305,-1.795502045904845
1779768764220,-1.082178456270881,-11.629683757561445,-0.9701011696964502
1779768764236,-1.0757441854396834,-11.426474138090013,-0.512209956061095
1779768764253,-0.9053071374204009,-11.055226165771483,0.3369834452755749
1779768764270,-0.48692025117762383,-10.929977153337001,0.8237547164365648
1779768764286,-0.3449143113400787,-10.777796294835209,0.8768760657712816
1779768764303,-0.28909948513768613,-10.269477354863286,0.6826461638301611
1779768764320,0.09157876149024814,-9.617355508634448,0.7396585292540491
1779768764336,0.33997700106836853,-9.27019802147746,0.9011172114498913
1779768764353,0.9745899324830621,-8.904034220555424,1.247677755627036
1779768764370,1.6326961503511295,-9.019853725865483,1.0862190734311938
1779768764386,1.9164090836122631,-9.201214501622319,0.8524851363584399
1779768764403,2.1628621804719788,-10.065520716416835,0.19677374120503663
1779768764420,1.8963575716432184,-11.373652648484706,-0.21502952886372803
1779768764436,1.6377835731506347,-11.847406471031903,-0.45190614787638184
1779768764453,1.218798282623291,-11.261425614708662,-1.1339540535524486
1779768764470,1.9593550028260796,-9.968556133702396,-1.308581137140095
1779768764487,2.277334691619873,-9.663296006554365,-1.3299793144777416
1779768764503,2.5007437070984393,-9.419235905778407,-1.5683511404842136
1779768764520,3.1206920802794396,-8.699032456970214,-1.773355826678872
1779768764536,3.4483985786437987,-8.331071251237391,-1.7354972206667065
1779768764553,3.5333928106445818,-8.209864792191981,-1.6132424216121435
1779768764570,3.298461845806986,-8.899245232713222,-1.0559930081240831
1779768764586,2.919579286956787,-9.157968649613856,-1.2277771233707666
1779768764603,2.3573908096313474,-8.885778432896732,-1.240196313830465
1779768764620,1.6132428600035607,-8.282740643310547,-1.7482167092472314
1779768764636,1.3771151596620679,-8.204628645104169,-1.9457379078187047
1779768764653,1.4613609844483435,-8.0769871845752,-2.3536500156678257
1779768764670,2.077717982073873,-8.05828306862712,-1.146672957611084
1779768764686,1.8306664443969725,-8.125020855382084,-0.7261914371766149
1779768764703,0.4206317425601184,-8.159137059995532,-0.7433991770870984
1779768764720,-0.5252276969358325,-8.378506956151128,-1.1408369449339806
1779768764736,-0.5571005065366625,-8.645610078862308,-1.5351323231019078
1779768764753,0.21083982208892701,-9.50019101845622,-1.7345995411746202
1779768764770,-0.3024170126765966,-11.005393921110034,-0.9021649669371545
1779768764786,-1.521514862768352,-11.467326957482099,-1.1683705562867224
1779768764803,-3.4483979941219087,-11.501891490384935,-1.7630302474975585
1779768764819,-3.7861300658076997,-12.292577757695316,-2.40198296168223
1779768764836,-3.9835020651668307,-13.389421393254398,-2.615366184643656
1779768764853,-5.085882292065024,-14.941163928765057,-3.0931594918400047
1779768764870,-5.792770186095685,-12.141143918168543,-3.425504463659972
1779768764886,-5.064035348046571,-10.449940889519452,-3.4322378635682163
1779768764903,-3.21945260649994,-8.445394965031742,-2.8188734718874096
1779768764920,-1.7464197428278625,-8.341246608293057,-2.037465831988677
1779768764936,-1.1532562815241516,-8.534877667558193,-1.5289972544129937
1779768764953,-0.940621392711997,-8.640373931774496,-0.5033816297002136
1779768764970,-1.4241003443293272,-8.687957520726323,0.0025434008724987507
1779768764986,-1.6093519900448618,-8.910170531353353,-0.04309621440470218
1779768765003,-2.1954820455804467,-9.344567910546063,0.13407485457733273
1779768765020,-3.1612429941155016,-9.159764885380863,0.42257600849568844
1779768765037,-3.7407895796075463,-8.930968989232182,0.546475798278302
1779768765053,-5.080944105010479,-9.009829175457357,0.5811915762200951
1779768765070,-6.1312502996698015,-9.414000343212484,0.09367226317077874
1779768765086,-6.394313060948997,-9.439288513725996,-0.41030704016163944
1779768765103,-6.354359674614668,-9.09138108498454,-0.9718969670720398
1779768765120,-6.154144706914574,-8.570940914586187,-0.989703549658507
1779768765136,-5.967247193688154,-8.375364566472172,-0.9355351754888892
1779768765153,-5.29253123833537,-8.222583988511563,-1.0594345268800853
1779768765170,-4.344876512920484,-8.260742161992193,-1.362301329150796
1779768765186,-3.6993398172356184,-8.558371940392256,-1.611448085541278
1779768765203,-2.5842402478873727,-9.578899228990078,-1.7781437916077671
1779768765220,-2.1633098146416248,-10.244338237431645,-1.8691243314765393
1779768765236,-2.2780817836601286,-10.08811657910645,-1.929128572192788
1779768765253,-2.71292880631648,-9.496898991173506,-2.3980925301149485
1779768765270,-1.819891733208671,-10.62396883817017,-2.413505787824094
1779768765287,-1.3126202199304475,-11.675472279790043,-2.388815583203733
1779768765303,-0.7330736344384029,-12.739246004918217,-2.965368978229165
1779768765320,-0.7763188653923571,-11.424230158555506,-3.075352324731648
1779768765336,-1.6835716935204341,-10.116547139298916,-2.935740732684731
1779768765353,-2.1694448650642295,-9.545081130540371,-2.728043446405232
1779768765370,-2.524983921195287,-8.506896020177006,-2.2219690704897044
1779768765386,-1.5212150852373334,-8.143875193455814,-1.8791493202760814
1779768765403,-0.5380958641388919,-8.194751394212245,-1.5909475876957178
1779768765420,0.9983830147337633,-8.907624354001879,-1.0330986008793115
1779768765436,1.1046257225363514,-10.122533227971196,-0.9533417580753565
1779768765453,0.6970127620305866,-10.550945103013515,-0.9612722588136792
1779768765470,-0.3947430671365,-10.57309205289185,-1.1599912888675927
1779768765486,-0.9009671537210233,-9.638305942204594,-1.419014273236692
1779768765503,-0.7601580772515386,-9.076417324608563,-1.5990277260378003
1779768765520,0.05132650180719792,-8.426241936272381,-1.754052868054807
1779768765536,0.5409409239722416,-8.137889104783534,-1.6377838654115795
1779768765553,0.5328602376408874,-8.0126430149585,-1.4694412689208984
1779768765570,0.19497860141657292,-7.848790423363447,-1.1825868592962623
1779768765586,-0.02753247884158045,-8.078782835820316,-1.1097130540043114
1779768765603,-0.014663791048713027,-8.408433307859301,-1.1572978119999169
1779768765620,-0.17058610110115258,-8.876350679337978,-1.481711552429199
1779768765636,-0.23044106953982263,-8.49148276246786,-1.9135656768798828
1779768765653,-0.41629093687683344,-8.201636477550863,-2.0753250955879685
1779768765670,-0.9014160117333755,-8.025062351548671,-2.1128829650878904
1779768765686,-0.6434407463189215,-8.7407807638973,-1.8828905526310205
1779768765703,-0.3458116255059838,-9.236828835839033,-1.7968492227301
1779768765720,0.278177255237475,-10.115200400865078,-2.076670957238972
1779768765736,0.7487874825293198,-10.995968505638837,-2.5128648644596336
1779768765753,0.8195659595098346,-11.417797495159506,-2.704101722064614
1779768765770,0.8149272303259,-11.734428911149502,-2.7006600571781396
1779768765786,0.07571746775265782,-11.693728651970623,-2.186954455731809
1779768765803,-0.5496179687615483,-11.954845686009525,-2.0941791414007542
1779768765820,-1.6720495980309322,-13.092090890061854,-2.427122517505288
1779768765836,-2.5308199156060813,-13.49042619127035,-3.504363042449951
1779768765853,-2.3442219881144353,-12.90354750932455,-4.059369499316811
1779768765870,-0.6325171099129132,-11.714379810333252,-4.377499629431963
1779768765886,0.9174291350318119,-11.174484997880459,-3.7638349396303292
1779768765903,1.0993884977363049,-10.523412368443609,-3.466056400409341
1779768765920,1.607707181979902,-8.317604451420904,-2.9753949899420142
1779768765936,2.4151518745306877,-6.23794103436768,-2.7365727898195384
1779768765953,2.6918318038824944,-5.435135290196538,-2.6310782791689036
1779768765970,2.670882521089818,-4.8490047962695355,-2.5347119546085595
1779768765986,1.473482370138401,-5.284300001084804,-2.71008693395406
1779768766003,0.7399588182417209,-6.0223132473498575,-2.830545497241616
1779768766020,-0.42826171228217425,-8.310870759251713,-3.2240923951297997
1779768766036,-1.541565504804428,-10.665867367222905,-3.7265757608160373
1779768766053,-1.9680326595367397,-11.235687946861981,-3.8530195359930395
1779768766070,-2.0477896530377446,-10.563365024125575,-4.340538556781411
1779768766086,-1.2785025677120079,-9.911844066399336,-3.6469688478767868
1779768766103,-1.1037259789513423,-9.79497651334107,-3.1507699692875146
1779768766120,-1.0990871219032443,-9.071777389848231,-2.5579054909303784
1779768766136,-0.9726433798339276,-8.07579008374512,-2.2839193307071923
1779768766153,-1.0227721312154316,-7.716809472325444,-2.0850515398323535
1779768766170,-1.1798916425626491,-7.027280563244223,-1.7054206468328832
1779768766186,-1.0860687873734627,-6.675779493924975,-1.9846438309267163
1779768766203,-1.0414768819177522,-6.62131315972209,-2.1884508317694067
1779768766220,-1.1430807235390879,-6.786363436669111,-2.5149597909122705
1779768766236,-1.2193957005271687,-7.274480715611577,-2.665195945087075
1779768766253,-1.3446425758034921,-7.6376529335021965,-2.6431995095953345
1779768766270,-1.9373569964317603,-8.520213182389735,-2.311601995141804
1779768766286,-2.514509380263649,-8.908373126542568,-2.5047847261175513
1779768766303,-2.5221408249901605,-8.928575372093915,-2.5119667465761304
1779768766320,-2.567181999450177,-9.604187984025478,-2.152537514606118
1779768766336,-2.1936863943353293,-10.173409428727625,-2.2782328095033764
1779768766353,-1.8426364297844469,-9.918726811650394,-2.461240037292987
1779768766369,-1.0097535637902095,-9.59670668835938,-2.503736970630288
1779768766386,-0.1099827985132113,-9.975140188267826,-2.1884509778998793
1779768766403,0.2121871450446546,-10.1838846455127,-2.0617079275153576
1779768766420,0.44816550004333255,-10.69534539064169,-1.8767557031378148
1779768766436,0.24061803403068333,-11.684899448826908,-2.260576302912086
1779768766453,0.411952761542052,-12.626119391953944,-2.5001453758791086
1779768766469,0.3760402115637436,-14.608669173210858,-2.166304028021544
1779768766486,-0.3754400537135079,-14.720598100823164,-1.732654836847633
1779768766503,-0.3232164204034954,-13.72745274014771,-1.8029845106147229
1779768766519,0.4819834888951853,-10.748917406353353,-1.8059770434942095
1779768766536,1.4757267058659345,-8.54954273724854,-0.7612074401739984
1779768766553,1.6528976287174968,-7.649623357281088,-0.08319967673420905
1779768766569,1.7573443108156321,-6.378899657109379,0.6896790581416339
1779768766586,1.7684178588200359,-5.963354862424731,0.8714892581664025
1779768766603,1.933168842293229,-6.39790304826498,0.9834176743220537
1779768766620,2.415750049344747,-9.121756349503993,0.8557767252497375
1779768766636,2.3196827362720853,-13.089997132652996,0.16564809670969843
1779768766653,1.784728576825559,-14.402168695500492,-0.1816601970948279
1779768766670,0.12674407329782844,-14.092268633592129,-0.9213190186098218
1779768766686,-1.4164688996028154,-12.001234512218833,-1.8549081745974718
1779768766703,-1.2485751428581773,-11.254690168973802,-1.8511672345034778
1779768766720,-0.21098814451843498,-10.124777792027592,-1.3967178318850695
1779768766736,0.018854922595620154,-8.955660362896323,-1.209970102392882
1779768766753,-0.35733372099548577,-8.537720782029629,-1.2144593766361473
1779768766770,-0.8060971869319676,-8.078035816845297,-1.2009919922977685
1779768766786,-0.9388254492059349,-7.568818466728925,-0.7481884571902453
1779768766803,-0.8475465109124779,-7.320569097569584,-0.6200988145023584
1779768766820,-0.6271303205743431,-7.130978253605961,-0.4284133363470435
1779768766836,-0.6435904569879174,-7.188289455845951,-0.3459627244144678
1779768766853,-0.6108201140254735,-7.456890123638511,-0.2916445665106177
1779768766870,-0.6792042066827416,-7.545774860271811,-0.5183456823371351
1779768766886,-0.7091314351737499,-7.768583498704433,-0.6004962884098292
1779768766903,-0.8120818142995238,-8.464847853520512,-0.5780505017153919
1779768766920,-0.9273027691945434,-8.834303097203373,-0.7218520927980542
1779768766936,-1.2207421101674436,-9.881765738999842,-0.884957519287616
1779768766953,-1.5170248578727243,-11.394752719658612,-0.14350304652750492
1779768766970,-2.0207050321280957,-11.941378886193036,-0.04159998449757695
1779768766986,-3.1506185781180855,-12.516136922234296,-0.8460514500491321
1779768767003,-3.684824823540449,-12.774261788719892,-1.3772653817877172
1779768767020,-3.781640645433962,-12.682984019470213,-1.6353903944037853
1779768767036,-3.4519884198293087,-12.329687883427738,-1.6777373978763819
1779768767053,-3.282898073711246,-12.793265179875492,-1.5670057172246277
1779768767070,-3.523066573876142,-12.555491612023115,-1.7574948252022264
1779768767086,-3.326442908666283,-9.929052390831709,-2.2963393979497253
1779768767103,-1.8180958627678452,-6.863577609252929,-1.8065755208440124
1779768767120,-0.8496414373651147,-5.790376130566001,-1.0901109663031994
1779768767136,0.3640691667303443,-4.594771676525474,-0.26441052262634035
1779768767153,-0.3933963104363531,-4.956744455498456,-0.4011790002018213
1779768767170,-1.2346589187737553,-6.042963236668705,-0.548272764697671
1779768767186,-2.8395221460320053,-9.57111865811646,-1.324742436737567
1779768767203,-3.128622215691581,-13.174392156651615,-1.8418897030703723
1779768767220,-2.7923864104455336,-13.838933339470625,-2.2771856385380027
1779768767236,-2.1564265214012934,-13.286920219200848,-2.8945906839117406
1779768767253,-1.4510350308076942,-12.423361023381352,-2.7314858419440684
1779768767270,-1.3120216238496358,-11.896187745335697,-2.728492651477456
1779768767286,-0.5443807622278108,-10.891071960881352,-2.510022042249143
1779768767303,-0.44098121456243095,-9.880270532006024,-2.288408458819985
1779768767320,-0.40806108786575496,-9.435546989110112,-2.306663954217732
1779768767336,-0.42826209130808707,-8.530688399174808,-2.217180667169392
1779768767353,-0.4866207567743957,-7.765142418339848,-2.155829541888833
1779768767370,-0.4394850577205419,-7.459881706669926,-2.106598477990925
1779768767386,-0.3292019976191222,-7.350797062572837,-1.787272416089475
1779768767403,-0.42586818190887565,-7.603234531071782,-1.7260697593688963
1779768767420,-0.45010947371795773,-7.6903230319380755,-1.761235180774331
1779768767436,-0.35030119201019405,-7.665334721153974,-1.6946461548402905
1779768767453,-0.07721271127909421,-7.53395232053101,-1.9618989151552317
1779768767470,0.1400613816410303,-7.360522922295331,-2.0407579323366285
1779768767486,0.35015228505879636,-7.301714759495854,-2.258480938068032
1779768767503,0.4936550393253565,-7.479035904473066,-2.376245732226968
1779768767520,0.6501759728580713,-7.668476526311039,-2.4772508225038647
1779768767536,1.2873320128843186,-8.224978774693607,-2.702306070819497
1779768767553,2.0308818504884836,-9.150038441136479,-2.756175315912068
1779768767570,2.1324857834413646,-9.669580785912276,-2.558653386688232
1779768767586,2.6849475242614744,-11.514910546433924,-1.8893246773317456
1779768767603,3.1184482468754053,-14.043489112854003,-1.34359692094177
1779768767620,2.829348104150593,-14.261509932488202,-1.290175711877644
1779768767636,2.5415948459900912,-14.019246652001142,-0.8981247516356408
1779768767653,1.9605517383299766,-12.836809722569583,-0.5560534817017615
1779768767670,1.2195464706420898,-11.219227225926518,-0.07257511460632085
1779768767686,1.0791865444459021,-10.320354140141605,0.24136545486450195
1779768767703,1.332672645214945,-8.69663650174439,0.5443817486084997
1779768767720,1.9385550836425274,-8.013390618455409,0.9867100669309496
1779768767736,2.447771922302246,-8.189215387395024,1.0473132964536547
1779768767753,3.6541503203460945,-9.76864087960124,0.7622536612913012
1779768767770,4.608389362904604,-11.640756940239667,-0.3437181603580713
1779768767786,4.197035729449615,-12.039540569737554,-1.1558008514404297
1779768767803,2.387468114117533,-11.736823697331547,-2.416946868188679
1779768767820,0.9059062723573297,-11.14725212303996,-2.0222028694704175
1779768767836,1.1698667861938477,-10.772411094665527,-1.2957123032167552
1779768767853,2.9379850044801827,-10.421509160283208,-0.6868360167354345
1779768767870,3.1483751831054687,-10.710760401916504,-1.2407953026369214
1779768767886,2.193687709509581,-10.695046115434168,-1.5189713157653808
1779768767903,0.05671279795542359,-9.863062207573652,-1.626111547796428
1779768767920,-0.6432916201718151,-8.58650380989909,-1.6060604011535644
1779768767936,-0.5143038596004247,-8.118885713627934,-1.3711290709897874
1779768767953,-0.4194339110776782,-7.630319521874189,-0.9385273430421948
1779768767974,-0.13362550337463616,-7.793872253739833,-0.7071876076295971
1779768767990,-0.17118512644022701,-8.016833452385663,-0.8010098006650805
1779768768003,-0.05416852030009031,-8.245479710930585,-1.4615104759216309
1779768768020,0.07885960170328617,-8.36997761273682,-1.5363289855405688
1779768768036,0.3664630761295557,-8.763973423436283,-1.644666610662639
1779768768053,0.5057756852298975,-9.784650934159755,-1.9720736876890061
1779768768069,0.0398038948610425,-10.233265639275311,-2.071732624053955
1779768768086,-1.0928028357356787,-10.22174295926392,-2.3247701042726634
1779768768103,-1.7729057448238132,-10.256309245732426,-3.0247745223999023
1779768768120,-2.308608950805664,-10.915314421734212,-3.3509844985961914
1779768768136,-4.115183156475425,-13.066053362485766,-3.3084874191284177
1779768768153,-4.903025432531535,-12.390740610283613,-4.025999729156494
1779768768170,-4.333355075018107,-10.63085216794312,-4.238036213684082
1779768768186,-2.635117909948528,-7.756613074925541,-3.4597710365295407
1779768768203,-1.5403694931030272,-5.957520749443769,-1.20967068105489
1779768768220,-1.6145895984373986,-5.053260125401616,-0.9183262665346265
1779768768236,-1.4971243717469274,-3.9064381147086618,-1.2457327590391039
1779768768253,0.4086602958679199,-5.480325846531987,-1.1700158392757176
1779768768270,1.3881880500793455,-7.435041864445805,-1.3693334197446703
1779768768286,0.2687489902220666,-11.332502891972661,-1.951573920495808
1779768768303,-3.30863720286265,-12.83276950726807,-2.977339694269001
1779768768320,-4.236390419238433,-12.979713634160161,-3.370138696399331
1779768768336,-3.746327431321982,-12.62761752155721,-3.156156923022866
1779768768353,-2.3804352860214304,-11.931351997697353,-2.7400138701841232
1779768768370,-1.646762304300256,-11.495908324322103,-1.9437927651003002
1779768768386,-1.4727338076602667,-11.128547422569989,-1.581969039209187
1779768768402,-0.8322849366337061,-10.19600529141724,-1.1406871611997484
1779768768420,0.8798684525202959,-9.192236245396733,-0.9680053664609789
1779768768436,1.636436250194907,-8.697833602574468,-0.8104372619628906
1779768768453,2.620004073577374,-8.016085264366865,-0.8839099099308252
1779768768469,2.8063028902582823,-7.858965780419111,-0.9510966094970703
1779768768486,2.640504425292462,-7.864950700047611,-1.1780971466615795
1779768768503,1.772306756017357,-8.03748285718262,-1.4987702392578124
1779768768520,0.6389516912713646,-7.981219702690839,-1.874360916955769
1779768768536,0.32097207554280754,-7.834276744842529,-2.109741159930825
1779768768553,0.27967209690511224,-7.554304788208007,-2.4401409890323875
1779768768570,0.7659941629938781,-7.617451856994628,-2.7367224274232984
1779768768586,1.0546446622550487,-7.923159727910161,-2.796877036395669
1779768768603,1.5655075876213609,-8.941593843621016,-2.7641058166503907
1779768768620,2.1360757707573472,-9.66569020821452,-2.669834418542683
1779768768636,2.4006346158131957,-9.795424841630458,-2.6785131072998047
1779768768653,2.7201110459707674,-10.143631545579433,-2.7623101654052733
1779768768670,2.634070008330792,-11.073631591033935,-2.5649387505680323
1779768768686,2.075023628423363,-11.88735971123576,-2.382679564666748
1779768768703,1.146821718432009,-14.024036224365233,-2.231994789941609
1779768768720,-0.3075062986396253,-14.364610241478681,-2.526182026672363
1779768768736,-1.0993886438667773,-13.525291752946377,-2.4474729393556713
1779768768753,-1.4191642031013965,-12.246340322655438,-2.034772428186238
1779768768770,-1.8228863119147718,-11.024848563164472,-1.3016983918890357
1779768768786,-1.976414420307055,-10.047116460198163,-0.8456026833683252
1779768768803,-1.7423812810920178,-7.742248449486493,0.00927680078074336
1779768768820,-0.7501344766914844,-5.960961829808354,0.6521196542717516
1779768768836,0.05356916616745293,-5.470000267350674,0.7954730631954967
1779768768853,2.412007439025119,-5.7318666584521525,0.5500673930294812
1779768768870,4.731988665053434,-7.886198070737719,-0.1665470913760364
1779768768886,5.287592996481899,-9.434349303758143,-0.3104990507148206
1779768768903,4.717623710820823,-12.435332031682133,-0.6983595735296607
1779768768920,2.2854140993095933,-13.995902601292729,-0.749684833227843
1779768768936,-0.03202325092218816,-14.167536932805179,-0.7187105799019337
1779768768953,-1.5912470090337096,-13.365329739049077,-0.9261084448434412
1779768768970,-0.4394863728947937,-11.87553775601685,-1.1252760954476893
1779768768986,-0.41898602117970585,-11.07692186475098,-1.4375696283638477
1779768769003,-1.8727153417058289,-9.878175021031499,-1.7501628748789428
1779768769020,-2.311752071136981,-9.344866601231693,-1.6490078547373412
1779768769036,-1.9865892659060655,-8.993067425748706,-1.4419083882205188
1779768769053,-0.49859322637990117,-8.551338388493656,-1.1318598577521741
1779768769070,0.6804015997737646,-8.219890511643886,-1.0281612906076014
1779768769086,0.6316200332090258,-7.9803201235026116,-0.9320933644719421
1779768769103,0.3160340346187353,-7.564177947446703,-1.2050327921211719
1779768769120,0.9487021155759692,-7.391197462022304,-1.161039044354856
1779768769136,1.2831418677181006,-7.396434778153896,-1.2298729266062378
1779768769153,1.4654004690974949,-7.617898431718349,-1.5111913294136523
1779768769170,0.61620736002177,-8.385839198735356,-1.7670713395819067
1779768769186,-0.015263327844440936,-9.042598057115077,-1.7350491846382616
1779768769203,-1.278055065973103,-10.703276768162846,-1.5969333841070532
1779768769220,-2.508076168878376,-11.559952049687505,-1.402254861615598
1779768769236,-2.9903590425789353,-11.429918141064046,-1.6060621547192335
1779768769253,-2.8827687286928296,-11.242720329716802,-2.4271233942881225
1779768769270,-3.0346508965089916,-11.809995901048183,-2.6999124536812302
1779768769286,-3.100641079767048,-12.034153031480312,-2.943822040070593
1779768769303,-2.586935186059773,-11.236136275151372,-2.970906154090166
1779768769320,-2.4868276291444897,-11.271599802720546,-2.1036066026985645
1779768769336,-2.9894603401735425,-11.187653107011318,-2.0721828520394863
1779768769353,-3.33871479960978,-8.893709225896,-2.5806509912237523
1779768769370,-2.4512143178410826,-5.91232960858643,-2.4202399183847008
1779768769386,-2.1001643532902,-4.8558875415205955,-2.269404483142495
1779768769403,-1.5619180386967957,-3.884889715245366,-1.7356480273142456
1779768769419,-2.12754818090871,-5.902004613927007,-2.2899054193794726
1779768769436,-2.526930945343524,-8.30623199353516,-2.7302888872444626
1779768769453,-3.748123721887916,-13.782520547375082,-3.6682176798716184
1779768769470,-5.4197252473577855,-13.928864954808354,-3.9896383759647605
1779768769486,-4.7649112394355235,-12.863145940831302,-4.0075954729378225
1779768769503,-1.9526221143744884,-12.092362059342861,-3.6219787835270165
1779768769519,-1.0344456681067122,-10.61708550839722,-3.567660917884111
1779768769536,-1.153108488817606,-9.798865921995043,-3.346196972058713
1779768769553,-0.7522292935462668,-8.522308693364263,-2.8567329546824096
1779768769570,0.18794358821325002,-7.989298964250088,-2.320131923078
1779768769585,0.36212186858747153,-7.9352803738147015,-2.1749837396919727
1779768769602,0.7897861036002636,-7.634059877446293,-2.3054671456485987
1779768769620,0.5825380954582244,-7.238269584545493,-2.548778766144812
1779768769636,0.5252268932182341,-7.2252516975402825,-2.616265909962356
1779768769653,0.6016915626090019,-7.516146030205488,-2.9159891535103317
1779768769670,0.5904686692617833,-7.592311570519208,-2.997690992902219
1779768769686,0.42541853844523425,-7.580938528111576,-2.915390018573403
1779768769702,-0.040702889527380465,-7.482327347233891,-2.7694939394295215
1779768769720,-0.3426717200450599,-7.437735341313481,-2.8926453950628637
1779768769736,-0.2789259547129273,-7.605778370335698,-3.1142586862310764
1779768769753,0.13078180438131093,-8.219891096165776,-3.5908547464668747
1779768769770,0.558894842607528,-9.07911021695435,-3.9754230958685275
1779768769785,0.8119323228262364,-9.26406229520142,-4.025701622992754
1779768769803,1.0012237454518675,-9.171436033952236,-3.9639010003790256
1779768769820,0.7000033221486955,-9.332447264641523,-3.863943373328447
1779768769836,0.491109300365299,-10.05594390977621,-3.936966523963213
1779768769853,0.0866388574026525,-12.396575892308354,-3.840300631934404
1779768769870,-1.0422272984262555,-13.527686539128421,-3.9820074426949024
1779768769886,-1.556830871625617,-12.394480965855717,-3.8877360445871947
1779768769903,-1.7754513376533985,-11.545885530412196,-3.565266716223955
1779768769919,-2.192790651072003,-9.438838431870936,-2.589180334638059
1779768769936,-2.1154279916618948,-7.5240762386828655,-1.4393652796089649
1779768769952,-1.764976778455451,-6.916547567418217,-0.9298495310679078
1779768769970,-0.5364518141257576,-6.573877454808354,-0.11208002652078866
1779768769986,1.3202515596256823,-7.576000487187504,0.6111183663196862
1779768770003,2.5942659399398136,-8.553583537071942,0.5222337758168578
1779768770020,4.531474659607839,-10.97516946323812,-0.9135397629104555
1779768770036,3.8316198608180505,-13.150150864842534,-2.3602356776684523
1779768770053,2.8700482902642337,-13.651885165727137,-2.306515777918696
1779768770070,1.1191390539973973,-13.027148754552005,-1.484406782862544
1779768770086,0.6286271350033581,-11.778871279466152,-1.0365417270705104
1779768770102,0.6884821765072643,-11.10939205572307,-1.0944513335950672
1779768770120,0.1548741892389953,-9.976786786431074,-1.4305376839004456
1779768770136,-0.8686471666082739,-9.203159205949307,-1.481862943598628
1779768770152,-1.3944734139591455,-8.829363887235521,-1.5580284839123486
1779768770170,-1.5497972466617822,-8.188616252458095,-1.5370796577773986
1779768770186,-1.3655933564335108,-7.768883942955732,-1.3108280392840503
1779768770202,-1.378611681830138,-7.740899957486986,-1.1047763282544911
1779768770220,-1.1602902718141674,-7.781601970231533,-0.9575330722853541
1779768770236,-0.7130240586981177,-7.996931066563725,-1.0117017387159168
1779768770252,-0.5029325707584619,-8.138937152531742,-1.061232077821344
1779768770270,0.008079846081137657,-8.344089138242602,-1.2128149704299866
1779768770286,0.4213786154046654,-8.593985690087079,-1.7818869236588477
1779768770302,0.6088745329156517,-8.93231631218791,-2.0202593341872093
1779768770320,0.7223004210874437,-9.855279883134365,-2.146552887238562
1779768770336,-0.13497341085225342,-10.812361412259936,-1.8366537021130322
1779768770352,-0.9935939812257886,-11.080064254429935,-1.6933008777111769
1779768770370,-2.4751561883121727,-10.965742294201254,-1.8605960109755395
1779768770386,-2.262371369635314,-10.441858705350755,-2.487278003260493
1779768770403,-1.9024929325930773,-10.469691884171962,-2.5430931217238304
1779768770420,-1.4628579450078307,-10.94344453767538,-2.345421554896235
1779768770436,-1.619677715356648,-11.175233185899257,-2.2340914699599144
1779768770453,-1.7565964150577782,-11.369015636333822,-2.2758400691479443
1779768770470,-2.506280809894204,-11.86925239213705,-2.218229883961379
1779768770486,-2.610727711188048,-10.615738185441494,-2.4411897674329577
1779768770502,-2.0352217793889342,-9.358333985570072,-2.42697419507578
1779768770520,-0.5466267510563135,-6.918192996537685,-2.1333847781077027
1779768770536,0.3019678076043725,-5.454736647245287,-2.0483909114331005
1779768770552,0.2543829034782946,-5.1032390850573774,-2.2523465269662437
1779768770570,-0.03651230596974492,-5.685779445537924,-3.2003013313062487
1779768770586,-0.05611519738845527,-8.66401667316854,-3.924397549769282
1779768770603,-0.39190154183395204,-10.885235509812832,-3.8208480357065793
1779768770620,-1.1848314233526587,-14.074613149914144,-3.6878204982250926
1779768770636,-1.9220958605444058,-13.25474754987061,-3.739894092072546
1779768770653,-1.9693813433324916,-12.572698182889818,-3.7608430643379687
1779768770669,-1.4766250064125284,-11.41600067487061,-3.5884608370676636
1779768770686,-1.4306861250609624,-10.031703202489018,-3.3239015536203977
1779768770703,-1.4802163180359174,-9.453502917039394,-3.2579113703623412
1779768770720,-0.9795287405921146,-8.616430746129154,-3.454086268891394
1779768770736,-0.7076373241584748,-8.210015014317632,-2.9665675403639673
1779768770753,-0.6703778530832379,-8.126367593815923,-2.8670579493418336
1779768770769,-0.3862159704782068,-7.7355130037516355,-2.673875510627031
1779768770786,0.09501856321319938,-7.158211712968349,-2.073829011811316
1779768770803,0.3119928694691509,-6.890210180112719,-1.8722674518078564
1779768770820,0.03561258065104484,-6.5575669559985394,-1.7414841861218213
1779768770836,-0.5295686487495899,-6.708850573399663,-1.944093209351599
1779768770853,-0.8596694218393415,-6.9596431973010295,-2.118421017731726
1779768770870,-1.500716770215705,-7.565525854924321,-2.630629950879514
1779768770886,-1.7803895977731794,-7.989449186375737,-3.1052810145273804
1779768770903,-1.8083717566110193,-8.131005775010586,-3.2547683961614964
1779768770919,-1.6039667168099432,-8.444197864201664,-3.4030601382702588
1779768770936,-0.9437655359566212,-9.149290837639569,-3.3057951113045214
1779768770953,-0.6186031691171229,-9.558400046318768,-3.2203523318186402
1779768770969,-0.24151618844680486,-10.108616930821537,-3.2206518992871045
1779768770986,-0.25692900776453315,-10.914714702275395,-3.1389497676342724
1779768771003,-0.5609924359412863,-11.418843789342045,-3.1370041865244507
1779768771020,-1.3034942257972433,-12.434134930852055,-3.0309114177197216
1779768771036,-1.5231620454534887,-13.238287413457035,-3.07325915184468
1779768771053,-1.541567507248558,-13.412764859440921,-3.0063709968335925
1779768771070,-2.216283426068723,-12.565965659764409,-3.0068197635143994
1779768771086,-3.3161195214420554,-10.472086670354008,-2.5158590778395533
1779768771103,-3.5021195013068613,-9.518894549882411,-2.1055523299388588
1779768771119,-3.0808895005926487,-7.597398664525151,-1.5483026241898536
1779768771136,-2.7819132760196923,-6.633431467539071,-0.7613578814953565
1779768771153,-2.489072485461831,-6.587944558605551,-0.19079042901173232
1779768771169,-1.1788457730717956,-7.524075654160976,0.7941248634569347
1779768771186,-0.4165910888671875,-9.855878433549403,1.248873102891445
1779768771203,-0.05461801763325929,-11.603346370255947,1.6060580630660055
1779768771220,-1.7553984374448657,-15.003861500218509,1.457617852397263
1779768771236,-4.418947784368694,-14.376729718339442,0.6398484209153801
1779768771253,-4.6248488348811865,-13.038370405790209,0.19467625746913253
1779768771270,-4.54613945530355,-10.630253033006191,-0.24241525617837906
1779768771286,-4.784661795696616,-9.503482461217045,-0.29059896644782274
1779768771303,-5.518334382408857,-9.271693228471278,-0.1530817163316533
1779768771320,-7.037156060570478,-8.69573809159994,-0.17537764622662216
1779768771336,-6.6606684340327975,-7.544277315190434,0.161755601049494
1779768771353,-6.074985683873296,-6.875396057340502,0.41314699456160886
1779768771370,-4.828953941887617,-6.299291867387295,0.8210592850738204
1779768771386,-4.62844072189331,-6.501004526299238,0.785744865385443
1779768771402,-4.875789927342534,-6.615327071049809,0.5994457016446627
1779768771419,-4.603750517272949,-6.4550663664668795,0.6679798337644897
1779768771436,-4.50723484736979,-6.498909599846601,1.0838225336834788
1779768771452,-4.807256489342451,-6.744614545220136,1.1634297936826012
1779768771470,-5.994031740239262,-7.101649283269047,1.1118049117170274
1779768771486,-7.48906162392497,-6.555621959410607,0.7876900012539816
1779768771503,-8.221536525285243,-5.368845831730962,0.46058185922512784
1779768771520,-8.35007756500244,-5.06957179325521,0.3911498192843515
1779768771536,-8.859742658886313,-4.670637941631674,0.261714068350289
1779768771553,-8.744670757073164,-4.179227466362715,0.276078766854573
1779768771570,-8.392123978093267,-4.011034799736738,0.6548118707641027
1779768771586,-8.892362487462162,-4.288612846972048,1.4535768699107692
1779768771602,-10.542266121995448,-4.00026060000509,0.48482315103420986
1779768771620,-10.373474904954433,-4.079568529997766,-0.08215396707355975
1779768771636,-10.394574391606449,-3.76398282366842,0.5512624845655635
1779768771654,-11.17927281667888,-2.7477941487967965,-0.040554274836927647
1779768771669,-10.224735126817226,-2.49999398470968,0.09277224559113383
1779768771686,-7.124094923833012,-2.5870836546197533,0.379328256791085
1779768771703,-6.416011536407471,-2.706943521361798,0.3948910973050631
1779768771720,-8.35127291226685,-2.6280842119194565,0.9129358604668639
1779768771736,-9.737665311101079,-2.526330641362816,0.824051069034636
1779768771753,-11.413606473210454,-2.065297476439923,0.4067121026759036
1779768771769,-11.36377832020223,-1.915061614526063,0.2739842422607355
1779768771786,-10.05654304471314,-2.257731288744509,0.6827935729442164
1779768771803,-9.178170310643315,-1.9149115385308861,1.1550496312143281
1779768771820,-8.70845728791952,-1.602617713353783,1.5102895217357202
1779768771836,-8.805721730363368,-1.5183718885675073,1.4416058981426059
1779768771853,-9.3092510979712,-1.3073825750052928,1.1071654518807306
1779768771870,-9.78734324198365,-1.271918316783756,1.130209460196644
1779768771886,-9.797071439793706,-1.1779464861445128,1.0547929116193204
1779768771903,-9.368808617833256,-0.986859558404237,0.9917952612407505
1779768771919,-8.796595005577801,-0.9385263201288878,1.1391877894874662
1779768771936,-8.621967337468266,-1.0018230265192687,1.1252720037944615
1779768771952,-8.551188750889898,-1.112105940490216,0.9189211271552369
1779768771970,-8.571090552189945,-1.0271119276851415,0.6286248699810355
1779768771985,-8.769062855529784,-1.089960013525188,0.5728098976481706
1779768772002,-8.968378390172123,-1.1951549567073583,0.5198373456669971
1779768772019,-8.96388867753744,-1.3557159594111143,0.32890027472618966
1779768772036,-8.871113363206385,-1.8629874361567198,0.6784546304244548
1779768772053,-9.140013306206464,-2.4458261950619518,0.9172754423074424
1779768772069,-9.097664695298672,-2.608931037029624,0.9507941924843937
1779768772086,-9.480438270238041,-2.5559593252986668,0.7401043733254075
1779768772103,-10.271122783982753,-1.690156149944663,0.40805845751725134
1779768772120,-10.447993847104906,-1.1927607550472021,0.3130394559126347
1779768772135,-10.743377892404794,-0.6684305914729833,0.6612454292092472
1779768772153,-12.00213116879761,-0.9273039382383227,1.5427609182842075
1779768772169,-12.44386079057455,-1.1290154281064868,1.7712571008339524
1779768772186,-12.352432799199223,-1.8426370143063366,1.9431914382062851
1779768772203,-11.897235208562016,-1.9985595435544847,1.6519961498331277
1779768772219,-11.727396528294681,-1.8775027221128344,1.4526790808208285
1779768772236,-10.852764734318852,-1.181837502233684,1.76123211203441
1779768772253,-9.560645194897056,-0.5069722015380859,2.0591599235329774
1779768772270,-8.834602372410894,-0.3631703181944787,1.9882323569379745
1779768772286,-7.484122998479008,-0.6625950171872973,1.9418445536419748
1779768772303,-7.029824402508139,-1.2913725204467772,2.4901165511546655
1779768772319,-7.142649986699223,-1.8366518024168907,2.7073895480962467
1779768772336,-7.609819170159101,-3.19536168294698,2.6788091676369308
1779768772353,-8.232759930089115,-4.031686104229838,2.3195299751294773
1779768772369,-8.598322842508553,-4.114285330852866,2.2171775253642347
1779768772386,-9.293840178349614,-3.9194576091490685,2.3177343421506693
1779768772403,-9.452755313542484,-3.7391442966185506,2.312048332403507
1779768772419,-9.52592927082479,-3.612551468359679,2.0575144761472006
1779768772436,-9.799016728642583,-3.300855609075725,1.9919728951731694
1779768772453,-10.469694222259522,-2.8148334027163684,1.7013765956064686
1779768772469,-10.842140464451909,-2.503287765558064,1.3106722276678309
1779768772486,-11.118370311948656,-1.8709188136778772,0.9811701511235907
1779768772503,-11.341631954845786,-2.2221187080934643,1.213108948407881
1779768772519,-11.196183034947515,-2.6388594345644116,1.2635371131358668
1779768772536,-9.724795892655848,-3.13939678074941,1.2357052312226033
1779768772553,-7.989598239457607,-3.407846788024902,1.3895316147419856
1779768772569,-7.10045159791708,-3.4383725669309495,1.52675003260863
1779768772586,-5.539583506664633,-3.5304004238955673,1.81016348059969
1779768772603,-4.789450199016929,-3.593846475628763,1.885281429822929
1779768772620,-4.720466094639897,-3.488052689770609,1.7519543979382142
1779768772636,-5.810876482281088,-2.902071833447367,1.8085174486920237
1779768772653,-8.08342101701498,-2.4540568477906284,1.8911171753552625
1779768772670,-9.315987712749838,-2.5701759205691515,1.7453708456962833
1779768772686,-11.993302550175786,-2.828749553735554,1.6249122550092636
1779768772703,-16.42018258884847,-2.286911936651915,1.941694514179416
1779768772719,-18.526780190056563,-1.9162595921389758,0.7193045637397095
1779768772736,-14.375682839635013,-1.324292939404398,-0.8394700988974422
1779768772753,-9.499593052563071,-1.600524102075398,0.8402128800887614
1779768772769,-8.35770732922852,-2.0353705402098594,1.6412222788950428
1779768772786,-7.570164620640873,-1.907730248724669,2.632422058460675
1779768772803,-8.145370400449632,-1.2062291622988879,2.3520016639389096
1779768772820,-8.384791150987148,-1.1758524364747107,1.9152090601727365
1779768772836,-9.22021847729981,-1.8309661579959093,1.0845710322295314
1779768772853,-10.96244851335287,-2.7256495370060203,0.21966495184572413
1779768772869,-11.107449104961752,-3.043629591125995,0.09127620291367639
1779768772886,-10.187475363481044,-2.8303958596378562,1.068110512223467
1779768772903,-8.640672037938236,-1.9943707135625182,1.769612183171138
1779768772919,-7.943809132707118,-1.5536875320985912,1.587652126346901
1779768772936,-7.258619129613042,-1.3709801640383898,1.2452816908033564
1779768772953,-8.590693662804364,-2.1236573109500108,1.4240985816305036
1779768772969,-9.785697812864184,-2.2608748474672433,1.4579168170775285
1779768772986,-11.835135018479823,-1.77934118469879,1.1959014642257242
1779768773003,-11.98372691257894,-0.8897460687384009,0.9530392679974437
1779768773020,-11.472414636009931,-0.78664561361745,1.0556908103071152
1779768773036,-9.84465736683309,-1.3819040013737975,1.7073622093547134
1779768773053,-8.092999577221274,-1.7356472966618834,2.087142630360089
1779768773069,-7.445515912187099,-1.6900076813846825,2.153133252009563
1779768773086,-6.7733449651420115,-1.406594205994159,2.1264975758772344
1779768773103,-7.091025013402104,-1.034295847839862,1.580021649734769
1779768773119,-7.567320921647548,-0.9552873391851783,1.2874795681288465
1779768773136,-8.384940204069018,-0.9077021427981555,1.1167429161084814
1779768773153,-9.089436380657553,-1.304691143964231,1.2584500556625424
1779768773169,-9.115920482957362,-1.7808377068668604,1.2545594414321706
1779768773186,-8.340499004796147,-2.818724272675067,1.531987266541831
1779768773203,-8.77205385403931,-3.125780635590106,1.8221343975689261
1779768773220,-9.495252393010258,-3.029863077710569,1.8001386196643112
1779768773236,-10.881645960888266,-2.643947989875078,1.4380153263047337
1779768773253,-12.343006799206137,-2.7786215409979222,2.1071943249922245
1779768773269,-13.039569844707845,-3.061436465973407,2.5528156935106963
1779768773286,-13.208360477226972,-2.94277428458333,2.1794697990648446
1779768773303,-11.240478103747963,-1.7154466585457324,2.311151547960564
1779768773319,-10.920102240532636,-1.107020015528053,2.3639725991744545
1779768773336,-11.059264627507329,-0.2751842839665711,2.2400724440656603
1779768773353,-10.216355421006678,0.4285613665156066,2.45151074350439
1779768773370,-9.460387415856122,0.5877754846550524,2.6155134110946205
1779768773386,-8.272863976940512,0.24465660536438225,2.889350225974992
1779768773403,-7.763495820176601,-0.7191590543217956,3.507353967894241
1779768773420,-7.79641492395997,-1.5200195096440612,3.826381192979589
1779768773436,-8.22423000215292,-3.7162507661566138,4.234293958415836
1779768773453,-9.04005597141683,-5.851729009412229,4.485236000725254
1779768773469,-9.413549092313646,-6.105813441400602,4.292352471891791
1779768773486,-9.649078680631519,-5.027973854584246,3.6403820898976176
1779768773503,-10.188372604581714,-3.717297937121987,2.77278377475515
1779768773519,-10.447397050255537,-3.234118406842649,2.4700667562186718
1779768773536,-10.737094282090663,-2.9894607785649594,2.514658177617192
1779768773553,-11.222069171354175,-2.461090253558755,1.8339572295706719
1779768773569,-11.139320745518804,-1.8354555783696471,1.4929334228631108
1779768773586,-11.004347626927494,-1.126322974152118,1.3443421863511205
1779768773603,-10.489294410264492,-2.1353291901737452,1.6259605219531803
1779768773619,-8.939649139294028,-3.1130615854009984,1.8595453328788278
1779768773636,-7.972091224339604,-3.338864729474485,2.0364164142672903
1779768773653,-6.45491614434123,-3.254768542291969,2.1748319375305902
1779768773669,-5.342061869701743,-2.611476337598264,1.8712174555582124
1779768773686,-4.850050505930185,-2.4407395394474265,1.81465389877056
1779768773703,-4.851847910740971,-2.672827682074532,1.8227340816367708
1779768773719,-6.007049627244472,-3.042731765503436,1.6950930492244194
1779768773736,-6.861031431901455,-2.951602391748503,1.5770289159258826
1779768773753,-9.036464668926596,-2.1731878692511466,1.597229992433451
1779768773769,-12.715752316606045,-0.9895542043156921,1.9988579419791697
1779768773786,-13.973905873540042,-0.8897459956731647,1.9493283335261047
1779768773803,-12.04178396475017,-1.795502045904845,0.6103709089532494
1779768773819,-8.049304812401532,-1.7223295499272644,0.8301877451587468
1779768773836,-7.342415018674731,-1.4821609036318957,1.6160845862355082
1779768773853,-9.110832804429531,-0.9099468529850244,2.2475551279712467
1779768773869,-10.77091121149659,0.31109613982513545,1.4760240083120761
1779768773886,-10.702379527062178,0.8150751508966088,1.3156129354730248
1779768773903,-11.126001829740405,0.6772593562252819,1.5300431832693517
1779768773919,-13.283178694584965,-0.2829654393620789,1.564310194530338
1779768773936,-13.753640489849447,-0.7408565068669617,1.4573192347768693
1779768773953,-11.858179209458827,-1.1513121617190538,1.784427694182843
1779768773969,-9.208994487974048,-0.9555860298708081,2.4304127181570974
1779768773986,-8.54250918534994,-1.044620550238341,2.7524329145133493
1779768774003,-8.490586105889081,-1.5318407342106104,3.2766132212880996
1779768774019,-9.78165818208456,-2.268356873785704,3.4269987208057193
1779768774036,-10.58610935537517,-2.246659275110066,3.1672290097225457
1779768774053,-11.775278807932137,-1.3024458492554722,2.2544383846789597
1779768774070,-11.672777633878589,-0.3755905315674841,1.4915858807116746
1779768774086,-11.120914735734463,-0.32725787781402466,1.4601622761830686
1779768774103,-9.821911282017826,-0.6784571877077221,1.8641844639215617
1779768774119,-8.675686652696132,-0.870442087201029,2.0266909746699033
1779768774136,-8.086563406693935,-1.0169373012818395,1.9714746258173137
1779768774153,-7.213279520195722,-1.2075759007327258,1.76961349834539
1779768774169,-6.820927385050058,-1.1122563087463377,1.2750604872670024
1779768774186,-6.9787979796260595,-1.0485109818056224,0.9587274697016924
1779768774203,-7.711573325237631,-1.1632830238893628,0.600196136419475
1779768774219,-8.134747299626468,-1.675192974090576,0.5090666530666873
1779768774236,-8.218393551084398,-2.037016553851217,0.4432263996733352
1779768774253,-8.231711297819018,-2.8642132274352012,0.3859141014548018
1779768774269,-8.420255263078213,-2.9119476230345667,0.13452354819290338
1779768774286,-8.521560505345462,-2.74375495640859,0.1283877853842452
1779768774302,-8.756191098996997,-2.980032440484315,0.5500671373011544
1779768774319,-9.6029908831954,-3.450493358965963,1.0088562861569226
1779768774336,-10.200044337674974,-3.5850174186155197,1.228074645012617
1779768774353,-11.42842059598267,-3.907785729925334,1.394621590258181
1779768774370,-11.880025130563974,-3.474135661968589,1.1819863361198455
1779768774386,-11.687592341172694,-2.990656564220786,1.120635064708814
1779768774403,-10.729761454984546,-2.1902450217097997,1.599325686071068
1779768774419,-9.669131288579106,-2.1160247702449557,2.436249242290854
1779768774436,-9.553911502727866,-2.465877780096233,2.670282162310183
1779768774453,-9.204955441716313,-3.4959830443784594,2.671179403410852
1779768774469,-8.942640137803554,-4.18551253798157,2.5309694070793687
1779768774486,-8.782826592466234,-4.157231030870974,2.5237873866207896
1779768774503,-7.937374715745449,-3.4187691640555857,2.567181414928287
1779768774519,-7.020546871075034,-2.639457400457561,2.4389422807671126
1779768774536,-6.653934157341718,-3.0473689237847923,2.50598007338196
1779768774553,-6.880035407578945,-5.73052079680115,2.9773382329642772
1779768774569,-8.113948841747641,-7.74763628000468,2.9914046061091124
1779768774586,-8.601616623356938,-7.927949008013307,2.7549768999077378
1779768774603,-9.00907981839478,-7.0114186849847435,2.260424327220768
1779768774619,-9.126844612553715,-6.071844170977175,2.016514886961877
1779768774636,-9.11143135484457,-5.790525183647871,1.779190378051251
1779768774653,-8.413970483720302,-5.660340468376875,1.419761146081239
1779768774669,-7.603682859361172,-5.8336208135306835,1.6021689466729758
1779768774686,-7.345258133146166,-5.8491828320607535,1.510890008379519
1779768774703,-7.218816696056723,-6.008996669659018,1.4912870438955723
1779768774719,-6.878688669145107,-6.122420804265142,1.487097921642661
1779768774736,-6.606348814824223,-6.15145137617737,1.603366412829235
1779768774753,-6.215796422576904,-5.906045998272299,1.886480539947003
1779768774769,-6.008546587803959,-5.721692178179324,2.0388113283134994
1779768774786,-6.038771630197763,-5.737552887395024,2.0967210079032927
1779768774803,-6.30856998334229,-6.227018658336997,2.4814395063653585
1779768774819,-8.95775412030518,-7.748532644322514,3.2309745558589693
1779768774836,-11.04534774583578,-8.19175922665894,2.8437118528068064
1779768774853,-11.411063802990316,-6.853401667675375,0.577899768133089
1779768774869,-8.279895190751551,-5.2902860897570845,-0.9289514131844043
1779768774886,-7.214326398900151,-5.138554144066572,-1.0519532312139868
1779768774903,-6.450576069310307,-5.340115996330976,-0.8436575406499206
1779768774919,-7.641990670445561,-5.859508118981123,-0.1457476836491376
1779768774936,-8.687658245518803,-5.987298632591963,0.3468587964713573
1779768774953,-9.641748191612958,-5.736805283898115,0.5892727009428664
1779768774969,-8.437613225114346,-5.180751363804936,0.25169030339345333
1779768774986,-7.6919696301013225,-4.917239543583989,0.1542759310849011
1779768775003,-6.510880023625493,-4.783613747948408,-0.08873648726902901
1779768775019,-6.176439979222416,-5.342808888676762,-0.09786372351124882
1779768775036,-6.438156148198247,-5.794265539219976,0.36257118325755
1779768775053,-6.643010027745365,-5.8913809285819525,0.5814910021246643
1779768775069,-7.148185993516445,-6.065259239628911,0.698956132917013
1779768775086,-7.2979744039237495,-6.117483347862959,-0.25977144638253374
1779768775103,-7.0634922788321965,-6.142921740502119,-0.8707419286641291
1779768775119,-6.719026514977216,-6.433517967003583,-1.545756921762414
1779768775136,-6.366929233330488,-6.437707819908857,-0.8773257823001592
1779768775153,-6.563702682274579,-6.458058534020185,-0.39145222716387357
1779768775169,-7.251437693676352,-6.74192223739624,-0.14350337532106786
1779768775186,-6.90846772133708,-7.324160984581709,-1.0176860007572919
1779768775203,-6.592134411510825,-7.87841925342977,-1.0700591620732098
1779768775219,-6.47421881070435,-9.842561271336674,-0.9280530761051923
1779768775236,-6.271310804527998,-10.496927097100018,-0.5247799531683326
1779768775253,-6.3883274106681345,-9.850940977147221,-0.39279914826080203
1779768775269,-5.833022555376589,-8.110805283024906,-0.6353617770206182
1779768775286,-3.3535274610772725,-7.165095627263188,-0.39579138887934384
1779768775303,-3.4425618353143332,-7.858965780419111,0.018404986871033906
1779768775319,-2.90820595228821,-8.36399210858643,-0.26441044956110415
1779768775336,-3.9070366651237007,-8.277800848820805,0.032321284020692106
1779768775353,-4.320933984862267,-8.599521112382412,-0.09337437620274722
1779768775369,-4.9019773847833275,-8.870515981835126,-0.8233063881471753
1779768775386,-4.267065032030642,-8.94413768288493,-1.12647275788635
1779768775403,-4.081215712682902,-9.068637338256835,-1.20563097721003
1779768775419,-4.385129978179932,-9.637409285625814,-1.6265613373905419
1779768775436,-3.9633009886592623,-10.063725649693607,-1.7589904705874622
1779768775453,-3.6332001425042746,-10.052652467015385,-1.7024273102357983
1779768775469,-2.9004247968927026,-9.420283369004727,-1.59124642451182
1779768775486,-2.0491370536252855,-9.043796326988934,-1.5572791268497705
1779768775503,-1.43337831415385,-9.198671831402182,-1.3748710339970887
1779768775519,-1.5509931784480808,-9.682299397709965,-1.1067195712767541
1779768775536,-2.629132698059082,-9.625288639721274,-1.3983635532654821
1779768775553,-3.08702288878113,-9.67885773282349,-1.714398172406107
1779768775569,-2.437895548193157,-9.48687268719971,-2.0103813526429235
1779768775586,-1.743875757433474,-9.815774971219897,-1.9393036369875072
1779768775603,-1.4933828471310435,-9.912591669896244,-1.6789339141845703
1779768775619,-1.386691381780803,-9.619152913445234,-1.177049975696206
1779768775636,-1.4230531733639538,-9.618403556382656,-1.256506666509807
1779768775653,-1.5210658038266003,-9.29668270829916,-1.8008885612487793
1779768775670,-1.7154449049800633,-9.501835278531908,-1.9321210320070386
1779768775686,-1.3633480617247522,-9.326161900761724,-1.6886606506898998
1779768775703,-1.6781854339048266,-9.274238236778974,-1.3624506744936107
1779768775719,-1.7374422172546387,-9.28261852711141,-1.4167691246584058
1779768775736,-1.7422306205749511,-9.663446228680014,-1.444302589880675
1779768775753,-1.6985361480161547,-9.970651060155033,-1.6443683583684265
1779768775770,-1.6659151503965257,-10.014644515660404,-1.5927429466798901
1779768775786,-1.3172595336362718,-10.07464861024618,-1.195305617224425
1779768775803,-0.5792468718931079,-9.73033306851685,-1.6268600280761718
1779768775820,-0.8093897987365722,-10.145727056553959,-1.8801969296328722
1779768775836,-2.0403084350034595,-9.674069329503178,-1.3244427231386302
